cluster_label,image_path,thumb_path
0,/home/wangqianqian/project/FS/data/28gusui&pizang/03/35/cell_1761647726920_912349010008_190_0100.png,thumbs/cluster_0/000_cell_1761647726920_912349010008_190_0100.jpg
0,/home/wangqianqian/project/FS/data/28gusui&pizang/03/57/cell_1761649039423_912349010008_98697_0000.png,thumbs/cluster_0/001_cell_1761649039423_912349010008_98697_0000.jpg
0,/home/wangqianqian/project/FS/data/28gusui&pizang/03/43/cell_1761648181406_912349010008_19405_0000.png,thumbs/cluster_0/002_cell_1761648181406_912349010008_19405_0000.jpg
0,/home/wangqianqian/project/FS/data/28gusui&pizang/03/35/cell_1761647710190_912349010008_145_0000.png,thumbs/cluster_0/003_cell_1761647710190_912349010008_145_0000.jpg
0,/home/wangqianqian/project/FS/data/28gusui&pizang/03/44/cell_1761648275654_912349010008_27381_0100.png,thumbs/cluster_0/004_cell_1761648275654_912349010008_27381_0100.jpg
0,/home/wangqianqian/project/FS/data/28gusui&pizang/03/58/cell_1761649103760_912349010008_105475_0000.png,thumbs/cluster_0/005_cell_1761649103760_912349010008_105475_0000.jpg
0,/home/wangqianqian/project/FS/data/28gusui&pizang/03/58/cell_1761649125571_912349010008_107801_0100.png,thumbs/cluster_0/006_cell_1761649125571_912349010008_107801_0100.jpg
0,/home/wangqianqian/project/FS/data/28gusui&pizang/03/56/cell_1761648971411_912349010008_92383_0100.png,thumbs/cluster_0/007_cell_1761648971411_912349010008_92383_0100.jpg
0,/home/wangqianqian/project/FS/data/28gusui&pizang/03/47/cell_1761648455652_912349010008_43429_0100.png,thumbs/cluster_0/008_cell_1761648455652_912349010008_43429_0100.jpg
0,/home/wangqianqian/project/FS/data/28gusui&pizang/03/56/cell_1761648990561_912349010008_94057_0100.png,thumbs/cluster_0/009_cell_1761648990561_912349010008_94057_0100.jpg
0,/home/wangqianqian/project/FS/data/28gusui&pizang/03/43/cell_1761648201754_912349010008_20968_0100.png,thumbs/cluster_0/010_cell_1761648201754_912349010008_20968_0100.jpg
0,/home/wangqianqian/project/FS/data/28gusui&pizang/03/41/cell_1761648084085_912349010008_12807_0100.png,thumbs/cluster_0/011_cell_1761648084085_912349010008_12807_0100.jpg
0,/home/wangqianqian/project/FS/data/28gusui&pizang/03/41/cell_1761648081411_912349010008_12610_0100.png,thumbs/cluster_0/012_cell_1761648081411_912349010008_12610_0100.jpg
0,/home/wangqianqian/project/FS/data/28gusui&pizang/03/48/cell_1761648487579_912349010008_46181_0100.png,thumbs/cluster_0/013_cell_1761648487579_912349010008_46181_0100.jpg
0,/home/wangqianqian/project/FS/data/28gusui&pizang/03/40/cell_1761648023513_912349010008_9434_0000.png,thumbs/cluster_0/014_cell_1761648023513_912349010008_9434_0000.jpg
0,/home/wangqianqian/project/FS/data/28gusui&pizang/03/58/cell_1761649091322_912349010008_104208_0000.png,thumbs/cluster_0/015_cell_1761649091322_912349010008_104208_0000.jpg
0,/home/wangqianqian/project/FS/data/28gusui&pizang/03/42/cell_1761648174142_912349010008_18920_0100.png,thumbs/cluster_0/016_cell_1761648174142_912349010008_18920_0100.jpg
0,/home/wangqianqian/project/FS/data/28gusui&pizang/03/47/cell_1761648474198_912349010008_45025_0000.png,thumbs/cluster_0/017_cell_1761648474198_912349010008_45025_0000.jpg
0,/home/wangqianqian/project/FS/data/28gusui&pizang/03/49/cell_1761648564975_912349010008_52899_0000.png,thumbs/cluster_0/018_cell_1761648564975_912349010008_52899_0000.jpg
0,/home/wangqianqian/project/FS/data/28gusui&pizang/03/54/cell_1761648896924_912349010008_86057_0000.png,thumbs/cluster_0/019_cell_1761648896924_912349010008_86057_0000.jpg
0,/home/wangqianqian/project/FS/data/28gusui&pizang/03/45/cell_1761648355386_912349010008_34332_0000.png,thumbs/cluster_0/020_cell_1761648355386_912349010008_34332_0000.jpg
0,/home/wangqianqian/project/FS/data/28gusui&pizang/03/40/cell_1761648055248_912349010008_11012_0000.png,thumbs/cluster_0/021_cell_1761648055248_912349010008_11012_0000.jpg
0,/home/wangqianqian/project/FS/data/28gusui&pizang/03/41/cell_1761648089349_912349010008_13153_0100.png,thumbs/cluster_0/022_cell_1761648089349_912349010008_13153_0100.jpg
0,/home/wangqianqian/project/FS/data/28gusui&pizang/03/54/cell_1761648891091_912349010008_85558_0100.png,thumbs/cluster_0/023_cell_1761648891091_912349010008_85558_0100.jpg
0,/home/wangqianqian/project/FS/data/28gusui&pizang/03/54/cell_1761648891214_912349010008_85569_0000.png,thumbs/cluster_0/024_cell_1761648891214_912349010008_85569_0000.jpg
0,/home/wangqianqian/project/FS/data/28gusui&pizang/03/51/cell_1761648665315_912349010008_62918_0000.png,thumbs/cluster_0/025_cell_1761648665315_912349010008_62918_0000.jpg
0,/home/wangqianqian/project/FS/data/28gusui&pizang/03/48/cell_1761648533997_912349010008_50056_0100.png,thumbs/cluster_0/026_cell_1761648533997_912349010008_50056_0100.jpg
0,/home/wangqianqian/project/FS/data/28gusui&pizang/03/52/cell_1761648742775_912349010008_70780_0000.png,thumbs/cluster_0/027_cell_1761648742775_912349010008_70780_0000.jpg
0,/home/wangqianqian/project/FS/data/28gusui&pizang/03/52/cell_1761648732954_912349010008_69732_0000.png,thumbs/cluster_0/028_cell_1761648732954_912349010008_69732_0000.jpg
0,/home/wangqianqian/project/FS/data/28gusui&pizang/03/36/cell_1761647788859_912349010008_566_0000.png,thumbs/cluster_0/029_cell_1761647788859_912349010008_566_0000.jpg
0,/home/wangqianqian/project/FS/data/28gusui&pizang/03/35/cell_1761647758168_912349010008_269_0000.png,thumbs/cluster_0/030_cell_1761647758168_912349010008_269_0000.jpg
0,/home/wangqianqian/project/FS/data/28gusui&pizang/03/53/cell_1761648824879_912349010008_79006_0000.png,thumbs/cluster_0/031_cell_1761648824879_912349010008_79006_0000.jpg
0,/home/wangqianqian/project/FS/data/28gusui&pizang/03/58/cell_1761649091559_912349010008_104247_0100.png,thumbs/cluster_0/032_cell_1761649091559_912349010008_104247_0100.jpg
0,/home/wangqianqian/project/FS/data/28gusui&pizang/03/53/cell_1761648824879_912349010008_79006_0100.png,thumbs/cluster_0/033_cell_1761648824879_912349010008_79006_0100.jpg
0,/home/wangqianqian/project/FS/data/28gusui&pizang/03/57/cell_1761649063064_912349010008_101216_0000.png,thumbs/cluster_0/034_cell_1761649063064_912349010008_101216_0000.jpg
0,/home/wangqianqian/project/FS/data/28gusui&pizang/03/40/cell_1761648037821_912349010008_10166_0000.png,thumbs/cluster_0/035_cell_1761648037821_912349010008_10166_0000.jpg
0,/home/wangqianqian/project/FS/data/28gusui&pizang/03/42/cell_1761648135961_912349010008_16199_0200.png,thumbs/cluster_0/036_cell_1761648135961_912349010008_16199_0200.jpg
0,/home/wangqianqian/project/FS/data/28gusui&pizang/03/51/cell_1761648702572_912349010008_66686_0000.png,thumbs/cluster_0/037_cell_1761648702572_912349010008_66686_0000.jpg
0,/home/wangqianqian/project/FS/data/28gusui&pizang/03/47/cell_1761648445536_912349010008_42559_0100.png,thumbs/cluster_0/038_cell_1761648445536_912349010008_42559_0100.jpg
0,/home/wangqianqian/project/FS/data/28gusui&pizang/03/47/cell_1761648434271_912349010008_41475_0100.png,thumbs/cluster_0/039_cell_1761648434271_912349010008_41475_0100.jpg
0,/home/wangqianqian/project/FS/data/28gusui&pizang/03/35/cell_1761647721846_912349010008_173_0000.png,thumbs/cluster_0/040_cell_1761647721846_912349010008_173_0000.jpg
0,/home/wangqianqian/project/FS/data/28gusui&pizang/03/47/cell_1761648439417_912349010008_42002_0200.png,thumbs/cluster_0/041_cell_1761648439417_912349010008_42002_0200.jpg
0,/home/wangqianqian/project/FS/data/28gusui&pizang/03/51/cell_1761648709998_912349010008_67528_0000.png,thumbs/cluster_0/042_cell_1761648709998_912349010008_67528_0000.jpg
0,/home/wangqianqian/project/FS/data/28gusui&pizang/03/48/cell_1761648502405_912349010008_47449_0000.png,thumbs/cluster_0/043_cell_1761648502405_912349010008_47449_0000.jpg
0,/home/wangqianqian/project/FS/data/28gusui&pizang/03/44/cell_1761648288074_912349010008_28499_0000.png,thumbs/cluster_0/044_cell_1761648288074_912349010008_28499_0000.jpg
0,/home/wangqianqian/project/FS/data/28gusui&pizang/03/57/cell_1761649028251_912349010008_97638_0000.png,thumbs/cluster_0/045_cell_1761649028251_912349010008_97638_0000.jpg
0,/home/wangqianqian/project/FS/data/28gusui&pizang/03/41/cell_1761648065645_912349010008_11621_0200.png,thumbs/cluster_0/046_cell_1761648065645_912349010008_11621_0200.jpg
0,/home/wangqianqian/project/FS/data/28gusui&pizang/03/56/cell_1761648981641_912349010008_93266_0000.png,thumbs/cluster_0/047_cell_1761648981641_912349010008_93266_0000.jpg
0,/home/wangqianqian/project/FS/data/28gusui&pizang/03/44/cell_1761648247664_912349010008_24809_0100.png,thumbs/cluster_0/048_cell_1761648247664_912349010008_24809_0100.jpg
0,/home/wangqianqian/project/FS/data/28gusui&pizang/03/48/cell_1761648519716_912349010008_48813_0000.png,thumbs/cluster_0/049_cell_1761648519716_912349010008_48813_0000.jpg
0,/home/wangqianqian/project/FS/data/28gusui&pizang/03/53/cell_1761648780104_912349010008_74314_0000.png,thumbs/cluster_0/050_cell_1761648780104_912349010008_74314_0000.jpg
0,/home/wangqianqian/project/FS/data/28gusui&pizang/03/56/cell_1761648965240_912349010008_91802_0000.png,thumbs/cluster_0/051_cell_1761648965240_912349010008_91802_0000.jpg
0,/home/wangqianqian/project/FS/data/28gusui&pizang/03/47/cell_1761648462299_912349010008_44011_0000.png,thumbs/cluster_0/052_cell_1761648462299_912349010008_44011_0000.jpg
0,/home/wangqianqian/project/FS/data/28gusui&pizang/03/50/cell_1761648637325_912349010008_60073_0100.png,thumbs/cluster_0/053_cell_1761648637325_912349010008_60073_0100.jpg
0,/home/wangqianqian/project/FS/data/28gusui&pizang/03/45/cell_1761648349971_912349010008_33831_0000.png,thumbs/cluster_0/054_cell_1761648349971_912349010008_33831_0000.jpg
0,/home/wangqianqian/project/FS/data/28gusui&pizang/03/44/cell_1761648298276_912349010008_29340_0100.png,thumbs/cluster_0/055_cell_1761648298276_912349010008_29340_0100.jpg
0,/home/wangqianqian/project/FS/data/28gusui&pizang/03/48/cell_1761648519716_912349010008_48813_0100.png,thumbs/cluster_0/056_cell_1761648519716_912349010008_48813_0100.jpg
0,/home/wangqianqian/project/FS/data/28gusui&pizang/03/41/cell_1761648114651_912349010008_14662_0100.png,thumbs/cluster_0/057_cell_1761648114651_912349010008_14662_0100.jpg
0,/home/wangqianqian/project/FS/data/28gusui&pizang/03/43/cell_1761648198574_912349010008_20703_0000.png,thumbs/cluster_0/058_cell_1761648198574_912349010008_20703_0000.jpg
0,/home/wangqianqian/project/FS/data/28gusui&pizang/03/47/cell_1761648471814_912349010008_44796_0000.png,thumbs/cluster_0/059_cell_1761648471814_912349010008_44796_0000.jpg
0,/home/wangqianqian/project/FS/data/28gusui&pizang/03/35/cell_1761647734290_912349010008_208_0100.png,thumbs/cluster_0/060_cell_1761647734290_912349010008_208_0100.jpg
0,/home/wangqianqian/project/FS/data/28gusui&pizang/03/48/cell_1761648525582_912349010008_49299_0000.png,thumbs/cluster_0/061_cell_1761648525582_912349010008_49299_0000.jpg
0,/home/wangqianqian/project/FS/data/28gusui&pizang/03/52/cell_1761648751344_912349010008_71603_0100.png,thumbs/cluster_0/062_cell_1761648751344_912349010008_71603_0100.jpg
0,/home/wangqianqian/project/FS/data/28gusui&pizang/03/57/cell_1761649020071_912349010008_96823_0100.png,thumbs/cluster_0/063_cell_1761649020071_912349010008_96823_0100.jpg
0,/home/wangqianqian/project/FS/data/28gusui&pizang/03/46/cell_1761648379556_912349010008_36472_0100.png,thumbs/cluster_0/064_cell_1761648379556_912349010008_36472_0100.jpg
0,/home/wangqianqian/project/FS/data/28gusui&pizang/03/59/cell_1761649147298_912349010008_110050_0100.png,thumbs/cluster_0/065_cell_1761649147298_912349010008_110050_0100.jpg
0,/home/wangqianqian/project/FS/data/28gusui&pizang/03/59/cell_1761649156412_912349010008_111035_0100.png,thumbs/cluster_0/066_cell_1761649156412_912349010008_111035_0100.jpg
0,/home/wangqianqian/project/FS/data/28gusui&pizang/03/35/cell_1761647707565_912349010008_129_0000.png,thumbs/cluster_0/067_cell_1761647707565_912349010008_129_0000.jpg
0,/home/wangqianqian/project/FS/data/28gusui&pizang/03/40/cell_1761648058548_912349010008_11179_0100.png,thumbs/cluster_0/068_cell_1761648058548_912349010008_11179_0100.jpg
0,/home/wangqianqian/project/FS/data/28gusui&pizang/03/58/cell_1761649107348_912349010008_105880_0100.png,thumbs/cluster_0/069_cell_1761649107348_912349010008_105880_0100.jpg
0,/home/wangqianqian/project/FS/data/28gusui&pizang/03/44/cell_1761648288074_912349010008_28499_0100.png,thumbs/cluster_0/070_cell_1761648288074_912349010008_28499_0100.jpg
0,/home/wangqianqian/project/FS/data/28gusui&pizang/03/51/cell_1761648677238_912349010008_64040_0100.png,thumbs/cluster_0/071_cell_1761648677238_912349010008_64040_0100.jpg
0,/home/wangqianqian/project/FS/data/28gusui&pizang/03/39/cell_1761647966770_912349010008_6870_0100.png,thumbs/cluster_0/072_cell_1761647966770_912349010008_6870_0100.jpg
0,/home/wangqianqian/project/FS/data/28gusui&pizang/03/45/cell_1761648337699_912349010008_32688_0100.png,thumbs/cluster_0/073_cell_1761648337699_912349010008_32688_0100.jpg
0,/home/wangqianqian/project/FS/data/28gusui&pizang/03/43/cell_1761648183689_912349010008_19586_0100.png,thumbs/cluster_0/074_cell_1761648183689_912349010008_19586_0100.jpg
0,/home/wangqianqian/project/FS/data/28gusui&pizang/03/46/cell_1761648407083_912349010008_38835_0000.png,thumbs/cluster_0/075_cell_1761648407083_912349010008_38835_0000.jpg
0,/home/wangqianqian/project/FS/data/28gusui&pizang/03/46/cell_1761648403925_912349010008_38569_0100.png,thumbs/cluster_0/076_cell_1761648403925_912349010008_38569_0100.jpg
0,/home/wangqianqian/project/FS/data/28gusui&pizang/03/44/cell_1761648282595_912349010008_27996_0100.png,thumbs/cluster_0/077_cell_1761648282595_912349010008_27996_0100.jpg
0,/home/wangqianqian/project/FS/data/28gusui&pizang/03/47/cell_1761648459616_912349010008_43782_0100.png,thumbs/cluster_0/078_cell_1761648459616_912349010008_43782_0100.jpg
0,/home/wangqianqian/project/FS/data/28gusui&pizang/03/55/cell_1761648932854_912349010008_89068_0100.png,thumbs/cluster_0/079_cell_1761648932854_912349010008_89068_0100.jpg
0,/home/wangqianqian/project/FS/data/28gusui&pizang/03/36/cell_1761647779815_912349010008_387_0000.png,thumbs/cluster_0/080_cell_1761647779815_912349010008_387_0000.jpg
0,/home/wangqianqian/project/FS/data/28gusui&pizang/03/54/cell_1761648868643_912349010008_83329_0100.png,thumbs/cluster_0/081_cell_1761648868643_912349010008_83329_0100.jpg
0,/home/wangqianqian/project/FS/data/28gusui&pizang/03/42/cell_1761648126820_912349010008_15529_0100.png,thumbs/cluster_0/082_cell_1761648126820_912349010008_15529_0100.jpg
0,/home/wangqianqian/project/FS/data/28gusui&pizang/03/48/cell_1761648536802_912349010008_50299_0100.png,thumbs/cluster_0/083_cell_1761648536802_912349010008_50299_0100.jpg
0,/home/wangqianqian/project/FS/data/28gusui&pizang/03/46/cell_1761648369528_912349010008_35585_0000.png,thumbs/cluster_0/084_cell_1761648369528_912349010008_35585_0000.jpg
0,/home/wangqianqian/project/FS/data/28gusui&pizang/03/52/cell_1761648728674_912349010008_69340_0100.png,thumbs/cluster_0/085_cell_1761648728674_912349010008_69340_0100.jpg
0,/home/wangqianqian/project/FS/data/28gusui&pizang/03/46/cell_1761648379532_912349010008_36470_0000.png,thumbs/cluster_0/086_cell_1761648379532_912349010008_36470_0000.jpg
0,/home/wangqianqian/project/FS/data/28gusui&pizang/03/59/cell_1761649147472_912349010008_110077_0000.png,thumbs/cluster_0/087_cell_1761649147472_912349010008_110077_0000.jpg
0,/home/wangqianqian/project/FS/data/28gusui&pizang/03/44/cell_1761648281702_912349010008_27929_0100.png,thumbs/cluster_0/088_cell_1761648281702_912349010008_27929_0100.jpg
0,/home/wangqianqian/project/FS/data/28gusui&pizang/03/42/cell_1761648148764_912349010008_17115_0100.png,thumbs/cluster_0/089_cell_1761648148764_912349010008_17115_0100.jpg
0,/home/wangqianqian/project/FS/data/28gusui&pizang/03/53/cell_1761648813593_912349010008_77929_0100.png,thumbs/cluster_0/090_cell_1761648813593_912349010008_77929_0100.jpg
0,/home/wangqianqian/project/FS/data/28gusui&pizang/03/58/cell_1761649081064_912349010008_103064_0100.png,thumbs/cluster_0/091_cell_1761649081064_912349010008_103064_0100.jpg
0,/home/wangqianqian/project/FS/data/28gusui&pizang/03/47/cell_1761648439417_912349010008_42002_0000.png,thumbs/cluster_0/092_cell_1761648439417_912349010008_42002_0000.jpg
0,/home/wangqianqian/project/FS/data/28gusui&pizang/03/44/cell_1761648259619_912349010008_25836_0000.png,thumbs/cluster_0/093_cell_1761648259619_912349010008_25836_0000.jpg
0,/home/wangqianqian/project/FS/data/28gusui&pizang/03/46/cell_1761648414187_912349010008_39510_0100.png,thumbs/cluster_0/094_cell_1761648414187_912349010008_39510_0100.jpg
0,/home/wangqianqian/project/FS/data/28gusui&pizang/03/45/cell_1761648349838_912349010008_33820_0000.png,thumbs/cluster_0/095_cell_1761648349838_912349010008_33820_0000.jpg
0,/home/wangqianqian/project/FS/data/28gusui&pizang/03/47/cell_1761648426999_912349010008_40741_0000.png,thumbs/cluster_0/096_cell_1761648426999_912349010008_40741_0000.jpg
0,/home/wangqianqian/project/FS/data/28gusui&pizang/03/35/cell_1761647723138_912349010008_178_0000.png,thumbs/cluster_0/097_cell_1761647723138_912349010008_178_0000.jpg
0,/home/wangqianqian/project/FS/data/28gusui&pizang/03/36/cell_1761647790877_912349010008_601_0100.png,thumbs/cluster_0/098_cell_1761647790877_912349010008_601_0100.jpg
0,/home/wangqianqian/project/FS/data/28gusui&pizang/03/55/cell_1761648953996_912349010008_90831_0100.png,thumbs/cluster_0/099_cell_1761648953996_912349010008_90831_0100.jpg
1,/home/wangqianqian/project/FS/data/28gusui&pizang/03/51/cell_1761648670893_912349010008_63444_0000.png,thumbs/cluster_1/000_cell_1761648670893_912349010008_63444_0000.jpg
1,/home/wangqianqian/project/FS/data/28gusui&pizang/03/56/cell_1761648965875_912349010008_91849_0000.png,thumbs/cluster_1/001_cell_1761648965875_912349010008_91849_0000.jpg
1,/home/wangqianqian/project/FS/data/28gusui&pizang/03/54/cell_1761648876629_912349010008_84134_0000.png,thumbs/cluster_1/002_cell_1761648876629_912349010008_84134_0000.jpg
1,/home/wangqianqian/project/FS/data/28gusui&pizang/03/44/cell_1761648242642_912349010008_24349_0000.png,thumbs/cluster_1/003_cell_1761648242642_912349010008_24349_0000.jpg
1,/home/wangqianqian/project/FS/data/28gusui&pizang/03/57/cell_1761649030538_912349010008_97865_0100.png,thumbs/cluster_1/004_cell_1761649030538_912349010008_97865_0100.jpg
1,/home/wangqianqian/project/FS/data/28gusui&pizang/03/44/cell_1761648283086_912349010008_28036_0000.png,thumbs/cluster_1/005_cell_1761648283086_912349010008_28036_0000.jpg
1,/home/wangqianqian/project/FS/data/28gusui&pizang/03/49/cell_1761648552127_912349010008_51681_0000.png,thumbs/cluster_1/006_cell_1761648552127_912349010008_51681_0000.jpg
1,/home/wangqianqian/project/FS/data/28gusui&pizang/03/39/cell_1761647982067_912349010008_7440_0100.png,thumbs/cluster_1/007_cell_1761647982067_912349010008_7440_0100.jpg
1,/home/wangqianqian/project/FS/data/28gusui&pizang/03/45/cell_1761648313098_912349010008_30571_0100.png,thumbs/cluster_1/008_cell_1761648313098_912349010008_30571_0100.jpg
1,/home/wangqianqian/project/FS/data/28gusui&pizang/03/49/cell_1761648583300_912349010008_54639_0000.png,thumbs/cluster_1/009_cell_1761648583300_912349010008_54639_0000.jpg
1,/home/wangqianqian/project/FS/data/28gusui&pizang/03/43/cell_1761648234837_912349010008_23661_0000.png,thumbs/cluster_1/010_cell_1761648234837_912349010008_23661_0000.jpg
1,/home/wangqianqian/project/FS/data/28gusui&pizang/03/45/cell_1761648330120_912349010008_32002_0100.png,thumbs/cluster_1/011_cell_1761648330120_912349010008_32002_0100.jpg
1,/home/wangqianqian/project/FS/data/28gusui&pizang/03/44/cell_1761648270543_912349010008_26846_0000.png,thumbs/cluster_1/012_cell_1761648270543_912349010008_26846_0000.jpg
1,/home/wangqianqian/project/FS/data/28gusui&pizang/03/59/cell_1761649165144_912349010008_111985_0100.png,thumbs/cluster_1/013_cell_1761649165144_912349010008_111985_0100.jpg
1,/home/wangqianqian/project/FS/data/28gusui&pizang/03/54/cell_1761648860820_912349010008_82579_0100.png,thumbs/cluster_1/014_cell_1761648860820_912349010008_82579_0100.jpg
1,/home/wangqianqian/project/FS/data/28gusui&pizang/03/36/cell_1761647790199_912349010008_597_0000.png,thumbs/cluster_1/015_cell_1761647790199_912349010008_597_0000.jpg
1,/home/wangqianqian/project/FS/data/28gusui&pizang/03/48/cell_1761648494638_912349010008_46782_0100.png,thumbs/cluster_1/016_cell_1761648494638_912349010008_46782_0100.jpg
1,/home/wangqianqian/project/FS/data/28gusui&pizang/03/57/cell_1761649068875_912349010008_101819_0000.png,thumbs/cluster_1/017_cell_1761649068875_912349010008_101819_0000.jpg
1,/home/wangqianqian/project/FS/data/28gusui&pizang/03/51/cell_1761648663983_912349010008_62803_0100.png,thumbs/cluster_1/018_cell_1761648663983_912349010008_62803_0100.jpg
1,/home/wangqianqian/project/FS/data/28gusui&pizang/03/42/cell_1761648123644_912349010008_15293_0000.png,thumbs/cluster_1/019_cell_1761648123644_912349010008_15293_0000.jpg
1,/home/wangqianqian/project/FS/data/28gusui&pizang/03/43/cell_1761648204709_912349010008_21218_0100.png,thumbs/cluster_1/020_cell_1761648204709_912349010008_21218_0100.jpg
1,/home/wangqianqian/project/FS/data/28gusui&pizang/03/51/cell_1761648683601_912349010008_64738_0000.png,thumbs/cluster_1/021_cell_1761648683601_912349010008_64738_0000.jpg
1,/home/wangqianqian/project/FS/data/28gusui&pizang/03/50/cell_1761648649133_912349010008_61269_0000.png,thumbs/cluster_1/022_cell_1761648649133_912349010008_61269_0000.jpg
1,/home/wangqianqian/project/FS/data/28gusui&pizang/03/36/cell_1761647795948_912349010008_715_0000.png,thumbs/cluster_1/023_cell_1761647795948_912349010008_715_0000.jpg
1,/home/wangqianqian/project/FS/data/28gusui&pizang/03/42/cell_1761648177779_912349010008_19149_0100.png,thumbs/cluster_1/024_cell_1761648177779_912349010008_19149_0100.jpg
1,/home/wangqianqian/project/FS/data/28gusui&pizang/03/42/cell_1761648132035_912349010008_15888_0100.png,thumbs/cluster_1/025_cell_1761648132035_912349010008_15888_0100.jpg
1,/home/wangqianqian/project/FS/data/28gusui&pizang/03/35/cell_1761647735789_912349010008_213_0000.png,thumbs/cluster_1/026_cell_1761647735789_912349010008_213_0000.jpg
1,/home/wangqianqian/project/FS/data/28gusui&pizang/03/50/cell_1761648648764_912349010008_61245_0000.png,thumbs/cluster_1/027_cell_1761648648764_912349010008_61245_0000.jpg
1,/home/wangqianqian/project/FS/data/28gusui&pizang/03/42/cell_1761648158491_912349010008_17811_0000.png,thumbs/cluster_1/028_cell_1761648158491_912349010008_17811_0000.jpg
1,/home/wangqianqian/project/FS/data/28gusui&pizang/03/58/cell_1761649085667_912349010008_103537_0000.png,thumbs/cluster_1/029_cell_1761649085667_912349010008_103537_0000.jpg
1,/home/wangqianqian/project/FS/data/28gusui&pizang/03/48/cell_1761648491947_912349010008_46550_0100.png,thumbs/cluster_1/030_cell_1761648491947_912349010008_46550_0100.jpg
1,/home/wangqianqian/project/FS/data/28gusui&pizang/03/52/cell_1761648729087_912349010008_69389_0100.png,thumbs/cluster_1/031_cell_1761648729087_912349010008_69389_0100.jpg
1,/home/wangqianqian/project/FS/data/28gusui&pizang/03/48/cell_1761648528827_912349010008_49557_0100.png,thumbs/cluster_1/032_cell_1761648528827_912349010008_49557_0100.jpg
1,/home/wangqianqian/project/FS/data/28gusui&pizang/03/39/cell_1761647982099_912349010008_7442_0000.png,thumbs/cluster_1/033_cell_1761647982099_912349010008_7442_0000.jpg
1,/home/wangqianqian/project/FS/data/28gusui&pizang/03/41/cell_1761648076277_912349010008_12248_0100.png,thumbs/cluster_1/034_cell_1761648076277_912349010008_12248_0100.jpg
1,/home/wangqianqian/project/FS/data/28gusui&pizang/03/35/cell_1761647718352_912349010008_165_0000.png,thumbs/cluster_1/035_cell_1761647718352_912349010008_165_0000.jpg
1,/home/wangqianqian/project/FS/data/28gusui&pizang/03/55/cell_1761648959776_912349010008_91341_0100.png,thumbs/cluster_1/036_cell_1761648959776_912349010008_91341_0100.jpg
1,/home/wangqianqian/project/FS/data/28gusui&pizang/03/50/cell_1761648606118_912349010008_56978_0100.png,thumbs/cluster_1/037_cell_1761648606118_912349010008_56978_0100.jpg
1,/home/wangqianqian/project/FS/data/28gusui&pizang/03/38/cell_1761647921846_912349010008_5093_0100.png,thumbs/cluster_1/038_cell_1761647921846_912349010008_5093_0100.jpg
1,/home/wangqianqian/project/FS/data/28gusui&pizang/03/44/cell_1761648274332_912349010008_27226_0100.png,thumbs/cluster_1/039_cell_1761648274332_912349010008_27226_0100.jpg
1,/home/wangqianqian/project/FS/data/28gusui&pizang/03/45/cell_1761648340812_912349010008_32975_0000.png,thumbs/cluster_1/040_cell_1761648340812_912349010008_32975_0000.jpg
1,/home/wangqianqian/project/FS/data/28gusui&pizang/03/44/cell_1761648292773_912349010008_28913_0000.png,thumbs/cluster_1/041_cell_1761648292773_912349010008_28913_0000.jpg
1,/home/wangqianqian/project/FS/data/28gusui&pizang/03/50/cell_1761648613997_912349010008_57708_0100.png,thumbs/cluster_1/042_cell_1761648613997_912349010008_57708_0100.jpg
1,/home/wangqianqian/project/FS/data/28gusui&pizang/03/50/cell_1761648628558_912349010008_59169_0000.png,thumbs/cluster_1/043_cell_1761648628558_912349010008_59169_0000.jpg
1,/home/wangqianqian/project/FS/data/28gusui&pizang/03/44/cell_1761648252857_912349010008_25260_0100.png,thumbs/cluster_1/044_cell_1761648252857_912349010008_25260_0100.jpg
1,/home/wangqianqian/project/FS/data/28gusui&pizang/03/54/cell_1761648888001_912349010008_85260_0000.png,thumbs/cluster_1/045_cell_1761648888001_912349010008_85260_0000.jpg
1,/home/wangqianqian/project/FS/data/28gusui&pizang/03/52/cell_1761648751805_912349010008_71644_0000.png,thumbs/cluster_1/046_cell_1761648751805_912349010008_71644_0000.jpg
1,/home/wangqianqian/project/FS/data/28gusui&pizang/03/47/cell_1761648446612_912349010008_42639_0100.png,thumbs/cluster_1/047_cell_1761648446612_912349010008_42639_0100.jpg
1,/home/wangqianqian/project/FS/data/28gusui&pizang/03/49/cell_1761648555881_912349010008_52031_0000.png,thumbs/cluster_1/048_cell_1761648555881_912349010008_52031_0000.jpg
1,/home/wangqianqian/project/FS/data/28gusui&pizang/03/44/cell_1761648253962_912349010008_25362_0000.png,thumbs/cluster_1/049_cell_1761648253962_912349010008_25362_0000.jpg
1,/home/wangqianqian/project/FS/data/28gusui&pizang/03/40/cell_1761648041774_912349010008_10312_0100.png,thumbs/cluster_1/050_cell_1761648041774_912349010008_10312_0100.jpg
1,/home/wangqianqian/project/FS/data/28gusui&pizang/03/43/cell_1761648185273_912349010008_19706_0100.png,thumbs/cluster_1/051_cell_1761648185273_912349010008_19706_0100.jpg
1,/home/wangqianqian/project/FS/data/28gusui&pizang/03/50/cell_1761648621062_912349010008_58404_0000.png,thumbs/cluster_1/052_cell_1761648621062_912349010008_58404_0000.jpg
1,/home/wangqianqian/project/FS/data/28gusui&pizang/03/47/cell_1761648433516_912349010008_41382_0000.png,thumbs/cluster_1/053_cell_1761648433516_912349010008_41382_0000.jpg
1,/home/wangqianqian/project/FS/data/28gusui&pizang/03/57/cell_1761649066219_912349010008_101556_0100.png,thumbs/cluster_1/054_cell_1761649066219_912349010008_101556_0100.jpg
1,/home/wangqianqian/project/FS/data/28gusui&pizang/03/58/cell_1761649130030_912349010008_108265_0000.png,thumbs/cluster_1/055_cell_1761649130030_912349010008_108265_0000.jpg
1,/home/wangqianqian/project/FS/data/28gusui&pizang/03/54/cell_1761648868414_912349010008_83314_0000.png,thumbs/cluster_1/056_cell_1761648868414_912349010008_83314_0000.jpg
1,/home/wangqianqian/project/FS/data/28gusui&pizang/03/45/cell_1761648310572_912349010008_30368_0000.png,thumbs/cluster_1/057_cell_1761648310572_912349010008_30368_0000.jpg
1,/home/wangqianqian/project/FS/data/28gusui&pizang/03/49/cell_1761648580979_912349010008_54458_0000.png,thumbs/cluster_1/058_cell_1761648580979_912349010008_54458_0000.jpg
1,/home/wangqianqian/project/FS/data/28gusui&pizang/03/57/cell_1761649052675_912349010008_100129_0100.png,thumbs/cluster_1/059_cell_1761649052675_912349010008_100129_0100.jpg
1,/home/wangqianqian/project/FS/data/28gusui&pizang/03/36/cell_1761647791950_912349010008_616_0100.png,thumbs/cluster_1/060_cell_1761647791950_912349010008_616_0100.jpg
1,/home/wangqianqian/project/FS/data/28gusui&pizang/03/50/cell_1761648635682_912349010008_59898_0000.png,thumbs/cluster_1/061_cell_1761648635682_912349010008_59898_0000.jpg
1,/home/wangqianqian/project/FS/data/28gusui&pizang/03/44/cell_1761648263959_912349010008_26216_0000.png,thumbs/cluster_1/062_cell_1761648263959_912349010008_26216_0000.jpg
1,/home/wangqianqian/project/FS/data/28gusui&pizang/03/59/cell_1761649149803_912349010008_110281_0100.png,thumbs/cluster_1/063_cell_1761649149803_912349010008_110281_0100.jpg
1,/home/wangqianqian/project/FS/data/28gusui&pizang/03/44/cell_1761648274706_912349010008_27266_0000.png,thumbs/cluster_1/064_cell_1761648274706_912349010008_27266_0000.jpg
1,/home/wangqianqian/project/FS/data/28gusui&pizang/03/50/cell_1761648622062_912349010008_58501_0100.png,thumbs/cluster_1/065_cell_1761648622062_912349010008_58501_0100.jpg
1,/home/wangqianqian/project/FS/data/28gusui&pizang/03/53/cell_1761648802388_912349010008_76755_0000.png,thumbs/cluster_1/066_cell_1761648802388_912349010008_76755_0000.jpg
1,/home/wangqianqian/project/FS/data/28gusui&pizang/03/42/cell_1761648153239_912349010008_17440_0100.png,thumbs/cluster_1/067_cell_1761648153239_912349010008_17440_0100.jpg
1,/home/wangqianqian/project/FS/data/28gusui&pizang/03/58/cell_1761649107997_912349010008_105946_0000.png,thumbs/cluster_1/068_cell_1761649107997_912349010008_105946_0000.jpg
1,/home/wangqianqian/project/FS/data/28gusui&pizang/03/46/cell_1761648376424_912349010008_36187_0000.png,thumbs/cluster_1/069_cell_1761648376424_912349010008_36187_0000.jpg
1,/home/wangqianqian/project/FS/data/28gusui&pizang/03/43/cell_1761648204709_912349010008_21218_0000.png,thumbs/cluster_1/070_cell_1761648204709_912349010008_21218_0000.jpg
1,/home/wangqianqian/project/FS/data/28gusui&pizang/03/38/cell_1761647908104_912349010008_4695_0100.png,thumbs/cluster_1/071_cell_1761647908104_912349010008_4695_0100.jpg
1,/home/wangqianqian/project/FS/data/28gusui&pizang/03/53/cell_1761648794757_912349010008_75918_0100.png,thumbs/cluster_1/072_cell_1761648794757_912349010008_75918_0100.jpg
1,/home/wangqianqian/project/FS/data/28gusui&pizang/03/38/cell_1761647899775_912349010008_4439_0100.png,thumbs/cluster_1/073_cell_1761647899775_912349010008_4439_0100.jpg
1,/home/wangqianqian/project/FS/data/28gusui&pizang/03/59/cell_1761649154122_912349010008_110778_0100.png,thumbs/cluster_1/074_cell_1761649154122_912349010008_110778_0100.jpg
1,/home/wangqianqian/project/FS/data/28gusui&pizang/03/48/cell_1761648491947_912349010008_46550_0000.png,thumbs/cluster_1/075_cell_1761648491947_912349010008_46550_0000.jpg
1,/home/wangqianqian/project/FS/data/28gusui&pizang/03/42/cell_1761648131602_912349010008_15845_0100.png,thumbs/cluster_1/076_cell_1761648131602_912349010008_15845_0100.jpg
1,/home/wangqianqian/project/FS/data/28gusui&pizang/03/50/cell_1761648648501_912349010008_61226_0000.png,thumbs/cluster_1/077_cell_1761648648501_912349010008_61226_0000.jpg
1,/home/wangqianqian/project/FS/data/28gusui&pizang/03/48/cell_1761648513687_912349010008_48337_0000.png,thumbs/cluster_1/078_cell_1761648513687_912349010008_48337_0000.jpg
1,/home/wangqianqian/project/FS/data/28gusui&pizang/03/35/cell_1761647757992_912349010008_267_0000.png,thumbs/cluster_1/079_cell_1761647757992_912349010008_267_0000.jpg
1,/home/wangqianqian/project/FS/data/28gusui&pizang/03/55/cell_1761648951991_912349010008_90645_0000.png,thumbs/cluster_1/080_cell_1761648951991_912349010008_90645_0000.jpg
1,/home/wangqianqian/project/FS/data/28gusui&pizang/03/47/cell_1761648479150_912349010008_45458_0100.png,thumbs/cluster_1/081_cell_1761648479150_912349010008_45458_0100.jpg
1,/home/wangqianqian/project/FS/data/28gusui&pizang/03/52/cell_1761648776689_912349010008_73978_0100.png,thumbs/cluster_1/082_cell_1761648776689_912349010008_73978_0100.jpg
1,/home/wangqianqian/project/FS/data/28gusui&pizang/03/47/cell_1761648429585_912349010008_40968_0100.png,thumbs/cluster_1/083_cell_1761648429585_912349010008_40968_0100.jpg
1,/home/wangqianqian/project/FS/data/28gusui&pizang/03/53/cell_1761648822255_912349010008_78745_0000.png,thumbs/cluster_1/084_cell_1761648822255_912349010008_78745_0000.jpg
1,/home/wangqianqian/project/FS/data/28gusui&pizang/03/54/cell_1761648884568_912349010008_84904_0100.png,thumbs/cluster_1/085_cell_1761648884568_912349010008_84904_0100.jpg
1,/home/wangqianqian/project/FS/data/28gusui&pizang/03/58/cell_1761649125046_912349010008_107758_0100.png,thumbs/cluster_1/086_cell_1761649125046_912349010008_107758_0100.jpg
1,/home/wangqianqian/project/FS/data/28gusui&pizang/03/55/cell_1761648938977_912349010008_89557_0000.png,thumbs/cluster_1/087_cell_1761648938977_912349010008_89557_0000.jpg
1,/home/wangqianqian/project/FS/data/28gusui&pizang/03/38/cell_1761647899775_912349010008_4439_0000.png,thumbs/cluster_1/088_cell_1761647899775_912349010008_4439_0000.jpg
1,/home/wangqianqian/project/FS/data/28gusui&pizang/03/43/cell_1761648208429_912349010008_21559_0100.png,thumbs/cluster_1/089_cell_1761648208429_912349010008_21559_0100.jpg
1,/home/wangqianqian/project/FS/data/28gusui&pizang/03/55/cell_1761648930939_912349010008_88905_0000.png,thumbs/cluster_1/090_cell_1761648930939_912349010008_88905_0000.jpg
1,/home/wangqianqian/project/FS/data/28gusui&pizang/03/50/cell_1761648603195_912349010008_56698_0000.png,thumbs/cluster_1/091_cell_1761648603195_912349010008_56698_0000.jpg
1,/home/wangqianqian/project/FS/data/28gusui&pizang/03/47/cell_1761648455714_912349010008_43434_0000.png,thumbs/cluster_1/092_cell_1761648455714_912349010008_43434_0000.jpg
1,/home/wangqianqian/project/FS/data/28gusui&pizang/03/55/cell_1761648908296_912349010008_86960_0000.png,thumbs/cluster_1/093_cell_1761648908296_912349010008_86960_0000.jpg
1,/home/wangqianqian/project/FS/data/28gusui&pizang/03/59/cell_1761649171382_912349010008_112667_0100.png,thumbs/cluster_1/094_cell_1761649171382_912349010008_112667_0100.jpg
1,/home/wangqianqian/project/FS/data/28gusui&pizang/03/48/cell_1761648483203_912349010008_45818_0000.png,thumbs/cluster_1/095_cell_1761648483203_912349010008_45818_0000.jpg
1,/home/wangqianqian/project/FS/data/28gusui&pizang/03/57/cell_1761649053143_912349010008_100174_0100.png,thumbs/cluster_1/096_cell_1761649053143_912349010008_100174_0100.jpg
1,/home/wangqianqian/project/FS/data/28gusui&pizang/03/45/cell_1761648327392_912349010008_31728_0100.png,thumbs/cluster_1/097_cell_1761648327392_912349010008_31728_0100.jpg
1,/home/wangqianqian/project/FS/data/28gusui&pizang/03/49/cell_1761648542914_912349010008_50841_0100.png,thumbs/cluster_1/098_cell_1761648542914_912349010008_50841_0100.jpg
1,/home/wangqianqian/project/FS/data/28gusui&pizang/03/54/cell_1761648880764_912349010008_84548_0000.png,thumbs/cluster_1/099_cell_1761648880764_912349010008_84548_0000.jpg
2,/home/wangqianqian/project/FS/data/28gusui&pizang/03/53/cell_1761648804807_912349010008_77041_0000.png,thumbs/cluster_2/000_cell_1761648804807_912349010008_77041_0000.jpg
2,/home/wangqianqian/project/FS/data/28gusui&pizang/03/46/cell_1761648381890_912349010008_36679_0000.png,thumbs/cluster_2/001_cell_1761648381890_912349010008_36679_0000.jpg
2,/home/wangqianqian/project/FS/data/28gusui&pizang/03/52/cell_1761648754638_912349010008_71947_0100.png,thumbs/cluster_2/002_cell_1761648754638_912349010008_71947_0100.jpg
2,/home/wangqianqian/project/FS/data/28gusui&pizang/03/52/cell_1761648752186_912349010008_71690_0100.png,thumbs/cluster_2/003_cell_1761648752186_912349010008_71690_0100.jpg
2,/home/wangqianqian/project/FS/data/28gusui&pizang/03/54/cell_1761648849546_912349010008_81397_0100.png,thumbs/cluster_2/004_cell_1761648849546_912349010008_81397_0100.jpg
2,/home/wangqianqian/project/FS/data/28gusui&pizang/03/46/cell_1761648395985_912349010008_37890_0100.png,thumbs/cluster_2/005_cell_1761648395985_912349010008_37890_0100.jpg
2,/home/wangqianqian/project/FS/data/28gusui&pizang/03/50/cell_1761648644026_912349010008_60707_0100.png,thumbs/cluster_2/006_cell_1761648644026_912349010008_60707_0100.jpg
2,/home/wangqianqian/project/FS/data/28gusui&pizang/03/52/cell_1761648754585_912349010008_71939_0000.png,thumbs/cluster_2/007_cell_1761648754585_912349010008_71939_0000.jpg
2,/home/wangqianqian/project/FS/data/28gusui&pizang/03/44/cell_1761648294954_912349010008_29078_0000.png,thumbs/cluster_2/008_cell_1761648294954_912349010008_29078_0000.jpg
2,/home/wangqianqian/project/FS/data/28gusui&pizang/03/56/cell_1761649010835_912349010008_96005_0000.png,thumbs/cluster_2/009_cell_1761649010835_912349010008_96005_0000.jpg
2,/home/wangqianqian/project/FS/data/28gusui&pizang/03/41/cell_1761648114673_912349010008_14664_0000.png,thumbs/cluster_2/010_cell_1761648114673_912349010008_14664_0000.jpg
2,/home/wangqianqian/project/FS/data/28gusui&pizang/03/56/cell_1761648964148_912349010008_91719_0000.png,thumbs/cluster_2/011_cell_1761648964148_912349010008_91719_0000.jpg
2,/home/wangqianqian/project/FS/data/28gusui&pizang/03/54/cell_1761648898802_912349010008_86185_0000.png,thumbs/cluster_2/012_cell_1761648898802_912349010008_86185_0000.jpg
2,/home/wangqianqian/project/FS/data/28gusui&pizang/03/39/cell_1761647954519_912349010008_6373_0000.png,thumbs/cluster_2/013_cell_1761647954519_912349010008_6373_0000.jpg
2,/home/wangqianqian/project/FS/data/28gusui&pizang/03/58/cell_1761649120724_912349010008_107335_0000.png,thumbs/cluster_2/014_cell_1761649120724_912349010008_107335_0000.jpg
2,/home/wangqianqian/project/FS/data/28gusui&pizang/03/52/cell_1761648765304_912349010008_72958_0000.png,thumbs/cluster_2/015_cell_1761648765304_912349010008_72958_0000.jpg
2,/home/wangqianqian/project/FS/data/28gusui&pizang/03/43/cell_1761648192378_912349010008_20247_0100.png,thumbs/cluster_2/016_cell_1761648192378_912349010008_20247_0100.jpg
2,/home/wangqianqian/project/FS/data/28gusui&pizang/03/54/cell_1761648854730_912349010008_81930_0100.png,thumbs/cluster_2/017_cell_1761648854730_912349010008_81930_0100.jpg
2,/home/wangqianqian/project/FS/data/28gusui&pizang/03/45/cell_1761648334832_912349010008_32438_0000.png,thumbs/cluster_2/018_cell_1761648334832_912349010008_32438_0000.jpg
2,/home/wangqianqian/project/FS/data/28gusui&pizang/03/39/cell_1761647969789_912349010008_6985_0100.png,thumbs/cluster_2/019_cell_1761647969789_912349010008_6985_0100.jpg
2,/home/wangqianqian/project/FS/data/28gusui&pizang/03/46/cell_1761648406802_912349010008_38805_0000.png,thumbs/cluster_2/020_cell_1761648406802_912349010008_38805_0000.jpg
2,/home/wangqianqian/project/FS/data/28gusui&pizang/03/52/cell_1761648749704_912349010008_71448_0100.png,thumbs/cluster_2/021_cell_1761648749704_912349010008_71448_0100.jpg
2,/home/wangqianqian/project/FS/data/28gusui&pizang/03/54/cell_1761648874103_912349010008_83882_0100.png,thumbs/cluster_2/022_cell_1761648874103_912349010008_83882_0100.jpg
2,/home/wangqianqian/project/FS/data/28gusui&pizang/03/44/cell_1761648249099_912349010008_24940_0000.png,thumbs/cluster_2/023_cell_1761648249099_912349010008_24940_0000.jpg
2,/home/wangqianqian/project/FS/data/28gusui&pizang/03/44/cell_1761648275327_912349010008_27349_0000.png,thumbs/cluster_2/024_cell_1761648275327_912349010008_27349_0000.jpg
2,/home/wangqianqian/project/FS/data/28gusui&pizang/03/58/cell_1761649104248_912349010008_105535_0100.png,thumbs/cluster_2/025_cell_1761649104248_912349010008_105535_0100.jpg
2,/home/wangqianqian/project/FS/data/28gusui&pizang/03/56/cell_1761648989727_912349010008_93995_0000.png,thumbs/cluster_2/026_cell_1761648989727_912349010008_93995_0000.jpg
2,/home/wangqianqian/project/FS/data/28gusui&pizang/03/40/cell_1761648030812_912349010008_9824_0100.png,thumbs/cluster_2/027_cell_1761648030812_912349010008_9824_0100.jpg
2,/home/wangqianqian/project/FS/data/28gusui&pizang/03/45/cell_1761648351971_912349010008_34004_0100.png,thumbs/cluster_2/028_cell_1761648351971_912349010008_34004_0100.jpg
2,/home/wangqianqian/project/FS/data/28gusui&pizang/03/54/cell_1761648885362_912349010008_84994_0100.png,thumbs/cluster_2/029_cell_1761648885362_912349010008_84994_0100.jpg
2,/home/wangqianqian/project/FS/data/28gusui&pizang/03/55/cell_1761648929324_912349010008_88737_0000.png,thumbs/cluster_2/030_cell_1761648929324_912349010008_88737_0000.jpg
2,/home/wangqianqian/project/FS/data/28gusui&pizang/03/54/cell_1761648889430_912349010008_85404_0000.png,thumbs/cluster_2/031_cell_1761648889430_912349010008_85404_0000.jpg
2,/home/wangqianqian/project/FS/data/28gusui&pizang/03/48/cell_1761648493997_912349010008_46740_0100.png,thumbs/cluster_2/032_cell_1761648493997_912349010008_46740_0100.jpg
2,/home/wangqianqian/project/FS/data/28gusui&pizang/03/40/cell_1761648053058_912349010008_10878_0100.png,thumbs/cluster_2/033_cell_1761648053058_912349010008_10878_0100.jpg
2,/home/wangqianqian/project/FS/data/28gusui&pizang/03/45/cell_1761648337134_912349010008_32647_0100.png,thumbs/cluster_2/034_cell_1761648337134_912349010008_32647_0100.jpg
2,/home/wangqianqian/project/FS/data/28gusui&pizang/03/45/cell_1761648310232_912349010008_30348_0000.png,thumbs/cluster_2/035_cell_1761648310232_912349010008_30348_0000.jpg
2,/home/wangqianqian/project/FS/data/28gusui&pizang/03/54/cell_1761648880837_912349010008_84554_0000.png,thumbs/cluster_2/036_cell_1761648880837_912349010008_84554_0000.jpg
2,/home/wangqianqian/project/FS/data/28gusui&pizang/03/41/cell_1761648108966_912349010008_14339_0200.png,thumbs/cluster_2/037_cell_1761648108966_912349010008_14339_0200.jpg
2,/home/wangqianqian/project/FS/data/28gusui&pizang/03/49/cell_1761648586915_912349010008_55000_0100.png,thumbs/cluster_2/038_cell_1761648586915_912349010008_55000_0100.jpg
2,/home/wangqianqian/project/FS/data/28gusui&pizang/03/54/cell_1761648886926_912349010008_85139_0000.png,thumbs/cluster_2/039_cell_1761648886926_912349010008_85139_0000.jpg
2,/home/wangqianqian/project/FS/data/28gusui&pizang/03/43/cell_1761648214854_912349010008_22068_0000.png,thumbs/cluster_2/040_cell_1761648214854_912349010008_22068_0000.jpg
2,/home/wangqianqian/project/FS/data/28gusui&pizang/03/57/cell_1761649053582_912349010008_100223_0000.png,thumbs/cluster_2/041_cell_1761649053582_912349010008_100223_0000.jpg
2,/home/wangqianqian/project/FS/data/28gusui&pizang/03/50/cell_1761648643007_912349010008_60605_0000.png,thumbs/cluster_2/042_cell_1761648643007_912349010008_60605_0000.jpg
2,/home/wangqianqian/project/FS/data/28gusui&pizang/03/45/cell_1761648341470_912349010008_33046_0000.png,thumbs/cluster_2/043_cell_1761648341470_912349010008_33046_0000.jpg
2,/home/wangqianqian/project/FS/data/28gusui&pizang/03/47/cell_1761648432919_912349010008_41311_0100.png,thumbs/cluster_2/044_cell_1761648432919_912349010008_41311_0100.jpg
2,/home/wangqianqian/project/FS/data/28gusui&pizang/03/57/cell_1761649048764_912349010008_99738_0000.png,thumbs/cluster_2/045_cell_1761649048764_912349010008_99738_0000.jpg
2,/home/wangqianqian/project/FS/data/28gusui&pizang/03/55/cell_1761648937746_912349010008_89472_0100.png,thumbs/cluster_2/046_cell_1761648937746_912349010008_89472_0100.jpg
2,/home/wangqianqian/project/FS/data/28gusui&pizang/03/44/cell_1761648285728_912349010008_28275_0100.png,thumbs/cluster_2/047_cell_1761648285728_912349010008_28275_0100.jpg
2,/home/wangqianqian/project/FS/data/28gusui&pizang/03/53/cell_1761648837743_912349010008_80212_0100.png,thumbs/cluster_2/048_cell_1761648837743_912349010008_80212_0100.jpg
2,/home/wangqianqian/project/FS/data/28gusui&pizang/03/39/cell_1761647951571_912349010008_6265_0100.png,thumbs/cluster_2/049_cell_1761647951571_912349010008_6265_0100.jpg
2,/home/wangqianqian/project/FS/data/28gusui&pizang/03/52/cell_1761648775794_912349010008_73886_0100.png,thumbs/cluster_2/050_cell_1761648775794_912349010008_73886_0100.jpg
2,/home/wangqianqian/project/FS/data/28gusui&pizang/03/57/cell_1761649077579_912349010008_102711_0000.png,thumbs/cluster_2/051_cell_1761649077579_912349010008_102711_0000.jpg
2,/home/wangqianqian/project/FS/data/28gusui&pizang/03/50/cell_1761648652880_912349010008_61673_0100.png,thumbs/cluster_2/052_cell_1761648652880_912349010008_61673_0100.jpg
2,/home/wangqianqian/project/FS/data/28gusui&pizang/03/54/cell_1761648871009_912349010008_83572_0100.png,thumbs/cluster_2/053_cell_1761648871009_912349010008_83572_0100.jpg
2,/home/wangqianqian/project/FS/data/28gusui&pizang/03/54/cell_1761648888257_912349010008_85291_0000.png,thumbs/cluster_2/054_cell_1761648888257_912349010008_85291_0000.jpg
2,/home/wangqianqian/project/FS/data/28gusui&pizang/03/43/cell_1761648230651_912349010008_23320_0000.png,thumbs/cluster_2/055_cell_1761648230651_912349010008_23320_0000.jpg
2,/home/wangqianqian/project/FS/data/28gusui&pizang/03/46/cell_1761648366431_912349010008_35321_0100.png,thumbs/cluster_2/056_cell_1761648366431_912349010008_35321_0100.jpg
2,/home/wangqianqian/project/FS/data/28gusui&pizang/03/48/cell_1761648485863_912349010008_46046_0100.png,thumbs/cluster_2/057_cell_1761648485863_912349010008_46046_0100.jpg
2,/home/wangqianqian/project/FS/data/28gusui&pizang/03/54/cell_1761648876039_912349010008_84070_0100.png,thumbs/cluster_2/058_cell_1761648876039_912349010008_84070_0100.jpg
2,/home/wangqianqian/project/FS/data/28gusui&pizang/03/40/cell_1761648011143_912349010008_8779_0000.png,thumbs/cluster_2/059_cell_1761648011143_912349010008_8779_0000.jpg
2,/home/wangqianqian/project/FS/data/28gusui&pizang/03/39/cell_1761647947878_912349010008_6095_0000.png,thumbs/cluster_2/060_cell_1761647947878_912349010008_6095_0000.jpg
2,/home/wangqianqian/project/FS/data/28gusui&pizang/03/58/cell_1761649096814_912349010008_104808_0000.png,thumbs/cluster_2/061_cell_1761649096814_912349010008_104808_0000.jpg
2,/home/wangqianqian/project/FS/data/28gusui&pizang/03/44/cell_1761648296991_912349010008_29247_0000.png,thumbs/cluster_2/062_cell_1761648296991_912349010008_29247_0000.jpg
2,/home/wangqianqian/project/FS/data/28gusui&pizang/03/38/cell_1761647934077_912349010008_5552_0100.png,thumbs/cluster_2/063_cell_1761647934077_912349010008_5552_0100.jpg
2,/home/wangqianqian/project/FS/data/28gusui&pizang/03/47/cell_1761648474371_912349010008_45041_0000.png,thumbs/cluster_2/064_cell_1761648474371_912349010008_45041_0000.jpg
2,/home/wangqianqian/project/FS/data/28gusui&pizang/03/59/cell_1761649154434_912349010008_110822_0000.png,thumbs/cluster_2/065_cell_1761649154434_912349010008_110822_0000.jpg
2,/home/wangqianqian/project/FS/data/28gusui&pizang/03/39/cell_1761647998007_912349010008_8114_0100.png,thumbs/cluster_2/066_cell_1761647998007_912349010008_8114_0100.jpg
2,/home/wangqianqian/project/FS/data/28gusui&pizang/03/48/cell_1761648525134_912349010008_49256_0100.png,thumbs/cluster_2/067_cell_1761648525134_912349010008_49256_0100.jpg
2,/home/wangqianqian/project/FS/data/28gusui&pizang/03/45/cell_1761648332994_912349010008_32289_0100.png,thumbs/cluster_2/068_cell_1761648332994_912349010008_32289_0100.jpg
2,/home/wangqianqian/project/FS/data/28gusui&pizang/03/40/cell_1761648034768_912349010008_10028_0000.png,thumbs/cluster_2/069_cell_1761648034768_912349010008_10028_0000.jpg
2,/home/wangqianqian/project/FS/data/28gusui&pizang/03/58/cell_1761649110950_912349010008_106301_0100.png,thumbs/cluster_2/070_cell_1761649110950_912349010008_106301_0100.jpg
2,/home/wangqianqian/project/FS/data/28gusui&pizang/03/55/cell_1761648933224_912349010008_89105_0000.png,thumbs/cluster_2/071_cell_1761648933224_912349010008_89105_0000.jpg
2,/home/wangqianqian/project/FS/data/28gusui&pizang/03/49/cell_1761648549895_912349010008_51505_0000.png,thumbs/cluster_2/072_cell_1761648549895_912349010008_51505_0000.jpg
2,/home/wangqianqian/project/FS/data/28gusui&pizang/03/43/cell_1761648226874_912349010008_22993_0100.png,thumbs/cluster_2/073_cell_1761648226874_912349010008_22993_0100.jpg
2,/home/wangqianqian/project/FS/data/28gusui&pizang/03/45/cell_1761648315903_912349010008_30804_0000.png,thumbs/cluster_2/074_cell_1761648315903_912349010008_30804_0000.jpg
2,/home/wangqianqian/project/FS/data/28gusui&pizang/03/57/cell_1761649020782_912349010008_96904_0000.png,thumbs/cluster_2/075_cell_1761649020782_912349010008_96904_0000.jpg
2,/home/wangqianqian/project/FS/data/28gusui&pizang/03/39/cell_1761647944031_912349010008_5946_0000.png,thumbs/cluster_2/076_cell_1761647944031_912349010008_5946_0000.jpg
2,/home/wangqianqian/project/FS/data/28gusui&pizang/03/50/cell_1761648634649_912349010008_59772_0100.png,thumbs/cluster_2/077_cell_1761648634649_912349010008_59772_0100.jpg
2,/home/wangqianqian/project/FS/data/28gusui&pizang/03/50/cell_1761648605737_912349010008_56947_0100.png,thumbs/cluster_2/078_cell_1761648605737_912349010008_56947_0100.jpg
2,/home/wangqianqian/project/FS/data/28gusui&pizang/03/57/cell_1761649030560_912349010008_97868_0100.png,thumbs/cluster_2/079_cell_1761649030560_912349010008_97868_0100.jpg
2,/home/wangqianqian/project/FS/data/28gusui&pizang/03/49/cell_1761648565519_912349010008_52947_0000.png,thumbs/cluster_2/080_cell_1761648565519_912349010008_52947_0000.jpg
2,/home/wangqianqian/project/FS/data/28gusui&pizang/03/53/cell_1761648807777_912349010008_77343_0000.png,thumbs/cluster_2/081_cell_1761648807777_912349010008_77343_0000.jpg
2,/home/wangqianqian/project/FS/data/28gusui&pizang/03/53/cell_1761648784531_912349010008_74755_0000.png,thumbs/cluster_2/082_cell_1761648784531_912349010008_74755_0000.jpg
2,/home/wangqianqian/project/FS/data/28gusui&pizang/03/49/cell_1761648553163_912349010008_51780_0000.png,thumbs/cluster_2/083_cell_1761648553163_912349010008_51780_0000.jpg
2,/home/wangqianqian/project/FS/data/28gusui&pizang/03/57/cell_1761649027525_912349010008_97533_0000.png,thumbs/cluster_2/084_cell_1761649027525_912349010008_97533_0000.jpg
2,/home/wangqianqian/project/FS/data/28gusui&pizang/03/59/cell_1761649150483_912349010008_110366_0000.png,thumbs/cluster_2/085_cell_1761649150483_912349010008_110366_0000.jpg
2,/home/wangqianqian/project/FS/data/28gusui&pizang/03/51/cell_1761648706897_912349010008_67175_0000.png,thumbs/cluster_2/086_cell_1761648706897_912349010008_67175_0000.jpg
2,/home/wangqianqian/project/FS/data/28gusui&pizang/03/53/cell_1761648801201_912349010008_76614_0100.png,thumbs/cluster_2/087_cell_1761648801201_912349010008_76614_0100.jpg
2,/home/wangqianqian/project/FS/data/28gusui&pizang/03/40/cell_1761648013273_912349010008_8895_0000.png,thumbs/cluster_2/088_cell_1761648013273_912349010008_8895_0000.jpg
2,/home/wangqianqian/project/FS/data/28gusui&pizang/03/53/cell_1761648836406_912349010008_80071_0000.png,thumbs/cluster_2/089_cell_1761648836406_912349010008_80071_0000.jpg
2,/home/wangqianqian/project/FS/data/28gusui&pizang/03/59/cell_1761649151099_912349010008_110440_0100.png,thumbs/cluster_2/090_cell_1761649151099_912349010008_110440_0100.jpg
2,/home/wangqianqian/project/FS/data/28gusui&pizang/03/44/cell_1761648265090_912349010008_26339_0000.png,thumbs/cluster_2/091_cell_1761648265090_912349010008_26339_0000.jpg
2,/home/wangqianqian/project/FS/data/28gusui&pizang/03/36/cell_1761647782439_912349010008_433_0100.png,thumbs/cluster_2/092_cell_1761647782439_912349010008_433_0100.jpg
2,/home/wangqianqian/project/FS/data/28gusui&pizang/03/41/cell_1761648068590_912349010008_11811_0100.png,thumbs/cluster_2/093_cell_1761648068590_912349010008_11811_0100.jpg
2,/home/wangqianqian/project/FS/data/28gusui&pizang/03/54/cell_1761648879875_912349010008_84457_0100.png,thumbs/cluster_2/094_cell_1761648879875_912349010008_84457_0100.jpg
2,/home/wangqianqian/project/FS/data/28gusui&pizang/03/49/cell_1761648558897_912349010008_52296_0100.png,thumbs/cluster_2/095_cell_1761648558897_912349010008_52296_0100.jpg
2,/home/wangqianqian/project/FS/data/28gusui&pizang/03/47/cell_1761648450759_912349010008_43008_0000.png,thumbs/cluster_2/096_cell_1761648450759_912349010008_43008_0000.jpg
2,/home/wangqianqian/project/FS/data/28gusui&pizang/03/36/cell_1761647783004_912349010008_443_0100.png,thumbs/cluster_2/097_cell_1761647783004_912349010008_443_0100.jpg
2,/home/wangqianqian/project/FS/data/28gusui&pizang/03/40/cell_1761648035391_912349010008_10064_0100.png,thumbs/cluster_2/098_cell_1761648035391_912349010008_10064_0100.jpg
2,/home/wangqianqian/project/FS/data/28gusui&pizang/03/43/cell_1761648204560_912349010008_21198_0000.png,thumbs/cluster_2/099_cell_1761648204560_912349010008_21198_0000.jpg
3,/home/wangqianqian/project/FS/data/28gusui&pizang/03/54/cell_1761648850350_912349010008_81475_0000.png,thumbs/cluster_3/000_cell_1761648850350_912349010008_81475_0000.jpg
3,/home/wangqianqian/project/FS/data/28gusui&pizang/03/57/cell_1761649046228_912349010008_99484_0100.png,thumbs/cluster_3/001_cell_1761649046228_912349010008_99484_0100.jpg
3,/home/wangqianqian/project/FS/data/28gusui&pizang/03/48/cell_1761648504752_912349010008_47638_0000.png,thumbs/cluster_3/002_cell_1761648504752_912349010008_47638_0000.jpg
3,/home/wangqianqian/project/FS/data/28gusui&pizang/03/55/cell_1761648942114_912349010008_89826_0100.png,thumbs/cluster_3/003_cell_1761648942114_912349010008_89826_0100.jpg
3,/home/wangqianqian/project/FS/data/28gusui&pizang/03/43/cell_1761648238695_912349010008_24011_0100.png,thumbs/cluster_3/004_cell_1761648238695_912349010008_24011_0100.jpg
3,/home/wangqianqian/project/FS/data/28gusui&pizang/03/42/cell_1761648127603_912349010008_15577_0000.png,thumbs/cluster_3/005_cell_1761648127603_912349010008_15577_0000.jpg
3,/home/wangqianqian/project/FS/data/28gusui&pizang/03/40/cell_1761648029968_912349010008_9783_0100.png,thumbs/cluster_3/006_cell_1761648029968_912349010008_9783_0100.jpg
3,/home/wangqianqian/project/FS/data/28gusui&pizang/03/53/cell_1761648792708_912349010008_75674_0100.png,thumbs/cluster_3/007_cell_1761648792708_912349010008_75674_0100.jpg
3,/home/wangqianqian/project/FS/data/28gusui&pizang/03/48/cell_1761648485617_912349010008_46026_0100.png,thumbs/cluster_3/008_cell_1761648485617_912349010008_46026_0100.jpg
3,/home/wangqianqian/project/FS/data/28gusui&pizang/03/51/cell_1761648689300_912349010008_65321_0100.png,thumbs/cluster_3/009_cell_1761648689300_912349010008_65321_0100.jpg
3,/home/wangqianqian/project/FS/data/28gusui&pizang/03/50/cell_1761648629912_912349010008_59311_0100.png,thumbs/cluster_3/010_cell_1761648629912_912349010008_59311_0100.jpg
3,/home/wangqianqian/project/FS/data/28gusui&pizang/03/49/cell_1761648580176_912349010008_54367_0100.png,thumbs/cluster_3/011_cell_1761648580176_912349010008_54367_0100.jpg
3,/home/wangqianqian/project/FS/data/28gusui&pizang/03/41/cell_1761648065152_912349010008_11587_0100.png,thumbs/cluster_3/012_cell_1761648065152_912349010008_11587_0100.jpg
3,/home/wangqianqian/project/FS/data/28gusui&pizang/03/56/cell_1761649018118_912349010008_96627_0100.png,thumbs/cluster_3/013_cell_1761649018118_912349010008_96627_0100.jpg
3,/home/wangqianqian/project/FS/data/28gusui&pizang/03/54/cell_1761648859754_912349010008_82442_0000.png,thumbs/cluster_3/014_cell_1761648859754_912349010008_82442_0000.jpg
3,/home/wangqianqian/project/FS/data/28gusui&pizang/03/59/cell_1761649142389_912349010008_109553_0100.png,thumbs/cluster_3/015_cell_1761649142389_912349010008_109553_0100.jpg
3,/home/wangqianqian/project/FS/data/28gusui&pizang/03/47/cell_1761648430376_912349010008_41063_0000.png,thumbs/cluster_3/016_cell_1761648430376_912349010008_41063_0000.jpg
3,/home/wangqianqian/project/FS/data/28gusui&pizang/03/56/cell_1761649009742_912349010008_95898_0100.png,thumbs/cluster_3/017_cell_1761649009742_912349010008_95898_0100.jpg
3,/home/wangqianqian/project/FS/data/28gusui&pizang/03/41/cell_1761648114975_912349010008_14697_0000.png,thumbs/cluster_3/018_cell_1761648114975_912349010008_14697_0000.jpg
3,/home/wangqianqian/project/FS/data/28gusui&pizang/03/46/cell_1761648399254_912349010008_38174_0100.png,thumbs/cluster_3/019_cell_1761648399254_912349010008_38174_0100.jpg
3,/home/wangqianqian/project/FS/data/28gusui&pizang/03/47/cell_1761648442491_912349010008_42266_0100.png,thumbs/cluster_3/020_cell_1761648442491_912349010008_42266_0100.jpg
3,/home/wangqianqian/project/FS/data/28gusui&pizang/03/47/cell_1761648451108_912349010008_43034_0000.png,thumbs/cluster_3/021_cell_1761648451108_912349010008_43034_0000.jpg
3,/home/wangqianqian/project/FS/data/28gusui&pizang/03/51/cell_1761648713142_912349010008_67874_0000.png,thumbs/cluster_3/022_cell_1761648713142_912349010008_67874_0000.jpg
3,/home/wangqianqian/project/FS/data/28gusui&pizang/03/52/cell_1761648774004_912349010008_73729_0100.png,thumbs/cluster_3/023_cell_1761648774004_912349010008_73729_0100.jpg
3,/home/wangqianqian/project/FS/data/28gusui&pizang/03/48/cell_1761648518353_912349010008_48693_0100.png,thumbs/cluster_3/024_cell_1761648518353_912349010008_48693_0100.jpg
3,/home/wangqianqian/project/FS/data/28gusui&pizang/03/39/cell_1761647949578_912349010008_6177_0100.png,thumbs/cluster_3/025_cell_1761647949578_912349010008_6177_0100.jpg
3,/home/wangqianqian/project/FS/data/28gusui&pizang/03/55/cell_1761648937596_912349010008_89457_0100.png,thumbs/cluster_3/026_cell_1761648937596_912349010008_89457_0100.jpg
3,/home/wangqianqian/project/FS/data/28gusui&pizang/03/52/cell_1761648757429_912349010008_72212_0000.png,thumbs/cluster_3/027_cell_1761648757429_912349010008_72212_0000.jpg
3,/home/wangqianqian/project/FS/data/28gusui&pizang/03/42/cell_1761648168995_912349010008_18537_0000.png,thumbs/cluster_3/028_cell_1761648168995_912349010008_18537_0000.jpg
3,/home/wangqianqian/project/FS/data/28gusui&pizang/03/53/cell_1761648800600_912349010008_76547_0000.png,thumbs/cluster_3/029_cell_1761648800600_912349010008_76547_0000.jpg
3,/home/wangqianqian/project/FS/data/28gusui&pizang/03/44/cell_1761648279939_912349010008_27756_0100.png,thumbs/cluster_3/030_cell_1761648279939_912349010008_27756_0100.jpg
3,/home/wangqianqian/project/FS/data/28gusui&pizang/03/59/cell_1761649141022_912349010008_109400_0100.png,thumbs/cluster_3/031_cell_1761649141022_912349010008_109400_0100.jpg
3,/home/wangqianqian/project/FS/data/28gusui&pizang/03/39/cell_1761647995869_912349010008_8037_0000.png,thumbs/cluster_3/032_cell_1761647995869_912349010008_8037_0000.jpg
3,/home/wangqianqian/project/FS/data/28gusui&pizang/03/45/cell_1761648358067_912349010008_34551_0000.png,thumbs/cluster_3/033_cell_1761648358067_912349010008_34551_0000.jpg
3,/home/wangqianqian/project/FS/data/28gusui&pizang/03/47/cell_1761648446637_912349010008_42642_0100.png,thumbs/cluster_3/034_cell_1761648446637_912349010008_42642_0100.jpg
3,/home/wangqianqian/project/FS/data/28gusui&pizang/03/54/cell_1761648891928_912349010008_85651_0100.png,thumbs/cluster_3/035_cell_1761648891928_912349010008_85651_0100.jpg
3,/home/wangqianqian/project/FS/data/28gusui&pizang/03/54/cell_1761648887624_912349010008_85214_0000.png,thumbs/cluster_3/036_cell_1761648887624_912349010008_85214_0000.jpg
3,/home/wangqianqian/project/FS/data/28gusui&pizang/03/46/cell_1761648380011_912349010008_36513_0100.png,thumbs/cluster_3/037_cell_1761648380011_912349010008_36513_0100.jpg
3,/home/wangqianqian/project/FS/data/28gusui&pizang/03/57/cell_1761649064636_912349010008_101391_0000.png,thumbs/cluster_3/038_cell_1761649064636_912349010008_101391_0000.jpg
3,/home/wangqianqian/project/FS/data/28gusui&pizang/03/43/cell_1761648225064_912349010008_22839_0000.png,thumbs/cluster_3/039_cell_1761648225064_912349010008_22839_0000.jpg
3,/home/wangqianqian/project/FS/data/28gusui&pizang/03/42/cell_1761648157224_912349010008_17702_0000.png,thumbs/cluster_3/040_cell_1761648157224_912349010008_17702_0000.jpg
3,/home/wangqianqian/project/FS/data/28gusui&pizang/03/58/cell_1761649102794_912349010008_105394_0000.png,thumbs/cluster_3/041_cell_1761649102794_912349010008_105394_0000.jpg
3,/home/wangqianqian/project/FS/data/28gusui&pizang/03/59/cell_1761649151356_912349010008_110462_0000.png,thumbs/cluster_3/042_cell_1761649151356_912349010008_110462_0000.jpg
3,/home/wangqianqian/project/FS/data/28gusui&pizang/03/44/cell_1761648243370_912349010008_24399_0000.png,thumbs/cluster_3/043_cell_1761648243370_912349010008_24399_0000.jpg
3,/home/wangqianqian/project/FS/data/28gusui&pizang/03/52/cell_1761648741134_912349010008_70604_0100.png,thumbs/cluster_3/044_cell_1761648741134_912349010008_70604_0100.jpg
3,/home/wangqianqian/project/FS/data/28gusui&pizang/03/47/cell_1761648444128_912349010008_42434_0000.png,thumbs/cluster_3/045_cell_1761648444128_912349010008_42434_0000.jpg
3,/home/wangqianqian/project/FS/data/28gusui&pizang/03/56/cell_1761648963859_912349010008_91694_0100.png,thumbs/cluster_3/046_cell_1761648963859_912349010008_91694_0100.jpg
3,/home/wangqianqian/project/FS/data/28gusui&pizang/03/57/cell_1761649039400_912349010008_98696_0000.png,thumbs/cluster_3/047_cell_1761649039400_912349010008_98696_0000.jpg
3,/home/wangqianqian/project/FS/data/28gusui&pizang/03/48/cell_1761648527755_912349010008_49459_0100.png,thumbs/cluster_3/048_cell_1761648527755_912349010008_49459_0100.jpg
3,/home/wangqianqian/project/FS/data/28gusui&pizang/03/45/cell_1761648330670_912349010008_32074_0100.png,thumbs/cluster_3/049_cell_1761648330670_912349010008_32074_0100.jpg
3,/home/wangqianqian/project/FS/data/28gusui&pizang/03/41/cell_1761648099925_912349010008_13840_0100.png,thumbs/cluster_3/050_cell_1761648099925_912349010008_13840_0100.jpg
3,/home/wangqianqian/project/FS/data/28gusui&pizang/03/50/cell_1761648608242_912349010008_57147_0100.png,thumbs/cluster_3/051_cell_1761648608242_912349010008_57147_0100.jpg
3,/home/wangqianqian/project/FS/data/28gusui&pizang/03/58/cell_1761649092217_912349010008_104342_0000.png,thumbs/cluster_3/052_cell_1761649092217_912349010008_104342_0000.jpg
3,/home/wangqianqian/project/FS/data/28gusui&pizang/03/55/cell_1761648953201_912349010008_90754_0000.png,thumbs/cluster_3/053_cell_1761648953201_912349010008_90754_0000.jpg
3,/home/wangqianqian/project/FS/data/28gusui&pizang/03/57/cell_1761649020316_912349010008_96845_0000.png,thumbs/cluster_3/054_cell_1761649020316_912349010008_96845_0000.jpg
3,/home/wangqianqian/project/FS/data/28gusui&pizang/03/56/cell_1761649006723_912349010008_95623_0100.png,thumbs/cluster_3/055_cell_1761649006723_912349010008_95623_0100.jpg
3,/home/wangqianqian/project/FS/data/28gusui&pizang/03/50/cell_1761648657439_912349010008_62123_0100.png,thumbs/cluster_3/056_cell_1761648657439_912349010008_62123_0100.jpg
3,/home/wangqianqian/project/FS/data/28gusui&pizang/03/52/cell_1761648735464_912349010008_69996_0100.png,thumbs/cluster_3/057_cell_1761648735464_912349010008_69996_0100.jpg
3,/home/wangqianqian/project/FS/data/28gusui&pizang/03/48/cell_1761648511126_912349010008_48127_0000.png,thumbs/cluster_3/058_cell_1761648511126_912349010008_48127_0000.jpg
3,/home/wangqianqian/project/FS/data/28gusui&pizang/03/58/cell_1761649080129_912349010008_102960_0000.png,thumbs/cluster_3/059_cell_1761649080129_912349010008_102960_0000.jpg
3,/home/wangqianqian/project/FS/data/28gusui&pizang/03/52/cell_1761648762349_912349010008_72669_0000.png,thumbs/cluster_3/060_cell_1761648762349_912349010008_72669_0000.jpg
3,/home/wangqianqian/project/FS/data/28gusui&pizang/03/58/cell_1761649092230_912349010008_104343_0000.png,thumbs/cluster_3/061_cell_1761649092230_912349010008_104343_0000.jpg
3,/home/wangqianqian/project/FS/data/28gusui&pizang/03/42/cell_1761648149234_912349010008_17146_0100.png,thumbs/cluster_3/062_cell_1761648149234_912349010008_17146_0100.jpg
3,/home/wangqianqian/project/FS/data/28gusui&pizang/03/58/cell_1761649085469_912349010008_103519_0000.png,thumbs/cluster_3/063_cell_1761649085469_912349010008_103519_0000.jpg
3,/home/wangqianqian/project/FS/data/28gusui&pizang/03/50/cell_1761648623940_912349010008_58673_0100.png,thumbs/cluster_3/064_cell_1761648623940_912349010008_58673_0100.jpg
3,/home/wangqianqian/project/FS/data/28gusui&pizang/03/49/cell_1761648548602_912349010008_51392_0000.png,thumbs/cluster_3/065_cell_1761648548602_912349010008_51392_0000.jpg
3,/home/wangqianqian/project/FS/data/28gusui&pizang/03/41/cell_1761648062320_912349010008_11415_0000.png,thumbs/cluster_3/066_cell_1761648062320_912349010008_11415_0000.jpg
3,/home/wangqianqian/project/FS/data/28gusui&pizang/03/50/cell_1761648626220_912349010008_58921_0100.png,thumbs/cluster_3/067_cell_1761648626220_912349010008_58921_0100.jpg
3,/home/wangqianqian/project/FS/data/28gusui&pizang/03/52/cell_1761648737419_912349010008_70224_0000.png,thumbs/cluster_3/068_cell_1761648737419_912349010008_70224_0000.jpg
3,/home/wangqianqian/project/FS/data/28gusui&pizang/03/45/cell_1761648310708_912349010008_30384_0000.png,thumbs/cluster_3/069_cell_1761648310708_912349010008_30384_0000.jpg
3,/home/wangqianqian/project/FS/data/28gusui&pizang/03/58/cell_1761649138474_912349010008_109126_0100.png,thumbs/cluster_3/070_cell_1761649138474_912349010008_109126_0100.jpg
3,/home/wangqianqian/project/FS/data/28gusui&pizang/03/55/cell_1761648917282_912349010008_87652_0000.png,thumbs/cluster_3/071_cell_1761648917282_912349010008_87652_0000.jpg
3,/home/wangqianqian/project/FS/data/28gusui&pizang/03/50/cell_1761648608898_912349010008_57201_0100.png,thumbs/cluster_3/072_cell_1761648608898_912349010008_57201_0100.jpg
3,/home/wangqianqian/project/FS/data/28gusui&pizang/03/40/cell_1761648014813_912349010008_8972_0000.png,thumbs/cluster_3/073_cell_1761648014813_912349010008_8972_0000.jpg
3,/home/wangqianqian/project/FS/data/28gusui&pizang/03/59/cell_1761649156300_912349010008_111027_0000.png,thumbs/cluster_3/074_cell_1761649156300_912349010008_111027_0000.jpg
3,/home/wangqianqian/project/FS/data/28gusui&pizang/03/46/cell_1761648414561_912349010008_39540_0000.png,thumbs/cluster_3/075_cell_1761648414561_912349010008_39540_0000.jpg
3,/home/wangqianqian/project/FS/data/28gusui&pizang/03/42/cell_1761648130128_912349010008_15741_0100.png,thumbs/cluster_3/076_cell_1761648130128_912349010008_15741_0100.jpg
3,/home/wangqianqian/project/FS/data/28gusui&pizang/03/41/cell_1761648109158_912349010008_14351_0000.png,thumbs/cluster_3/077_cell_1761648109158_912349010008_14351_0000.jpg
3,/home/wangqianqian/project/FS/data/28gusui&pizang/03/48/cell_1761648501018_912349010008_47316_0100.png,thumbs/cluster_3/078_cell_1761648501018_912349010008_47316_0100.jpg
3,/home/wangqianqian/project/FS/data/28gusui&pizang/03/59/cell_1761649167768_912349010008_112236_0000.png,thumbs/cluster_3/079_cell_1761649167768_912349010008_112236_0000.jpg
3,/home/wangqianqian/project/FS/data/28gusui&pizang/03/48/cell_1761648506750_912349010008_47790_0000.png,thumbs/cluster_3/080_cell_1761648506750_912349010008_47790_0000.jpg
3,/home/wangqianqian/project/FS/data/28gusui&pizang/03/45/cell_1761648327404_912349010008_31729_0000.png,thumbs/cluster_3/081_cell_1761648327404_912349010008_31729_0000.jpg
3,/home/wangqianqian/project/FS/data/28gusui&pizang/03/50/cell_1761648657346_912349010008_62114_0100.png,thumbs/cluster_3/082_cell_1761648657346_912349010008_62114_0100.jpg
3,/home/wangqianqian/project/FS/data/28gusui&pizang/03/45/cell_1761648355431_912349010008_34339_0100.png,thumbs/cluster_3/083_cell_1761648355431_912349010008_34339_0100.jpg
3,/home/wangqianqian/project/FS/data/28gusui&pizang/03/44/cell_1761648264206_912349010008_26244_0100.png,thumbs/cluster_3/084_cell_1761648264206_912349010008_26244_0100.jpg
3,/home/wangqianqian/project/FS/data/28gusui&pizang/03/56/cell_1761649014187_912349010008_96274_0100.png,thumbs/cluster_3/085_cell_1761649014187_912349010008_96274_0100.jpg
3,/home/wangqianqian/project/FS/data/28gusui&pizang/03/54/cell_1761648881544_912349010008_84615_0100.png,thumbs/cluster_3/086_cell_1761648881544_912349010008_84615_0100.jpg
3,/home/wangqianqian/project/FS/data/28gusui&pizang/03/42/cell_1761648141455_912349010008_16610_0000.png,thumbs/cluster_3/087_cell_1761648141455_912349010008_16610_0000.jpg
3,/home/wangqianqian/project/FS/data/28gusui&pizang/03/44/cell_1761648253391_912349010008_25319_0000.png,thumbs/cluster_3/088_cell_1761648253391_912349010008_25319_0000.jpg
3,/home/wangqianqian/project/FS/data/28gusui&pizang/03/46/cell_1761648371034_912349010008_35735_0000.png,thumbs/cluster_3/089_cell_1761648371034_912349010008_35735_0000.jpg
3,/home/wangqianqian/project/FS/data/28gusui&pizang/03/55/cell_1761648946964_912349010008_90246_0100.png,thumbs/cluster_3/090_cell_1761648946964_912349010008_90246_0100.jpg
3,/home/wangqianqian/project/FS/data/28gusui&pizang/03/44/cell_1761648263534_912349010008_26182_0100.png,thumbs/cluster_3/091_cell_1761648263534_912349010008_26182_0100.jpg
3,/home/wangqianqian/project/FS/data/28gusui&pizang/03/44/cell_1761648243361_912349010008_24397_0000.png,thumbs/cluster_3/092_cell_1761648243361_912349010008_24397_0000.jpg
3,/home/wangqianqian/project/FS/data/28gusui&pizang/03/58/cell_1761649120389_912349010008_107292_0100.png,thumbs/cluster_3/093_cell_1761649120389_912349010008_107292_0100.jpg
3,/home/wangqianqian/project/FS/data/28gusui&pizang/03/41/cell_1761648066669_912349010008_11677_0100.png,thumbs/cluster_3/094_cell_1761648066669_912349010008_11677_0100.jpg
3,/home/wangqianqian/project/FS/data/28gusui&pizang/03/58/cell_1761649097908_912349010008_104906_0100.png,thumbs/cluster_3/095_cell_1761649097908_912349010008_104906_0100.jpg
3,/home/wangqianqian/project/FS/data/28gusui&pizang/03/45/cell_1761648341989_912349010008_33087_0000.png,thumbs/cluster_3/096_cell_1761648341989_912349010008_33087_0000.jpg
3,/home/wangqianqian/project/FS/data/28gusui&pizang/03/55/cell_1761648953759_912349010008_90809_0000.png,thumbs/cluster_3/097_cell_1761648953759_912349010008_90809_0000.jpg
3,/home/wangqianqian/project/FS/data/28gusui&pizang/03/51/cell_1761648666489_912349010008_63032_0000.png,thumbs/cluster_3/098_cell_1761648666489_912349010008_63032_0000.jpg
3,/home/wangqianqian/project/FS/data/28gusui&pizang/03/45/cell_1761648342213_912349010008_33107_0000.png,thumbs/cluster_3/099_cell_1761648342213_912349010008_33107_0000.jpg
4,/home/wangqianqian/project/FS/data/28gusui&pizang/03/38/cell_1761647914057_912349010008_4851_0100.png,thumbs/cluster_4/000_cell_1761647914057_912349010008_4851_0100.jpg
4,/home/wangqianqian/project/FS/data/28gusui&pizang/03/54/cell_1761648862335_912349010008_82720_0000.png,thumbs/cluster_4/001_cell_1761648862335_912349010008_82720_0000.jpg
4,/home/wangqianqian/project/FS/data/28gusui&pizang/03/45/cell_1761648346370_912349010008_33501_0100.png,thumbs/cluster_4/002_cell_1761648346370_912349010008_33501_0100.jpg
4,/home/wangqianqian/project/FS/data/28gusui&pizang/03/55/cell_1761648941018_912349010008_89740_0100.png,thumbs/cluster_4/003_cell_1761648941018_912349010008_89740_0100.jpg
4,/home/wangqianqian/project/FS/data/28gusui&pizang/03/43/cell_1761648227153_912349010008_23014_0100.png,thumbs/cluster_4/004_cell_1761648227153_912349010008_23014_0100.jpg
4,/home/wangqianqian/project/FS/data/28gusui&pizang/03/52/cell_1761648749764_912349010008_71456_0100.png,thumbs/cluster_4/005_cell_1761648749764_912349010008_71456_0100.jpg
4,/home/wangqianqian/project/FS/data/28gusui&pizang/03/49/cell_1761648566158_912349010008_53018_0000.png,thumbs/cluster_4/006_cell_1761648566158_912349010008_53018_0000.jpg
4,/home/wangqianqian/project/FS/data/28gusui&pizang/03/53/cell_1761648819412_912349010008_78502_0100.png,thumbs/cluster_4/007_cell_1761648819412_912349010008_78502_0100.jpg
4,/home/wangqianqian/project/FS/data/28gusui&pizang/03/56/cell_1761649014869_912349010008_96330_0000.png,thumbs/cluster_4/008_cell_1761649014869_912349010008_96330_0000.jpg
4,/home/wangqianqian/project/FS/data/28gusui&pizang/03/45/cell_1761648349446_912349010008_33791_0100.png,thumbs/cluster_4/009_cell_1761648349446_912349010008_33791_0100.jpg
4,/home/wangqianqian/project/FS/data/28gusui&pizang/03/47/cell_1761648440283_912349010008_42087_0000.png,thumbs/cluster_4/010_cell_1761648440283_912349010008_42087_0000.jpg
4,/home/wangqianqian/project/FS/data/28gusui&pizang/03/42/cell_1761648179368_912349010008_19280_0000.png,thumbs/cluster_4/011_cell_1761648179368_912349010008_19280_0000.jpg
4,/home/wangqianqian/project/FS/data/28gusui&pizang/03/45/cell_1761648335460_912349010008_32503_0100.png,thumbs/cluster_4/012_cell_1761648335460_912349010008_32503_0100.jpg
4,/home/wangqianqian/project/FS/data/28gusui&pizang/03/50/cell_1761648609620_912349010008_57276_0000.png,thumbs/cluster_4/013_cell_1761648609620_912349010008_57276_0000.jpg
4,/home/wangqianqian/project/FS/data/28gusui&pizang/03/50/cell_1761648637204_912349010008_60062_0100.png,thumbs/cluster_4/014_cell_1761648637204_912349010008_60062_0100.jpg
4,/home/wangqianqian/project/FS/data/28gusui&pizang/03/39/cell_1761647983572_912349010008_7517_0100.png,thumbs/cluster_4/015_cell_1761647983572_912349010008_7517_0100.jpg
4,/home/wangqianqian/project/FS/data/28gusui&pizang/03/43/cell_1761648226480_912349010008_22956_0100.png,thumbs/cluster_4/016_cell_1761648226480_912349010008_22956_0100.jpg
4,/home/wangqianqian/project/FS/data/28gusui&pizang/03/44/cell_1761648275483_912349010008_27370_0100.png,thumbs/cluster_4/017_cell_1761648275483_912349010008_27370_0100.jpg
4,/home/wangqianqian/project/FS/data/28gusui&pizang/03/47/cell_1761648420049_912349010008_40091_0000.png,thumbs/cluster_4/018_cell_1761648420049_912349010008_40091_0000.jpg
4,/home/wangqianqian/project/FS/data/28gusui&pizang/03/47/cell_1761648451522_912349010008_43069_0100.png,thumbs/cluster_4/019_cell_1761648451522_912349010008_43069_0100.jpg
4,/home/wangqianqian/project/FS/data/28gusui&pizang/03/43/cell_1761648215921_912349010008_22156_0000.png,thumbs/cluster_4/020_cell_1761648215921_912349010008_22156_0000.jpg
4,/home/wangqianqian/project/FS/data/28gusui&pizang/03/42/cell_1761648139699_912349010008_16480_0100.png,thumbs/cluster_4/021_cell_1761648139699_912349010008_16480_0100.jpg
4,/home/wangqianqian/project/FS/data/28gusui&pizang/03/46/cell_1761648380015_912349010008_36515_0100.png,thumbs/cluster_4/022_cell_1761648380015_912349010008_36515_0100.jpg
4,/home/wangqianqian/project/FS/data/28gusui&pizang/03/53/cell_1761648812558_912349010008_77824_0000.png,thumbs/cluster_4/023_cell_1761648812558_912349010008_77824_0000.jpg
4,/home/wangqianqian/project/FS/data/28gusui&pizang/03/42/cell_1761648125016_912349010008_15416_0100.png,thumbs/cluster_4/024_cell_1761648125016_912349010008_15416_0100.jpg
4,/home/wangqianqian/project/FS/data/28gusui&pizang/03/49/cell_1761648548308_912349010008_51366_0000.png,thumbs/cluster_4/025_cell_1761648548308_912349010008_51366_0000.jpg
4,/home/wangqianqian/project/FS/data/28gusui&pizang/03/55/cell_1761648926327_912349010008_88481_0100.png,thumbs/cluster_4/026_cell_1761648926327_912349010008_88481_0100.jpg
4,/home/wangqianqian/project/FS/data/28gusui&pizang/03/57/cell_1761649075897_912349010008_102537_0000.png,thumbs/cluster_4/027_cell_1761649075897_912349010008_102537_0000.jpg
4,/home/wangqianqian/project/FS/data/28gusui&pizang/03/44/cell_1761648283235_912349010008_28046_0100.png,thumbs/cluster_4/028_cell_1761648283235_912349010008_28046_0100.jpg
4,/home/wangqianqian/project/FS/data/28gusui&pizang/03/45/cell_1761648338415_912349010008_32739_0000.png,thumbs/cluster_4/029_cell_1761648338415_912349010008_32739_0000.jpg
4,/home/wangqianqian/project/FS/data/28gusui&pizang/03/48/cell_1761648526916_912349010008_49401_0000.png,thumbs/cluster_4/030_cell_1761648526916_912349010008_49401_0000.jpg
4,/home/wangqianqian/project/FS/data/28gusui&pizang/03/44/cell_1761648253170_912349010008_25306_0000.png,thumbs/cluster_4/031_cell_1761648253170_912349010008_25306_0000.jpg
4,/home/wangqianqian/project/FS/data/28gusui&pizang/03/42/cell_1761648138183_912349010008_16361_0100.png,thumbs/cluster_4/032_cell_1761648138183_912349010008_16361_0100.jpg
4,/home/wangqianqian/project/FS/data/28gusui&pizang/03/39/cell_1761647970757_912349010008_7026_0100.png,thumbs/cluster_4/033_cell_1761647970757_912349010008_7026_0100.jpg
4,/home/wangqianqian/project/FS/data/28gusui&pizang/03/35/cell_1761647754900_912349010008_260_0000.png,thumbs/cluster_4/034_cell_1761647754900_912349010008_260_0000.jpg
4,/home/wangqianqian/project/FS/data/28gusui&pizang/03/46/cell_1761648375877_912349010008_36149_0100.png,thumbs/cluster_4/035_cell_1761648375877_912349010008_36149_0100.jpg
4,/home/wangqianqian/project/FS/data/28gusui&pizang/03/36/cell_1761647788033_912349010008_553_0000.png,thumbs/cluster_4/036_cell_1761647788033_912349010008_553_0000.jpg
4,/home/wangqianqian/project/FS/data/28gusui&pizang/03/57/cell_1761649054255_912349010008_100287_0000.png,thumbs/cluster_4/037_cell_1761649054255_912349010008_100287_0000.jpg
4,/home/wangqianqian/project/FS/data/28gusui&pizang/03/55/cell_1761648946971_912349010008_90247_0000.png,thumbs/cluster_4/038_cell_1761648946971_912349010008_90247_0000.jpg
4,/home/wangqianqian/project/FS/data/28gusui&pizang/03/39/cell_1761647943400_912349010008_5909_0000.png,thumbs/cluster_4/039_cell_1761647943400_912349010008_5909_0000.jpg
4,/home/wangqianqian/project/FS/data/28gusui&pizang/03/57/cell_1761649050777_912349010008_99920_0000.png,thumbs/cluster_4/040_cell_1761649050777_912349010008_99920_0000.jpg
4,/home/wangqianqian/project/FS/data/28gusui&pizang/03/51/cell_1761648707781_912349010008_67288_0100.png,thumbs/cluster_4/041_cell_1761648707781_912349010008_67288_0100.jpg
4,/home/wangqianqian/project/FS/data/28gusui&pizang/03/51/cell_1761648672824_912349010008_63627_0100.png,thumbs/cluster_4/042_cell_1761648672824_912349010008_63627_0100.jpg
4,/home/wangqianqian/project/FS/data/28gusui&pizang/03/46/cell_1761648385075_912349010008_36944_0000.png,thumbs/cluster_4/043_cell_1761648385075_912349010008_36944_0000.jpg
4,/home/wangqianqian/project/FS/data/28gusui&pizang/03/58/cell_1761649082381_912349010008_103211_0100.png,thumbs/cluster_4/044_cell_1761649082381_912349010008_103211_0100.jpg
4,/home/wangqianqian/project/FS/data/28gusui&pizang/03/46/cell_1761648398376_912349010008_38109_0000.png,thumbs/cluster_4/045_cell_1761648398376_912349010008_38109_0000.jpg
4,/home/wangqianqian/project/FS/data/28gusui&pizang/03/40/cell_1761648026140_912349010008_9550_0000.png,thumbs/cluster_4/046_cell_1761648026140_912349010008_9550_0000.jpg
4,/home/wangqianqian/project/FS/data/28gusui&pizang/03/49/cell_1761648542848_912349010008_50832_0000.png,thumbs/cluster_4/047_cell_1761648542848_912349010008_50832_0000.jpg
4,/home/wangqianqian/project/FS/data/28gusui&pizang/03/56/cell_1761649014513_912349010008_96309_0100.png,thumbs/cluster_4/048_cell_1761649014513_912349010008_96309_0100.jpg
4,/home/wangqianqian/project/FS/data/28gusui&pizang/03/57/cell_1761649076412_912349010008_102592_0100.png,thumbs/cluster_4/049_cell_1761649076412_912349010008_102592_0100.jpg
4,/home/wangqianqian/project/FS/data/28gusui&pizang/03/54/cell_1761648841486_912349010008_80566_0000.png,thumbs/cluster_4/050_cell_1761648841486_912349010008_80566_0000.jpg
4,/home/wangqianqian/project/FS/data/28gusui&pizang/03/46/cell_1761648366410_912349010008_35319_0100.png,thumbs/cluster_4/051_cell_1761648366410_912349010008_35319_0100.jpg
4,/home/wangqianqian/project/FS/data/28gusui&pizang/03/48/cell_1761648494177_912349010008_46755_0000.png,thumbs/cluster_4/052_cell_1761648494177_912349010008_46755_0000.jpg
4,/home/wangqianqian/project/FS/data/28gusui&pizang/03/43/cell_1761648184076_912349010008_19623_0100.png,thumbs/cluster_4/053_cell_1761648184076_912349010008_19623_0100.jpg
4,/home/wangqianqian/project/FS/data/28gusui&pizang/03/35/cell_1761647758370_912349010008_270_0000.png,thumbs/cluster_4/054_cell_1761647758370_912349010008_270_0000.jpg
4,/home/wangqianqian/project/FS/data/28gusui&pizang/03/45/cell_1761648357155_912349010008_34474_0000.png,thumbs/cluster_4/055_cell_1761648357155_912349010008_34474_0000.jpg
4,/home/wangqianqian/project/FS/data/28gusui&pizang/03/43/cell_1761648229394_912349010008_23221_0100.png,thumbs/cluster_4/056_cell_1761648229394_912349010008_23221_0100.jpg
4,/home/wangqianqian/project/FS/data/28gusui&pizang/03/41/cell_1761648090627_912349010008_13246_0100.png,thumbs/cluster_4/057_cell_1761648090627_912349010008_13246_0100.jpg
4,/home/wangqianqian/project/FS/data/28gusui&pizang/03/52/cell_1761648752966_912349010008_71777_0000.png,thumbs/cluster_4/058_cell_1761648752966_912349010008_71777_0000.jpg
4,/home/wangqianqian/project/FS/data/28gusui&pizang/03/51/cell_1761648712193_912349010008_67766_0100.png,thumbs/cluster_4/059_cell_1761648712193_912349010008_67766_0100.jpg
4,/home/wangqianqian/project/FS/data/28gusui&pizang/03/42/cell_1761648167462_912349010008_18394_0000.png,thumbs/cluster_4/060_cell_1761648167462_912349010008_18394_0000.jpg
4,/home/wangqianqian/project/FS/data/28gusui&pizang/03/55/cell_1761648901079_912349010008_86389_0000.png,thumbs/cluster_4/061_cell_1761648901079_912349010008_86389_0000.jpg
4,/home/wangqianqian/project/FS/data/28gusui&pizang/03/55/cell_1761648900309_912349010008_86326_0000.png,thumbs/cluster_4/062_cell_1761648900309_912349010008_86326_0000.jpg
4,/home/wangqianqian/project/FS/data/28gusui&pizang/03/43/cell_1761648209154_912349010008_21612_0000.png,thumbs/cluster_4/063_cell_1761648209154_912349010008_21612_0000.jpg
4,/home/wangqianqian/project/FS/data/28gusui&pizang/03/43/cell_1761648181546_912349010008_19412_0000.png,thumbs/cluster_4/064_cell_1761648181546_912349010008_19412_0000.jpg
4,/home/wangqianqian/project/FS/data/28gusui&pizang/03/52/cell_1761648768320_912349010008_73215_0000.png,thumbs/cluster_4/065_cell_1761648768320_912349010008_73215_0000.jpg
4,/home/wangqianqian/project/FS/data/28gusui&pizang/03/36/cell_1761647786292_912349010008_506_0000.png,thumbs/cluster_4/066_cell_1761647786292_912349010008_506_0000.jpg
4,/home/wangqianqian/project/FS/data/28gusui&pizang/03/46/cell_1761648361607_912349010008_34892_0000.png,thumbs/cluster_4/067_cell_1761648361607_912349010008_34892_0000.jpg
4,/home/wangqianqian/project/FS/data/28gusui&pizang/03/47/cell_1761648447433_912349010008_42724_0100.png,thumbs/cluster_4/068_cell_1761648447433_912349010008_42724_0100.jpg
4,/home/wangqianqian/project/FS/data/28gusui&pizang/03/45/cell_1761648348361_912349010008_33699_0000.png,thumbs/cluster_4/069_cell_1761648348361_912349010008_33699_0000.jpg
4,/home/wangqianqian/project/FS/data/28gusui&pizang/03/41/cell_1761648098168_912349010008_13734_0100.png,thumbs/cluster_4/070_cell_1761648098168_912349010008_13734_0100.jpg
4,/home/wangqianqian/project/FS/data/28gusui&pizang/03/49/cell_1761648595540_912349010008_55924_0100.png,thumbs/cluster_4/071_cell_1761648595540_912349010008_55924_0100.jpg
4,/home/wangqianqian/project/FS/data/28gusui&pizang/03/56/cell_1761649005883_912349010008_95530_0100.png,thumbs/cluster_4/072_cell_1761649005883_912349010008_95530_0100.jpg
4,/home/wangqianqian/project/FS/data/28gusui&pizang/03/49/cell_1761648594050_912349010008_55727_0000.png,thumbs/cluster_4/073_cell_1761648594050_912349010008_55727_0000.jpg
4,/home/wangqianqian/project/FS/data/28gusui&pizang/03/59/cell_1761649172684_912349010008_112806_0000.png,thumbs/cluster_4/074_cell_1761649172684_912349010008_112806_0000.jpg
4,/home/wangqianqian/project/FS/data/28gusui&pizang/03/57/cell_1761649078325_912349010008_102790_0100.png,thumbs/cluster_4/075_cell_1761649078325_912349010008_102790_0100.jpg
4,/home/wangqianqian/project/FS/data/28gusui&pizang/03/54/cell_1761648859266_912349010008_82377_0100.png,thumbs/cluster_4/076_cell_1761648859266_912349010008_82377_0100.jpg
4,/home/wangqianqian/project/FS/data/28gusui&pizang/03/42/cell_1761648158060_912349010008_17782_0100.png,thumbs/cluster_4/077_cell_1761648158060_912349010008_17782_0100.jpg
4,/home/wangqianqian/project/FS/data/28gusui&pizang/03/48/cell_1761648532376_912349010008_49886_0000.png,thumbs/cluster_4/078_cell_1761648532376_912349010008_49886_0000.jpg
4,/home/wangqianqian/project/FS/data/28gusui&pizang/03/56/cell_1761648979586_912349010008_93078_0000.png,thumbs/cluster_4/079_cell_1761648979586_912349010008_93078_0000.jpg
4,/home/wangqianqian/project/FS/data/28gusui&pizang/03/45/cell_1761648308785_912349010008_30207_0000.png,thumbs/cluster_4/080_cell_1761648308785_912349010008_30207_0000.jpg
4,/home/wangqianqian/project/FS/data/28gusui&pizang/03/55/cell_1761648919495_912349010008_87826_0000.png,thumbs/cluster_4/081_cell_1761648919495_912349010008_87826_0000.jpg
4,/home/wangqianqian/project/FS/data/28gusui&pizang/03/51/cell_1761648713691_912349010008_67932_0000.png,thumbs/cluster_4/082_cell_1761648713691_912349010008_67932_0000.jpg
4,/home/wangqianqian/project/FS/data/28gusui&pizang/03/44/cell_1761648241295_912349010008_24226_0000.png,thumbs/cluster_4/083_cell_1761648241295_912349010008_24226_0000.jpg
4,/home/wangqianqian/project/FS/data/28gusui&pizang/03/40/cell_1761648010518_912349010008_8736_0000.png,thumbs/cluster_4/084_cell_1761648010518_912349010008_8736_0000.jpg
4,/home/wangqianqian/project/FS/data/28gusui&pizang/03/45/cell_1761648347330_912349010008_33590_0000.png,thumbs/cluster_4/085_cell_1761648347330_912349010008_33590_0000.jpg
4,/home/wangqianqian/project/FS/data/28gusui&pizang/03/50/cell_1761648615714_912349010008_57888_0000.png,thumbs/cluster_4/086_cell_1761648615714_912349010008_57888_0000.jpg
4,/home/wangqianqian/project/FS/data/28gusui&pizang/03/51/cell_1761648712153_912349010008_67761_0000.png,thumbs/cluster_4/087_cell_1761648712153_912349010008_67761_0000.jpg
4,/home/wangqianqian/project/FS/data/28gusui&pizang/03/41/cell_1761648115099_912349010008_14705_0000.png,thumbs/cluster_4/088_cell_1761648115099_912349010008_14705_0000.jpg
4,/home/wangqianqian/project/FS/data/28gusui&pizang/03/56/cell_1761648960650_912349010008_91424_0000.png,thumbs/cluster_4/089_cell_1761648960650_912349010008_91424_0000.jpg
4,/home/wangqianqian/project/FS/data/28gusui&pizang/03/49/cell_1761648542976_912349010008_50853_0000.png,thumbs/cluster_4/090_cell_1761648542976_912349010008_50853_0000.jpg
4,/home/wangqianqian/project/FS/data/28gusui&pizang/03/58/cell_1761649123582_912349010008_107601_0100.png,thumbs/cluster_4/091_cell_1761649123582_912349010008_107601_0100.jpg
4,/home/wangqianqian/project/FS/data/28gusui&pizang/03/38/cell_1761647901746_912349010008_4490_0000.png,thumbs/cluster_4/092_cell_1761647901746_912349010008_4490_0000.jpg
4,/home/wangqianqian/project/FS/data/28gusui&pizang/03/58/cell_1761649091744_912349010008_104280_0100.png,thumbs/cluster_4/093_cell_1761649091744_912349010008_104280_0100.jpg
4,/home/wangqianqian/project/FS/data/28gusui&pizang/03/49/cell_1761648553560_912349010008_51813_0000.png,thumbs/cluster_4/094_cell_1761648553560_912349010008_51813_0000.jpg
4,/home/wangqianqian/project/FS/data/28gusui&pizang/03/44/cell_1761648240248_912349010008_24147_0100.png,thumbs/cluster_4/095_cell_1761648240248_912349010008_24147_0100.jpg
4,/home/wangqianqian/project/FS/data/28gusui&pizang/03/46/cell_1761648367241_912349010008_35397_0100.png,thumbs/cluster_4/096_cell_1761648367241_912349010008_35397_0100.jpg
4,/home/wangqianqian/project/FS/data/28gusui&pizang/03/52/cell_1761648726265_912349010008_69119_0000.png,thumbs/cluster_4/097_cell_1761648726265_912349010008_69119_0000.jpg
4,/home/wangqianqian/project/FS/data/28gusui&pizang/03/59/cell_1761649149893_912349010008_110293_0000.png,thumbs/cluster_4/098_cell_1761649149893_912349010008_110293_0000.jpg
4,/home/wangqianqian/project/FS/data/28gusui&pizang/03/50/cell_1761648616068_912349010008_57934_0000.png,thumbs/cluster_4/099_cell_1761648616068_912349010008_57934_0000.jpg
5,/home/wangqianqian/project/FS/data/28gusui&pizang/03/53/cell_1761648797380_912349010008_76206_0000.png,thumbs/cluster_5/000_cell_1761648797380_912349010008_76206_0000.jpg
5,/home/wangqianqian/project/FS/data/28gusui&pizang/03/40/cell_1761648019528_912349010008_9204_0100.png,thumbs/cluster_5/001_cell_1761648019528_912349010008_9204_0100.jpg
5,/home/wangqianqian/project/FS/data/28gusui&pizang/03/53/cell_1761648785543_912349010008_74861_0100.png,thumbs/cluster_5/002_cell_1761648785543_912349010008_74861_0100.jpg
5,/home/wangqianqian/project/FS/data/28gusui&pizang/03/43/cell_1761648229012_912349010008_23172_0000.png,thumbs/cluster_5/003_cell_1761648229012_912349010008_23172_0000.jpg
5,/home/wangqianqian/project/FS/data/28gusui&pizang/03/48/cell_1761648504214_912349010008_47591_0000.png,thumbs/cluster_5/004_cell_1761648504214_912349010008_47591_0000.jpg
5,/home/wangqianqian/project/FS/data/28gusui&pizang/03/52/cell_1761648767484_912349010008_73146_0100.png,thumbs/cluster_5/005_cell_1761648767484_912349010008_73146_0100.jpg
5,/home/wangqianqian/project/FS/data/28gusui&pizang/03/56/cell_1761649019430_912349010008_96753_0100.png,thumbs/cluster_5/006_cell_1761649019430_912349010008_96753_0100.jpg
5,/home/wangqianqian/project/FS/data/28gusui&pizang/03/57/cell_1761649034481_912349010008_98226_0000.png,thumbs/cluster_5/007_cell_1761649034481_912349010008_98226_0000.jpg
5,/home/wangqianqian/project/FS/data/28gusui&pizang/03/54/cell_1761648890784_912349010008_85534_0000.png,thumbs/cluster_5/008_cell_1761648890784_912349010008_85534_0000.jpg
5,/home/wangqianqian/project/FS/data/28gusui&pizang/03/51/cell_1761648682770_912349010008_64644_0000.png,thumbs/cluster_5/009_cell_1761648682770_912349010008_64644_0000.jpg
5,/home/wangqianqian/project/FS/data/28gusui&pizang/03/48/cell_1761648525081_912349010008_49249_0000.png,thumbs/cluster_5/010_cell_1761648525081_912349010008_49249_0000.jpg
5,/home/wangqianqian/project/FS/data/28gusui&pizang/03/38/cell_1761647933035_912349010008_5504_0000.png,thumbs/cluster_5/011_cell_1761647933035_912349010008_5504_0000.jpg
5,/home/wangqianqian/project/FS/data/28gusui&pizang/03/40/cell_1761648048265_912349010008_10631_0000.png,thumbs/cluster_5/012_cell_1761648048265_912349010008_10631_0000.jpg
5,/home/wangqianqian/project/FS/data/28gusui&pizang/03/54/cell_1761648854638_912349010008_81911_0000.png,thumbs/cluster_5/013_cell_1761648854638_912349010008_81911_0000.jpg
5,/home/wangqianqian/project/FS/data/28gusui&pizang/03/44/cell_1761648289881_912349010008_28681_0000.png,thumbs/cluster_5/014_cell_1761648289881_912349010008_28681_0000.jpg
5,/home/wangqianqian/project/FS/data/28gusui&pizang/03/55/cell_1761648926863_912349010008_88539_0100.png,thumbs/cluster_5/015_cell_1761648926863_912349010008_88539_0100.jpg
5,/home/wangqianqian/project/FS/data/28gusui&pizang/03/54/cell_1761648846052_912349010008_81034_0000.png,thumbs/cluster_5/016_cell_1761648846052_912349010008_81034_0000.jpg
5,/home/wangqianqian/project/FS/data/28gusui&pizang/03/48/cell_1761648497102_912349010008_47006_0000.png,thumbs/cluster_5/017_cell_1761648497102_912349010008_47006_0000.jpg
5,/home/wangqianqian/project/FS/data/28gusui&pizang/03/58/cell_1761649081953_912349010008_103163_0100.png,thumbs/cluster_5/018_cell_1761649081953_912349010008_103163_0100.jpg
5,/home/wangqianqian/project/FS/data/28gusui&pizang/03/59/cell_1761649176732_912349010008_113198_0000.png,thumbs/cluster_5/019_cell_1761649176732_912349010008_113198_0000.jpg
5,/home/wangqianqian/project/FS/data/28gusui&pizang/03/38/cell_1761647914047_912349010008_4850_0000.png,thumbs/cluster_5/020_cell_1761647914047_912349010008_4850_0000.jpg
5,/home/wangqianqian/project/FS/data/28gusui&pizang/03/43/cell_1761648192068_912349010008_20225_0000.png,thumbs/cluster_5/021_cell_1761648192068_912349010008_20225_0000.jpg
5,/home/wangqianqian/project/FS/data/28gusui&pizang/03/41/cell_1761648102854_912349010008_13983_0000.png,thumbs/cluster_5/022_cell_1761648102854_912349010008_13983_0000.jpg
5,/home/wangqianqian/project/FS/data/28gusui&pizang/03/36/cell_1761647782795_912349010008_439_0100.png,thumbs/cluster_5/023_cell_1761647782795_912349010008_439_0100.jpg
5,/home/wangqianqian/project/FS/data/28gusui&pizang/03/44/cell_1761648287505_912349010008_28453_0000.png,thumbs/cluster_5/024_cell_1761648287505_912349010008_28453_0000.jpg
5,/home/wangqianqian/project/FS/data/28gusui&pizang/03/43/cell_1761648199888_912349010008_20803_0000.png,thumbs/cluster_5/025_cell_1761648199888_912349010008_20803_0000.jpg
5,/home/wangqianqian/project/FS/data/28gusui&pizang/03/49/cell_1761648594366_912349010008_55772_0000.png,thumbs/cluster_5/026_cell_1761648594366_912349010008_55772_0000.jpg
5,/home/wangqianqian/project/FS/data/28gusui&pizang/03/41/cell_1761648062875_912349010008_11455_0100.png,thumbs/cluster_5/027_cell_1761648062875_912349010008_11455_0100.jpg
5,/home/wangqianqian/project/FS/data/28gusui&pizang/03/38/cell_1761647921595_912349010008_5088_0000.png,thumbs/cluster_5/028_cell_1761647921595_912349010008_5088_0000.jpg
5,/home/wangqianqian/project/FS/data/28gusui&pizang/03/57/cell_1761649028445_912349010008_97654_0000.png,thumbs/cluster_5/029_cell_1761649028445_912349010008_97654_0000.jpg
5,/home/wangqianqian/project/FS/data/28gusui&pizang/03/54/cell_1761648864722_912349010008_82938_0000.png,thumbs/cluster_5/030_cell_1761648864722_912349010008_82938_0000.jpg
5,/home/wangqianqian/project/FS/data/28gusui&pizang/03/46/cell_1761648409019_912349010008_39010_0000.png,thumbs/cluster_5/031_cell_1761648409019_912349010008_39010_0000.jpg
5,/home/wangqianqian/project/FS/data/28gusui&pizang/03/40/cell_1761648030545_912349010008_9815_0100.png,thumbs/cluster_5/032_cell_1761648030545_912349010008_9815_0100.jpg
5,/home/wangqianqian/project/FS/data/28gusui&pizang/03/48/cell_1761648517719_912349010008_48644_0000.png,thumbs/cluster_5/033_cell_1761648517719_912349010008_48644_0000.jpg
5,/home/wangqianqian/project/FS/data/28gusui&pizang/03/49/cell_1761648579502_912349010008_54296_0000.png,thumbs/cluster_5/034_cell_1761648579502_912349010008_54296_0000.jpg
5,/home/wangqianqian/project/FS/data/28gusui&pizang/03/44/cell_1761648281880_912349010008_27940_0100.png,thumbs/cluster_5/035_cell_1761648281880_912349010008_27940_0100.jpg
5,/home/wangqianqian/project/FS/data/28gusui&pizang/03/39/cell_1761647969772_912349010008_6981_0000.png,thumbs/cluster_5/036_cell_1761647969772_912349010008_6981_0000.jpg
5,/home/wangqianqian/project/FS/data/28gusui&pizang/03/41/cell_1761648101446_912349010008_13900_0000.png,thumbs/cluster_5/037_cell_1761648101446_912349010008_13900_0000.jpg
5,/home/wangqianqian/project/FS/data/28gusui&pizang/03/39/cell_1761647953691_912349010008_6341_0000.png,thumbs/cluster_5/038_cell_1761647953691_912349010008_6341_0000.jpg
5,/home/wangqianqian/project/FS/data/28gusui&pizang/03/49/cell_1761648541816_912349010008_50734_0100.png,thumbs/cluster_5/039_cell_1761648541816_912349010008_50734_0100.jpg
5,/home/wangqianqian/project/FS/data/28gusui&pizang/03/42/cell_1761648126918_912349010008_15531_0100.png,thumbs/cluster_5/040_cell_1761648126918_912349010008_15531_0100.jpg
5,/home/wangqianqian/project/FS/data/28gusui&pizang/03/38/cell_1761647903618_912349010008_4555_0000.png,thumbs/cluster_5/041_cell_1761647903618_912349010008_4555_0000.jpg
5,/home/wangqianqian/project/FS/data/28gusui&pizang/03/58/cell_1761649130972_912349010008_108388_0000.png,thumbs/cluster_5/042_cell_1761649130972_912349010008_108388_0000.jpg
5,/home/wangqianqian/project/FS/data/28gusui&pizang/03/54/cell_1761648868165_912349010008_83282_0100.png,thumbs/cluster_5/043_cell_1761648868165_912349010008_83282_0100.jpg
5,/home/wangqianqian/project/FS/data/28gusui&pizang/03/44/cell_1761648246615_912349010008_24730_0100.png,thumbs/cluster_5/044_cell_1761648246615_912349010008_24730_0100.jpg
5,/home/wangqianqian/project/FS/data/28gusui&pizang/03/47/cell_1761648454063_912349010008_43294_0000.png,thumbs/cluster_5/045_cell_1761648454063_912349010008_43294_0000.jpg
5,/home/wangqianqian/project/FS/data/28gusui&pizang/03/47/cell_1761648435789_912349010008_41637_0000.png,thumbs/cluster_5/046_cell_1761648435789_912349010008_41637_0000.jpg
5,/home/wangqianqian/project/FS/data/28gusui&pizang/03/44/cell_1761648276188_912349010008_27422_0000.png,thumbs/cluster_5/047_cell_1761648276188_912349010008_27422_0000.jpg
5,/home/wangqianqian/project/FS/data/28gusui&pizang/03/58/cell_1761649108013_912349010008_105952_0000.png,thumbs/cluster_5/048_cell_1761649108013_912349010008_105952_0000.jpg
5,/home/wangqianqian/project/FS/data/28gusui&pizang/03/53/cell_1761648833751_912349010008_79832_0000.png,thumbs/cluster_5/049_cell_1761648833751_912349010008_79832_0000.jpg
5,/home/wangqianqian/project/FS/data/28gusui&pizang/03/59/cell_1761649140285_912349010008_109326_0100.png,thumbs/cluster_5/050_cell_1761649140285_912349010008_109326_0100.jpg
5,/home/wangqianqian/project/FS/data/28gusui&pizang/03/42/cell_1761648169893_912349010008_18603_0000.png,thumbs/cluster_5/051_cell_1761648169893_912349010008_18603_0000.jpg
5,/home/wangqianqian/project/FS/data/28gusui&pizang/03/48/cell_1761648508276_912349010008_47932_0100.png,thumbs/cluster_5/052_cell_1761648508276_912349010008_47932_0100.jpg
5,/home/wangqianqian/project/FS/data/28gusui&pizang/03/48/cell_1761648521836_912349010008_48964_0100.png,thumbs/cluster_5/053_cell_1761648521836_912349010008_48964_0100.jpg
5,/home/wangqianqian/project/FS/data/28gusui&pizang/03/50/cell_1761648638844_912349010008_60208_0000.png,thumbs/cluster_5/054_cell_1761648638844_912349010008_60208_0000.jpg
5,/home/wangqianqian/project/FS/data/28gusui&pizang/03/40/cell_1761648046597_912349010008_10557_0000.png,thumbs/cluster_5/055_cell_1761648046597_912349010008_10557_0000.jpg
5,/home/wangqianqian/project/FS/data/28gusui&pizang/03/46/cell_1761648411576_912349010008_39245_0000.png,thumbs/cluster_5/056_cell_1761648411576_912349010008_39245_0000.jpg
5,/home/wangqianqian/project/FS/data/28gusui&pizang/03/39/cell_1761647982385_912349010008_7449_0100.png,thumbs/cluster_5/057_cell_1761647982385_912349010008_7449_0100.jpg
5,/home/wangqianqian/project/FS/data/28gusui&pizang/03/52/cell_1761648746953_912349010008_71203_0000.png,thumbs/cluster_5/058_cell_1761648746953_912349010008_71203_0000.jpg
5,/home/wangqianqian/project/FS/data/28gusui&pizang/03/44/cell_1761648291185_912349010008_28750_0000.png,thumbs/cluster_5/059_cell_1761648291185_912349010008_28750_0000.jpg
5,/home/wangqianqian/project/FS/data/28gusui&pizang/03/55/cell_1761648949324_912349010008_90423_0000.png,thumbs/cluster_5/060_cell_1761648949324_912349010008_90423_0000.jpg
5,/home/wangqianqian/project/FS/data/28gusui&pizang/03/52/cell_1761648757605_912349010008_72229_0000.png,thumbs/cluster_5/061_cell_1761648757605_912349010008_72229_0000.jpg
5,/home/wangqianqian/project/FS/data/28gusui&pizang/03/41/cell_1761648080021_912349010008_12520_0100.png,thumbs/cluster_5/062_cell_1761648080021_912349010008_12520_0100.jpg
5,/home/wangqianqian/project/FS/data/28gusui&pizang/03/46/cell_1761648368430_912349010008_35503_0000.png,thumbs/cluster_5/063_cell_1761648368430_912349010008_35503_0000.jpg
5,/home/wangqianqian/project/FS/data/28gusui&pizang/03/47/cell_1761648460964_912349010008_43895_0000.png,thumbs/cluster_5/064_cell_1761648460964_912349010008_43895_0000.jpg
5,/home/wangqianqian/project/FS/data/28gusui&pizang/03/51/cell_1761648692845_912349010008_65694_0000.png,thumbs/cluster_5/065_cell_1761648692845_912349010008_65694_0000.jpg
5,/home/wangqianqian/project/FS/data/28gusui&pizang/03/51/cell_1761648666252_912349010008_62997_0000.png,thumbs/cluster_5/066_cell_1761648666252_912349010008_62997_0000.jpg
5,/home/wangqianqian/project/FS/data/28gusui&pizang/03/49/cell_1761648579150_912349010008_54266_0100.png,thumbs/cluster_5/067_cell_1761648579150_912349010008_54266_0100.jpg
5,/home/wangqianqian/project/FS/data/28gusui&pizang/03/47/cell_1761648448937_912349010008_42865_0000.png,thumbs/cluster_5/068_cell_1761648448937_912349010008_42865_0000.jpg
5,/home/wangqianqian/project/FS/data/28gusui&pizang/03/40/cell_1761648053372_912349010008_10900_0000.png,thumbs/cluster_5/069_cell_1761648053372_912349010008_10900_0000.jpg
5,/home/wangqianqian/project/FS/data/28gusui&pizang/03/48/cell_1761648509292_912349010008_48018_0100.png,thumbs/cluster_5/070_cell_1761648509292_912349010008_48018_0100.jpg
5,/home/wangqianqian/project/FS/data/28gusui&pizang/03/59/cell_1761649152393_912349010008_110572_0000.png,thumbs/cluster_5/071_cell_1761649152393_912349010008_110572_0000.jpg
5,/home/wangqianqian/project/FS/data/28gusui&pizang/03/45/cell_1761648327723_912349010008_31760_0000.png,thumbs/cluster_5/072_cell_1761648327723_912349010008_31760_0000.jpg
5,/home/wangqianqian/project/FS/data/28gusui&pizang/03/56/cell_1761648979483_912349010008_93067_0000.png,thumbs/cluster_5/073_cell_1761648979483_912349010008_93067_0000.jpg
5,/home/wangqianqian/project/FS/data/28gusui&pizang/03/51/cell_1761648687569_912349010008_65139_0000.png,thumbs/cluster_5/074_cell_1761648687569_912349010008_65139_0000.jpg
5,/home/wangqianqian/project/FS/data/28gusui&pizang/03/47/cell_1761648430106_912349010008_41019_0100.png,thumbs/cluster_5/075_cell_1761648430106_912349010008_41019_0100.jpg
5,/home/wangqianqian/project/FS/data/28gusui&pizang/03/46/cell_1761648412087_912349010008_39297_0000.png,thumbs/cluster_5/076_cell_1761648412087_912349010008_39297_0000.jpg
5,/home/wangqianqian/project/FS/data/28gusui&pizang/03/39/cell_1761647999172_912349010008_8182_0100.png,thumbs/cluster_5/077_cell_1761647999172_912349010008_8182_0100.jpg
5,/home/wangqianqian/project/FS/data/28gusui&pizang/03/47/cell_1761648465687_912349010008_44293_0000.png,thumbs/cluster_5/078_cell_1761648465687_912349010008_44293_0000.jpg
5,/home/wangqianqian/project/FS/data/28gusui&pizang/03/56/cell_1761648981628_912349010008_93264_0000.png,thumbs/cluster_5/079_cell_1761648981628_912349010008_93264_0000.jpg
5,/home/wangqianqian/project/FS/data/28gusui&pizang/03/42/cell_1761648160197_912349010008_17943_0000.png,thumbs/cluster_5/080_cell_1761648160197_912349010008_17943_0000.jpg
5,/home/wangqianqian/project/FS/data/28gusui&pizang/03/45/cell_1761648359354_912349010008_34715_0000.png,thumbs/cluster_5/081_cell_1761648359354_912349010008_34715_0000.jpg
5,/home/wangqianqian/project/FS/data/28gusui&pizang/03/57/cell_1761649043950_912349010008_99217_0000.png,thumbs/cluster_5/082_cell_1761649043950_912349010008_99217_0000.jpg
5,/home/wangqianqian/project/FS/data/28gusui&pizang/03/53/cell_1761648817198_912349010008_78270_0000.png,thumbs/cluster_5/083_cell_1761648817198_912349010008_78270_0000.jpg
5,/home/wangqianqian/project/FS/data/28gusui&pizang/03/53/cell_1761648802108_912349010008_76723_0000.png,thumbs/cluster_5/084_cell_1761648802108_912349010008_76723_0000.jpg
5,/home/wangqianqian/project/FS/data/28gusui&pizang/03/48/cell_1761648527434_912349010008_49438_0100.png,thumbs/cluster_5/085_cell_1761648527434_912349010008_49438_0100.jpg
5,/home/wangqianqian/project/FS/data/28gusui&pizang/03/47/cell_1761648438651_912349010008_41942_0000.png,thumbs/cluster_5/086_cell_1761648438651_912349010008_41942_0000.jpg
5,/home/wangqianqian/project/FS/data/28gusui&pizang/03/46/cell_1761648396784_912349010008_37967_0000.png,thumbs/cluster_5/087_cell_1761648396784_912349010008_37967_0000.jpg
5,/home/wangqianqian/project/FS/data/28gusui&pizang/03/44/cell_1761648274035_912349010008_27191_0000.png,thumbs/cluster_5/088_cell_1761648274035_912349010008_27191_0000.jpg
5,/home/wangqianqian/project/FS/data/28gusui&pizang/03/54/cell_1761648898076_912349010008_86125_0000.png,thumbs/cluster_5/089_cell_1761648898076_912349010008_86125_0000.jpg
5,/home/wangqianqian/project/FS/data/28gusui&pizang/03/41/cell_1761648097786_912349010008_13702_0000.png,thumbs/cluster_5/090_cell_1761648097786_912349010008_13702_0000.jpg
5,/home/wangqianqian/project/FS/data/28gusui&pizang/03/38/cell_1761647939524_912349010008_5771_0000.png,thumbs/cluster_5/091_cell_1761647939524_912349010008_5771_0000.jpg
5,/home/wangqianqian/project/FS/data/28gusui&pizang/03/50/cell_1761648624232_912349010008_58705_0000.png,thumbs/cluster_5/092_cell_1761648624232_912349010008_58705_0000.jpg
5,/home/wangqianqian/project/FS/data/28gusui&pizang/03/57/cell_1761649028013_912349010008_97602_0000.png,thumbs/cluster_5/093_cell_1761649028013_912349010008_97602_0000.jpg
5,/home/wangqianqian/project/FS/data/28gusui&pizang/03/55/cell_1761648926849_912349010008_88534_0000.png,thumbs/cluster_5/094_cell_1761648926849_912349010008_88534_0000.jpg
5,/home/wangqianqian/project/FS/data/28gusui&pizang/03/46/cell_1761648378801_912349010008_36380_0000.png,thumbs/cluster_5/095_cell_1761648378801_912349010008_36380_0000.jpg
5,/home/wangqianqian/project/FS/data/28gusui&pizang/03/42/cell_1761648128397_912349010008_15628_0100.png,thumbs/cluster_5/096_cell_1761648128397_912349010008_15628_0100.jpg
5,/home/wangqianqian/project/FS/data/28gusui&pizang/03/49/cell_1761648544846_912349010008_51029_0100.png,thumbs/cluster_5/097_cell_1761648544846_912349010008_51029_0100.jpg
5,/home/wangqianqian/project/FS/data/28gusui&pizang/03/42/cell_1761648132584_912349010008_15946_0100.png,thumbs/cluster_5/098_cell_1761648132584_912349010008_15946_0100.jpg
5,/home/wangqianqian/project/FS/data/28gusui&pizang/03/41/cell_1761648078347_912349010008_12394_0000.png,thumbs/cluster_5/099_cell_1761648078347_912349010008_12394_0000.jpg
6,/home/wangqianqian/project/FS/data/28gusui&pizang/03/58/cell_1761649091544_912349010008_104246_0000.png,thumbs/cluster_6/000_cell_1761649091544_912349010008_104246_0000.jpg
6,/home/wangqianqian/project/FS/data/28gusui&pizang/03/44/cell_1761648282438_912349010008_27987_0000.png,thumbs/cluster_6/001_cell_1761648282438_912349010008_27987_0000.jpg
6,/home/wangqianqian/project/FS/data/28gusui&pizang/03/41/cell_1761648097981_912349010008_13711_0100.png,thumbs/cluster_6/002_cell_1761648097981_912349010008_13711_0100.jpg
6,/home/wangqianqian/project/FS/data/28gusui&pizang/03/40/cell_1761648046854_912349010008_10575_0100.png,thumbs/cluster_6/003_cell_1761648046854_912349010008_10575_0100.jpg
6,/home/wangqianqian/project/FS/data/28gusui&pizang/03/36/cell_1761647798581_912349010008_789_0000.png,thumbs/cluster_6/004_cell_1761647798581_912349010008_789_0000.jpg
6,/home/wangqianqian/project/FS/data/28gusui&pizang/03/50/cell_1761648604479_912349010008_56830_0100.png,thumbs/cluster_6/005_cell_1761648604479_912349010008_56830_0100.jpg
6,/home/wangqianqian/project/FS/data/28gusui&pizang/03/59/cell_1761649173241_912349010008_112871_0000.png,thumbs/cluster_6/006_cell_1761649173241_912349010008_112871_0000.jpg
6,/home/wangqianqian/project/FS/data/28gusui&pizang/03/54/cell_1761648880366_912349010008_84510_0100.png,thumbs/cluster_6/007_cell_1761648880366_912349010008_84510_0100.jpg
6,/home/wangqianqian/project/FS/data/28gusui&pizang/03/53/cell_1761648839924_912349010008_80409_0100.png,thumbs/cluster_6/008_cell_1761648839924_912349010008_80409_0100.jpg
6,/home/wangqianqian/project/FS/data/28gusui&pizang/03/47/cell_1761648459555_912349010008_43774_0100.png,thumbs/cluster_6/009_cell_1761648459555_912349010008_43774_0100.jpg
6,/home/wangqianqian/project/FS/data/28gusui&pizang/03/49/cell_1761648577603_912349010008_54121_0000.png,thumbs/cluster_6/010_cell_1761648577603_912349010008_54121_0000.jpg
6,/home/wangqianqian/project/FS/data/28gusui&pizang/03/50/cell_1761648600495_912349010008_56432_0000.png,thumbs/cluster_6/011_cell_1761648600495_912349010008_56432_0000.jpg
6,/home/wangqianqian/project/FS/data/28gusui&pizang/03/44/cell_1761648273448_912349010008_27135_0100.png,thumbs/cluster_6/012_cell_1761648273448_912349010008_27135_0100.jpg
6,/home/wangqianqian/project/FS/data/28gusui&pizang/03/58/cell_1761649095046_912349010008_104625_0100.png,thumbs/cluster_6/013_cell_1761649095046_912349010008_104625_0100.jpg
6,/home/wangqianqian/project/FS/data/28gusui&pizang/03/43/cell_1761648207480_912349010008_21486_0000.png,thumbs/cluster_6/014_cell_1761648207480_912349010008_21486_0000.jpg
6,/home/wangqianqian/project/FS/data/28gusui&pizang/03/58/cell_1761649138143_912349010008_109099_0000.png,thumbs/cluster_6/015_cell_1761649138143_912349010008_109099_0000.jpg
6,/home/wangqianqian/project/FS/data/28gusui&pizang/03/58/cell_1761649105398_912349010008_105670_0000.png,thumbs/cluster_6/016_cell_1761649105398_912349010008_105670_0000.jpg
6,/home/wangqianqian/project/FS/data/28gusui&pizang/03/56/cell_1761648975743_912349010008_92736_0100.png,thumbs/cluster_6/017_cell_1761648975743_912349010008_92736_0100.jpg
6,/home/wangqianqian/project/FS/data/28gusui&pizang/03/51/cell_1761648685577_912349010008_64924_0000.png,thumbs/cluster_6/018_cell_1761648685577_912349010008_64924_0000.jpg
6,/home/wangqianqian/project/FS/data/28gusui&pizang/03/39/cell_1761647961409_912349010008_6639_0000.png,thumbs/cluster_6/019_cell_1761647961409_912349010008_6639_0000.jpg
6,/home/wangqianqian/project/FS/data/28gusui&pizang/03/51/cell_1761648665846_912349010008_62966_0000.png,thumbs/cluster_6/020_cell_1761648665846_912349010008_62966_0000.jpg
6,/home/wangqianqian/project/FS/data/28gusui&pizang/03/44/cell_1761648256052_912349010008_25548_0000.png,thumbs/cluster_6/021_cell_1761648256052_912349010008_25548_0000.jpg
6,/home/wangqianqian/project/FS/data/28gusui&pizang/03/57/cell_1761649042192_912349010008_99016_0000.png,thumbs/cluster_6/022_cell_1761649042192_912349010008_99016_0000.jpg
6,/home/wangqianqian/project/FS/data/28gusui&pizang/03/57/cell_1761649044848_912349010008_99310_0000.png,thumbs/cluster_6/023_cell_1761649044848_912349010008_99310_0000.jpg
6,/home/wangqianqian/project/FS/data/28gusui&pizang/03/50/cell_1761648620818_912349010008_58378_0000.png,thumbs/cluster_6/024_cell_1761648620818_912349010008_58378_0000.jpg
6,/home/wangqianqian/project/FS/data/28gusui&pizang/03/48/cell_1761648512749_912349010008_48269_0000.png,thumbs/cluster_6/025_cell_1761648512749_912349010008_48269_0000.jpg
6,/home/wangqianqian/project/FS/data/28gusui&pizang/03/52/cell_1761648724260_912349010008_68938_0100.png,thumbs/cluster_6/026_cell_1761648724260_912349010008_68938_0100.jpg
6,/home/wangqianqian/project/FS/data/28gusui&pizang/03/51/cell_1761648711346_912349010008_67676_0000.png,thumbs/cluster_6/027_cell_1761648711346_912349010008_67676_0000.jpg
6,/home/wangqianqian/project/FS/data/28gusui&pizang/03/53/cell_1761648814483_912349010008_78017_0000.png,thumbs/cluster_6/028_cell_1761648814483_912349010008_78017_0000.jpg
6,/home/wangqianqian/project/FS/data/28gusui&pizang/03/44/cell_1761648298515_912349010008_29359_0000.png,thumbs/cluster_6/029_cell_1761648298515_912349010008_29359_0000.jpg
6,/home/wangqianqian/project/FS/data/28gusui&pizang/03/54/cell_1761648899031_912349010008_86197_0000.png,thumbs/cluster_6/030_cell_1761648899031_912349010008_86197_0000.jpg
6,/home/wangqianqian/project/FS/data/28gusui&pizang/03/58/cell_1761649094026_912349010008_104528_0100.png,thumbs/cluster_6/031_cell_1761649094026_912349010008_104528_0100.jpg
6,/home/wangqianqian/project/FS/data/28gusui&pizang/03/58/cell_1761649088192_912349010008_103851_0100.png,thumbs/cluster_6/032_cell_1761649088192_912349010008_103851_0100.jpg
6,/home/wangqianqian/project/FS/data/28gusui&pizang/03/38/cell_1761647918984_912349010008_5013_0100.png,thumbs/cluster_6/033_cell_1761647918984_912349010008_5013_0100.jpg
6,/home/wangqianqian/project/FS/data/28gusui&pizang/03/47/cell_1761648478306_912349010008_45376_0100.png,thumbs/cluster_6/034_cell_1761648478306_912349010008_45376_0100.jpg
6,/home/wangqianqian/project/FS/data/28gusui&pizang/03/58/cell_1761649103720_912349010008_105469_0000.png,thumbs/cluster_6/035_cell_1761649103720_912349010008_105469_0000.jpg
6,/home/wangqianqian/project/FS/data/28gusui&pizang/03/51/cell_1761648686995_912349010008_65086_0000.png,thumbs/cluster_6/036_cell_1761648686995_912349010008_65086_0000.jpg
6,/home/wangqianqian/project/FS/data/28gusui&pizang/03/52/cell_1761648774691_912349010008_73802_0100.png,thumbs/cluster_6/037_cell_1761648774691_912349010008_73802_0100.jpg
6,/home/wangqianqian/project/FS/data/28gusui&pizang/03/44/cell_1761648271643_912349010008_26957_0100.png,thumbs/cluster_6/038_cell_1761648271643_912349010008_26957_0100.jpg
6,/home/wangqianqian/project/FS/data/28gusui&pizang/03/39/cell_1761647998035_912349010008_8117_0000.png,thumbs/cluster_6/039_cell_1761647998035_912349010008_8117_0000.jpg
6,/home/wangqianqian/project/FS/data/28gusui&pizang/03/43/cell_1761648201349_912349010008_20932_0100.png,thumbs/cluster_6/040_cell_1761648201349_912349010008_20932_0100.jpg
6,/home/wangqianqian/project/FS/data/28gusui&pizang/03/52/cell_1761648736101_912349010008_70070_0000.png,thumbs/cluster_6/041_cell_1761648736101_912349010008_70070_0000.jpg
6,/home/wangqianqian/project/FS/data/28gusui&pizang/03/46/cell_1761648400075_912349010008_38232_0100.png,thumbs/cluster_6/042_cell_1761648400075_912349010008_38232_0100.jpg
6,/home/wangqianqian/project/FS/data/28gusui&pizang/03/41/cell_1761648106843_912349010008_14216_0000.png,thumbs/cluster_6/043_cell_1761648106843_912349010008_14216_0000.jpg
6,/home/wangqianqian/project/FS/data/28gusui&pizang/03/51/cell_1761648683558_912349010008_64734_0000.png,thumbs/cluster_6/044_cell_1761648683558_912349010008_64734_0000.jpg
6,/home/wangqianqian/project/FS/data/28gusui&pizang/03/49/cell_1761648561471_912349010008_52533_0000.png,thumbs/cluster_6/045_cell_1761648561471_912349010008_52533_0000.jpg
6,/home/wangqianqian/project/FS/data/28gusui&pizang/03/54/cell_1761648886240_912349010008_85071_0000.png,thumbs/cluster_6/046_cell_1761648886240_912349010008_85071_0000.jpg
6,/home/wangqianqian/project/FS/data/28gusui&pizang/03/46/cell_1761648360890_912349010008_34813_0100.png,thumbs/cluster_6/047_cell_1761648360890_912349010008_34813_0100.jpg
6,/home/wangqianqian/project/FS/data/28gusui&pizang/03/57/cell_1761649069643_912349010008_101889_0000.png,thumbs/cluster_6/048_cell_1761649069643_912349010008_101889_0000.jpg
6,/home/wangqianqian/project/FS/data/28gusui&pizang/03/46/cell_1761648364801_912349010008_35170_0100.png,thumbs/cluster_6/049_cell_1761648364801_912349010008_35170_0100.jpg
6,/home/wangqianqian/project/FS/data/28gusui&pizang/03/40/cell_1761648041254_912349010008_10300_0100.png,thumbs/cluster_6/050_cell_1761648041254_912349010008_10300_0100.jpg
6,/home/wangqianqian/project/FS/data/28gusui&pizang/03/53/cell_1761648793152_912349010008_75732_0000.png,thumbs/cluster_6/051_cell_1761648793152_912349010008_75732_0000.jpg
6,/home/wangqianqian/project/FS/data/28gusui&pizang/03/53/cell_1761648790067_912349010008_75374_0000.png,thumbs/cluster_6/052_cell_1761648790067_912349010008_75374_0000.jpg
6,/home/wangqianqian/project/FS/data/28gusui&pizang/03/47/cell_1761648479190_912349010008_45468_0100.png,thumbs/cluster_6/053_cell_1761648479190_912349010008_45468_0100.jpg
6,/home/wangqianqian/project/FS/data/28gusui&pizang/03/52/cell_1761648768699_912349010008_73266_0000.png,thumbs/cluster_6/054_cell_1761648768699_912349010008_73266_0000.jpg
6,/home/wangqianqian/project/FS/data/28gusui&pizang/03/51/cell_1761648677864_912349010008_64106_0000.png,thumbs/cluster_6/055_cell_1761648677864_912349010008_64106_0000.jpg
6,/home/wangqianqian/project/FS/data/28gusui&pizang/03/50/cell_1761648605996_912349010008_56969_0000.png,thumbs/cluster_6/056_cell_1761648605996_912349010008_56969_0000.jpg
6,/home/wangqianqian/project/FS/data/28gusui&pizang/03/55/cell_1761648925650_912349010008_88395_0100.png,thumbs/cluster_6/057_cell_1761648925650_912349010008_88395_0100.jpg
6,/home/wangqianqian/project/FS/data/28gusui&pizang/03/46/cell_1761648403525_912349010008_38523_0000.png,thumbs/cluster_6/058_cell_1761648403525_912349010008_38523_0000.jpg
6,/home/wangqianqian/project/FS/data/28gusui&pizang/03/47/cell_1761648463451_912349010008_44108_0000.png,thumbs/cluster_6/059_cell_1761648463451_912349010008_44108_0000.jpg
6,/home/wangqianqian/project/FS/data/28gusui&pizang/03/52/cell_1761648777506_912349010008_74054_0000.png,thumbs/cluster_6/060_cell_1761648777506_912349010008_74054_0000.jpg
6,/home/wangqianqian/project/FS/data/28gusui&pizang/03/57/cell_1761649022196_912349010008_97043_0000.png,thumbs/cluster_6/061_cell_1761649022196_912349010008_97043_0000.jpg
6,/home/wangqianqian/project/FS/data/28gusui&pizang/03/41/cell_1761648118073_912349010008_14924_0000.png,thumbs/cluster_6/062_cell_1761648118073_912349010008_14924_0000.jpg
6,/home/wangqianqian/project/FS/data/28gusui&pizang/03/51/cell_1761648678697_912349010008_64207_0000.png,thumbs/cluster_6/063_cell_1761648678697_912349010008_64207_0000.jpg
6,/home/wangqianqian/project/FS/data/28gusui&pizang/03/48/cell_1761648492241_912349010008_46583_0100.png,thumbs/cluster_6/064_cell_1761648492241_912349010008_46583_0100.jpg
6,/home/wangqianqian/project/FS/data/28gusui&pizang/03/42/cell_1761648120800_912349010008_15101_0100.png,thumbs/cluster_6/065_cell_1761648120800_912349010008_15101_0100.jpg
6,/home/wangqianqian/project/FS/data/28gusui&pizang/03/51/cell_1761648662918_912349010008_62695_0100.png,thumbs/cluster_6/066_cell_1761648662918_912349010008_62695_0100.jpg
6,/home/wangqianqian/project/FS/data/28gusui&pizang/03/57/cell_1761649076511_912349010008_102606_0000.png,thumbs/cluster_6/067_cell_1761649076511_912349010008_102606_0000.jpg
6,/home/wangqianqian/project/FS/data/28gusui&pizang/03/45/cell_1761648340901_912349010008_32980_0000.png,thumbs/cluster_6/068_cell_1761648340901_912349010008_32980_0000.jpg
6,/home/wangqianqian/project/FS/data/28gusui&pizang/03/53/cell_1761648823019_912349010008_78842_0000.png,thumbs/cluster_6/069_cell_1761648823019_912349010008_78842_0000.jpg
6,/home/wangqianqian/project/FS/data/28gusui&pizang/03/46/cell_1761648379992_912349010008_36512_0000.png,thumbs/cluster_6/070_cell_1761648379992_912349010008_36512_0000.jpg
6,/home/wangqianqian/project/FS/data/28gusui&pizang/03/42/cell_1761648120629_912349010008_15088_0000.png,thumbs/cluster_6/071_cell_1761648120629_912349010008_15088_0000.jpg
6,/home/wangqianqian/project/FS/data/28gusui&pizang/03/44/cell_1761648289233_912349010008_28623_0000.png,thumbs/cluster_6/072_cell_1761648289233_912349010008_28623_0000.jpg
6,/home/wangqianqian/project/FS/data/28gusui&pizang/03/51/cell_1761648687021_912349010008_65092_0100.png,thumbs/cluster_6/073_cell_1761648687021_912349010008_65092_0100.jpg
6,/home/wangqianqian/project/FS/data/28gusui&pizang/03/39/cell_1761647998033_912349010008_8116_0000.png,thumbs/cluster_6/074_cell_1761647998033_912349010008_8116_0000.jpg
6,/home/wangqianqian/project/FS/data/28gusui&pizang/03/47/cell_1761648429572_912349010008_40966_0100.png,thumbs/cluster_6/075_cell_1761648429572_912349010008_40966_0100.jpg
6,/home/wangqianqian/project/FS/data/28gusui&pizang/03/46/cell_1761648385183_912349010008_36955_0000.png,thumbs/cluster_6/076_cell_1761648385183_912349010008_36955_0000.jpg
6,/home/wangqianqian/project/FS/data/28gusui&pizang/03/41/cell_1761648086794_912349010008_13012_0000.png,thumbs/cluster_6/077_cell_1761648086794_912349010008_13012_0000.jpg
6,/home/wangqianqian/project/FS/data/28gusui&pizang/03/43/cell_1761648212306_912349010008_21899_0100.png,thumbs/cluster_6/078_cell_1761648212306_912349010008_21899_0100.jpg
6,/home/wangqianqian/project/FS/data/28gusui&pizang/03/52/cell_1761648773297_912349010008_73670_0000.png,thumbs/cluster_6/079_cell_1761648773297_912349010008_73670_0000.jpg
6,/home/wangqianqian/project/FS/data/28gusui&pizang/03/51/cell_1761648704894_912349010008_66969_0000.png,thumbs/cluster_6/080_cell_1761648704894_912349010008_66969_0000.jpg
6,/home/wangqianqian/project/FS/data/28gusui&pizang/03/38/cell_1761647925450_912349010008_5181_0100.png,thumbs/cluster_6/081_cell_1761647925450_912349010008_5181_0100.jpg
6,/home/wangqianqian/project/FS/data/28gusui&pizang/03/58/cell_1761649124015_912349010008_107645_0000.png,thumbs/cluster_6/082_cell_1761649124015_912349010008_107645_0000.jpg
6,/home/wangqianqian/project/FS/data/28gusui&pizang/03/43/cell_1761648229506_912349010008_23236_0000.png,thumbs/cluster_6/083_cell_1761648229506_912349010008_23236_0000.jpg
6,/home/wangqianqian/project/FS/data/28gusui&pizang/03/55/cell_1761648903520_912349010008_86592_0000.png,thumbs/cluster_6/084_cell_1761648903520_912349010008_86592_0000.jpg
6,/home/wangqianqian/project/FS/data/28gusui&pizang/03/49/cell_1761648596482_912349010008_56024_0000.png,thumbs/cluster_6/085_cell_1761648596482_912349010008_56024_0000.jpg
6,/home/wangqianqian/project/FS/data/28gusui&pizang/03/56/cell_1761649006982_912349010008_95643_0000.png,thumbs/cluster_6/086_cell_1761649006982_912349010008_95643_0000.jpg
6,/home/wangqianqian/project/FS/data/28gusui&pizang/03/47/cell_1761648447070_912349010008_42695_0100.png,thumbs/cluster_6/087_cell_1761648447070_912349010008_42695_0100.jpg
6,/home/wangqianqian/project/FS/data/28gusui&pizang/03/52/cell_1761648739157_912349010008_70422_0000.png,thumbs/cluster_6/088_cell_1761648739157_912349010008_70422_0000.jpg
6,/home/wangqianqian/project/FS/data/28gusui&pizang/03/57/cell_1761649050419_912349010008_99893_0000.png,thumbs/cluster_6/089_cell_1761649050419_912349010008_99893_0000.jpg
6,/home/wangqianqian/project/FS/data/28gusui&pizang/03/51/cell_1761648665658_912349010008_62952_0000.png,thumbs/cluster_6/090_cell_1761648665658_912349010008_62952_0000.jpg
6,/home/wangqianqian/project/FS/data/28gusui&pizang/03/39/cell_1761647956374_912349010008_6455_0000.png,thumbs/cluster_6/091_cell_1761647956374_912349010008_6455_0000.jpg
6,/home/wangqianqian/project/FS/data/28gusui&pizang/03/49/cell_1761648573560_912349010008_53762_0000.png,thumbs/cluster_6/092_cell_1761648573560_912349010008_53762_0000.jpg
6,/home/wangqianqian/project/FS/data/28gusui&pizang/03/56/cell_1761648980471_912349010008_93160_0100.png,thumbs/cluster_6/093_cell_1761648980471_912349010008_93160_0100.jpg
6,/home/wangqianqian/project/FS/data/28gusui&pizang/03/50/cell_1761648652287_912349010008_61609_0000.png,thumbs/cluster_6/094_cell_1761648652287_912349010008_61609_0000.jpg
6,/home/wangqianqian/project/FS/data/28gusui&pizang/03/53/cell_1761648836328_912349010008_80067_0000.png,thumbs/cluster_6/095_cell_1761648836328_912349010008_80067_0000.jpg
6,/home/wangqianqian/project/FS/data/28gusui&pizang/03/44/cell_1761648255451_912349010008_25499_0000.png,thumbs/cluster_6/096_cell_1761648255451_912349010008_25499_0000.jpg
6,/home/wangqianqian/project/FS/data/28gusui&pizang/03/53/cell_1761648822041_912349010008_78731_0000.png,thumbs/cluster_6/097_cell_1761648822041_912349010008_78731_0000.jpg
6,/home/wangqianqian/project/FS/data/28gusui&pizang/03/54/cell_1761648898490_912349010008_86163_0100.png,thumbs/cluster_6/098_cell_1761648898490_912349010008_86163_0100.jpg
6,/home/wangqianqian/project/FS/data/28gusui&pizang/03/41/cell_1761648095497_912349010008_13571_0000.png,thumbs/cluster_6/099_cell_1761648095497_912349010008_13571_0000.jpg
7,/home/wangqianqian/project/FS/data/28gusui&pizang/03/48/cell_1761648502994_912349010008_47498_0000.png,thumbs/cluster_7/000_cell_1761648502994_912349010008_47498_0000.jpg
7,/home/wangqianqian/project/FS/data/28gusui&pizang/03/39/cell_1761647968496_912349010008_6923_0000.png,thumbs/cluster_7/001_cell_1761647968496_912349010008_6923_0000.jpg
7,/home/wangqianqian/project/FS/data/28gusui&pizang/03/46/cell_1761648361681_912349010008_34903_0100.png,thumbs/cluster_7/002_cell_1761648361681_912349010008_34903_0100.jpg
7,/home/wangqianqian/project/FS/data/28gusui&pizang/03/58/cell_1761649137749_912349010008_109052_0000.png,thumbs/cluster_7/003_cell_1761649137749_912349010008_109052_0000.jpg
7,/home/wangqianqian/project/FS/data/28gusui&pizang/03/52/cell_1761648738873_912349010008_70374_0000.png,thumbs/cluster_7/004_cell_1761648738873_912349010008_70374_0000.jpg
7,/home/wangqianqian/project/FS/data/28gusui&pizang/03/54/cell_1761648888747_912349010008_85348_0000.png,thumbs/cluster_7/005_cell_1761648888747_912349010008_85348_0000.jpg
7,/home/wangqianqian/project/FS/data/28gusui&pizang/03/48/cell_1761648498587_912349010008_47128_0100.png,thumbs/cluster_7/006_cell_1761648498587_912349010008_47128_0100.jpg
7,/home/wangqianqian/project/FS/data/28gusui&pizang/03/56/cell_1761649015400_912349010008_96370_0000.png,thumbs/cluster_7/007_cell_1761649015400_912349010008_96370_0000.jpg
7,/home/wangqianqian/project/FS/data/28gusui&pizang/03/45/cell_1761648352848_912349010008_34087_0000.png,thumbs/cluster_7/008_cell_1761648352848_912349010008_34087_0000.jpg
7,/home/wangqianqian/project/FS/data/28gusui&pizang/03/48/cell_1761648530683_912349010008_49727_0000.png,thumbs/cluster_7/009_cell_1761648530683_912349010008_49727_0000.jpg
7,/home/wangqianqian/project/FS/data/28gusui&pizang/03/52/cell_1761648729783_912349010008_69452_0100.png,thumbs/cluster_7/010_cell_1761648729783_912349010008_69452_0100.jpg
7,/home/wangqianqian/project/FS/data/28gusui&pizang/03/44/cell_1761648291664_912349010008_28795_0000.png,thumbs/cluster_7/011_cell_1761648291664_912349010008_28795_0000.jpg
7,/home/wangqianqian/project/FS/data/28gusui&pizang/03/50/cell_1761648642239_912349010008_60524_0100.png,thumbs/cluster_7/012_cell_1761648642239_912349010008_60524_0100.jpg
7,/home/wangqianqian/project/FS/data/28gusui&pizang/03/55/cell_1761648954800_912349010008_90886_0100.png,thumbs/cluster_7/013_cell_1761648954800_912349010008_90886_0100.jpg
7,/home/wangqianqian/project/FS/data/28gusui&pizang/03/52/cell_1761648750153_912349010008_71501_0100.png,thumbs/cluster_7/014_cell_1761648750153_912349010008_71501_0100.jpg
7,/home/wangqianqian/project/FS/data/28gusui&pizang/03/48/cell_1761648507419_912349010008_47865_0100.png,thumbs/cluster_7/015_cell_1761648507419_912349010008_47865_0100.jpg
7,/home/wangqianqian/project/FS/data/28gusui&pizang/03/41/cell_1761648118046_912349010008_14920_0000.png,thumbs/cluster_7/016_cell_1761648118046_912349010008_14920_0000.jpg
7,/home/wangqianqian/project/FS/data/28gusui&pizang/03/53/cell_1761648800800_912349010008_76567_0000.png,thumbs/cluster_7/017_cell_1761648800800_912349010008_76567_0000.jpg
7,/home/wangqianqian/project/FS/data/28gusui&pizang/03/50/cell_1761648638702_912349010008_60193_0000.png,thumbs/cluster_7/018_cell_1761648638702_912349010008_60193_0000.jpg
7,/home/wangqianqian/project/FS/data/28gusui&pizang/03/59/cell_1761649147937_912349010008_110115_0100.png,thumbs/cluster_7/019_cell_1761649147937_912349010008_110115_0100.jpg
7,/home/wangqianqian/project/FS/data/28gusui&pizang/03/45/cell_1761648310018_912349010008_30325_0000.png,thumbs/cluster_7/020_cell_1761648310018_912349010008_30325_0000.jpg
7,/home/wangqianqian/project/FS/data/28gusui&pizang/03/51/cell_1761648710309_912349010008_67560_0000.png,thumbs/cluster_7/021_cell_1761648710309_912349010008_67560_0000.jpg
7,/home/wangqianqian/project/FS/data/28gusui&pizang/03/45/cell_1761648346703_912349010008_33547_0000.png,thumbs/cluster_7/022_cell_1761648346703_912349010008_33547_0000.jpg
7,/home/wangqianqian/project/FS/data/28gusui&pizang/03/48/cell_1761648485513_912349010008_46015_0100.png,thumbs/cluster_7/023_cell_1761648485513_912349010008_46015_0100.jpg
7,/home/wangqianqian/project/FS/data/28gusui&pizang/03/38/cell_1761647897937_912349010008_4367_0100.png,thumbs/cluster_7/024_cell_1761647897937_912349010008_4367_0100.jpg
7,/home/wangqianqian/project/FS/data/28gusui&pizang/03/51/cell_1761648713037_912349010008_67861_0100.png,thumbs/cluster_7/025_cell_1761648713037_912349010008_67861_0100.jpg
7,/home/wangqianqian/project/FS/data/28gusui&pizang/03/52/cell_1761648766110_912349010008_73041_0100.png,thumbs/cluster_7/026_cell_1761648766110_912349010008_73041_0100.jpg
7,/home/wangqianqian/project/FS/data/28gusui&pizang/03/42/cell_1761648161922_912349010008_18033_0100.png,thumbs/cluster_7/027_cell_1761648161922_912349010008_18033_0100.jpg
7,/home/wangqianqian/project/FS/data/28gusui&pizang/03/40/cell_1761648012027_912349010008_8835_0000.png,thumbs/cluster_7/028_cell_1761648012027_912349010008_8835_0000.jpg
7,/home/wangqianqian/project/FS/data/28gusui&pizang/03/59/cell_1761649175594_912349010008_113105_0000.png,thumbs/cluster_7/029_cell_1761649175594_912349010008_113105_0000.jpg
7,/home/wangqianqian/project/FS/data/28gusui&pizang/03/51/cell_1761648707594_912349010008_67271_0000.png,thumbs/cluster_7/030_cell_1761648707594_912349010008_67271_0000.jpg
7,/home/wangqianqian/project/FS/data/28gusui&pizang/03/38/cell_1761647927800_912349010008_5260_0000.png,thumbs/cluster_7/031_cell_1761647927800_912349010008_5260_0000.jpg
7,/home/wangqianqian/project/FS/data/28gusui&pizang/03/50/cell_1761648609664_912349010008_57282_0100.png,thumbs/cluster_7/032_cell_1761648609664_912349010008_57282_0100.jpg
7,/home/wangqianqian/project/FS/data/28gusui&pizang/03/47/cell_1761648456533_912349010008_43494_0100.png,thumbs/cluster_7/033_cell_1761648456533_912349010008_43494_0100.jpg
7,/home/wangqianqian/project/FS/data/28gusui&pizang/03/44/cell_1761648284714_912349010008_28172_0000.png,thumbs/cluster_7/034_cell_1761648284714_912349010008_28172_0000.jpg
7,/home/wangqianqian/project/FS/data/28gusui&pizang/03/56/cell_1761648975122_912349010008_92682_0100.png,thumbs/cluster_7/035_cell_1761648975122_912349010008_92682_0100.jpg
7,/home/wangqianqian/project/FS/data/28gusui&pizang/03/51/cell_1761648674253_912349010008_63764_0000.png,thumbs/cluster_7/036_cell_1761648674253_912349010008_63764_0000.jpg
7,/home/wangqianqian/project/FS/data/28gusui&pizang/03/43/cell_1761648215327_912349010008_22114_0100.png,thumbs/cluster_7/037_cell_1761648215327_912349010008_22114_0100.jpg
7,/home/wangqianqian/project/FS/data/28gusui&pizang/03/48/cell_1761648516674_912349010008_48565_0000.png,thumbs/cluster_7/038_cell_1761648516674_912349010008_48565_0000.jpg
7,/home/wangqianqian/project/FS/data/28gusui&pizang/03/54/cell_1761648877346_912349010008_84214_0000.png,thumbs/cluster_7/039_cell_1761648877346_912349010008_84214_0000.jpg
7,/home/wangqianqian/project/FS/data/28gusui&pizang/03/52/cell_1761648768313_912349010008_73210_0100.png,thumbs/cluster_7/040_cell_1761648768313_912349010008_73210_0100.jpg
7,/home/wangqianqian/project/FS/data/28gusui&pizang/03/43/cell_1761648233017_912349010008_23510_0100.png,thumbs/cluster_7/041_cell_1761648233017_912349010008_23510_0100.jpg
7,/home/wangqianqian/project/FS/data/28gusui&pizang/03/51/cell_1761648701248_912349010008_66565_0100.png,thumbs/cluster_7/042_cell_1761648701248_912349010008_66565_0100.jpg
7,/home/wangqianqian/project/FS/data/28gusui&pizang/03/44/cell_1761648286922_912349010008_28407_0000.png,thumbs/cluster_7/043_cell_1761648286922_912349010008_28407_0000.jpg
7,/home/wangqianqian/project/FS/data/28gusui&pizang/03/44/cell_1761648270620_912349010008_26860_0000.png,thumbs/cluster_7/044_cell_1761648270620_912349010008_26860_0000.jpg
7,/home/wangqianqian/project/FS/data/28gusui&pizang/03/51/cell_1761648685450_912349010008_64911_0100.png,thumbs/cluster_7/045_cell_1761648685450_912349010008_64911_0100.jpg
7,/home/wangqianqian/project/FS/data/28gusui&pizang/03/44/cell_1761648272671_912349010008_27065_0100.png,thumbs/cluster_7/046_cell_1761648272671_912349010008_27065_0100.jpg
7,/home/wangqianqian/project/FS/data/28gusui&pizang/03/50/cell_1761648634394_912349010008_59732_0100.png,thumbs/cluster_7/047_cell_1761648634394_912349010008_59732_0100.jpg
7,/home/wangqianqian/project/FS/data/28gusui&pizang/03/40/cell_1761648015511_912349010008_9002_0000.png,thumbs/cluster_7/048_cell_1761648015511_912349010008_9002_0000.jpg
7,/home/wangqianqian/project/FS/data/28gusui&pizang/03/49/cell_1761648551757_912349010008_51649_0000.png,thumbs/cluster_7/049_cell_1761648551757_912349010008_51649_0000.jpg
7,/home/wangqianqian/project/FS/data/28gusui&pizang/03/56/cell_1761648965981_912349010008_91863_0000.png,thumbs/cluster_7/050_cell_1761648965981_912349010008_91863_0000.jpg
7,/home/wangqianqian/project/FS/data/28gusui&pizang/03/47/cell_1761648452804_912349010008_43189_0000.png,thumbs/cluster_7/051_cell_1761648452804_912349010008_43189_0000.jpg
7,/home/wangqianqian/project/FS/data/28gusui&pizang/03/48/cell_1761648538644_912349010008_50463_0000.png,thumbs/cluster_7/052_cell_1761648538644_912349010008_50463_0000.jpg
7,/home/wangqianqian/project/FS/data/28gusui&pizang/03/44/cell_1761648254471_912349010008_25405_0000.png,thumbs/cluster_7/053_cell_1761648254471_912349010008_25405_0000.jpg
7,/home/wangqianqian/project/FS/data/28gusui&pizang/03/52/cell_1761648746006_912349010008_71120_0000.png,thumbs/cluster_7/054_cell_1761648746006_912349010008_71120_0000.jpg
7,/home/wangqianqian/project/FS/data/28gusui&pizang/03/45/cell_1761648302775_912349010008_29687_0000.png,thumbs/cluster_7/055_cell_1761648302775_912349010008_29687_0000.jpg
7,/home/wangqianqian/project/FS/data/28gusui&pizang/03/57/cell_1761649057432_912349010008_100626_0100.png,thumbs/cluster_7/056_cell_1761649057432_912349010008_100626_0100.jpg
7,/home/wangqianqian/project/FS/data/28gusui&pizang/03/52/cell_1761648770743_912349010008_73460_0000.png,thumbs/cluster_7/057_cell_1761648770743_912349010008_73460_0000.jpg
7,/home/wangqianqian/project/FS/data/28gusui&pizang/03/42/cell_1761648146362_912349010008_16965_0000.png,thumbs/cluster_7/058_cell_1761648146362_912349010008_16965_0000.jpg
7,/home/wangqianqian/project/FS/data/28gusui&pizang/03/53/cell_1761648780072_912349010008_74309_0000.png,thumbs/cluster_7/059_cell_1761648780072_912349010008_74309_0000.jpg
7,/home/wangqianqian/project/FS/data/28gusui&pizang/03/50/cell_1761648639299_912349010008_60260_0000.png,thumbs/cluster_7/060_cell_1761648639299_912349010008_60260_0000.jpg
7,/home/wangqianqian/project/FS/data/28gusui&pizang/03/44/cell_1761648259639_912349010008_25838_0100.png,thumbs/cluster_7/061_cell_1761648259639_912349010008_25838_0100.jpg
7,/home/wangqianqian/project/FS/data/28gusui&pizang/03/50/cell_1761648654217_912349010008_61806_0000.png,thumbs/cluster_7/062_cell_1761648654217_912349010008_61806_0000.jpg
7,/home/wangqianqian/project/FS/data/28gusui&pizang/03/40/cell_1761648046710_912349010008_10561_0100.png,thumbs/cluster_7/063_cell_1761648046710_912349010008_10561_0100.jpg
7,/home/wangqianqian/project/FS/data/28gusui&pizang/03/47/cell_1761648456951_912349010008_43535_0100.png,thumbs/cluster_7/064_cell_1761648456951_912349010008_43535_0100.jpg
7,/home/wangqianqian/project/FS/data/28gusui&pizang/03/52/cell_1761648757146_912349010008_72181_0000.png,thumbs/cluster_7/065_cell_1761648757146_912349010008_72181_0000.jpg
7,/home/wangqianqian/project/FS/data/28gusui&pizang/03/57/cell_1761649074406_912349010008_102382_0000.png,thumbs/cluster_7/066_cell_1761649074406_912349010008_102382_0000.jpg
7,/home/wangqianqian/project/FS/data/28gusui&pizang/03/51/cell_1761648708760_912349010008_67382_0000.png,thumbs/cluster_7/067_cell_1761648708760_912349010008_67382_0000.jpg
7,/home/wangqianqian/project/FS/data/28gusui&pizang/03/56/cell_1761649007172_912349010008_95674_0100.png,thumbs/cluster_7/068_cell_1761649007172_912349010008_95674_0100.jpg
7,/home/wangqianqian/project/FS/data/28gusui&pizang/03/48/cell_1761648495844_912349010008_46903_0000.png,thumbs/cluster_7/069_cell_1761648495844_912349010008_46903_0000.jpg
7,/home/wangqianqian/project/FS/data/28gusui&pizang/03/56/cell_1761648995911_912349010008_94588_0100.png,thumbs/cluster_7/070_cell_1761648995911_912349010008_94588_0100.jpg
7,/home/wangqianqian/project/FS/data/28gusui&pizang/03/59/cell_1761649146736_912349010008_110000_0100.png,thumbs/cluster_7/071_cell_1761649146736_912349010008_110000_0100.jpg
7,/home/wangqianqian/project/FS/data/28gusui&pizang/03/57/cell_1761649040621_912349010008_98852_0100.png,thumbs/cluster_7/072_cell_1761649040621_912349010008_98852_0100.jpg
7,/home/wangqianqian/project/FS/data/28gusui&pizang/03/58/cell_1761649085974_912349010008_103577_0100.png,thumbs/cluster_7/073_cell_1761649085974_912349010008_103577_0100.jpg
7,/home/wangqianqian/project/FS/data/28gusui&pizang/03/54/cell_1761648879020_912349010008_84373_0000.png,thumbs/cluster_7/074_cell_1761648879020_912349010008_84373_0000.jpg
7,/home/wangqianqian/project/FS/data/28gusui&pizang/03/43/cell_1761648216000_912349010008_22160_0000.png,thumbs/cluster_7/075_cell_1761648216000_912349010008_22160_0000.jpg
7,/home/wangqianqian/project/FS/data/28gusui&pizang/03/53/cell_1761648790802_912349010008_75469_0100.png,thumbs/cluster_7/076_cell_1761648790802_912349010008_75469_0100.jpg
7,/home/wangqianqian/project/FS/data/28gusui&pizang/03/55/cell_1761648928528_912349010008_88672_0000.png,thumbs/cluster_7/077_cell_1761648928528_912349010008_88672_0000.jpg
7,/home/wangqianqian/project/FS/data/28gusui&pizang/03/45/cell_1761648319011_912349010008_31037_0100.png,thumbs/cluster_7/078_cell_1761648319011_912349010008_31037_0100.jpg
7,/home/wangqianqian/project/FS/data/28gusui&pizang/03/44/cell_1761648264390_912349010008_26270_0000.png,thumbs/cluster_7/079_cell_1761648264390_912349010008_26270_0000.jpg
7,/home/wangqianqian/project/FS/data/28gusui&pizang/03/45/cell_1761648327736_912349010008_31763_0000.png,thumbs/cluster_7/080_cell_1761648327736_912349010008_31763_0000.jpg
7,/home/wangqianqian/project/FS/data/28gusui&pizang/03/48/cell_1761648503281_912349010008_47522_0100.png,thumbs/cluster_7/081_cell_1761648503281_912349010008_47522_0100.jpg
7,/home/wangqianqian/project/FS/data/28gusui&pizang/03/43/cell_1761648230088_912349010008_23271_0000.png,thumbs/cluster_7/082_cell_1761648230088_912349010008_23271_0000.jpg
7,/home/wangqianqian/project/FS/data/28gusui&pizang/03/43/cell_1761648194810_912349010008_20428_0100.png,thumbs/cluster_7/083_cell_1761648194810_912349010008_20428_0100.jpg
7,/home/wangqianqian/project/FS/data/28gusui&pizang/03/59/cell_1761649153809_912349010008_110736_0100.png,thumbs/cluster_7/084_cell_1761649153809_912349010008_110736_0100.jpg
7,/home/wangqianqian/project/FS/data/28gusui&pizang/03/42/cell_1761648156570_912349010008_17667_0000.png,thumbs/cluster_7/085_cell_1761648156570_912349010008_17667_0000.jpg
7,/home/wangqianqian/project/FS/data/28gusui&pizang/03/54/cell_1761648899998_912349010008_86280_0100.png,thumbs/cluster_7/086_cell_1761648899998_912349010008_86280_0100.jpg
7,/home/wangqianqian/project/FS/data/28gusui&pizang/03/49/cell_1761648557421_912349010008_52177_0000.png,thumbs/cluster_7/087_cell_1761648557421_912349010008_52177_0000.jpg
7,/home/wangqianqian/project/FS/data/28gusui&pizang/03/55/cell_1761648952413_912349010008_90686_0100.png,thumbs/cluster_7/088_cell_1761648952413_912349010008_90686_0100.jpg
7,/home/wangqianqian/project/FS/data/28gusui&pizang/03/45/cell_1761648305483_912349010008_29930_0100.png,thumbs/cluster_7/089_cell_1761648305483_912349010008_29930_0100.jpg
7,/home/wangqianqian/project/FS/data/28gusui&pizang/03/47/cell_1761648448418_912349010008_42822_0100.png,thumbs/cluster_7/090_cell_1761648448418_912349010008_42822_0100.jpg
7,/home/wangqianqian/project/FS/data/28gusui&pizang/03/48/cell_1761648499450_912349010008_47190_0100.png,thumbs/cluster_7/091_cell_1761648499450_912349010008_47190_0100.jpg
7,/home/wangqianqian/project/FS/data/28gusui&pizang/03/58/cell_1761649124490_912349010008_107702_0000.png,thumbs/cluster_7/092_cell_1761649124490_912349010008_107702_0000.jpg
7,/home/wangqianqian/project/FS/data/28gusui&pizang/03/57/cell_1761649055754_912349010008_100446_0000.png,thumbs/cluster_7/093_cell_1761649055754_912349010008_100446_0000.jpg
7,/home/wangqianqian/project/FS/data/28gusui&pizang/03/46/cell_1761648401544_912349010008_38346_0100.png,thumbs/cluster_7/094_cell_1761648401544_912349010008_38346_0100.jpg
7,/home/wangqianqian/project/FS/data/28gusui&pizang/03/54/cell_1761648845279_912349010008_80970_0100.png,thumbs/cluster_7/095_cell_1761648845279_912349010008_80970_0100.jpg
7,/home/wangqianqian/project/FS/data/28gusui&pizang/03/58/cell_1761649125834_912349010008_107828_0100.png,thumbs/cluster_7/096_cell_1761649125834_912349010008_107828_0100.jpg
7,/home/wangqianqian/project/FS/data/28gusui&pizang/03/55/cell_1761648957838_912349010008_91179_0000.png,thumbs/cluster_7/097_cell_1761648957838_912349010008_91179_0000.jpg
7,/home/wangqianqian/project/FS/data/28gusui&pizang/03/49/cell_1761648543942_912349010008_50942_0100.png,thumbs/cluster_7/098_cell_1761648543942_912349010008_50942_0100.jpg
7,/home/wangqianqian/project/FS/data/28gusui&pizang/03/47/cell_1761648428813_912349010008_40907_0000.png,thumbs/cluster_7/099_cell_1761648428813_912349010008_40907_0000.jpg
8,/home/wangqianqian/project/FS/data/28gusui&pizang/03/44/cell_1761648296671_912349010008_29223_0000.png,thumbs/cluster_8/000_cell_1761648296671_912349010008_29223_0000.jpg
8,/home/wangqianqian/project/FS/data/28gusui&pizang/03/44/cell_1761648285372_912349010008_28240_0000.png,thumbs/cluster_8/001_cell_1761648285372_912349010008_28240_0000.jpg
8,/home/wangqianqian/project/FS/data/28gusui&pizang/03/53/cell_1761648787714_912349010008_75103_0100.png,thumbs/cluster_8/002_cell_1761648787714_912349010008_75103_0100.jpg
8,/home/wangqianqian/project/FS/data/28gusui&pizang/03/45/cell_1761648316440_912349010008_30840_0000.png,thumbs/cluster_8/003_cell_1761648316440_912349010008_30840_0000.jpg
8,/home/wangqianqian/project/FS/data/28gusui&pizang/03/40/cell_1761648059865_912349010008_11266_0100.png,thumbs/cluster_8/004_cell_1761648059865_912349010008_11266_0100.jpg
8,/home/wangqianqian/project/FS/data/28gusui&pizang/03/52/cell_1761648736293_912349010008_70091_0000.png,thumbs/cluster_8/005_cell_1761648736293_912349010008_70091_0000.jpg
8,/home/wangqianqian/project/FS/data/28gusui&pizang/03/45/cell_1761648343000_912349010008_33184_0100.png,thumbs/cluster_8/006_cell_1761648343000_912349010008_33184_0100.jpg
8,/home/wangqianqian/project/FS/data/28gusui&pizang/03/49/cell_1761648585472_912349010008_54845_0000.png,thumbs/cluster_8/007_cell_1761648585472_912349010008_54845_0000.jpg
8,/home/wangqianqian/project/FS/data/28gusui&pizang/03/56/cell_1761648969134_912349010008_92145_0000.png,thumbs/cluster_8/008_cell_1761648969134_912349010008_92145_0000.jpg
8,/home/wangqianqian/project/FS/data/28gusui&pizang/03/55/cell_1761648928255_912349010008_88656_0100.png,thumbs/cluster_8/009_cell_1761648928255_912349010008_88656_0100.jpg
8,/home/wangqianqian/project/FS/data/28gusui&pizang/03/51/cell_1761648703273_912349010008_66755_0100.png,thumbs/cluster_8/010_cell_1761648703273_912349010008_66755_0100.jpg
8,/home/wangqianqian/project/FS/data/28gusui&pizang/03/50/cell_1761648645777_912349010008_60945_0000.png,thumbs/cluster_8/011_cell_1761648645777_912349010008_60945_0000.jpg
8,/home/wangqianqian/project/FS/data/28gusui&pizang/03/57/cell_1761649047764_912349010008_99646_0100.png,thumbs/cluster_8/012_cell_1761649047764_912349010008_99646_0100.jpg
8,/home/wangqianqian/project/FS/data/28gusui&pizang/03/55/cell_1761648900820_912349010008_86375_0200.png,thumbs/cluster_8/013_cell_1761648900820_912349010008_86375_0200.jpg
8,/home/wangqianqian/project/FS/data/28gusui&pizang/03/48/cell_1761648537831_912349010008_50394_0100.png,thumbs/cluster_8/014_cell_1761648537831_912349010008_50394_0100.jpg
8,/home/wangqianqian/project/FS/data/28gusui&pizang/03/45/cell_1761648344181_912349010008_33297_0000.png,thumbs/cluster_8/015_cell_1761648344181_912349010008_33297_0000.jpg
8,/home/wangqianqian/project/FS/data/28gusui&pizang/03/42/cell_1761648132770_912349010008_15964_0100.png,thumbs/cluster_8/016_cell_1761648132770_912349010008_15964_0100.jpg
8,/home/wangqianqian/project/FS/data/28gusui&pizang/03/44/cell_1761648259406_912349010008_25823_0000.png,thumbs/cluster_8/017_cell_1761648259406_912349010008_25823_0000.jpg
8,/home/wangqianqian/project/FS/data/28gusui&pizang/03/42/cell_1761648135713_912349010008_16179_0000.png,thumbs/cluster_8/018_cell_1761648135713_912349010008_16179_0000.jpg
8,/home/wangqianqian/project/FS/data/28gusui&pizang/03/47/cell_1761648469986_912349010008_44646_0000.png,thumbs/cluster_8/019_cell_1761648469986_912349010008_44646_0000.jpg
8,/home/wangqianqian/project/FS/data/28gusui&pizang/03/52/cell_1761648774068_912349010008_73737_0000.png,thumbs/cluster_8/020_cell_1761648774068_912349010008_73737_0000.jpg
8,/home/wangqianqian/project/FS/data/28gusui&pizang/03/40/cell_1761648051216_912349010008_10785_0000.png,thumbs/cluster_8/021_cell_1761648051216_912349010008_10785_0000.jpg
8,/home/wangqianqian/project/FS/data/28gusui&pizang/03/51/cell_1761648677129_912349010008_64029_0000.png,thumbs/cluster_8/022_cell_1761648677129_912349010008_64029_0000.jpg
8,/home/wangqianqian/project/FS/data/28gusui&pizang/03/42/cell_1761648129834_912349010008_15725_0000.png,thumbs/cluster_8/023_cell_1761648129834_912349010008_15725_0000.jpg
8,/home/wangqianqian/project/FS/data/28gusui&pizang/03/53/cell_1761648790482_912349010008_75433_0000.png,thumbs/cluster_8/024_cell_1761648790482_912349010008_75433_0000.jpg
8,/home/wangqianqian/project/FS/data/28gusui&pizang/03/57/cell_1761649028248_912349010008_97635_0000.png,thumbs/cluster_8/025_cell_1761649028248_912349010008_97635_0000.jpg
8,/home/wangqianqian/project/FS/data/28gusui&pizang/03/58/cell_1761649113547_912349010008_106583_0000.png,thumbs/cluster_8/026_cell_1761649113547_912349010008_106583_0000.jpg
8,/home/wangqianqian/project/FS/data/28gusui&pizang/03/51/cell_1761648713091_912349010008_67871_0000.png,thumbs/cluster_8/027_cell_1761648713091_912349010008_67871_0000.jpg
8,/home/wangqianqian/project/FS/data/28gusui&pizang/03/46/cell_1761648383665_912349010008_36823_0100.png,thumbs/cluster_8/028_cell_1761648383665_912349010008_36823_0100.jpg
8,/home/wangqianqian/project/FS/data/28gusui&pizang/03/39/cell_1761647991326_912349010008_7851_0100.png,thumbs/cluster_8/029_cell_1761647991326_912349010008_7851_0100.jpg
8,/home/wangqianqian/project/FS/data/28gusui&pizang/03/44/cell_1761648264503_912349010008_26280_0100.png,thumbs/cluster_8/030_cell_1761648264503_912349010008_26280_0100.jpg
8,/home/wangqianqian/project/FS/data/28gusui&pizang/03/59/cell_1761649171276_912349010008_112649_0000.png,thumbs/cluster_8/031_cell_1761649171276_912349010008_112649_0000.jpg
8,/home/wangqianqian/project/FS/data/28gusui&pizang/03/50/cell_1761648649431_912349010008_61302_0100.png,thumbs/cluster_8/032_cell_1761648649431_912349010008_61302_0100.jpg
8,/home/wangqianqian/project/FS/data/28gusui&pizang/03/59/cell_1761649164736_912349010008_111936_0000.png,thumbs/cluster_8/033_cell_1761649164736_912349010008_111936_0000.jpg
8,/home/wangqianqian/project/FS/data/28gusui&pizang/03/48/cell_1761648498853_912349010008_47150_0000.png,thumbs/cluster_8/034_cell_1761648498853_912349010008_47150_0000.jpg
8,/home/wangqianqian/project/FS/data/28gusui&pizang/03/38/cell_1761647932664_912349010008_5490_0000.png,thumbs/cluster_8/035_cell_1761647932664_912349010008_5490_0000.jpg
8,/home/wangqianqian/project/FS/data/28gusui&pizang/03/45/cell_1761648323914_912349010008_31426_0000.png,thumbs/cluster_8/036_cell_1761648323914_912349010008_31426_0000.jpg
8,/home/wangqianqian/project/FS/data/28gusui&pizang/03/56/cell_1761649009341_912349010008_95857_0000.png,thumbs/cluster_8/037_cell_1761649009341_912349010008_95857_0000.jpg
8,/home/wangqianqian/project/FS/data/28gusui&pizang/03/45/cell_1761648324494_912349010008_31474_0000.png,thumbs/cluster_8/038_cell_1761648324494_912349010008_31474_0000.jpg
8,/home/wangqianqian/project/FS/data/28gusui&pizang/03/53/cell_1761648793294_912349010008_75748_0100.png,thumbs/cluster_8/039_cell_1761648793294_912349010008_75748_0100.jpg
8,/home/wangqianqian/project/FS/data/28gusui&pizang/03/45/cell_1761648342765_912349010008_33161_0100.png,thumbs/cluster_8/040_cell_1761648342765_912349010008_33161_0100.jpg
8,/home/wangqianqian/project/FS/data/28gusui&pizang/03/52/cell_1761648765603_912349010008_73004_0000.png,thumbs/cluster_8/041_cell_1761648765603_912349010008_73004_0000.jpg
8,/home/wangqianqian/project/FS/data/28gusui&pizang/03/53/cell_1761648789214_912349010008_75281_0100.png,thumbs/cluster_8/042_cell_1761648789214_912349010008_75281_0100.jpg
8,/home/wangqianqian/project/FS/data/28gusui&pizang/03/50/cell_1761648655373_912349010008_61949_0100.png,thumbs/cluster_8/043_cell_1761648655373_912349010008_61949_0100.jpg
8,/home/wangqianqian/project/FS/data/28gusui&pizang/03/44/cell_1761648282381_912349010008_27983_0000.png,thumbs/cluster_8/044_cell_1761648282381_912349010008_27983_0000.jpg
8,/home/wangqianqian/project/FS/data/28gusui&pizang/03/55/cell_1761648929518_912349010008_88767_0000.png,thumbs/cluster_8/045_cell_1761648929518_912349010008_88767_0000.jpg
8,/home/wangqianqian/project/FS/data/28gusui&pizang/03/57/cell_1761649041936_912349010008_98982_0000.png,thumbs/cluster_8/046_cell_1761649041936_912349010008_98982_0000.jpg
8,/home/wangqianqian/project/FS/data/28gusui&pizang/03/41/cell_1761648078726_912349010008_12421_0100.png,thumbs/cluster_8/047_cell_1761648078726_912349010008_12421_0100.jpg
8,/home/wangqianqian/project/FS/data/28gusui&pizang/03/43/cell_1761648188171_912349010008_19942_0000.png,thumbs/cluster_8/048_cell_1761648188171_912349010008_19942_0000.jpg
8,/home/wangqianqian/project/FS/data/28gusui&pizang/03/57/cell_1761649045307_912349010008_99368_0000.png,thumbs/cluster_8/049_cell_1761649045307_912349010008_99368_0000.jpg
8,/home/wangqianqian/project/FS/data/28gusui&pizang/03/59/cell_1761649176972_912349010008_113227_0100.png,thumbs/cluster_8/050_cell_1761649176972_912349010008_113227_0100.jpg
8,/home/wangqianqian/project/FS/data/28gusui&pizang/03/50/cell_1761648603717_912349010008_56750_0100.png,thumbs/cluster_8/051_cell_1761648603717_912349010008_56750_0100.jpg
8,/home/wangqianqian/project/FS/data/28gusui&pizang/03/44/cell_1761648266543_912349010008_26472_0100.png,thumbs/cluster_8/052_cell_1761648266543_912349010008_26472_0100.jpg
8,/home/wangqianqian/project/FS/data/28gusui&pizang/03/58/cell_1761649131486_912349010008_108450_0100.png,thumbs/cluster_8/053_cell_1761649131486_912349010008_108450_0100.jpg
8,/home/wangqianqian/project/FS/data/28gusui&pizang/03/47/cell_1761648465488_912349010008_44268_0100.png,thumbs/cluster_8/054_cell_1761648465488_912349010008_44268_0100.jpg
8,/home/wangqianqian/project/FS/data/28gusui&pizang/03/53/cell_1761648821558_912349010008_78695_0100.png,thumbs/cluster_8/055_cell_1761648821558_912349010008_78695_0100.jpg
8,/home/wangqianqian/project/FS/data/28gusui&pizang/03/55/cell_1761648909449_912349010008_87059_0100.png,thumbs/cluster_8/056_cell_1761648909449_912349010008_87059_0100.jpg
8,/home/wangqianqian/project/FS/data/28gusui&pizang/03/53/cell_1761648780885_912349010008_74388_0100.png,thumbs/cluster_8/057_cell_1761648780885_912349010008_74388_0100.jpg
8,/home/wangqianqian/project/FS/data/28gusui&pizang/03/47/cell_1761648474277_912349010008_45028_0100.png,thumbs/cluster_8/058_cell_1761648474277_912349010008_45028_0100.jpg
8,/home/wangqianqian/project/FS/data/28gusui&pizang/03/54/cell_1761648868150_912349010008_83277_0000.png,thumbs/cluster_8/059_cell_1761648868150_912349010008_83277_0000.jpg
8,/home/wangqianqian/project/FS/data/28gusui&pizang/03/48/cell_1761648532395_912349010008_49893_0000.png,thumbs/cluster_8/060_cell_1761648532395_912349010008_49893_0000.jpg
8,/home/wangqianqian/project/FS/data/28gusui&pizang/03/42/cell_1761648147593_912349010008_17042_0000.png,thumbs/cluster_8/061_cell_1761648147593_912349010008_17042_0000.jpg
8,/home/wangqianqian/project/FS/data/28gusui&pizang/03/55/cell_1761648941999_912349010008_89817_0000.png,thumbs/cluster_8/062_cell_1761648941999_912349010008_89817_0000.jpg
8,/home/wangqianqian/project/FS/data/28gusui&pizang/03/46/cell_1761648389561_912349010008_37321_0000.png,thumbs/cluster_8/063_cell_1761648389561_912349010008_37321_0000.jpg
8,/home/wangqianqian/project/FS/data/28gusui&pizang/03/55/cell_1761648932560_912349010008_89040_0000.png,thumbs/cluster_8/064_cell_1761648932560_912349010008_89040_0000.jpg
8,/home/wangqianqian/project/FS/data/28gusui&pizang/03/48/cell_1761648504392_912349010008_47604_0000.png,thumbs/cluster_8/065_cell_1761648504392_912349010008_47604_0000.jpg
8,/home/wangqianqian/project/FS/data/28gusui&pizang/03/57/cell_1761649033807_912349010008_98164_0000.png,thumbs/cluster_8/066_cell_1761649033807_912349010008_98164_0000.jpg
8,/home/wangqianqian/project/FS/data/28gusui&pizang/03/53/cell_1761648829441_912349010008_79432_0000.png,thumbs/cluster_8/067_cell_1761648829441_912349010008_79432_0000.jpg
8,/home/wangqianqian/project/FS/data/28gusui&pizang/03/45/cell_1761648327148_912349010008_31708_0000.png,thumbs/cluster_8/068_cell_1761648327148_912349010008_31708_0000.jpg
8,/home/wangqianqian/project/FS/data/28gusui&pizang/03/40/cell_1761648021193_912349010008_9309_0100.png,thumbs/cluster_8/069_cell_1761648021193_912349010008_9309_0100.jpg
8,/home/wangqianqian/project/FS/data/28gusui&pizang/03/53/cell_1761648827889_912349010008_79294_0000.png,thumbs/cluster_8/070_cell_1761648827889_912349010008_79294_0000.jpg
8,/home/wangqianqian/project/FS/data/28gusui&pizang/03/43/cell_1761648211778_912349010008_21839_0000.png,thumbs/cluster_8/071_cell_1761648211778_912349010008_21839_0000.jpg
8,/home/wangqianqian/project/FS/data/28gusui&pizang/03/52/cell_1761648753091_912349010008_71790_0000.png,thumbs/cluster_8/072_cell_1761648753091_912349010008_71790_0000.jpg
8,/home/wangqianqian/project/FS/data/28gusui&pizang/03/49/cell_1761648543349_912349010008_50906_0000.png,thumbs/cluster_8/073_cell_1761648543349_912349010008_50906_0000.jpg
8,/home/wangqianqian/project/FS/data/28gusui&pizang/03/42/cell_1761648156414_912349010008_17660_0000.png,thumbs/cluster_8/074_cell_1761648156414_912349010008_17660_0000.jpg
8,/home/wangqianqian/project/FS/data/28gusui&pizang/03/55/cell_1761648959557_912349010008_91324_0000.png,thumbs/cluster_8/075_cell_1761648959557_912349010008_91324_0000.jpg
8,/home/wangqianqian/project/FS/data/28gusui&pizang/03/45/cell_1761648323491_912349010008_31389_0100.png,thumbs/cluster_8/076_cell_1761648323491_912349010008_31389_0100.jpg
8,/home/wangqianqian/project/FS/data/28gusui&pizang/03/39/cell_1761647989570_912349010008_7756_0100.png,thumbs/cluster_8/077_cell_1761647989570_912349010008_7756_0100.jpg
8,/home/wangqianqian/project/FS/data/28gusui&pizang/03/49/cell_1761648560378_912349010008_52434_0100.png,thumbs/cluster_8/078_cell_1761648560378_912349010008_52434_0100.jpg
8,/home/wangqianqian/project/FS/data/28gusui&pizang/03/46/cell_1761648412819_912349010008_39373_0000.png,thumbs/cluster_8/079_cell_1761648412819_912349010008_39373_0000.jpg
8,/home/wangqianqian/project/FS/data/28gusui&pizang/03/46/cell_1761648413107_912349010008_39401_0000.png,thumbs/cluster_8/080_cell_1761648413107_912349010008_39401_0000.jpg
8,/home/wangqianqian/project/FS/data/28gusui&pizang/03/59/cell_1761649172518_912349010008_112774_0100.png,thumbs/cluster_8/081_cell_1761649172518_912349010008_112774_0100.jpg
8,/home/wangqianqian/project/FS/data/28gusui&pizang/03/55/cell_1761648911170_912349010008_87187_0100.png,thumbs/cluster_8/082_cell_1761648911170_912349010008_87187_0100.jpg
8,/home/wangqianqian/project/FS/data/28gusui&pizang/03/44/cell_1761648291643_912349010008_28792_0100.png,thumbs/cluster_8/083_cell_1761648291643_912349010008_28792_0100.jpg
8,/home/wangqianqian/project/FS/data/28gusui&pizang/03/44/cell_1761648278833_912349010008_27657_0100.png,thumbs/cluster_8/084_cell_1761648278833_912349010008_27657_0100.jpg
8,/home/wangqianqian/project/FS/data/28gusui&pizang/03/54/cell_1761648855502_912349010008_81988_0000.png,thumbs/cluster_8/085_cell_1761648855502_912349010008_81988_0000.jpg
8,/home/wangqianqian/project/FS/data/28gusui&pizang/03/47/cell_1761648442793_912349010008_42300_0100.png,thumbs/cluster_8/086_cell_1761648442793_912349010008_42300_0100.jpg
8,/home/wangqianqian/project/FS/data/28gusui&pizang/03/42/cell_1761648143471_912349010008_16733_0000.png,thumbs/cluster_8/087_cell_1761648143471_912349010008_16733_0000.jpg
8,/home/wangqianqian/project/FS/data/28gusui&pizang/03/43/cell_1761648192620_912349010008_20272_0100.png,thumbs/cluster_8/088_cell_1761648192620_912349010008_20272_0100.jpg
8,/home/wangqianqian/project/FS/data/28gusui&pizang/03/59/cell_1761649174827_912349010008_113020_0100.png,thumbs/cluster_8/089_cell_1761649174827_912349010008_113020_0100.jpg
8,/home/wangqianqian/project/FS/data/28gusui&pizang/03/43/cell_1761648204684_912349010008_21213_0000.png,thumbs/cluster_8/090_cell_1761648204684_912349010008_21213_0000.jpg
8,/home/wangqianqian/project/FS/data/28gusui&pizang/03/50/cell_1761648658430_912349010008_62232_0100.png,thumbs/cluster_8/091_cell_1761648658430_912349010008_62232_0100.jpg
8,/home/wangqianqian/project/FS/data/28gusui&pizang/03/58/cell_1761649082875_912349010008_103273_0000.png,thumbs/cluster_8/092_cell_1761649082875_912349010008_103273_0000.jpg
8,/home/wangqianqian/project/FS/data/28gusui&pizang/03/49/cell_1761648572710_912349010008_53673_0000.png,thumbs/cluster_8/093_cell_1761648572710_912349010008_53673_0000.jpg
8,/home/wangqianqian/project/FS/data/28gusui&pizang/03/52/cell_1761648771915_912349010008_73569_0000.png,thumbs/cluster_8/094_cell_1761648771915_912349010008_73569_0000.jpg
8,/home/wangqianqian/project/FS/data/28gusui&pizang/03/42/cell_1761648171654_912349010008_18721_0100.png,thumbs/cluster_8/095_cell_1761648171654_912349010008_18721_0100.jpg
8,/home/wangqianqian/project/FS/data/28gusui&pizang/03/53/cell_1761648836495_912349010008_80081_0000.png,thumbs/cluster_8/096_cell_1761648836495_912349010008_80081_0000.jpg
8,/home/wangqianqian/project/FS/data/28gusui&pizang/03/44/cell_1761648246167_912349010008_24682_0000.png,thumbs/cluster_8/097_cell_1761648246167_912349010008_24682_0000.jpg
8,/home/wangqianqian/project/FS/data/28gusui&pizang/03/47/cell_1761648420732_912349010008_40154_0000.png,thumbs/cluster_8/098_cell_1761648420732_912349010008_40154_0000.jpg
8,/home/wangqianqian/project/FS/data/28gusui&pizang/03/56/cell_1761648965031_912349010008_91788_0000.png,thumbs/cluster_8/099_cell_1761648965031_912349010008_91788_0000.jpg
9,/home/wangqianqian/project/FS/data/28gusui&pizang/03/39/cell_1761647994547_912349010008_7983_0000.png,thumbs/cluster_9/000_cell_1761647994547_912349010008_7983_0000.jpg
9,/home/wangqianqian/project/FS/data/28gusui&pizang/03/48/cell_1761648538095_912349010008_50423_0000.png,thumbs/cluster_9/001_cell_1761648538095_912349010008_50423_0000.jpg
9,/home/wangqianqian/project/FS/data/28gusui&pizang/03/38/cell_1761647923175_912349010008_5129_0000.png,thumbs/cluster_9/002_cell_1761647923175_912349010008_5129_0000.jpg
9,/home/wangqianqian/project/FS/data/28gusui&pizang/03/59/cell_1761649178235_912349010008_113344_0000.png,thumbs/cluster_9/003_cell_1761649178235_912349010008_113344_0000.jpg
9,/home/wangqianqian/project/FS/data/28gusui&pizang/03/44/cell_1761648251491_912349010008_25143_0000.png,thumbs/cluster_9/004_cell_1761648251491_912349010008_25143_0000.jpg
9,/home/wangqianqian/project/FS/data/28gusui&pizang/03/54/cell_1761648876242_912349010008_84093_0000.png,thumbs/cluster_9/005_cell_1761648876242_912349010008_84093_0000.jpg
9,/home/wangqianqian/project/FS/data/28gusui&pizang/03/57/cell_1761649029566_912349010008_97772_0000.png,thumbs/cluster_9/006_cell_1761649029566_912349010008_97772_0000.jpg
9,/home/wangqianqian/project/FS/data/28gusui&pizang/03/54/cell_1761648844550_912349010008_80911_0000.png,thumbs/cluster_9/007_cell_1761648844550_912349010008_80911_0000.jpg
9,/home/wangqianqian/project/FS/data/28gusui&pizang/03/52/cell_1761648777311_912349010008_74031_0000.png,thumbs/cluster_9/008_cell_1761648777311_912349010008_74031_0000.jpg
9,/home/wangqianqian/project/FS/data/28gusui&pizang/03/53/cell_1761648822669_912349010008_78800_0000.png,thumbs/cluster_9/009_cell_1761648822669_912349010008_78800_0000.jpg
9,/home/wangqianqian/project/FS/data/28gusui&pizang/03/56/cell_1761648992748_912349010008_94292_0000.png,thumbs/cluster_9/010_cell_1761648992748_912349010008_94292_0000.jpg
9,/home/wangqianqian/project/FS/data/28gusui&pizang/03/54/cell_1761648894331_912349010008_85845_0000.png,thumbs/cluster_9/011_cell_1761648894331_912349010008_85845_0000.jpg
9,/home/wangqianqian/project/FS/data/28gusui&pizang/03/57/cell_1761649075486_912349010008_102494_0100.png,thumbs/cluster_9/012_cell_1761649075486_912349010008_102494_0100.jpg
9,/home/wangqianqian/project/FS/data/28gusui&pizang/03/59/cell_1761649175296_912349010008_113076_0100.png,thumbs/cluster_9/013_cell_1761649175296_912349010008_113076_0100.jpg
9,/home/wangqianqian/project/FS/data/28gusui&pizang/03/52/cell_1761648753541_912349010008_71828_0000.png,thumbs/cluster_9/014_cell_1761648753541_912349010008_71828_0000.jpg
9,/home/wangqianqian/project/FS/data/28gusui&pizang/03/49/cell_1761648566452_912349010008_53053_0000.png,thumbs/cluster_9/015_cell_1761648566452_912349010008_53053_0000.jpg
9,/home/wangqianqian/project/FS/data/28gusui&pizang/03/52/cell_1761648748682_912349010008_71356_0100.png,thumbs/cluster_9/016_cell_1761648748682_912349010008_71356_0100.jpg
9,/home/wangqianqian/project/FS/data/28gusui&pizang/03/53/cell_1761648824005_912349010008_78934_0000.png,thumbs/cluster_9/017_cell_1761648824005_912349010008_78934_0000.jpg
9,/home/wangqianqian/project/FS/data/28gusui&pizang/03/48/cell_1761648526569_912349010008_49380_0000.png,thumbs/cluster_9/018_cell_1761648526569_912349010008_49380_0000.jpg
9,/home/wangqianqian/project/FS/data/28gusui&pizang/03/42/cell_1761648121856_912349010008_15170_0000.png,thumbs/cluster_9/019_cell_1761648121856_912349010008_15170_0000.jpg
9,/home/wangqianqian/project/FS/data/28gusui&pizang/03/40/cell_1761648003184_912349010008_8380_0100.png,thumbs/cluster_9/020_cell_1761648003184_912349010008_8380_0100.jpg
9,/home/wangqianqian/project/FS/data/28gusui&pizang/03/57/cell_1761649026268_912349010008_97422_0100.png,thumbs/cluster_9/021_cell_1761649026268_912349010008_97422_0100.jpg
9,/home/wangqianqian/project/FS/data/28gusui&pizang/03/43/cell_1761648220852_912349010008_22516_0100.png,thumbs/cluster_9/022_cell_1761648220852_912349010008_22516_0100.jpg
9,/home/wangqianqian/project/FS/data/28gusui&pizang/03/57/cell_1761649040708_912349010008_98859_0000.png,thumbs/cluster_9/023_cell_1761649040708_912349010008_98859_0000.jpg
9,/home/wangqianqian/project/FS/data/28gusui&pizang/03/45/cell_1761648326122_912349010008_31609_0000.png,thumbs/cluster_9/024_cell_1761648326122_912349010008_31609_0000.jpg
9,/home/wangqianqian/project/FS/data/28gusui&pizang/03/55/cell_1761648937453_912349010008_89448_0100.png,thumbs/cluster_9/025_cell_1761648937453_912349010008_89448_0100.jpg
9,/home/wangqianqian/project/FS/data/28gusui&pizang/03/45/cell_1761648334309_912349010008_32388_0000.png,thumbs/cluster_9/026_cell_1761648334309_912349010008_32388_0000.jpg
9,/home/wangqianqian/project/FS/data/28gusui&pizang/03/42/cell_1761648136519_912349010008_16241_0100.png,thumbs/cluster_9/027_cell_1761648136519_912349010008_16241_0100.jpg
9,/home/wangqianqian/project/FS/data/28gusui&pizang/03/41/cell_1761648068785_912349010008_11819_0100.png,thumbs/cluster_9/028_cell_1761648068785_912349010008_11819_0100.jpg
9,/home/wangqianqian/project/FS/data/28gusui&pizang/03/41/cell_1761648097670_912349010008_13693_0100.png,thumbs/cluster_9/029_cell_1761648097670_912349010008_13693_0100.jpg
9,/home/wangqianqian/project/FS/data/28gusui&pizang/03/51/cell_1761648694674_912349010008_65887_0100.png,thumbs/cluster_9/030_cell_1761648694674_912349010008_65887_0100.jpg
9,/home/wangqianqian/project/FS/data/28gusui&pizang/03/46/cell_1761648405801_912349010008_38729_0000.png,thumbs/cluster_9/031_cell_1761648405801_912349010008_38729_0000.jpg
9,/home/wangqianqian/project/FS/data/28gusui&pizang/03/54/cell_1761648841230_912349010008_80547_0100.png,thumbs/cluster_9/032_cell_1761648841230_912349010008_80547_0100.jpg
9,/home/wangqianqian/project/FS/data/28gusui&pizang/03/47/cell_1761648474151_912349010008_45022_0100.png,thumbs/cluster_9/033_cell_1761648474151_912349010008_45022_0100.jpg
9,/home/wangqianqian/project/FS/data/28gusui&pizang/03/49/cell_1761648563896_912349010008_52765_0100.png,thumbs/cluster_9/034_cell_1761648563896_912349010008_52765_0100.jpg
9,/home/wangqianqian/project/FS/data/28gusui&pizang/03/59/cell_1761649156210_912349010008_111018_0000.png,thumbs/cluster_9/035_cell_1761649156210_912349010008_111018_0000.jpg
9,/home/wangqianqian/project/FS/data/28gusui&pizang/03/46/cell_1761648361710_912349010008_34911_0100.png,thumbs/cluster_9/036_cell_1761648361710_912349010008_34911_0100.jpg
9,/home/wangqianqian/project/FS/data/28gusui&pizang/03/53/cell_1761648813858_912349010008_77955_0100.png,thumbs/cluster_9/037_cell_1761648813858_912349010008_77955_0100.jpg
9,/home/wangqianqian/project/FS/data/28gusui&pizang/03/46/cell_1761648406866_912349010008_38816_0000.png,thumbs/cluster_9/038_cell_1761648406866_912349010008_38816_0000.jpg
9,/home/wangqianqian/project/FS/data/28gusui&pizang/03/45/cell_1761648320564_912349010008_31148_0000.png,thumbs/cluster_9/039_cell_1761648320564_912349010008_31148_0000.jpg
9,/home/wangqianqian/project/FS/data/28gusui&pizang/03/54/cell_1761648898406_912349010008_86155_0100.png,thumbs/cluster_9/040_cell_1761648898406_912349010008_86155_0100.jpg
9,/home/wangqianqian/project/FS/data/28gusui&pizang/03/45/cell_1761648341367_912349010008_33032_0100.png,thumbs/cluster_9/041_cell_1761648341367_912349010008_33032_0100.jpg
9,/home/wangqianqian/project/FS/data/28gusui&pizang/03/52/cell_1761648722280_912349010008_68753_0100.png,thumbs/cluster_9/042_cell_1761648722280_912349010008_68753_0100.jpg
9,/home/wangqianqian/project/FS/data/28gusui&pizang/03/57/cell_1761649048188_912349010008_99693_0000.png,thumbs/cluster_9/043_cell_1761649048188_912349010008_99693_0000.jpg
9,/home/wangqianqian/project/FS/data/28gusui&pizang/03/51/cell_1761648698016_912349010008_66240_0000.png,thumbs/cluster_9/044_cell_1761648698016_912349010008_66240_0000.jpg
9,/home/wangqianqian/project/FS/data/28gusui&pizang/03/51/cell_1761648660076_912349010008_62420_0000.png,thumbs/cluster_9/045_cell_1761648660076_912349010008_62420_0000.jpg
9,/home/wangqianqian/project/FS/data/28gusui&pizang/03/40/cell_1761648035391_912349010008_10065_0100.png,thumbs/cluster_9/046_cell_1761648035391_912349010008_10065_0100.jpg
9,/home/wangqianqian/project/FS/data/28gusui&pizang/03/58/cell_1761649093334_912349010008_104453_0100.png,thumbs/cluster_9/047_cell_1761649093334_912349010008_104453_0100.jpg
9,/home/wangqianqian/project/FS/data/28gusui&pizang/03/38/cell_1761647931161_912349010008_5426_0000.png,thumbs/cluster_9/048_cell_1761647931161_912349010008_5426_0000.jpg
9,/home/wangqianqian/project/FS/data/28gusui&pizang/03/41/cell_1761648096126_912349010008_13600_0000.png,thumbs/cluster_9/049_cell_1761648096126_912349010008_13600_0000.jpg
9,/home/wangqianqian/project/FS/data/28gusui&pizang/03/48/cell_1761648520590_912349010008_48867_0000.png,thumbs/cluster_9/050_cell_1761648520590_912349010008_48867_0000.jpg
9,/home/wangqianqian/project/FS/data/28gusui&pizang/03/59/cell_1761649160261_912349010008_111480_0000.png,thumbs/cluster_9/051_cell_1761649160261_912349010008_111480_0000.jpg
9,/home/wangqianqian/project/FS/data/28gusui&pizang/03/43/cell_1761648205880_912349010008_21336_0100.png,thumbs/cluster_9/052_cell_1761648205880_912349010008_21336_0100.jpg
9,/home/wangqianqian/project/FS/data/28gusui&pizang/03/38/cell_1761647894045_912349010008_4205_0100.png,thumbs/cluster_9/053_cell_1761647894045_912349010008_4205_0100.jpg
9,/home/wangqianqian/project/FS/data/28gusui&pizang/03/58/cell_1761649134118_912349010008_108691_0100.png,thumbs/cluster_9/054_cell_1761649134118_912349010008_108691_0100.jpg
9,/home/wangqianqian/project/FS/data/28gusui&pizang/03/50/cell_1761648627763_912349010008_59085_0100.png,thumbs/cluster_9/055_cell_1761648627763_912349010008_59085_0100.jpg
9,/home/wangqianqian/project/FS/data/28gusui&pizang/03/58/cell_1761649122908_912349010008_107537_0100.png,thumbs/cluster_9/056_cell_1761649122908_912349010008_107537_0100.jpg
9,/home/wangqianqian/project/FS/data/28gusui&pizang/03/39/cell_1761647944942_912349010008_6000_0100.png,thumbs/cluster_9/057_cell_1761647944942_912349010008_6000_0100.jpg
9,/home/wangqianqian/project/FS/data/28gusui&pizang/03/46/cell_1761648415388_912349010008_39612_0000.png,thumbs/cluster_9/058_cell_1761648415388_912349010008_39612_0000.jpg
9,/home/wangqianqian/project/FS/data/28gusui&pizang/03/44/cell_1761648289427_912349010008_28640_0000.png,thumbs/cluster_9/059_cell_1761648289427_912349010008_28640_0000.jpg
9,/home/wangqianqian/project/FS/data/28gusui&pizang/03/50/cell_1761648611649_912349010008_57477_0000.png,thumbs/cluster_9/060_cell_1761648611649_912349010008_57477_0000.jpg
9,/home/wangqianqian/project/FS/data/28gusui&pizang/03/47/cell_1761648470753_912349010008_44711_0000.png,thumbs/cluster_9/061_cell_1761648470753_912349010008_44711_0000.jpg
9,/home/wangqianqian/project/FS/data/28gusui&pizang/03/55/cell_1761648923462_912349010008_88167_0000.png,thumbs/cluster_9/062_cell_1761648923462_912349010008_88167_0000.jpg
9,/home/wangqianqian/project/FS/data/28gusui&pizang/03/47/cell_1761648450774_912349010008_43010_0000.png,thumbs/cluster_9/063_cell_1761648450774_912349010008_43010_0000.jpg
9,/home/wangqianqian/project/FS/data/28gusui&pizang/03/53/cell_1761648825689_912349010008_79092_0000.png,thumbs/cluster_9/064_cell_1761648825689_912349010008_79092_0000.jpg
9,/home/wangqianqian/project/FS/data/28gusui&pizang/03/53/cell_1761648808388_912349010008_77417_0000.png,thumbs/cluster_9/065_cell_1761648808388_912349010008_77417_0000.jpg
9,/home/wangqianqian/project/FS/data/28gusui&pizang/03/45/cell_1761648315438_912349010008_30770_0000.png,thumbs/cluster_9/066_cell_1761648315438_912349010008_30770_0000.jpg
9,/home/wangqianqian/project/FS/data/28gusui&pizang/03/57/cell_1761649060557_912349010008_100969_0000.png,thumbs/cluster_9/067_cell_1761649060557_912349010008_100969_0000.jpg
9,/home/wangqianqian/project/FS/data/28gusui&pizang/03/47/cell_1761648471090_912349010008_44743_0000.png,thumbs/cluster_9/068_cell_1761648471090_912349010008_44743_0000.jpg
9,/home/wangqianqian/project/FS/data/28gusui&pizang/03/43/cell_1761648236150_912349010008_23774_0000.png,thumbs/cluster_9/069_cell_1761648236150_912349010008_23774_0000.jpg
9,/home/wangqianqian/project/FS/data/28gusui&pizang/03/49/cell_1761648566807_912349010008_53079_0000.png,thumbs/cluster_9/070_cell_1761648566807_912349010008_53079_0000.jpg
9,/home/wangqianqian/project/FS/data/28gusui&pizang/03/50/cell_1761648605044_912349010008_56874_0000.png,thumbs/cluster_9/071_cell_1761648605044_912349010008_56874_0000.jpg
9,/home/wangqianqian/project/FS/data/28gusui&pizang/03/59/cell_1761649151551_912349010008_110487_0000.png,thumbs/cluster_9/072_cell_1761649151551_912349010008_110487_0000.jpg
9,/home/wangqianqian/project/FS/data/28gusui&pizang/03/42/cell_1761648179008_912349010008_19256_0000.png,thumbs/cluster_9/073_cell_1761648179008_912349010008_19256_0000.jpg
9,/home/wangqianqian/project/FS/data/28gusui&pizang/03/55/cell_1761648907979_912349010008_86931_0000.png,thumbs/cluster_9/074_cell_1761648907979_912349010008_86931_0000.jpg
9,/home/wangqianqian/project/FS/data/28gusui&pizang/03/42/cell_1761648173650_912349010008_18883_0000.png,thumbs/cluster_9/075_cell_1761648173650_912349010008_18883_0000.jpg
9,/home/wangqianqian/project/FS/data/28gusui&pizang/03/51/cell_1761648681341_912349010008_64479_0100.png,thumbs/cluster_9/076_cell_1761648681341_912349010008_64479_0100.jpg
9,/home/wangqianqian/project/FS/data/28gusui&pizang/03/58/cell_1761649094351_912349010008_104558_0000.png,thumbs/cluster_9/077_cell_1761649094351_912349010008_104558_0000.jpg
9,/home/wangqianqian/project/FS/data/28gusui&pizang/03/48/cell_1761648491891_912349010008_46543_0000.png,thumbs/cluster_9/078_cell_1761648491891_912349010008_46543_0000.jpg
9,/home/wangqianqian/project/FS/data/28gusui&pizang/03/41/cell_1761648088432_912349010008_13110_0100.png,thumbs/cluster_9/079_cell_1761648088432_912349010008_13110_0100.jpg
9,/home/wangqianqian/project/FS/data/28gusui&pizang/03/44/cell_1761648290421_912349010008_28708_0000.png,thumbs/cluster_9/080_cell_1761648290421_912349010008_28708_0000.jpg
9,/home/wangqianqian/project/FS/data/28gusui&pizang/03/43/cell_1761648234204_912349010008_23613_0000.png,thumbs/cluster_9/081_cell_1761648234204_912349010008_23613_0000.jpg
9,/home/wangqianqian/project/FS/data/28gusui&pizang/03/49/cell_1761648580376_912349010008_54390_0000.png,thumbs/cluster_9/082_cell_1761648580376_912349010008_54390_0000.jpg
9,/home/wangqianqian/project/FS/data/28gusui&pizang/03/59/cell_1761649176920_912349010008_113219_0100.png,thumbs/cluster_9/083_cell_1761649176920_912349010008_113219_0100.jpg
9,/home/wangqianqian/project/FS/data/28gusui&pizang/03/39/cell_1761647969848_912349010008_6986_0100.png,thumbs/cluster_9/084_cell_1761647969848_912349010008_6986_0100.jpg
9,/home/wangqianqian/project/FS/data/28gusui&pizang/03/59/cell_1761649149934_912349010008_110299_0100.png,thumbs/cluster_9/085_cell_1761649149934_912349010008_110299_0100.jpg
9,/home/wangqianqian/project/FS/data/28gusui&pizang/03/56/cell_1761648968399_912349010008_92068_0000.png,thumbs/cluster_9/086_cell_1761648968399_912349010008_92068_0000.jpg
9,/home/wangqianqian/project/FS/data/28gusui&pizang/03/58/cell_1761649095450_912349010008_104664_0000.png,thumbs/cluster_9/087_cell_1761649095450_912349010008_104664_0000.jpg
9,/home/wangqianqian/project/FS/data/28gusui&pizang/03/57/cell_1761649066160_912349010008_101547_0000.png,thumbs/cluster_9/088_cell_1761649066160_912349010008_101547_0000.jpg
9,/home/wangqianqian/project/FS/data/28gusui&pizang/03/59/cell_1761649149783_912349010008_110279_0100.png,thumbs/cluster_9/089_cell_1761649149783_912349010008_110279_0100.jpg
9,/home/wangqianqian/project/FS/data/28gusui&pizang/03/54/cell_1761648869286_912349010008_83385_0000.png,thumbs/cluster_9/090_cell_1761648869286_912349010008_83385_0000.jpg
9,/home/wangqianqian/project/FS/data/28gusui&pizang/03/56/cell_1761648984985_912349010008_93567_0000.png,thumbs/cluster_9/091_cell_1761648984985_912349010008_93567_0000.jpg
9,/home/wangqianqian/project/FS/data/28gusui&pizang/03/52/cell_1761648731861_912349010008_69628_0000.png,thumbs/cluster_9/092_cell_1761648731861_912349010008_69628_0000.jpg
9,/home/wangqianqian/project/FS/data/28gusui&pizang/03/54/cell_1761648895579_912349010008_85934_0000.png,thumbs/cluster_9/093_cell_1761648895579_912349010008_85934_0000.jpg
9,/home/wangqianqian/project/FS/data/28gusui&pizang/03/46/cell_1761648378869_912349010008_36389_0000.png,thumbs/cluster_9/094_cell_1761648378869_912349010008_36389_0000.jpg
9,/home/wangqianqian/project/FS/data/28gusui&pizang/03/39/cell_1761647968998_912349010008_6949_0000.png,thumbs/cluster_9/095_cell_1761647968998_912349010008_6949_0000.jpg
9,/home/wangqianqian/project/FS/data/28gusui&pizang/03/53/cell_1761648839844_912349010008_80392_0000.png,thumbs/cluster_9/096_cell_1761648839844_912349010008_80392_0000.jpg
9,/home/wangqianqian/project/FS/data/28gusui&pizang/03/45/cell_1761648316126_912349010008_30820_0000.png,thumbs/cluster_9/097_cell_1761648316126_912349010008_30820_0000.jpg
9,/home/wangqianqian/project/FS/data/28gusui&pizang/03/44/cell_1761648240115_912349010008_24136_0000.png,thumbs/cluster_9/098_cell_1761648240115_912349010008_24136_0000.jpg
9,/home/wangqianqian/project/FS/data/28gusui&pizang/03/49/cell_1761648548251_912349010008_51355_0000.png,thumbs/cluster_9/099_cell_1761648548251_912349010008_51355_0000.jpg
10,/home/wangqianqian/project/FS/data/28gusui&pizang/03/59/cell_1761649176287_912349010008_113160_0000.png,thumbs/cluster_10/000_cell_1761649176287_912349010008_113160_0000.jpg
10,/home/wangqianqian/project/FS/data/28gusui&pizang/03/42/cell_1761648125873_912349010008_15471_0100.png,thumbs/cluster_10/001_cell_1761648125873_912349010008_15471_0100.jpg
10,/home/wangqianqian/project/FS/data/28gusui&pizang/03/41/cell_1761648111103_912349010008_14458_0000.png,thumbs/cluster_10/002_cell_1761648111103_912349010008_14458_0000.jpg
10,/home/wangqianqian/project/FS/data/28gusui&pizang/03/42/cell_1761648138572_912349010008_16388_0100.png,thumbs/cluster_10/003_cell_1761648138572_912349010008_16388_0100.jpg
10,/home/wangqianqian/project/FS/data/28gusui&pizang/03/41/cell_1761648075223_912349010008_12159_0100.png,thumbs/cluster_10/004_cell_1761648075223_912349010008_12159_0100.jpg
10,/home/wangqianqian/project/FS/data/28gusui&pizang/03/53/cell_1761648815287_912349010008_78106_0100.png,thumbs/cluster_10/005_cell_1761648815287_912349010008_78106_0100.jpg
10,/home/wangqianqian/project/FS/data/28gusui&pizang/03/52/cell_1761648775549_912349010008_73860_0000.png,thumbs/cluster_10/006_cell_1761648775549_912349010008_73860_0000.jpg
10,/home/wangqianqian/project/FS/data/28gusui&pizang/03/53/cell_1761648790268_912349010008_75405_0100.png,thumbs/cluster_10/007_cell_1761648790268_912349010008_75405_0100.jpg
10,/home/wangqianqian/project/FS/data/28gusui&pizang/03/58/cell_1761649097133_912349010008_104843_0100.png,thumbs/cluster_10/008_cell_1761649097133_912349010008_104843_0100.jpg
10,/home/wangqianqian/project/FS/data/28gusui&pizang/03/54/cell_1761648852961_912349010008_81779_0100.png,thumbs/cluster_10/009_cell_1761648852961_912349010008_81779_0100.jpg
10,/home/wangqianqian/project/FS/data/28gusui&pizang/03/53/cell_1761648801320_912349010008_76625_0100.png,thumbs/cluster_10/010_cell_1761648801320_912349010008_76625_0100.jpg
10,/home/wangqianqian/project/FS/data/28gusui&pizang/03/56/cell_1761649015244_912349010008_96363_0000.png,thumbs/cluster_10/011_cell_1761649015244_912349010008_96363_0000.jpg
10,/home/wangqianqian/project/FS/data/28gusui&pizang/03/50/cell_1761648646551_912349010008_61005_0000.png,thumbs/cluster_10/012_cell_1761648646551_912349010008_61005_0000.jpg
10,/home/wangqianqian/project/FS/data/28gusui&pizang/03/51/cell_1761648700275_912349010008_66471_0100.png,thumbs/cluster_10/013_cell_1761648700275_912349010008_66471_0100.jpg
10,/home/wangqianqian/project/FS/data/28gusui&pizang/03/51/cell_1761648664497_912349010008_62857_0100.png,thumbs/cluster_10/014_cell_1761648664497_912349010008_62857_0100.jpg
10,/home/wangqianqian/project/FS/data/28gusui&pizang/03/51/cell_1761648664431_912349010008_62850_0000.png,thumbs/cluster_10/015_cell_1761648664431_912349010008_62850_0000.jpg
10,/home/wangqianqian/project/FS/data/28gusui&pizang/03/46/cell_1761648393944_912349010008_37696_0000.png,thumbs/cluster_10/016_cell_1761648393944_912349010008_37696_0000.jpg
10,/home/wangqianqian/project/FS/data/28gusui&pizang/03/55/cell_1761648923301_912349010008_88155_0000.png,thumbs/cluster_10/017_cell_1761648923301_912349010008_88155_0000.jpg
10,/home/wangqianqian/project/FS/data/28gusui&pizang/03/51/cell_1761648676486_912349010008_63964_0100.png,thumbs/cluster_10/018_cell_1761648676486_912349010008_63964_0100.jpg
10,/home/wangqianqian/project/FS/data/28gusui&pizang/03/51/cell_1761648687347_912349010008_65117_0100.png,thumbs/cluster_10/019_cell_1761648687347_912349010008_65117_0100.jpg
10,/home/wangqianqian/project/FS/data/28gusui&pizang/03/47/cell_1761648449648_912349010008_42926_0000.png,thumbs/cluster_10/020_cell_1761648449648_912349010008_42926_0000.jpg
10,/home/wangqianqian/project/FS/data/28gusui&pizang/03/58/cell_1761649128437_912349010008_108109_0100.png,thumbs/cluster_10/021_cell_1761649128437_912349010008_108109_0100.jpg
10,/home/wangqianqian/project/FS/data/28gusui&pizang/03/46/cell_1761648407999_912349010008_38914_0100.png,thumbs/cluster_10/022_cell_1761648407999_912349010008_38914_0100.jpg
10,/home/wangqianqian/project/FS/data/28gusui&pizang/03/56/cell_1761648976584_912349010008_92804_0000.png,thumbs/cluster_10/023_cell_1761648976584_912349010008_92804_0000.jpg
10,/home/wangqianqian/project/FS/data/28gusui&pizang/03/55/cell_1761648925812_912349010008_88419_0100.png,thumbs/cluster_10/024_cell_1761648925812_912349010008_88419_0100.jpg
10,/home/wangqianqian/project/FS/data/28gusui&pizang/03/47/cell_1761648439849_912349010008_42050_0100.png,thumbs/cluster_10/025_cell_1761648439849_912349010008_42050_0100.jpg
10,/home/wangqianqian/project/FS/data/28gusui&pizang/03/47/cell_1761648443973_912349010008_42415_0100.png,thumbs/cluster_10/026_cell_1761648443973_912349010008_42415_0100.jpg
10,/home/wangqianqian/project/FS/data/28gusui&pizang/03/47/cell_1761648470706_912349010008_44706_0100.png,thumbs/cluster_10/027_cell_1761648470706_912349010008_44706_0100.jpg
10,/home/wangqianqian/project/FS/data/28gusui&pizang/03/59/cell_1761649142037_912349010008_109513_0000.png,thumbs/cluster_10/028_cell_1761649142037_912349010008_109513_0000.jpg
10,/home/wangqianqian/project/FS/data/28gusui&pizang/03/45/cell_1761648345703_912349010008_33439_0100.png,thumbs/cluster_10/029_cell_1761648345703_912349010008_33439_0100.jpg
10,/home/wangqianqian/project/FS/data/28gusui&pizang/03/51/cell_1761648695775_912349010008_65980_0100.png,thumbs/cluster_10/030_cell_1761648695775_912349010008_65980_0100.jpg
10,/home/wangqianqian/project/FS/data/28gusui&pizang/03/44/cell_1761648261005_912349010008_25969_0100.png,thumbs/cluster_10/031_cell_1761648261005_912349010008_25969_0100.jpg
10,/home/wangqianqian/project/FS/data/28gusui&pizang/03/44/cell_1761648295525_912349010008_29121_0100.png,thumbs/cluster_10/032_cell_1761648295525_912349010008_29121_0100.jpg
10,/home/wangqianqian/project/FS/data/28gusui&pizang/03/51/cell_1761648662649_912349010008_62675_0100.png,thumbs/cluster_10/033_cell_1761648662649_912349010008_62675_0100.jpg
10,/home/wangqianqian/project/FS/data/28gusui&pizang/03/56/cell_1761648971508_912349010008_92396_0100.png,thumbs/cluster_10/034_cell_1761648971508_912349010008_92396_0100.jpg
10,/home/wangqianqian/project/FS/data/28gusui&pizang/03/48/cell_1761648531531_912349010008_49796_0000.png,thumbs/cluster_10/035_cell_1761648531531_912349010008_49796_0000.jpg
10,/home/wangqianqian/project/FS/data/28gusui&pizang/03/49/cell_1761648595193_912349010008_55876_0000.png,thumbs/cluster_10/036_cell_1761648595193_912349010008_55876_0000.jpg
10,/home/wangqianqian/project/FS/data/28gusui&pizang/03/53/cell_1761648786659_912349010008_74988_0000.png,thumbs/cluster_10/037_cell_1761648786659_912349010008_74988_0000.jpg
10,/home/wangqianqian/project/FS/data/28gusui&pizang/03/47/cell_1761648443466_912349010008_42365_0100.png,thumbs/cluster_10/038_cell_1761648443466_912349010008_42365_0100.jpg
10,/home/wangqianqian/project/FS/data/28gusui&pizang/03/52/cell_1761648720537_912349010008_68583_0000.png,thumbs/cluster_10/039_cell_1761648720537_912349010008_68583_0000.jpg
10,/home/wangqianqian/project/FS/data/28gusui&pizang/03/41/cell_1761648102398_912349010008_13948_0100.png,thumbs/cluster_10/040_cell_1761648102398_912349010008_13948_0100.jpg
10,/home/wangqianqian/project/FS/data/28gusui&pizang/03/54/cell_1761648854067_912349010008_81861_0100.png,thumbs/cluster_10/041_cell_1761648854067_912349010008_81861_0100.jpg
10,/home/wangqianqian/project/FS/data/28gusui&pizang/03/43/cell_1761648231917_912349010008_23426_0100.png,thumbs/cluster_10/042_cell_1761648231917_912349010008_23426_0100.jpg
10,/home/wangqianqian/project/FS/data/28gusui&pizang/03/55/cell_1761648914011_912349010008_87415_0000.png,thumbs/cluster_10/043_cell_1761648914011_912349010008_87415_0000.jpg
10,/home/wangqianqian/project/FS/data/28gusui&pizang/03/54/cell_1761648899031_912349010008_86196_0000.png,thumbs/cluster_10/044_cell_1761648899031_912349010008_86196_0000.jpg
10,/home/wangqianqian/project/FS/data/28gusui&pizang/03/59/cell_1761649142573_912349010008_109568_0000.png,thumbs/cluster_10/045_cell_1761649142573_912349010008_109568_0000.jpg
10,/home/wangqianqian/project/FS/data/28gusui&pizang/03/53/cell_1761648786383_912349010008_74952_0000.png,thumbs/cluster_10/046_cell_1761648786383_912349010008_74952_0000.jpg
10,/home/wangqianqian/project/FS/data/28gusui&pizang/03/42/cell_1761648145189_912349010008_16886_0100.png,thumbs/cluster_10/047_cell_1761648145189_912349010008_16886_0100.jpg
10,/home/wangqianqian/project/FS/data/28gusui&pizang/03/48/cell_1761648524173_912349010008_49170_0000.png,thumbs/cluster_10/048_cell_1761648524173_912349010008_49170_0000.jpg
10,/home/wangqianqian/project/FS/data/28gusui&pizang/03/39/cell_1761647960511_912349010008_6605_0100.png,thumbs/cluster_10/049_cell_1761647960511_912349010008_6605_0100.jpg
10,/home/wangqianqian/project/FS/data/28gusui&pizang/03/40/cell_1761648016723_912349010008_9067_0100.png,thumbs/cluster_10/050_cell_1761648016723_912349010008_9067_0100.jpg
10,/home/wangqianqian/project/FS/data/28gusui&pizang/03/42/cell_1761648178831_912349010008_19245_0100.png,thumbs/cluster_10/051_cell_1761648178831_912349010008_19245_0100.jpg
10,/home/wangqianqian/project/FS/data/28gusui&pizang/03/52/cell_1761648732698_912349010008_69709_0000.png,thumbs/cluster_10/052_cell_1761648732698_912349010008_69709_0000.jpg
10,/home/wangqianqian/project/FS/data/28gusui&pizang/03/46/cell_1761648378172_912349010008_36326_0100.png,thumbs/cluster_10/053_cell_1761648378172_912349010008_36326_0100.jpg
10,/home/wangqianqian/project/FS/data/28gusui&pizang/03/59/cell_1761649168014_912349010008_112266_0100.png,thumbs/cluster_10/054_cell_1761649168014_912349010008_112266_0100.jpg
10,/home/wangqianqian/project/FS/data/28gusui&pizang/03/52/cell_1761648722182_912349010008_68742_0100.png,thumbs/cluster_10/055_cell_1761648722182_912349010008_68742_0100.jpg
10,/home/wangqianqian/project/FS/data/28gusui&pizang/03/55/cell_1761648932516_912349010008_89035_0000.png,thumbs/cluster_10/056_cell_1761648932516_912349010008_89035_0000.jpg
10,/home/wangqianqian/project/FS/data/28gusui&pizang/03/49/cell_1761648547356_912349010008_51272_0000.png,thumbs/cluster_10/057_cell_1761648547356_912349010008_51272_0000.jpg
10,/home/wangqianqian/project/FS/data/28gusui&pizang/03/56/cell_1761648999683_912349010008_94977_0000.png,thumbs/cluster_10/058_cell_1761648999683_912349010008_94977_0000.jpg
10,/home/wangqianqian/project/FS/data/28gusui&pizang/03/47/cell_1761648426818_912349010008_40720_0100.png,thumbs/cluster_10/059_cell_1761648426818_912349010008_40720_0100.jpg
10,/home/wangqianqian/project/FS/data/28gusui&pizang/03/52/cell_1761648733521_912349010008_69793_0100.png,thumbs/cluster_10/060_cell_1761648733521_912349010008_69793_0100.jpg
10,/home/wangqianqian/project/FS/data/28gusui&pizang/03/47/cell_1761648434709_912349010008_41514_0000.png,thumbs/cluster_10/061_cell_1761648434709_912349010008_41514_0000.jpg
10,/home/wangqianqian/project/FS/data/28gusui&pizang/03/41/cell_1761648080964_912349010008_12580_0100.png,thumbs/cluster_10/062_cell_1761648080964_912349010008_12580_0100.jpg
10,/home/wangqianqian/project/FS/data/28gusui&pizang/03/49/cell_1761648551516_912349010008_51625_0000.png,thumbs/cluster_10/063_cell_1761648551516_912349010008_51625_0000.jpg
10,/home/wangqianqian/project/FS/data/28gusui&pizang/03/39/cell_1761647975648_912349010008_7244_0000.png,thumbs/cluster_10/064_cell_1761647975648_912349010008_7244_0000.jpg
10,/home/wangqianqian/project/FS/data/28gusui&pizang/03/53/cell_1761648823482_912349010008_78877_0000.png,thumbs/cluster_10/065_cell_1761648823482_912349010008_78877_0000.jpg
10,/home/wangqianqian/project/FS/data/28gusui&pizang/03/48/cell_1761648508645_912349010008_47969_0100.png,thumbs/cluster_10/066_cell_1761648508645_912349010008_47969_0100.jpg
10,/home/wangqianqian/project/FS/data/28gusui&pizang/03/51/cell_1761648685822_912349010008_64951_0000.png,thumbs/cluster_10/067_cell_1761648685822_912349010008_64951_0000.jpg
10,/home/wangqianqian/project/FS/data/28gusui&pizang/03/51/cell_1761648685831_912349010008_64954_0000.png,thumbs/cluster_10/068_cell_1761648685831_912349010008_64954_0000.jpg
10,/home/wangqianqian/project/FS/data/28gusui&pizang/03/44/cell_1761648275675_912349010008_27385_0000.png,thumbs/cluster_10/069_cell_1761648275675_912349010008_27385_0000.jpg
10,/home/wangqianqian/project/FS/data/28gusui&pizang/03/55/cell_1761648951641_912349010008_90596_0000.png,thumbs/cluster_10/070_cell_1761648951641_912349010008_90596_0000.jpg
10,/home/wangqianqian/project/FS/data/28gusui&pizang/03/53/cell_1761648795783_912349010008_76029_0100.png,thumbs/cluster_10/071_cell_1761648795783_912349010008_76029_0100.jpg
10,/home/wangqianqian/project/FS/data/28gusui&pizang/03/51/cell_1761648711306_912349010008_67669_0100.png,thumbs/cluster_10/072_cell_1761648711306_912349010008_67669_0100.jpg
10,/home/wangqianqian/project/FS/data/28gusui&pizang/03/45/cell_1761648349864_912349010008_33821_0000.png,thumbs/cluster_10/073_cell_1761648349864_912349010008_33821_0000.jpg
10,/home/wangqianqian/project/FS/data/28gusui&pizang/03/44/cell_1761648268783_912349010008_26683_0000.png,thumbs/cluster_10/074_cell_1761648268783_912349010008_26683_0000.jpg
10,/home/wangqianqian/project/FS/data/28gusui&pizang/03/51/cell_1761648666659_912349010008_63044_0100.png,thumbs/cluster_10/075_cell_1761648666659_912349010008_63044_0100.jpg
10,/home/wangqianqian/project/FS/data/28gusui&pizang/03/59/cell_1761649150238_912349010008_110327_0000.png,thumbs/cluster_10/076_cell_1761649150238_912349010008_110327_0000.jpg
10,/home/wangqianqian/project/FS/data/28gusui&pizang/03/42/cell_1761648134633_912349010008_16097_0100.png,thumbs/cluster_10/077_cell_1761648134633_912349010008_16097_0100.jpg
10,/home/wangqianqian/project/FS/data/28gusui&pizang/03/52/cell_1761648752825_912349010008_71757_0100.png,thumbs/cluster_10/078_cell_1761648752825_912349010008_71757_0100.jpg
10,/home/wangqianqian/project/FS/data/28gusui&pizang/03/48/cell_1761648530506_912349010008_49709_0100.png,thumbs/cluster_10/079_cell_1761648530506_912349010008_49709_0100.jpg
10,/home/wangqianqian/project/FS/data/28gusui&pizang/03/48/cell_1761648526522_912349010008_49377_0000.png,thumbs/cluster_10/080_cell_1761648526522_912349010008_49377_0000.jpg
10,/home/wangqianqian/project/FS/data/28gusui&pizang/03/44/cell_1761648264007_912349010008_26219_0000.png,thumbs/cluster_10/081_cell_1761648264007_912349010008_26219_0000.jpg
10,/home/wangqianqian/project/FS/data/28gusui&pizang/03/58/cell_1761649115206_912349010008_106767_0000.png,thumbs/cluster_10/082_cell_1761649115206_912349010008_106767_0000.jpg
10,/home/wangqianqian/project/FS/data/28gusui&pizang/03/46/cell_1761648394922_912349010008_37796_0000.png,thumbs/cluster_10/083_cell_1761648394922_912349010008_37796_0000.jpg
10,/home/wangqianqian/project/FS/data/28gusui&pizang/03/44/cell_1761648280852_912349010008_27835_0000.png,thumbs/cluster_10/084_cell_1761648280852_912349010008_27835_0000.jpg
10,/home/wangqianqian/project/FS/data/28gusui&pizang/03/45/cell_1761648341344_912349010008_33024_0000.png,thumbs/cluster_10/085_cell_1761648341344_912349010008_33024_0000.jpg
10,/home/wangqianqian/project/FS/data/28gusui&pizang/03/44/cell_1761648242198_912349010008_24310_0000.png,thumbs/cluster_10/086_cell_1761648242198_912349010008_24310_0000.jpg
10,/home/wangqianqian/project/FS/data/28gusui&pizang/03/42/cell_1761648148133_912349010008_17074_0100.png,thumbs/cluster_10/087_cell_1761648148133_912349010008_17074_0100.jpg
10,/home/wangqianqian/project/FS/data/28gusui&pizang/03/43/cell_1761648220173_912349010008_22473_0100.png,thumbs/cluster_10/088_cell_1761648220173_912349010008_22473_0100.jpg
10,/home/wangqianqian/project/FS/data/28gusui&pizang/03/43/cell_1761648221902_912349010008_22590_0000.png,thumbs/cluster_10/089_cell_1761648221902_912349010008_22590_0000.jpg
10,/home/wangqianqian/project/FS/data/28gusui&pizang/03/46/cell_1761648378261_912349010008_36332_0000.png,thumbs/cluster_10/090_cell_1761648378261_912349010008_36332_0000.jpg
10,/home/wangqianqian/project/FS/data/28gusui&pizang/03/50/cell_1761648645951_912349010008_60959_0100.png,thumbs/cluster_10/091_cell_1761648645951_912349010008_60959_0100.jpg
10,/home/wangqianqian/project/FS/data/28gusui&pizang/03/47/cell_1761648435487_912349010008_41601_0000.png,thumbs/cluster_10/092_cell_1761648435487_912349010008_41601_0000.jpg
10,/home/wangqianqian/project/FS/data/28gusui&pizang/03/45/cell_1761648330499_912349010008_32057_0000.png,thumbs/cluster_10/093_cell_1761648330499_912349010008_32057_0000.jpg
10,/home/wangqianqian/project/FS/data/28gusui&pizang/03/57/cell_1761649052182_912349010008_100070_0000.png,thumbs/cluster_10/094_cell_1761649052182_912349010008_100070_0000.jpg
10,/home/wangqianqian/project/FS/data/28gusui&pizang/03/59/cell_1761649162595_912349010008_111716_0100.png,thumbs/cluster_10/095_cell_1761649162595_912349010008_111716_0100.jpg
10,/home/wangqianqian/project/FS/data/28gusui&pizang/03/50/cell_1761648656610_912349010008_62041_0100.png,thumbs/cluster_10/096_cell_1761648656610_912349010008_62041_0100.jpg
10,/home/wangqianqian/project/FS/data/28gusui&pizang/03/46/cell_1761648400313_912349010008_38247_0000.png,thumbs/cluster_10/097_cell_1761648400313_912349010008_38247_0000.jpg
10,/home/wangqianqian/project/FS/data/28gusui&pizang/03/47/cell_1761648427772_912349010008_40806_0100.png,thumbs/cluster_10/098_cell_1761648427772_912349010008_40806_0100.jpg
10,/home/wangqianqian/project/FS/data/28gusui&pizang/03/48/cell_1761648480950_912349010008_45624_0100.png,thumbs/cluster_10/099_cell_1761648480950_912349010008_45624_0100.jpg
11,/home/wangqianqian/project/FS/data/28gusui&pizang/03/44/cell_1761648287548_912349010008_28457_0000.png,thumbs/cluster_11/000_cell_1761648287548_912349010008_28457_0000.jpg
11,/home/wangqianqian/project/FS/data/28gusui&pizang/03/57/cell_1761649040819_912349010008_98876_0000.png,thumbs/cluster_11/001_cell_1761649040819_912349010008_98876_0000.jpg
11,/home/wangqianqian/project/FS/data/28gusui&pizang/03/47/cell_1761648457631_912349010008_43592_0000.png,thumbs/cluster_11/002_cell_1761648457631_912349010008_43592_0000.jpg
11,/home/wangqianqian/project/FS/data/28gusui&pizang/03/44/cell_1761648260559_912349010008_25928_0100.png,thumbs/cluster_11/003_cell_1761648260559_912349010008_25928_0100.jpg
11,/home/wangqianqian/project/FS/data/28gusui&pizang/03/59/cell_1761649148858_912349010008_110211_0100.png,thumbs/cluster_11/004_cell_1761649148858_912349010008_110211_0100.jpg
11,/home/wangqianqian/project/FS/data/28gusui&pizang/03/52/cell_1761648769674_912349010008_73361_0000.png,thumbs/cluster_11/005_cell_1761648769674_912349010008_73361_0000.jpg
11,/home/wangqianqian/project/FS/data/28gusui&pizang/03/51/cell_1761648689210_912349010008_65312_0100.png,thumbs/cluster_11/006_cell_1761648689210_912349010008_65312_0100.jpg
11,/home/wangqianqian/project/FS/data/28gusui&pizang/03/56/cell_1761648961719_912349010008_91510_0000.png,thumbs/cluster_11/007_cell_1761648961719_912349010008_91510_0000.jpg
11,/home/wangqianqian/project/FS/data/28gusui&pizang/03/42/cell_1761648152497_912349010008_17382_0000.png,thumbs/cluster_11/008_cell_1761648152497_912349010008_17382_0000.jpg
11,/home/wangqianqian/project/FS/data/28gusui&pizang/03/39/cell_1761647978803_912349010008_7336_0100.png,thumbs/cluster_11/009_cell_1761647978803_912349010008_7336_0100.jpg
11,/home/wangqianqian/project/FS/data/28gusui&pizang/03/55/cell_1761648915026_912349010008_87481_0000.png,thumbs/cluster_11/010_cell_1761648915026_912349010008_87481_0000.jpg
11,/home/wangqianqian/project/FS/data/28gusui&pizang/03/45/cell_1761648334735_912349010008_32427_0100.png,thumbs/cluster_11/011_cell_1761648334735_912349010008_32427_0100.jpg
11,/home/wangqianqian/project/FS/data/28gusui&pizang/03/40/cell_1761648001148_912349010008_8293_0100.png,thumbs/cluster_11/012_cell_1761648001148_912349010008_8293_0100.jpg
11,/home/wangqianqian/project/FS/data/28gusui&pizang/03/53/cell_1761648829228_912349010008_79409_0100.png,thumbs/cluster_11/013_cell_1761648829228_912349010008_79409_0100.jpg
11,/home/wangqianqian/project/FS/data/28gusui&pizang/03/50/cell_1761648658693_912349010008_62254_0000.png,thumbs/cluster_11/014_cell_1761648658693_912349010008_62254_0000.jpg
11,/home/wangqianqian/project/FS/data/28gusui&pizang/03/49/cell_1761648553112_912349010008_51776_0000.png,thumbs/cluster_11/015_cell_1761648553112_912349010008_51776_0000.jpg
11,/home/wangqianqian/project/FS/data/28gusui&pizang/03/40/cell_1761648015763_912349010008_9015_0000.png,thumbs/cluster_11/016_cell_1761648015763_912349010008_9015_0000.jpg
11,/home/wangqianqian/project/FS/data/28gusui&pizang/03/42/cell_1761648136125_912349010008_16210_0100.png,thumbs/cluster_11/017_cell_1761648136125_912349010008_16210_0100.jpg
11,/home/wangqianqian/project/FS/data/28gusui&pizang/03/48/cell_1761648492446_912349010008_46604_0000.png,thumbs/cluster_11/018_cell_1761648492446_912349010008_46604_0000.jpg
11,/home/wangqianqian/project/FS/data/28gusui&pizang/03/58/cell_1761649084918_912349010008_103464_0000.png,thumbs/cluster_11/019_cell_1761649084918_912349010008_103464_0000.jpg
11,/home/wangqianqian/project/FS/data/28gusui&pizang/03/51/cell_1761648662638_912349010008_62671_0000.png,thumbs/cluster_11/020_cell_1761648662638_912349010008_62671_0000.jpg
11,/home/wangqianqian/project/FS/data/28gusui&pizang/03/57/cell_1761649058967_912349010008_100801_0000.png,thumbs/cluster_11/021_cell_1761649058967_912349010008_100801_0000.jpg
11,/home/wangqianqian/project/FS/data/28gusui&pizang/03/47/cell_1761648446679_912349010008_42645_0000.png,thumbs/cluster_11/022_cell_1761648446679_912349010008_42645_0000.jpg
11,/home/wangqianqian/project/FS/data/28gusui&pizang/03/50/cell_1761648616588_912349010008_57974_0000.png,thumbs/cluster_11/023_cell_1761648616588_912349010008_57974_0000.jpg
11,/home/wangqianqian/project/FS/data/28gusui&pizang/03/59/cell_1761649160281_912349010008_111488_0100.png,thumbs/cluster_11/024_cell_1761649160281_912349010008_111488_0100.jpg
11,/home/wangqianqian/project/FS/data/28gusui&pizang/03/57/cell_1761649063409_912349010008_101258_0100.png,thumbs/cluster_11/025_cell_1761649063409_912349010008_101258_0100.jpg
11,/home/wangqianqian/project/FS/data/28gusui&pizang/03/58/cell_1761649094847_912349010008_104605_0100.png,thumbs/cluster_11/026_cell_1761649094847_912349010008_104605_0100.jpg
11,/home/wangqianqian/project/FS/data/28gusui&pizang/03/46/cell_1761648376137_912349010008_36162_0000.png,thumbs/cluster_11/027_cell_1761648376137_912349010008_36162_0000.jpg
11,/home/wangqianqian/project/FS/data/28gusui&pizang/03/42/cell_1761648129068_912349010008_15669_0000.png,thumbs/cluster_11/028_cell_1761648129068_912349010008_15669_0000.jpg
11,/home/wangqianqian/project/FS/data/28gusui&pizang/03/46/cell_1761648400405_912349010008_38259_0100.png,thumbs/cluster_11/029_cell_1761648400405_912349010008_38259_0100.jpg
11,/home/wangqianqian/project/FS/data/28gusui&pizang/03/43/cell_1761648196228_912349010008_20523_0100.png,thumbs/cluster_11/030_cell_1761648196228_912349010008_20523_0100.jpg
11,/home/wangqianqian/project/FS/data/28gusui&pizang/03/52/cell_1761648754305_912349010008_71915_0000.png,thumbs/cluster_11/031_cell_1761648754305_912349010008_71915_0000.jpg
11,/home/wangqianqian/project/FS/data/28gusui&pizang/03/54/cell_1761648883803_912349010008_84840_0100.png,thumbs/cluster_11/032_cell_1761648883803_912349010008_84840_0100.jpg
11,/home/wangqianqian/project/FS/data/28gusui&pizang/03/52/cell_1761648773368_912349010008_73676_0000.png,thumbs/cluster_11/033_cell_1761648773368_912349010008_73676_0000.jpg
11,/home/wangqianqian/project/FS/data/28gusui&pizang/03/49/cell_1761648594903_912349010008_55839_0100.png,thumbs/cluster_11/034_cell_1761648594903_912349010008_55839_0100.jpg
11,/home/wangqianqian/project/FS/data/28gusui&pizang/03/47/cell_1761648475759_912349010008_45153_0100.png,thumbs/cluster_11/035_cell_1761648475759_912349010008_45153_0100.jpg
11,/home/wangqianqian/project/FS/data/28gusui&pizang/03/39/cell_1761647991220_912349010008_7841_0000.png,thumbs/cluster_11/036_cell_1761647991220_912349010008_7841_0000.jpg
11,/home/wangqianqian/project/FS/data/28gusui&pizang/03/44/cell_1761648299414_912349010008_29435_0000.png,thumbs/cluster_11/037_cell_1761648299414_912349010008_29435_0000.jpg
11,/home/wangqianqian/project/FS/data/28gusui&pizang/03/51/cell_1761648692523_912349010008_65661_0000.png,thumbs/cluster_11/038_cell_1761648692523_912349010008_65661_0000.jpg
11,/home/wangqianqian/project/FS/data/28gusui&pizang/03/39/cell_1761647985248_912349010008_7596_0100.png,thumbs/cluster_11/039_cell_1761647985248_912349010008_7596_0100.jpg
11,/home/wangqianqian/project/FS/data/28gusui&pizang/03/52/cell_1761648776072_912349010008_73929_0100.png,thumbs/cluster_11/040_cell_1761648776072_912349010008_73929_0100.jpg
11,/home/wangqianqian/project/FS/data/28gusui&pizang/03/57/cell_1761649049326_912349010008_99791_0100.png,thumbs/cluster_11/041_cell_1761649049326_912349010008_99791_0100.jpg
11,/home/wangqianqian/project/FS/data/28gusui&pizang/03/42/cell_1761648159441_912349010008_17883_0000.png,thumbs/cluster_11/042_cell_1761648159441_912349010008_17883_0000.jpg
11,/home/wangqianqian/project/FS/data/28gusui&pizang/03/57/cell_1761649054950_912349010008_100357_0100.png,thumbs/cluster_11/043_cell_1761649054950_912349010008_100357_0100.jpg
11,/home/wangqianqian/project/FS/data/28gusui&pizang/03/51/cell_1761648679802_912349010008_64320_0100.png,thumbs/cluster_11/044_cell_1761648679802_912349010008_64320_0100.jpg
11,/home/wangqianqian/project/FS/data/28gusui&pizang/03/45/cell_1761648330506_912349010008_32059_0000.png,thumbs/cluster_11/045_cell_1761648330506_912349010008_32059_0000.jpg
11,/home/wangqianqian/project/FS/data/28gusui&pizang/03/57/cell_1761649045252_912349010008_99357_0000.png,thumbs/cluster_11/046_cell_1761649045252_912349010008_99357_0000.jpg
11,/home/wangqianqian/project/FS/data/28gusui&pizang/03/46/cell_1761648405310_912349010008_38697_0100.png,thumbs/cluster_11/047_cell_1761648405310_912349010008_38697_0100.jpg
11,/home/wangqianqian/project/FS/data/28gusui&pizang/03/49/cell_1761648560554_912349010008_52450_0100.png,thumbs/cluster_11/048_cell_1761648560554_912349010008_52450_0100.jpg
11,/home/wangqianqian/project/FS/data/28gusui&pizang/03/54/cell_1761648866593_912349010008_83125_0000.png,thumbs/cluster_11/049_cell_1761648866593_912349010008_83125_0000.jpg
11,/home/wangqianqian/project/FS/data/28gusui&pizang/03/56/cell_1761648977552_912349010008_92909_0000.png,thumbs/cluster_11/050_cell_1761648977552_912349010008_92909_0000.jpg
11,/home/wangqianqian/project/FS/data/28gusui&pizang/03/53/cell_1761648813872_912349010008_77957_0000.png,thumbs/cluster_11/051_cell_1761648813872_912349010008_77957_0000.jpg
11,/home/wangqianqian/project/FS/data/28gusui&pizang/03/43/cell_1761648205121_912349010008_21259_0100.png,thumbs/cluster_11/052_cell_1761648205121_912349010008_21259_0100.jpg
11,/home/wangqianqian/project/FS/data/28gusui&pizang/03/44/cell_1761648240163_912349010008_24142_0100.png,thumbs/cluster_11/053_cell_1761648240163_912349010008_24142_0100.jpg
11,/home/wangqianqian/project/FS/data/28gusui&pizang/03/44/cell_1761648254764_912349010008_25424_0000.png,thumbs/cluster_11/054_cell_1761648254764_912349010008_25424_0000.jpg
11,/home/wangqianqian/project/FS/data/28gusui&pizang/03/57/cell_1761649076171_912349010008_102573_0000.png,thumbs/cluster_11/055_cell_1761649076171_912349010008_102573_0000.jpg
11,/home/wangqianqian/project/FS/data/28gusui&pizang/03/50/cell_1761648610156_912349010008_57320_0000.png,thumbs/cluster_11/056_cell_1761648610156_912349010008_57320_0000.jpg
11,/home/wangqianqian/project/FS/data/28gusui&pizang/03/58/cell_1761649080223_912349010008_102970_0100.png,thumbs/cluster_11/057_cell_1761649080223_912349010008_102970_0100.jpg
11,/home/wangqianqian/project/FS/data/28gusui&pizang/03/51/cell_1761648677878_912349010008_64110_0000.png,thumbs/cluster_11/058_cell_1761648677878_912349010008_64110_0000.jpg
11,/home/wangqianqian/project/FS/data/28gusui&pizang/03/48/cell_1761648501412_912349010008_47346_0100.png,thumbs/cluster_11/059_cell_1761648501412_912349010008_47346_0100.jpg
11,/home/wangqianqian/project/FS/data/28gusui&pizang/03/52/cell_1761648765650_912349010008_73006_0100.png,thumbs/cluster_11/060_cell_1761648765650_912349010008_73006_0100.jpg
11,/home/wangqianqian/project/FS/data/28gusui&pizang/03/54/cell_1761648876449_912349010008_84122_0100.png,thumbs/cluster_11/061_cell_1761648876449_912349010008_84122_0100.jpg
11,/home/wangqianqian/project/FS/data/28gusui&pizang/03/44/cell_1761648269259_912349010008_26718_0100.png,thumbs/cluster_11/062_cell_1761648269259_912349010008_26718_0100.jpg
11,/home/wangqianqian/project/FS/data/28gusui&pizang/03/47/cell_1761648459322_912349010008_43749_0100.png,thumbs/cluster_11/063_cell_1761648459322_912349010008_43749_0100.jpg
11,/home/wangqianqian/project/FS/data/28gusui&pizang/03/54/cell_1761648848334_912349010008_81285_0100.png,thumbs/cluster_11/064_cell_1761648848334_912349010008_81285_0100.jpg
11,/home/wangqianqian/project/FS/data/28gusui&pizang/03/52/cell_1761648753491_912349010008_71822_0100.png,thumbs/cluster_11/065_cell_1761648753491_912349010008_71822_0100.jpg
11,/home/wangqianqian/project/FS/data/28gusui&pizang/03/53/cell_1761648781328_912349010008_74429_0000.png,thumbs/cluster_11/066_cell_1761648781328_912349010008_74429_0000.jpg
11,/home/wangqianqian/project/FS/data/28gusui&pizang/03/50/cell_1761648644905_912349010008_60813_0100.png,thumbs/cluster_11/067_cell_1761648644905_912349010008_60813_0100.jpg
11,/home/wangqianqian/project/FS/data/28gusui&pizang/03/49/cell_1761648567250_912349010008_53125_0000.png,thumbs/cluster_11/068_cell_1761648567250_912349010008_53125_0000.jpg
11,/home/wangqianqian/project/FS/data/28gusui&pizang/03/42/cell_1761648150753_912349010008_17261_0000.png,thumbs/cluster_11/069_cell_1761648150753_912349010008_17261_0000.jpg
11,/home/wangqianqian/project/FS/data/28gusui&pizang/03/49/cell_1761648583202_912349010008_54635_0000.png,thumbs/cluster_11/070_cell_1761648583202_912349010008_54635_0000.jpg
11,/home/wangqianqian/project/FS/data/28gusui&pizang/03/59/cell_1761649167963_912349010008_112256_0000.png,thumbs/cluster_11/071_cell_1761649167963_912349010008_112256_0000.jpg
11,/home/wangqianqian/project/FS/data/28gusui&pizang/03/47/cell_1761648431403_912349010008_41159_0000.png,thumbs/cluster_11/072_cell_1761648431403_912349010008_41159_0000.jpg
11,/home/wangqianqian/project/FS/data/28gusui&pizang/03/50/cell_1761648646741_912349010008_61027_0000.png,thumbs/cluster_11/073_cell_1761648646741_912349010008_61027_0000.jpg
11,/home/wangqianqian/project/FS/data/28gusui&pizang/03/48/cell_1761648510277_912349010008_48087_0000.png,thumbs/cluster_11/074_cell_1761648510277_912349010008_48087_0000.jpg
11,/home/wangqianqian/project/FS/data/28gusui&pizang/03/56/cell_1761648980614_912349010008_93170_0000.png,thumbs/cluster_11/075_cell_1761648980614_912349010008_93170_0000.jpg
11,/home/wangqianqian/project/FS/data/28gusui&pizang/03/51/cell_1761648686887_912349010008_65067_0000.png,thumbs/cluster_11/076_cell_1761648686887_912349010008_65067_0000.jpg
11,/home/wangqianqian/project/FS/data/28gusui&pizang/03/59/cell_1761649171611_912349010008_112693_0000.png,thumbs/cluster_11/077_cell_1761649171611_912349010008_112693_0000.jpg
11,/home/wangqianqian/project/FS/data/28gusui&pizang/03/41/cell_1761648080035_912349010008_12524_0100.png,thumbs/cluster_11/078_cell_1761648080035_912349010008_12524_0100.jpg
11,/home/wangqianqian/project/FS/data/28gusui&pizang/03/47/cell_1761648420089_912349010008_40096_0000.png,thumbs/cluster_11/079_cell_1761648420089_912349010008_40096_0000.jpg
11,/home/wangqianqian/project/FS/data/28gusui&pizang/03/46/cell_1761648379858_912349010008_36498_0100.png,thumbs/cluster_11/080_cell_1761648379858_912349010008_36498_0100.jpg
11,/home/wangqianqian/project/FS/data/28gusui&pizang/03/57/cell_1761649052879_912349010008_100156_0000.png,thumbs/cluster_11/081_cell_1761649052879_912349010008_100156_0000.jpg
11,/home/wangqianqian/project/FS/data/28gusui&pizang/03/40/cell_1761648044346_912349010008_10438_0100.png,thumbs/cluster_11/082_cell_1761648044346_912349010008_10438_0100.jpg
11,/home/wangqianqian/project/FS/data/28gusui&pizang/03/55/cell_1761648930724_912349010008_88890_0000.png,thumbs/cluster_11/083_cell_1761648930724_912349010008_88890_0000.jpg
11,/home/wangqianqian/project/FS/data/28gusui&pizang/03/53/cell_1761648783943_912349010008_74696_0000.png,thumbs/cluster_11/084_cell_1761648783943_912349010008_74696_0000.jpg
11,/home/wangqianqian/project/FS/data/28gusui&pizang/03/49/cell_1761648567050_912349010008_53107_0000.png,thumbs/cluster_11/085_cell_1761648567050_912349010008_53107_0000.jpg
11,/home/wangqianqian/project/FS/data/28gusui&pizang/03/46/cell_1761648370256_912349010008_35653_0100.png,thumbs/cluster_11/086_cell_1761648370256_912349010008_35653_0100.jpg
11,/home/wangqianqian/project/FS/data/28gusui&pizang/03/59/cell_1761649165414_912349010008_112025_0100.png,thumbs/cluster_11/087_cell_1761649165414_912349010008_112025_0100.jpg
11,/home/wangqianqian/project/FS/data/28gusui&pizang/03/43/cell_1761648216376_912349010008_22186_0100.png,thumbs/cluster_11/088_cell_1761648216376_912349010008_22186_0100.jpg
11,/home/wangqianqian/project/FS/data/28gusui&pizang/03/47/cell_1761648435673_912349010008_41625_0000.png,thumbs/cluster_11/089_cell_1761648435673_912349010008_41625_0000.jpg
11,/home/wangqianqian/project/FS/data/28gusui&pizang/03/57/cell_1761649063609_912349010008_101285_0100.png,thumbs/cluster_11/090_cell_1761649063609_912349010008_101285_0100.jpg
11,/home/wangqianqian/project/FS/data/28gusui&pizang/03/59/cell_1761649174483_912349010008_112994_0000.png,thumbs/cluster_11/091_cell_1761649174483_912349010008_112994_0000.jpg
11,/home/wangqianqian/project/FS/data/28gusui&pizang/03/55/cell_1761648917845_912349010008_87696_0100.png,thumbs/cluster_11/092_cell_1761648917845_912349010008_87696_0100.jpg
11,/home/wangqianqian/project/FS/data/28gusui&pizang/03/54/cell_1761648852777_912349010008_81765_0100.png,thumbs/cluster_11/093_cell_1761648852777_912349010008_81765_0100.jpg
11,/home/wangqianqian/project/FS/data/28gusui&pizang/03/54/cell_1761648888587_912349010008_85324_0000.png,thumbs/cluster_11/094_cell_1761648888587_912349010008_85324_0000.jpg
11,/home/wangqianqian/project/FS/data/28gusui&pizang/03/48/cell_1761648535852_912349010008_50229_0100.png,thumbs/cluster_11/095_cell_1761648535852_912349010008_50229_0100.jpg
11,/home/wangqianqian/project/FS/data/28gusui&pizang/03/56/cell_1761649005802_912349010008_95523_0100.png,thumbs/cluster_11/096_cell_1761649005802_912349010008_95523_0100.jpg
11,/home/wangqianqian/project/FS/data/28gusui&pizang/03/43/cell_1761648215570_912349010008_22127_0000.png,thumbs/cluster_11/097_cell_1761648215570_912349010008_22127_0000.jpg
11,/home/wangqianqian/project/FS/data/28gusui&pizang/03/45/cell_1761648301161_912349010008_29574_0000.png,thumbs/cluster_11/098_cell_1761648301161_912349010008_29574_0000.jpg
11,/home/wangqianqian/project/FS/data/28gusui&pizang/03/52/cell_1761648776414_912349010008_73956_0000.png,thumbs/cluster_11/099_cell_1761648776414_912349010008_73956_0000.jpg
12,/home/wangqianqian/project/FS/data/28gusui&pizang/03/57/cell_1761649062812_912349010008_101185_0000.png,thumbs/cluster_12/000_cell_1761649062812_912349010008_101185_0000.jpg
12,/home/wangqianqian/project/FS/data/28gusui&pizang/03/44/cell_1761648253182_912349010008_25309_0000.png,thumbs/cluster_12/001_cell_1761648253182_912349010008_25309_0000.jpg
12,/home/wangqianqian/project/FS/data/28gusui&pizang/03/57/cell_1761649037419_912349010008_98519_0100.png,thumbs/cluster_12/002_cell_1761649037419_912349010008_98519_0100.jpg
12,/home/wangqianqian/project/FS/data/28gusui&pizang/03/45/cell_1761648328232_912349010008_31821_0000.png,thumbs/cluster_12/003_cell_1761648328232_912349010008_31821_0000.jpg
12,/home/wangqianqian/project/FS/data/28gusui&pizang/03/43/cell_1761648197957_912349010008_20647_0000.png,thumbs/cluster_12/004_cell_1761648197957_912349010008_20647_0000.jpg
12,/home/wangqianqian/project/FS/data/28gusui&pizang/03/47/cell_1761648446709_912349010008_42652_0100.png,thumbs/cluster_12/005_cell_1761648446709_912349010008_42652_0100.jpg
12,/home/wangqianqian/project/FS/data/28gusui&pizang/03/47/cell_1761648451163_912349010008_43043_0000.png,thumbs/cluster_12/006_cell_1761648451163_912349010008_43043_0000.jpg
12,/home/wangqianqian/project/FS/data/28gusui&pizang/03/44/cell_1761648244416_912349010008_24504_0000.png,thumbs/cluster_12/007_cell_1761648244416_912349010008_24504_0000.jpg
12,/home/wangqianqian/project/FS/data/28gusui&pizang/03/50/cell_1761648625046_912349010008_58790_0000.png,thumbs/cluster_12/008_cell_1761648625046_912349010008_58790_0000.jpg
12,/home/wangqianqian/project/FS/data/28gusui&pizang/03/56/cell_1761648994343_912349010008_94434_0000.png,thumbs/cluster_12/009_cell_1761648994343_912349010008_94434_0000.jpg
12,/home/wangqianqian/project/FS/data/28gusui&pizang/03/55/cell_1761648958428_912349010008_91219_0100.png,thumbs/cluster_12/010_cell_1761648958428_912349010008_91219_0100.jpg
12,/home/wangqianqian/project/FS/data/28gusui&pizang/03/57/cell_1761649020777_912349010008_96902_0000.png,thumbs/cluster_12/011_cell_1761649020777_912349010008_96902_0000.jpg
12,/home/wangqianqian/project/FS/data/28gusui&pizang/03/46/cell_1761648377038_912349010008_36229_0000.png,thumbs/cluster_12/012_cell_1761648377038_912349010008_36229_0000.jpg
12,/home/wangqianqian/project/FS/data/28gusui&pizang/03/59/cell_1761649164308_912349010008_111879_0000.png,thumbs/cluster_12/013_cell_1761649164308_912349010008_111879_0000.jpg
12,/home/wangqianqian/project/FS/data/28gusui&pizang/03/43/cell_1761648229328_912349010008_23207_0100.png,thumbs/cluster_12/014_cell_1761648229328_912349010008_23207_0100.jpg
12,/home/wangqianqian/project/FS/data/28gusui&pizang/03/44/cell_1761648244822_912349010008_24536_0100.png,thumbs/cluster_12/015_cell_1761648244822_912349010008_24536_0100.jpg
12,/home/wangqianqian/project/FS/data/28gusui&pizang/03/51/cell_1761648671651_912349010008_63508_0100.png,thumbs/cluster_12/016_cell_1761648671651_912349010008_63508_0100.jpg
12,/home/wangqianqian/project/FS/data/28gusui&pizang/03/48/cell_1761648522663_912349010008_49032_0000.png,thumbs/cluster_12/017_cell_1761648522663_912349010008_49032_0000.jpg
12,/home/wangqianqian/project/FS/data/28gusui&pizang/03/58/cell_1761649093290_912349010008_104446_0000.png,thumbs/cluster_12/018_cell_1761649093290_912349010008_104446_0000.jpg
12,/home/wangqianqian/project/FS/data/28gusui&pizang/03/56/cell_1761648976275_912349010008_92782_0100.png,thumbs/cluster_12/019_cell_1761648976275_912349010008_92782_0100.jpg
12,/home/wangqianqian/project/FS/data/28gusui&pizang/03/52/cell_1761648737022_912349010008_70176_0100.png,thumbs/cluster_12/020_cell_1761648737022_912349010008_70176_0100.jpg
12,/home/wangqianqian/project/FS/data/28gusui&pizang/03/50/cell_1761648639213_912349010008_60252_0000.png,thumbs/cluster_12/021_cell_1761648639213_912349010008_60252_0000.jpg
12,/home/wangqianqian/project/FS/data/28gusui&pizang/03/53/cell_1761648830340_912349010008_79508_0100.png,thumbs/cluster_12/022_cell_1761648830340_912349010008_79508_0100.jpg
12,/home/wangqianqian/project/FS/data/28gusui&pizang/03/59/cell_1761649154827_912349010008_110857_0000.png,thumbs/cluster_12/023_cell_1761649154827_912349010008_110857_0000.jpg
12,/home/wangqianqian/project/FS/data/28gusui&pizang/03/55/cell_1761648928668_912349010008_88682_0100.png,thumbs/cluster_12/024_cell_1761648928668_912349010008_88682_0100.jpg
12,/home/wangqianqian/project/FS/data/28gusui&pizang/03/41/cell_1761648083612_912349010008_12775_0100.png,thumbs/cluster_12/025_cell_1761648083612_912349010008_12775_0100.jpg
12,/home/wangqianqian/project/FS/data/28gusui&pizang/03/44/cell_1761648265684_912349010008_26397_0000.png,thumbs/cluster_12/026_cell_1761648265684_912349010008_26397_0000.jpg
12,/home/wangqianqian/project/FS/data/28gusui&pizang/03/49/cell_1761648585081_912349010008_54795_0100.png,thumbs/cluster_12/027_cell_1761648585081_912349010008_54795_0100.jpg
12,/home/wangqianqian/project/FS/data/28gusui&pizang/03/51/cell_1761648686441_912349010008_65016_0000.png,thumbs/cluster_12/028_cell_1761648686441_912349010008_65016_0000.jpg
12,/home/wangqianqian/project/FS/data/28gusui&pizang/03/52/cell_1761648745584_912349010008_71072_0100.png,thumbs/cluster_12/029_cell_1761648745584_912349010008_71072_0100.jpg
12,/home/wangqianqian/project/FS/data/28gusui&pizang/03/57/cell_1761649027852_912349010008_97563_0100.png,thumbs/cluster_12/030_cell_1761649027852_912349010008_97563_0100.jpg
12,/home/wangqianqian/project/FS/data/28gusui&pizang/03/41/cell_1761648079405_912349010008_12472_0000.png,thumbs/cluster_12/031_cell_1761648079405_912349010008_12472_0000.jpg
12,/home/wangqianqian/project/FS/data/28gusui&pizang/03/50/cell_1761648652816_912349010008_61663_0000.png,thumbs/cluster_12/032_cell_1761648652816_912349010008_61663_0000.jpg
12,/home/wangqianqian/project/FS/data/28gusui&pizang/03/49/cell_1761648587103_912349010008_55015_0100.png,thumbs/cluster_12/033_cell_1761648587103_912349010008_55015_0100.jpg
12,/home/wangqianqian/project/FS/data/28gusui&pizang/03/40/cell_1761648050317_912349010008_10731_0000.png,thumbs/cluster_12/034_cell_1761648050317_912349010008_10731_0000.jpg
12,/home/wangqianqian/project/FS/data/28gusui&pizang/03/48/cell_1761648522609_912349010008_49027_0000.png,thumbs/cluster_12/035_cell_1761648522609_912349010008_49027_0000.jpg
12,/home/wangqianqian/project/FS/data/28gusui&pizang/03/58/cell_1761649123645_912349010008_107607_0000.png,thumbs/cluster_12/036_cell_1761649123645_912349010008_107607_0000.jpg
12,/home/wangqianqian/project/FS/data/28gusui&pizang/03/42/cell_1761648136161_912349010008_16213_0100.png,thumbs/cluster_12/037_cell_1761648136161_912349010008_16213_0100.jpg
12,/home/wangqianqian/project/FS/data/28gusui&pizang/03/53/cell_1761648782279_912349010008_74531_0100.png,thumbs/cluster_12/038_cell_1761648782279_912349010008_74531_0100.jpg
12,/home/wangqianqian/project/FS/data/28gusui&pizang/03/57/cell_1761649055555_912349010008_100420_0100.png,thumbs/cluster_12/039_cell_1761649055555_912349010008_100420_0100.jpg
12,/home/wangqianqian/project/FS/data/28gusui&pizang/03/48/cell_1761648538800_912349010008_50469_0000.png,thumbs/cluster_12/040_cell_1761648538800_912349010008_50469_0000.jpg
12,/home/wangqianqian/project/FS/data/28gusui&pizang/03/43/cell_1761648224445_912349010008_22775_0000.png,thumbs/cluster_12/041_cell_1761648224445_912349010008_22775_0000.jpg
12,/home/wangqianqian/project/FS/data/28gusui&pizang/03/45/cell_1761648315297_912349010008_30754_0000.png,thumbs/cluster_12/042_cell_1761648315297_912349010008_30754_0000.jpg
12,/home/wangqianqian/project/FS/data/28gusui&pizang/03/57/cell_1761649057852_912349010008_100685_0000.png,thumbs/cluster_12/043_cell_1761649057852_912349010008_100685_0000.jpg
12,/home/wangqianqian/project/FS/data/28gusui&pizang/03/56/cell_1761648982394_912349010008_93341_0000.png,thumbs/cluster_12/044_cell_1761648982394_912349010008_93341_0000.jpg
12,/home/wangqianqian/project/FS/data/28gusui&pizang/03/57/cell_1761649062234_912349010008_101138_0000.png,thumbs/cluster_12/045_cell_1761649062234_912349010008_101138_0000.jpg
12,/home/wangqianqian/project/FS/data/28gusui&pizang/03/52/cell_1761648778615_912349010008_74151_0100.png,thumbs/cluster_12/046_cell_1761648778615_912349010008_74151_0100.jpg
12,/home/wangqianqian/project/FS/data/28gusui&pizang/03/51/cell_1761648676283_912349010008_63940_0100.png,thumbs/cluster_12/047_cell_1761648676283_912349010008_63940_0100.jpg
12,/home/wangqianqian/project/FS/data/28gusui&pizang/03/55/cell_1761648904291_912349010008_86658_0000.png,thumbs/cluster_12/048_cell_1761648904291_912349010008_86658_0000.jpg
12,/home/wangqianqian/project/FS/data/28gusui&pizang/03/51/cell_1761648695156_912349010008_65924_0000.png,thumbs/cluster_12/049_cell_1761648695156_912349010008_65924_0000.jpg
12,/home/wangqianqian/project/FS/data/28gusui&pizang/03/47/cell_1761648423010_912349010008_40376_0100.png,thumbs/cluster_12/050_cell_1761648423010_912349010008_40376_0100.jpg
12,/home/wangqianqian/project/FS/data/28gusui&pizang/03/45/cell_1761648341680_912349010008_33065_0100.png,thumbs/cluster_12/051_cell_1761648341680_912349010008_33065_0100.jpg
12,/home/wangqianqian/project/FS/data/28gusui&pizang/03/43/cell_1761648231488_912349010008_23391_0000.png,thumbs/cluster_12/052_cell_1761648231488_912349010008_23391_0000.jpg
12,/home/wangqianqian/project/FS/data/28gusui&pizang/03/49/cell_1761648547584_912349010008_51289_0000.png,thumbs/cluster_12/053_cell_1761648547584_912349010008_51289_0000.jpg
12,/home/wangqianqian/project/FS/data/28gusui&pizang/03/55/cell_1761648950577_912349010008_90525_0000.png,thumbs/cluster_12/054_cell_1761648950577_912349010008_90525_0000.jpg
12,/home/wangqianqian/project/FS/data/28gusui&pizang/03/58/cell_1761649136206_912349010008_108907_0100.png,thumbs/cluster_12/055_cell_1761649136206_912349010008_108907_0100.jpg
12,/home/wangqianqian/project/FS/data/28gusui&pizang/03/49/cell_1761648545392_912349010008_51076_0000.png,thumbs/cluster_12/056_cell_1761648545392_912349010008_51076_0000.jpg
12,/home/wangqianqian/project/FS/data/28gusui&pizang/03/58/cell_1761649097045_912349010008_104837_0100.png,thumbs/cluster_12/057_cell_1761649097045_912349010008_104837_0100.jpg
12,/home/wangqianqian/project/FS/data/28gusui&pizang/03/48/cell_1761648505212_912349010008_47673_0000.png,thumbs/cluster_12/058_cell_1761648505212_912349010008_47673_0000.jpg
12,/home/wangqianqian/project/FS/data/28gusui&pizang/03/40/cell_1761648018552_912349010008_9152_0100.png,thumbs/cluster_12/059_cell_1761648018552_912349010008_9152_0100.jpg
12,/home/wangqianqian/project/FS/data/28gusui&pizang/03/58/cell_1761649122821_912349010008_107535_0100.png,thumbs/cluster_12/060_cell_1761649122821_912349010008_107535_0100.jpg
12,/home/wangqianqian/project/FS/data/28gusui&pizang/03/41/cell_1761648060281_912349010008_11281_0100.png,thumbs/cluster_12/061_cell_1761648060281_912349010008_11281_0100.jpg
12,/home/wangqianqian/project/FS/data/28gusui&pizang/03/58/cell_1761649112025_912349010008_106412_0000.png,thumbs/cluster_12/062_cell_1761649112025_912349010008_106412_0000.jpg
12,/home/wangqianqian/project/FS/data/28gusui&pizang/03/42/cell_1761648170732_912349010008_18672_0000.png,thumbs/cluster_12/063_cell_1761648170732_912349010008_18672_0000.jpg
12,/home/wangqianqian/project/FS/data/28gusui&pizang/03/58/cell_1761649123382_912349010008_107579_0000.png,thumbs/cluster_12/064_cell_1761649123382_912349010008_107579_0000.jpg
12,/home/wangqianqian/project/FS/data/28gusui&pizang/03/53/cell_1761648800698_912349010008_76562_0000.png,thumbs/cluster_12/065_cell_1761648800698_912349010008_76562_0000.jpg
12,/home/wangqianqian/project/FS/data/28gusui&pizang/03/40/cell_1761648058011_912349010008_11144_0000.png,thumbs/cluster_12/066_cell_1761648058011_912349010008_11144_0000.jpg
12,/home/wangqianqian/project/FS/data/28gusui&pizang/03/59/cell_1761649143857_912349010008_109718_0000.png,thumbs/cluster_12/067_cell_1761649143857_912349010008_109718_0000.jpg
12,/home/wangqianqian/project/FS/data/28gusui&pizang/03/46/cell_1761648377100_912349010008_36237_0000.png,thumbs/cluster_12/068_cell_1761648377100_912349010008_36237_0000.jpg
12,/home/wangqianqian/project/FS/data/28gusui&pizang/03/46/cell_1761648378764_912349010008_36371_0100.png,thumbs/cluster_12/069_cell_1761648378764_912349010008_36371_0100.jpg
12,/home/wangqianqian/project/FS/data/28gusui&pizang/03/40/cell_1761648001917_912349010008_8324_0100.png,thumbs/cluster_12/070_cell_1761648001917_912349010008_8324_0100.jpg
12,/home/wangqianqian/project/FS/data/28gusui&pizang/03/53/cell_1761648787300_912349010008_75065_0100.png,thumbs/cluster_12/071_cell_1761648787300_912349010008_75065_0100.jpg
12,/home/wangqianqian/project/FS/data/28gusui&pizang/03/39/cell_1761647976472_912349010008_7271_0000.png,thumbs/cluster_12/072_cell_1761647976472_912349010008_7271_0000.jpg
12,/home/wangqianqian/project/FS/data/28gusui&pizang/03/58/cell_1761649138505_912349010008_109128_0000.png,thumbs/cluster_12/073_cell_1761649138505_912349010008_109128_0000.jpg
12,/home/wangqianqian/project/FS/data/28gusui&pizang/03/45/cell_1761648338913_912349010008_32795_0000.png,thumbs/cluster_12/074_cell_1761648338913_912349010008_32795_0000.jpg
12,/home/wangqianqian/project/FS/data/28gusui&pizang/03/55/cell_1761648923029_912349010008_88112_0000.png,thumbs/cluster_12/075_cell_1761648923029_912349010008_88112_0000.jpg
12,/home/wangqianqian/project/FS/data/28gusui&pizang/03/45/cell_1761648354806_912349010008_34266_0000.png,thumbs/cluster_12/076_cell_1761648354806_912349010008_34266_0000.jpg
12,/home/wangqianqian/project/FS/data/28gusui&pizang/03/45/cell_1761648308638_912349010008_30192_0000.png,thumbs/cluster_12/077_cell_1761648308638_912349010008_30192_0000.jpg
12,/home/wangqianqian/project/FS/data/28gusui&pizang/03/58/cell_1761649128223_912349010008_108087_0000.png,thumbs/cluster_12/078_cell_1761649128223_912349010008_108087_0000.jpg
12,/home/wangqianqian/project/FS/data/28gusui&pizang/03/59/cell_1761649148699_912349010008_110198_0000.png,thumbs/cluster_12/079_cell_1761649148699_912349010008_110198_0000.jpg
12,/home/wangqianqian/project/FS/data/28gusui&pizang/03/59/cell_1761649173191_912349010008_112865_0100.png,thumbs/cluster_12/080_cell_1761649173191_912349010008_112865_0100.jpg
12,/home/wangqianqian/project/FS/data/28gusui&pizang/03/57/cell_1761649031697_912349010008_97970_0000.png,thumbs/cluster_12/081_cell_1761649031697_912349010008_97970_0000.jpg
12,/home/wangqianqian/project/FS/data/28gusui&pizang/03/47/cell_1761648479152_912349010008_45461_0000.png,thumbs/cluster_12/082_cell_1761648479152_912349010008_45461_0000.jpg
12,/home/wangqianqian/project/FS/data/28gusui&pizang/03/43/cell_1761648215151_912349010008_22100_0100.png,thumbs/cluster_12/083_cell_1761648215151_912349010008_22100_0100.jpg
12,/home/wangqianqian/project/FS/data/28gusui&pizang/03/51/cell_1761648669516_912349010008_63319_0100.png,thumbs/cluster_12/084_cell_1761648669516_912349010008_63319_0100.jpg
12,/home/wangqianqian/project/FS/data/28gusui&pizang/03/48/cell_1761648490364_912349010008_46423_0100.png,thumbs/cluster_12/085_cell_1761648490364_912349010008_46423_0100.jpg
12,/home/wangqianqian/project/FS/data/28gusui&pizang/03/49/cell_1761648566234_912349010008_53035_0000.png,thumbs/cluster_12/086_cell_1761648566234_912349010008_53035_0000.jpg
12,/home/wangqianqian/project/FS/data/28gusui&pizang/03/51/cell_1761648662610_912349010008_62668_0000.png,thumbs/cluster_12/087_cell_1761648662610_912349010008_62668_0000.jpg
12,/home/wangqianqian/project/FS/data/28gusui&pizang/03/39/cell_1761647965114_912349010008_6785_0100.png,thumbs/cluster_12/088_cell_1761647965114_912349010008_6785_0100.jpg
12,/home/wangqianqian/project/FS/data/28gusui&pizang/03/49/cell_1761648551887_912349010008_51663_0100.png,thumbs/cluster_12/089_cell_1761648551887_912349010008_51663_0100.jpg
12,/home/wangqianqian/project/FS/data/28gusui&pizang/03/45/cell_1761648310454_912349010008_30361_0000.png,thumbs/cluster_12/090_cell_1761648310454_912349010008_30361_0000.jpg
12,/home/wangqianqian/project/FS/data/28gusui&pizang/03/42/cell_1761648155724_912349010008_17615_0000.png,thumbs/cluster_12/091_cell_1761648155724_912349010008_17615_0000.jpg
12,/home/wangqianqian/project/FS/data/28gusui&pizang/03/38/cell_1761647936465_912349010008_5635_0000.png,thumbs/cluster_12/092_cell_1761647936465_912349010008_5635_0000.jpg
12,/home/wangqianqian/project/FS/data/28gusui&pizang/03/51/cell_1761648696307_912349010008_66034_0000.png,thumbs/cluster_12/093_cell_1761648696307_912349010008_66034_0000.jpg
12,/home/wangqianqian/project/FS/data/28gusui&pizang/03/40/cell_1761648036704_912349010008_10129_0000.png,thumbs/cluster_12/094_cell_1761648036704_912349010008_10129_0000.jpg
12,/home/wangqianqian/project/FS/data/28gusui&pizang/03/51/cell_1761648714869_912349010008_68047_0000.png,thumbs/cluster_12/095_cell_1761648714869_912349010008_68047_0000.jpg
12,/home/wangqianqian/project/FS/data/28gusui&pizang/03/53/cell_1761648825121_912349010008_79039_0000.png,thumbs/cluster_12/096_cell_1761648825121_912349010008_79039_0000.jpg
12,/home/wangqianqian/project/FS/data/28gusui&pizang/03/48/cell_1761648503617_912349010008_47548_0100.png,thumbs/cluster_12/097_cell_1761648503617_912349010008_47548_0100.jpg
12,/home/wangqianqian/project/FS/data/28gusui&pizang/03/55/cell_1761648922314_912349010008_88040_0100.png,thumbs/cluster_12/098_cell_1761648922314_912349010008_88040_0100.jpg
12,/home/wangqianqian/project/FS/data/28gusui&pizang/03/46/cell_1761648372844_912349010008_35884_0100.png,thumbs/cluster_12/099_cell_1761648372844_912349010008_35884_0100.jpg
13,/home/wangqianqian/project/FS/data/28gusui&pizang/03/57/cell_1761649037150_912349010008_98497_0000.png,thumbs/cluster_13/000_cell_1761649037150_912349010008_98497_0000.jpg
13,/home/wangqianqian/project/FS/data/28gusui&pizang/03/54/cell_1761648864363_912349010008_82900_0100.png,thumbs/cluster_13/001_cell_1761648864363_912349010008_82900_0100.jpg
13,/home/wangqianqian/project/FS/data/28gusui&pizang/03/53/cell_1761648794889_912349010008_75934_0000.png,thumbs/cluster_13/002_cell_1761648794889_912349010008_75934_0000.jpg
13,/home/wangqianqian/project/FS/data/28gusui&pizang/03/56/cell_1761648985488_912349010008_93604_0100.png,thumbs/cluster_13/003_cell_1761648985488_912349010008_93604_0100.jpg
13,/home/wangqianqian/project/FS/data/28gusui&pizang/03/39/cell_1761647978285_912349010008_7322_0100.png,thumbs/cluster_13/004_cell_1761647978285_912349010008_7322_0100.jpg
13,/home/wangqianqian/project/FS/data/28gusui&pizang/03/58/cell_1761649134527_912349010008_108728_0000.png,thumbs/cluster_13/005_cell_1761649134527_912349010008_108728_0000.jpg
13,/home/wangqianqian/project/FS/data/28gusui&pizang/03/39/cell_1761647994231_912349010008_7962_0100.png,thumbs/cluster_13/006_cell_1761647994231_912349010008_7962_0100.jpg
13,/home/wangqianqian/project/FS/data/28gusui&pizang/03/47/cell_1761648458567_912349010008_43680_0100.png,thumbs/cluster_13/007_cell_1761648458567_912349010008_43680_0100.jpg
13,/home/wangqianqian/project/FS/data/28gusui&pizang/03/39/cell_1761647989526_912349010008_7746_0100.png,thumbs/cluster_13/008_cell_1761647989526_912349010008_7746_0100.jpg
13,/home/wangqianqian/project/FS/data/28gusui&pizang/03/49/cell_1761648579429_912349010008_54285_0100.png,thumbs/cluster_13/009_cell_1761648579429_912349010008_54285_0100.jpg
13,/home/wangqianqian/project/FS/data/28gusui&pizang/03/44/cell_1761648245145_912349010008_24566_0000.png,thumbs/cluster_13/010_cell_1761648245145_912349010008_24566_0000.jpg
13,/home/wangqianqian/project/FS/data/28gusui&pizang/03/44/cell_1761648264450_912349010008_26273_0100.png,thumbs/cluster_13/011_cell_1761648264450_912349010008_26273_0100.jpg
13,/home/wangqianqian/project/FS/data/28gusui&pizang/03/43/cell_1761648225783_912349010008_22893_0100.png,thumbs/cluster_13/012_cell_1761648225783_912349010008_22893_0100.jpg
13,/home/wangqianqian/project/FS/data/28gusui&pizang/03/41/cell_1761648082431_912349010008_12692_0100.png,thumbs/cluster_13/013_cell_1761648082431_912349010008_12692_0100.jpg
13,/home/wangqianqian/project/FS/data/28gusui&pizang/03/51/cell_1761648693463_912349010008_65763_0000.png,thumbs/cluster_13/014_cell_1761648693463_912349010008_65763_0000.jpg
13,/home/wangqianqian/project/FS/data/28gusui&pizang/03/46/cell_1761648408286_912349010008_38945_0000.png,thumbs/cluster_13/015_cell_1761648408286_912349010008_38945_0000.jpg
13,/home/wangqianqian/project/FS/data/28gusui&pizang/03/38/cell_1761647898456_912349010008_4386_0100.png,thumbs/cluster_13/016_cell_1761647898456_912349010008_4386_0100.jpg
13,/home/wangqianqian/project/FS/data/28gusui&pizang/03/45/cell_1761648324883_912349010008_31510_0100.png,thumbs/cluster_13/017_cell_1761648324883_912349010008_31510_0100.jpg
13,/home/wangqianqian/project/FS/data/28gusui&pizang/03/58/cell_1761649098844_912349010008_105008_0000.png,thumbs/cluster_13/018_cell_1761649098844_912349010008_105008_0000.jpg
13,/home/wangqianqian/project/FS/data/28gusui&pizang/03/54/cell_1761648892006_912349010008_85664_0100.png,thumbs/cluster_13/019_cell_1761648892006_912349010008_85664_0100.jpg
13,/home/wangqianqian/project/FS/data/28gusui&pizang/03/38/cell_1761647920620_912349010008_5062_0000.png,thumbs/cluster_13/020_cell_1761647920620_912349010008_5062_0000.jpg
13,/home/wangqianqian/project/FS/data/28gusui&pizang/03/56/cell_1761648966711_912349010008_91930_0100.png,thumbs/cluster_13/021_cell_1761648966711_912349010008_91930_0100.jpg
13,/home/wangqianqian/project/FS/data/28gusui&pizang/03/50/cell_1761648656988_912349010008_62078_0100.png,thumbs/cluster_13/022_cell_1761648656988_912349010008_62078_0100.jpg
13,/home/wangqianqian/project/FS/data/28gusui&pizang/03/44/cell_1761648260365_912349010008_25908_0100.png,thumbs/cluster_13/023_cell_1761648260365_912349010008_25908_0100.jpg
13,/home/wangqianqian/project/FS/data/28gusui&pizang/03/44/cell_1761648285183_912349010008_28218_0100.png,thumbs/cluster_13/024_cell_1761648285183_912349010008_28218_0100.jpg
13,/home/wangqianqian/project/FS/data/28gusui&pizang/03/54/cell_1761648849302_912349010008_81365_0000.png,thumbs/cluster_13/025_cell_1761648849302_912349010008_81365_0000.jpg
13,/home/wangqianqian/project/FS/data/28gusui&pizang/03/39/cell_1761647969673_912349010008_6968_0100.png,thumbs/cluster_13/026_cell_1761647969673_912349010008_6968_0100.jpg
13,/home/wangqianqian/project/FS/data/28gusui&pizang/03/56/cell_1761649008811_912349010008_95807_0000.png,thumbs/cluster_13/027_cell_1761649008811_912349010008_95807_0000.jpg
13,/home/wangqianqian/project/FS/data/28gusui&pizang/03/42/cell_1761648137883_912349010008_16328_0100.png,thumbs/cluster_13/028_cell_1761648137883_912349010008_16328_0100.jpg
13,/home/wangqianqian/project/FS/data/28gusui&pizang/03/43/cell_1761648207447_912349010008_21482_0000.png,thumbs/cluster_13/029_cell_1761648207447_912349010008_21482_0000.jpg
13,/home/wangqianqian/project/FS/data/28gusui&pizang/03/42/cell_1761648150298_912349010008_17230_0000.png,thumbs/cluster_13/030_cell_1761648150298_912349010008_17230_0000.jpg
13,/home/wangqianqian/project/FS/data/28gusui&pizang/03/58/cell_1761649093646_912349010008_104489_0000.png,thumbs/cluster_13/031_cell_1761649093646_912349010008_104489_0000.jpg
13,/home/wangqianqian/project/FS/data/28gusui&pizang/03/46/cell_1761648390220_912349010008_37374_0000.png,thumbs/cluster_13/032_cell_1761648390220_912349010008_37374_0000.jpg
13,/home/wangqianqian/project/FS/data/28gusui&pizang/03/57/cell_1761649030487_912349010008_97857_0100.png,thumbs/cluster_13/033_cell_1761649030487_912349010008_97857_0100.jpg
13,/home/wangqianqian/project/FS/data/28gusui&pizang/03/58/cell_1761649089141_912349010008_103961_0100.png,thumbs/cluster_13/034_cell_1761649089141_912349010008_103961_0100.jpg
13,/home/wangqianqian/project/FS/data/28gusui&pizang/03/44/cell_1761648294738_912349010008_29050_0100.png,thumbs/cluster_13/035_cell_1761648294738_912349010008_29050_0100.jpg
13,/home/wangqianqian/project/FS/data/28gusui&pizang/03/49/cell_1761648545696_912349010008_51098_0000.png,thumbs/cluster_13/036_cell_1761648545696_912349010008_51098_0000.jpg
13,/home/wangqianqian/project/FS/data/28gusui&pizang/03/49/cell_1761648544565_912349010008_51004_0100.png,thumbs/cluster_13/037_cell_1761648544565_912349010008_51004_0100.jpg
13,/home/wangqianqian/project/FS/data/28gusui&pizang/03/52/cell_1761648745761_912349010008_71090_0100.png,thumbs/cluster_13/038_cell_1761648745761_912349010008_71090_0100.jpg
13,/home/wangqianqian/project/FS/data/28gusui&pizang/03/55/cell_1761648914244_912349010008_87435_0000.png,thumbs/cluster_13/039_cell_1761648914244_912349010008_87435_0000.jpg
13,/home/wangqianqian/project/FS/data/28gusui&pizang/03/52/cell_1761648745036_912349010008_71019_0000.png,thumbs/cluster_13/040_cell_1761648745036_912349010008_71019_0000.jpg
13,/home/wangqianqian/project/FS/data/28gusui&pizang/03/53/cell_1761648816809_912349010008_78237_0100.png,thumbs/cluster_13/041_cell_1761648816809_912349010008_78237_0100.jpg
13,/home/wangqianqian/project/FS/data/28gusui&pizang/03/43/cell_1761648233216_912349010008_23528_0000.png,thumbs/cluster_13/042_cell_1761648233216_912349010008_23528_0000.jpg
13,/home/wangqianqian/project/FS/data/28gusui&pizang/03/56/cell_1761648982710_912349010008_93363_0000.png,thumbs/cluster_13/043_cell_1761648982710_912349010008_93363_0000.jpg
13,/home/wangqianqian/project/FS/data/28gusui&pizang/03/56/cell_1761648979322_912349010008_93049_0000.png,thumbs/cluster_13/044_cell_1761648979322_912349010008_93049_0000.jpg
13,/home/wangqianqian/project/FS/data/28gusui&pizang/03/52/cell_1761648777566_912349010008_74058_0100.png,thumbs/cluster_13/045_cell_1761648777566_912349010008_74058_0100.jpg
13,/home/wangqianqian/project/FS/data/28gusui&pizang/03/55/cell_1761648940502_912349010008_89695_0100.png,thumbs/cluster_13/046_cell_1761648940502_912349010008_89695_0100.jpg
13,/home/wangqianqian/project/FS/data/28gusui&pizang/03/59/cell_1761649179472_912349010008_113476_0000.png,thumbs/cluster_13/047_cell_1761649179472_912349010008_113476_0000.jpg
13,/home/wangqianqian/project/FS/data/28gusui&pizang/03/50/cell_1761648625388_912349010008_58824_0000.png,thumbs/cluster_13/048_cell_1761648625388_912349010008_58824_0000.jpg
13,/home/wangqianqian/project/FS/data/28gusui&pizang/03/44/cell_1761648292753_912349010008_28909_0000.png,thumbs/cluster_13/049_cell_1761648292753_912349010008_28909_0000.jpg
13,/home/wangqianqian/project/FS/data/28gusui&pizang/03/50/cell_1761648632694_912349010008_59585_0100.png,thumbs/cluster_13/050_cell_1761648632694_912349010008_59585_0100.jpg
13,/home/wangqianqian/project/FS/data/28gusui&pizang/03/49/cell_1761648573984_912349010008_53799_0000.png,thumbs/cluster_13/051_cell_1761648573984_912349010008_53799_0000.jpg
13,/home/wangqianqian/project/FS/data/28gusui&pizang/03/44/cell_1761648295980_912349010008_29156_0000.png,thumbs/cluster_13/052_cell_1761648295980_912349010008_29156_0000.jpg
13,/home/wangqianqian/project/FS/data/28gusui&pizang/03/54/cell_1761648889470_912349010008_85409_0000.png,thumbs/cluster_13/053_cell_1761648889470_912349010008_85409_0000.jpg
13,/home/wangqianqian/project/FS/data/28gusui&pizang/03/56/cell_1761649019671_912349010008_96785_0100.png,thumbs/cluster_13/054_cell_1761649019671_912349010008_96785_0100.jpg
13,/home/wangqianqian/project/FS/data/28gusui&pizang/03/59/cell_1761649150237_912349010008_110326_0000.png,thumbs/cluster_13/055_cell_1761649150237_912349010008_110326_0000.jpg
13,/home/wangqianqian/project/FS/data/28gusui&pizang/03/56/cell_1761648978109_912349010008_92958_0000.png,thumbs/cluster_13/056_cell_1761648978109_912349010008_92958_0000.jpg
13,/home/wangqianqian/project/FS/data/28gusui&pizang/03/44/cell_1761648247250_912349010008_24770_0100.png,thumbs/cluster_13/057_cell_1761648247250_912349010008_24770_0100.jpg
13,/home/wangqianqian/project/FS/data/28gusui&pizang/03/57/cell_1761649060134_912349010008_100935_0000.png,thumbs/cluster_13/058_cell_1761649060134_912349010008_100935_0000.jpg
13,/home/wangqianqian/project/FS/data/28gusui&pizang/03/58/cell_1761649119270_912349010008_107171_0000.png,thumbs/cluster_13/059_cell_1761649119270_912349010008_107171_0000.jpg
13,/home/wangqianqian/project/FS/data/28gusui&pizang/03/52/cell_1761648750757_912349010008_71544_0000.png,thumbs/cluster_13/060_cell_1761648750757_912349010008_71544_0000.jpg
13,/home/wangqianqian/project/FS/data/28gusui&pizang/03/46/cell_1761648402860_912349010008_38452_0000.png,thumbs/cluster_13/061_cell_1761648402860_912349010008_38452_0000.jpg
13,/home/wangqianqian/project/FS/data/28gusui&pizang/03/50/cell_1761648624496_912349010008_58733_0100.png,thumbs/cluster_13/062_cell_1761648624496_912349010008_58733_0100.jpg
13,/home/wangqianqian/project/FS/data/28gusui&pizang/03/58/cell_1761649096506_912349010008_104770_0000.png,thumbs/cluster_13/063_cell_1761649096506_912349010008_104770_0000.jpg
13,/home/wangqianqian/project/FS/data/28gusui&pizang/03/51/cell_1761648673238_912349010008_63662_0000.png,thumbs/cluster_13/064_cell_1761648673238_912349010008_63662_0000.jpg
13,/home/wangqianqian/project/FS/data/28gusui&pizang/03/47/cell_1761648458567_912349010008_43680_0000.png,thumbs/cluster_13/065_cell_1761648458567_912349010008_43680_0000.jpg
13,/home/wangqianqian/project/FS/data/28gusui&pizang/03/55/cell_1761648955426_912349010008_90957_0000.png,thumbs/cluster_13/066_cell_1761648955426_912349010008_90957_0000.jpg
13,/home/wangqianqian/project/FS/data/28gusui&pizang/03/47/cell_1761648475716_912349010008_45147_0000.png,thumbs/cluster_13/067_cell_1761648475716_912349010008_45147_0000.jpg
13,/home/wangqianqian/project/FS/data/28gusui&pizang/03/52/cell_1761648729030_912349010008_69384_0000.png,thumbs/cluster_13/068_cell_1761648729030_912349010008_69384_0000.jpg
13,/home/wangqianqian/project/FS/data/28gusui&pizang/03/52/cell_1761648746778_912349010008_71175_0100.png,thumbs/cluster_13/069_cell_1761648746778_912349010008_71175_0100.jpg
13,/home/wangqianqian/project/FS/data/28gusui&pizang/03/42/cell_1761648138203_912349010008_16363_0000.png,thumbs/cluster_13/070_cell_1761648138203_912349010008_16363_0000.jpg
13,/home/wangqianqian/project/FS/data/28gusui&pizang/03/40/cell_1761648001562_912349010008_8310_0100.png,thumbs/cluster_13/071_cell_1761648001562_912349010008_8310_0100.jpg
13,/home/wangqianqian/project/FS/data/28gusui&pizang/03/50/cell_1761648626012_912349010008_58899_0000.png,thumbs/cluster_13/072_cell_1761648626012_912349010008_58899_0000.jpg
13,/home/wangqianqian/project/FS/data/28gusui&pizang/03/55/cell_1761648939033_912349010008_89561_0000.png,thumbs/cluster_13/073_cell_1761648939033_912349010008_89561_0000.jpg
13,/home/wangqianqian/project/FS/data/28gusui&pizang/03/43/cell_1761648222093_912349010008_22611_0000.png,thumbs/cluster_13/074_cell_1761648222093_912349010008_22611_0000.jpg
13,/home/wangqianqian/project/FS/data/28gusui&pizang/03/51/cell_1761648661042_912349010008_62506_0100.png,thumbs/cluster_13/075_cell_1761648661042_912349010008_62506_0100.jpg
13,/home/wangqianqian/project/FS/data/28gusui&pizang/03/46/cell_1761648361297_912349010008_34868_0000.png,thumbs/cluster_13/076_cell_1761648361297_912349010008_34868_0000.jpg
13,/home/wangqianqian/project/FS/data/28gusui&pizang/03/49/cell_1761648563595_912349010008_52729_0100.png,thumbs/cluster_13/077_cell_1761648563595_912349010008_52729_0100.jpg
13,/home/wangqianqian/project/FS/data/28gusui&pizang/03/49/cell_1761648567643_912349010008_53160_0100.png,thumbs/cluster_13/078_cell_1761648567643_912349010008_53160_0100.jpg
13,/home/wangqianqian/project/FS/data/28gusui&pizang/03/50/cell_1761648602908_912349010008_56677_0000.png,thumbs/cluster_13/079_cell_1761648602908_912349010008_56677_0000.jpg
13,/home/wangqianqian/project/FS/data/28gusui&pizang/03/47/cell_1761648425382_912349010008_40577_0100.png,thumbs/cluster_13/080_cell_1761648425382_912349010008_40577_0100.jpg
13,/home/wangqianqian/project/FS/data/28gusui&pizang/03/53/cell_1761648787141_912349010008_75049_0000.png,thumbs/cluster_13/081_cell_1761648787141_912349010008_75049_0000.jpg
13,/home/wangqianqian/project/FS/data/28gusui&pizang/03/42/cell_1761648166049_912349010008_18260_0000.png,thumbs/cluster_13/082_cell_1761648166049_912349010008_18260_0000.jpg
13,/home/wangqianqian/project/FS/data/28gusui&pizang/03/58/cell_1761649110223_912349010008_106195_0100.png,thumbs/cluster_13/083_cell_1761649110223_912349010008_106195_0100.jpg
13,/home/wangqianqian/project/FS/data/28gusui&pizang/03/55/cell_1761648941581_912349010008_89783_0100.png,thumbs/cluster_13/084_cell_1761648941581_912349010008_89783_0100.jpg
13,/home/wangqianqian/project/FS/data/28gusui&pizang/03/43/cell_1761648207389_912349010008_21471_0100.png,thumbs/cluster_13/085_cell_1761648207389_912349010008_21471_0100.jpg
13,/home/wangqianqian/project/FS/data/28gusui&pizang/03/51/cell_1761648696935_912349010008_66105_0000.png,thumbs/cluster_13/086_cell_1761648696935_912349010008_66105_0000.jpg
13,/home/wangqianqian/project/FS/data/28gusui&pizang/03/52/cell_1761648758370_912349010008_72310_0000.png,thumbs/cluster_13/087_cell_1761648758370_912349010008_72310_0000.jpg
13,/home/wangqianqian/project/FS/data/28gusui&pizang/03/57/cell_1761649045580_912349010008_99389_0000.png,thumbs/cluster_13/088_cell_1761649045580_912349010008_99389_0000.jpg
13,/home/wangqianqian/project/FS/data/28gusui&pizang/03/50/cell_1761648606196_912349010008_56985_0000.png,thumbs/cluster_13/089_cell_1761648606196_912349010008_56985_0000.jpg
13,/home/wangqianqian/project/FS/data/28gusui&pizang/03/43/cell_1761648210069_912349010008_21682_0100.png,thumbs/cluster_13/090_cell_1761648210069_912349010008_21682_0100.jpg
13,/home/wangqianqian/project/FS/data/28gusui&pizang/03/51/cell_1761648702252_912349010008_66647_0000.png,thumbs/cluster_13/091_cell_1761648702252_912349010008_66647_0000.jpg
13,/home/wangqianqian/project/FS/data/28gusui&pizang/03/54/cell_1761648885857_912349010008_85050_0100.png,thumbs/cluster_13/092_cell_1761648885857_912349010008_85050_0100.jpg
13,/home/wangqianqian/project/FS/data/28gusui&pizang/03/46/cell_1761648397975_912349010008_38060_0000.png,thumbs/cluster_13/093_cell_1761648397975_912349010008_38060_0000.jpg
13,/home/wangqianqian/project/FS/data/28gusui&pizang/03/45/cell_1761648323769_912349010008_31417_0100.png,thumbs/cluster_13/094_cell_1761648323769_912349010008_31417_0100.jpg
13,/home/wangqianqian/project/FS/data/28gusui&pizang/03/53/cell_1761648799806_912349010008_76466_0000.png,thumbs/cluster_13/095_cell_1761648799806_912349010008_76466_0000.jpg
13,/home/wangqianqian/project/FS/data/28gusui&pizang/03/41/cell_1761648075598_912349010008_12198_0100.png,thumbs/cluster_13/096_cell_1761648075598_912349010008_12198_0100.jpg
13,/home/wangqianqian/project/FS/data/28gusui&pizang/03/45/cell_1761648353661_912349010008_34168_0100.png,thumbs/cluster_13/097_cell_1761648353661_912349010008_34168_0100.jpg
13,/home/wangqianqian/project/FS/data/28gusui&pizang/03/47/cell_1761648425604_912349010008_40599_0000.png,thumbs/cluster_13/098_cell_1761648425604_912349010008_40599_0000.jpg
13,/home/wangqianqian/project/FS/data/28gusui&pizang/03/44/cell_1761648247683_912349010008_24811_0000.png,thumbs/cluster_13/099_cell_1761648247683_912349010008_24811_0000.jpg
14,/home/wangqianqian/project/FS/data/28gusui&pizang/03/46/cell_1761648404835_912349010008_38648_0000.png,thumbs/cluster_14/000_cell_1761648404835_912349010008_38648_0000.jpg
14,/home/wangqianqian/project/FS/data/28gusui&pizang/03/54/cell_1761648857857_912349010008_82211_0100.png,thumbs/cluster_14/001_cell_1761648857857_912349010008_82211_0100.jpg
14,/home/wangqianqian/project/FS/data/28gusui&pizang/03/58/cell_1761649127625_912349010008_108007_0100.png,thumbs/cluster_14/002_cell_1761649127625_912349010008_108007_0100.jpg
14,/home/wangqianqian/project/FS/data/28gusui&pizang/03/48/cell_1761648508715_912349010008_47977_0100.png,thumbs/cluster_14/003_cell_1761648508715_912349010008_47977_0100.jpg
14,/home/wangqianqian/project/FS/data/28gusui&pizang/03/38/cell_1761647914148_912349010008_4857_0000.png,thumbs/cluster_14/004_cell_1761647914148_912349010008_4857_0000.jpg
14,/home/wangqianqian/project/FS/data/28gusui&pizang/03/49/cell_1761648543515_912349010008_50917_0000.png,thumbs/cluster_14/005_cell_1761648543515_912349010008_50917_0000.jpg
14,/home/wangqianqian/project/FS/data/28gusui&pizang/03/44/cell_1761648280130_912349010008_27764_0000.png,thumbs/cluster_14/006_cell_1761648280130_912349010008_27764_0000.jpg
14,/home/wangqianqian/project/FS/data/28gusui&pizang/03/57/cell_1761649071549_912349010008_102092_0100.png,thumbs/cluster_14/007_cell_1761649071549_912349010008_102092_0100.jpg
14,/home/wangqianqian/project/FS/data/28gusui&pizang/03/42/cell_1761648140157_912349010008_16506_0000.png,thumbs/cluster_14/008_cell_1761648140157_912349010008_16506_0000.jpg
14,/home/wangqianqian/project/FS/data/28gusui&pizang/03/58/cell_1761649092216_912349010008_104340_0100.png,thumbs/cluster_14/009_cell_1761649092216_912349010008_104340_0100.jpg
14,/home/wangqianqian/project/FS/data/28gusui&pizang/03/47/cell_1761648478475_912349010008_45387_0100.png,thumbs/cluster_14/010_cell_1761648478475_912349010008_45387_0100.jpg
14,/home/wangqianqian/project/FS/data/28gusui&pizang/03/45/cell_1761648347541_912349010008_33614_0000.png,thumbs/cluster_14/011_cell_1761648347541_912349010008_33614_0000.jpg
14,/home/wangqianqian/project/FS/data/28gusui&pizang/03/45/cell_1761648301142_912349010008_29569_0100.png,thumbs/cluster_14/012_cell_1761648301142_912349010008_29569_0100.jpg
14,/home/wangqianqian/project/FS/data/28gusui&pizang/03/58/cell_1761649096792_912349010008_104802_0100.png,thumbs/cluster_14/013_cell_1761649096792_912349010008_104802_0100.jpg
14,/home/wangqianqian/project/FS/data/28gusui&pizang/03/46/cell_1761648416201_912349010008_39707_0000.png,thumbs/cluster_14/014_cell_1761648416201_912349010008_39707_0000.jpg
14,/home/wangqianqian/project/FS/data/28gusui&pizang/03/49/cell_1761648585682_912349010008_54869_0000.png,thumbs/cluster_14/015_cell_1761648585682_912349010008_54869_0000.jpg
14,/home/wangqianqian/project/FS/data/28gusui&pizang/03/48/cell_1761648531731_912349010008_49817_0000.png,thumbs/cluster_14/016_cell_1761648531731_912349010008_49817_0000.jpg
14,/home/wangqianqian/project/FS/data/28gusui&pizang/03/49/cell_1761648577205_912349010008_54094_0100.png,thumbs/cluster_14/017_cell_1761648577205_912349010008_54094_0100.jpg
14,/home/wangqianqian/project/FS/data/28gusui&pizang/03/55/cell_1761648907542_912349010008_86901_0100.png,thumbs/cluster_14/018_cell_1761648907542_912349010008_86901_0100.jpg
14,/home/wangqianqian/project/FS/data/28gusui&pizang/03/55/cell_1761648908867_912349010008_87016_0100.png,thumbs/cluster_14/019_cell_1761648908867_912349010008_87016_0100.jpg
14,/home/wangqianqian/project/FS/data/28gusui&pizang/03/50/cell_1761648649886_912349010008_61344_0100.png,thumbs/cluster_14/020_cell_1761648649886_912349010008_61344_0100.jpg
14,/home/wangqianqian/project/FS/data/28gusui&pizang/03/49/cell_1761648571112_912349010008_53491_0100.png,thumbs/cluster_14/021_cell_1761648571112_912349010008_53491_0100.jpg
14,/home/wangqianqian/project/FS/data/28gusui&pizang/03/39/cell_1761647958309_912349010008_6526_0100.png,thumbs/cluster_14/022_cell_1761647958309_912349010008_6526_0100.jpg
14,/home/wangqianqian/project/FS/data/28gusui&pizang/03/42/cell_1761648164054_912349010008_18136_0000.png,thumbs/cluster_14/023_cell_1761648164054_912349010008_18136_0000.jpg
14,/home/wangqianqian/project/FS/data/28gusui&pizang/03/45/cell_1761648318479_912349010008_30983_0000.png,thumbs/cluster_14/024_cell_1761648318479_912349010008_30983_0000.jpg
14,/home/wangqianqian/project/FS/data/28gusui&pizang/03/53/cell_1761648789756_912349010008_75349_0000.png,thumbs/cluster_14/025_cell_1761648789756_912349010008_75349_0000.jpg
14,/home/wangqianqian/project/FS/data/28gusui&pizang/03/55/cell_1761648955868_912349010008_91003_0000.png,thumbs/cluster_14/026_cell_1761648955868_912349010008_91003_0000.jpg
14,/home/wangqianqian/project/FS/data/28gusui&pizang/03/56/cell_1761649002845_912349010008_95269_0000.png,thumbs/cluster_14/027_cell_1761649002845_912349010008_95269_0000.jpg
14,/home/wangqianqian/project/FS/data/28gusui&pizang/03/41/cell_1761648077480_912349010008_12343_0000.png,thumbs/cluster_14/028_cell_1761648077480_912349010008_12343_0000.jpg
14,/home/wangqianqian/project/FS/data/28gusui&pizang/03/52/cell_1761648765448_912349010008_72980_0100.png,thumbs/cluster_14/029_cell_1761648765448_912349010008_72980_0100.jpg
14,/home/wangqianqian/project/FS/data/28gusui&pizang/03/50/cell_1761648643915_912349010008_60692_0000.png,thumbs/cluster_14/030_cell_1761648643915_912349010008_60692_0000.jpg
14,/home/wangqianqian/project/FS/data/28gusui&pizang/03/43/cell_1761648238461_912349010008_23991_0100.png,thumbs/cluster_14/031_cell_1761648238461_912349010008_23991_0100.jpg
14,/home/wangqianqian/project/FS/data/28gusui&pizang/03/54/cell_1761648842998_912349010008_80732_0000.png,thumbs/cluster_14/032_cell_1761648842998_912349010008_80732_0000.jpg
14,/home/wangqianqian/project/FS/data/28gusui&pizang/03/53/cell_1761648801784_912349010008_76678_0100.png,thumbs/cluster_14/033_cell_1761648801784_912349010008_76678_0100.jpg
14,/home/wangqianqian/project/FS/data/28gusui&pizang/03/59/cell_1761649164416_912349010008_111886_0100.png,thumbs/cluster_14/034_cell_1761649164416_912349010008_111886_0100.jpg
14,/home/wangqianqian/project/FS/data/28gusui&pizang/03/50/cell_1761648608691_912349010008_57182_0100.png,thumbs/cluster_14/035_cell_1761648608691_912349010008_57182_0100.jpg
14,/home/wangqianqian/project/FS/data/28gusui&pizang/03/43/cell_1761648184793_912349010008_19666_0000.png,thumbs/cluster_14/036_cell_1761648184793_912349010008_19666_0000.jpg
14,/home/wangqianqian/project/FS/data/28gusui&pizang/03/52/cell_1761648776623_912349010008_73968_0000.png,thumbs/cluster_14/037_cell_1761648776623_912349010008_73968_0000.jpg
14,/home/wangqianqian/project/FS/data/28gusui&pizang/03/41/cell_1761648089178_912349010008_13149_0100.png,thumbs/cluster_14/038_cell_1761648089178_912349010008_13149_0100.jpg
14,/home/wangqianqian/project/FS/data/28gusui&pizang/03/42/cell_1761648152466_912349010008_17376_0000.png,thumbs/cluster_14/039_cell_1761648152466_912349010008_17376_0000.jpg
14,/home/wangqianqian/project/FS/data/28gusui&pizang/03/57/cell_1761649026239_912349010008_97417_0000.png,thumbs/cluster_14/040_cell_1761649026239_912349010008_97417_0000.jpg
14,/home/wangqianqian/project/FS/data/28gusui&pizang/03/45/cell_1761648326964_912349010008_31695_0100.png,thumbs/cluster_14/041_cell_1761648326964_912349010008_31695_0100.jpg
14,/home/wangqianqian/project/FS/data/28gusui&pizang/03/51/cell_1761648662845_912349010008_62687_0000.png,thumbs/cluster_14/042_cell_1761648662845_912349010008_62687_0000.jpg
14,/home/wangqianqian/project/FS/data/28gusui&pizang/03/36/cell_1761647797712_912349010008_768_0000.png,thumbs/cluster_14/043_cell_1761647797712_912349010008_768_0000.jpg
14,/home/wangqianqian/project/FS/data/28gusui&pizang/03/46/cell_1761648364597_912349010008_35147_0000.png,thumbs/cluster_14/044_cell_1761648364597_912349010008_35147_0000.jpg
14,/home/wangqianqian/project/FS/data/28gusui&pizang/03/40/cell_1761648053266_912349010008_10891_0100.png,thumbs/cluster_14/045_cell_1761648053266_912349010008_10891_0100.jpg
14,/home/wangqianqian/project/FS/data/28gusui&pizang/03/42/cell_1761648173284_912349010008_18846_0000.png,thumbs/cluster_14/046_cell_1761648173284_912349010008_18846_0000.jpg
14,/home/wangqianqian/project/FS/data/28gusui&pizang/03/48/cell_1761648506685_912349010008_47778_0100.png,thumbs/cluster_14/047_cell_1761648506685_912349010008_47778_0100.jpg
14,/home/wangqianqian/project/FS/data/28gusui&pizang/03/51/cell_1761648695682_912349010008_65973_0000.png,thumbs/cluster_14/048_cell_1761648695682_912349010008_65973_0000.jpg
14,/home/wangqianqian/project/FS/data/28gusui&pizang/03/41/cell_1761648072631_912349010008_12029_0000.png,thumbs/cluster_14/049_cell_1761648072631_912349010008_12029_0000.jpg
14,/home/wangqianqian/project/FS/data/28gusui&pizang/03/53/cell_1761648780744_912349010008_74377_0100.png,thumbs/cluster_14/050_cell_1761648780744_912349010008_74377_0100.jpg
14,/home/wangqianqian/project/FS/data/28gusui&pizang/03/48/cell_1761648521299_912349010008_48924_0000.png,thumbs/cluster_14/051_cell_1761648521299_912349010008_48924_0000.jpg
14,/home/wangqianqian/project/FS/data/28gusui&pizang/03/50/cell_1761648654180_912349010008_61802_0000.png,thumbs/cluster_14/052_cell_1761648654180_912349010008_61802_0000.jpg
14,/home/wangqianqian/project/FS/data/28gusui&pizang/03/41/cell_1761648110283_912349010008_14400_0000.png,thumbs/cluster_14/053_cell_1761648110283_912349010008_14400_0000.jpg
14,/home/wangqianqian/project/FS/data/28gusui&pizang/03/58/cell_1761649084758_912349010008_103449_0000.png,thumbs/cluster_14/054_cell_1761649084758_912349010008_103449_0000.jpg
14,/home/wangqianqian/project/FS/data/28gusui&pizang/03/44/cell_1761648281612_912349010008_27920_0100.png,thumbs/cluster_14/055_cell_1761648281612_912349010008_27920_0100.jpg
14,/home/wangqianqian/project/FS/data/28gusui&pizang/03/54/cell_1761648867616_912349010008_83236_0100.png,thumbs/cluster_14/056_cell_1761648867616_912349010008_83236_0100.jpg
14,/home/wangqianqian/project/FS/data/28gusui&pizang/03/42/cell_1761648138160_912349010008_16360_0000.png,thumbs/cluster_14/057_cell_1761648138160_912349010008_16360_0000.jpg
14,/home/wangqianqian/project/FS/data/28gusui&pizang/03/45/cell_1761648356324_912349010008_34404_0000.png,thumbs/cluster_14/058_cell_1761648356324_912349010008_34404_0000.jpg
14,/home/wangqianqian/project/FS/data/28gusui&pizang/03/56/cell_1761648970529_912349010008_92293_0000.png,thumbs/cluster_14/059_cell_1761648970529_912349010008_92293_0000.jpg
14,/home/wangqianqian/project/FS/data/28gusui&pizang/03/43/cell_1761648222518_912349010008_22638_0100.png,thumbs/cluster_14/060_cell_1761648222518_912349010008_22638_0100.jpg
14,/home/wangqianqian/project/FS/data/28gusui&pizang/03/40/cell_1761648033281_912349010008_9968_0000.png,thumbs/cluster_14/061_cell_1761648033281_912349010008_9968_0000.jpg
14,/home/wangqianqian/project/FS/data/28gusui&pizang/03/47/cell_1761648453929_912349010008_43281_0100.png,thumbs/cluster_14/062_cell_1761648453929_912349010008_43281_0100.jpg
14,/home/wangqianqian/project/FS/data/28gusui&pizang/03/57/cell_1761649026866_912349010008_97470_0100.png,thumbs/cluster_14/063_cell_1761649026866_912349010008_97470_0100.jpg
14,/home/wangqianqian/project/FS/data/28gusui&pizang/03/52/cell_1761648771221_912349010008_73497_0100.png,thumbs/cluster_14/064_cell_1761648771221_912349010008_73497_0100.jpg
14,/home/wangqianqian/project/FS/data/28gusui&pizang/03/45/cell_1761648322899_912349010008_31350_0000.png,thumbs/cluster_14/065_cell_1761648322899_912349010008_31350_0000.jpg
14,/home/wangqianqian/project/FS/data/28gusui&pizang/03/57/cell_1761649040462_912349010008_98829_0000.png,thumbs/cluster_14/066_cell_1761649040462_912349010008_98829_0000.jpg
14,/home/wangqianqian/project/FS/data/28gusui&pizang/03/56/cell_1761648998849_912349010008_94893_0000.png,thumbs/cluster_14/067_cell_1761648998849_912349010008_94893_0000.jpg
14,/home/wangqianqian/project/FS/data/28gusui&pizang/03/57/cell_1761649054306_912349010008_100294_0000.png,thumbs/cluster_14/068_cell_1761649054306_912349010008_100294_0000.jpg
14,/home/wangqianqian/project/FS/data/28gusui&pizang/03/45/cell_1761648358873_912349010008_34653_0000.png,thumbs/cluster_14/069_cell_1761648358873_912349010008_34653_0000.jpg
14,/home/wangqianqian/project/FS/data/28gusui&pizang/03/45/cell_1761648335478_912349010008_32505_0000.png,thumbs/cluster_14/070_cell_1761648335478_912349010008_32505_0000.jpg
14,/home/wangqianqian/project/FS/data/28gusui&pizang/03/52/cell_1761648759593_912349010008_72417_0100.png,thumbs/cluster_14/071_cell_1761648759593_912349010008_72417_0100.jpg
14,/home/wangqianqian/project/FS/data/28gusui&pizang/03/50/cell_1761648615521_912349010008_57860_0000.png,thumbs/cluster_14/072_cell_1761648615521_912349010008_57860_0000.jpg
14,/home/wangqianqian/project/FS/data/28gusui&pizang/03/44/cell_1761648280282_912349010008_27777_0100.png,thumbs/cluster_14/073_cell_1761648280282_912349010008_27777_0100.jpg
14,/home/wangqianqian/project/FS/data/28gusui&pizang/03/54/cell_1761648865652_912349010008_83027_0100.png,thumbs/cluster_14/074_cell_1761648865652_912349010008_83027_0100.jpg
14,/home/wangqianqian/project/FS/data/28gusui&pizang/03/55/cell_1761648935044_912349010008_89237_0100.png,thumbs/cluster_14/075_cell_1761648935044_912349010008_89237_0100.jpg
14,/home/wangqianqian/project/FS/data/28gusui&pizang/03/45/cell_1761648328359_912349010008_31834_0000.png,thumbs/cluster_14/076_cell_1761648328359_912349010008_31834_0000.jpg
14,/home/wangqianqian/project/FS/data/28gusui&pizang/03/41/cell_1761648101514_912349010008_13908_0100.png,thumbs/cluster_14/077_cell_1761648101514_912349010008_13908_0100.jpg
14,/home/wangqianqian/project/FS/data/28gusui&pizang/03/57/cell_1761649027589_912349010008_97538_0000.png,thumbs/cluster_14/078_cell_1761649027589_912349010008_97538_0000.jpg
14,/home/wangqianqian/project/FS/data/28gusui&pizang/03/53/cell_1761648810308_912349010008_77614_0000.png,thumbs/cluster_14/079_cell_1761648810308_912349010008_77614_0000.jpg
14,/home/wangqianqian/project/FS/data/28gusui&pizang/03/48/cell_1761648485240_912349010008_45993_0000.png,thumbs/cluster_14/080_cell_1761648485240_912349010008_45993_0000.jpg
14,/home/wangqianqian/project/FS/data/28gusui&pizang/03/56/cell_1761649018187_912349010008_96639_0100.png,thumbs/cluster_14/081_cell_1761649018187_912349010008_96639_0100.jpg
14,/home/wangqianqian/project/FS/data/28gusui&pizang/03/46/cell_1761648367362_912349010008_35415_0000.png,thumbs/cluster_14/082_cell_1761648367362_912349010008_35415_0000.jpg
14,/home/wangqianqian/project/FS/data/28gusui&pizang/03/52/cell_1761648762090_912349010008_72640_0000.png,thumbs/cluster_14/083_cell_1761648762090_912349010008_72640_0000.jpg
14,/home/wangqianqian/project/FS/data/28gusui&pizang/03/57/cell_1761649046490_912349010008_99509_0100.png,thumbs/cluster_14/084_cell_1761649046490_912349010008_99509_0100.jpg
14,/home/wangqianqian/project/FS/data/28gusui&pizang/03/56/cell_1761648970366_912349010008_92276_0100.png,thumbs/cluster_14/085_cell_1761648970366_912349010008_92276_0100.jpg
14,/home/wangqianqian/project/FS/data/28gusui&pizang/03/49/cell_1761648557547_912349010008_52194_0000.png,thumbs/cluster_14/086_cell_1761648557547_912349010008_52194_0000.jpg
14,/home/wangqianqian/project/FS/data/28gusui&pizang/03/50/cell_1761648636907_912349010008_60026_0000.png,thumbs/cluster_14/087_cell_1761648636907_912349010008_60026_0000.jpg
14,/home/wangqianqian/project/FS/data/28gusui&pizang/03/44/cell_1761648262367_912349010008_26068_0000.png,thumbs/cluster_14/088_cell_1761648262367_912349010008_26068_0000.jpg
14,/home/wangqianqian/project/FS/data/28gusui&pizang/03/55/cell_1761648916677_912349010008_87607_0100.png,thumbs/cluster_14/089_cell_1761648916677_912349010008_87607_0100.jpg
14,/home/wangqianqian/project/FS/data/28gusui&pizang/03/42/cell_1761648177795_912349010008_19154_0000.png,thumbs/cluster_14/090_cell_1761648177795_912349010008_19154_0000.jpg
14,/home/wangqianqian/project/FS/data/28gusui&pizang/03/48/cell_1761648508645_912349010008_47969_0000.png,thumbs/cluster_14/091_cell_1761648508645_912349010008_47969_0000.jpg
14,/home/wangqianqian/project/FS/data/28gusui&pizang/03/50/cell_1761648636706_912349010008_60010_0000.png,thumbs/cluster_14/092_cell_1761648636706_912349010008_60010_0000.jpg
14,/home/wangqianqian/project/FS/data/28gusui&pizang/03/56/cell_1761648987066_912349010008_93752_0000.png,thumbs/cluster_14/093_cell_1761648987066_912349010008_93752_0000.jpg
14,/home/wangqianqian/project/FS/data/28gusui&pizang/03/51/cell_1761648662095_912349010008_62633_0000.png,thumbs/cluster_14/094_cell_1761648662095_912349010008_62633_0000.jpg
14,/home/wangqianqian/project/FS/data/28gusui&pizang/03/46/cell_1761648398037_912349010008_38070_0100.png,thumbs/cluster_14/095_cell_1761648398037_912349010008_38070_0100.jpg
14,/home/wangqianqian/project/FS/data/28gusui&pizang/03/57/cell_1761649067057_912349010008_101628_0000.png,thumbs/cluster_14/096_cell_1761649067057_912349010008_101628_0000.jpg
14,/home/wangqianqian/project/FS/data/28gusui&pizang/03/48/cell_1761648487016_912349010008_46140_0100.png,thumbs/cluster_14/097_cell_1761648487016_912349010008_46140_0100.jpg
14,/home/wangqianqian/project/FS/data/28gusui&pizang/03/49/cell_1761648568709_912349010008_53255_0000.png,thumbs/cluster_14/098_cell_1761648568709_912349010008_53255_0000.jpg
14,/home/wangqianqian/project/FS/data/28gusui&pizang/03/42/cell_1761648130396_912349010008_15758_0100.png,thumbs/cluster_14/099_cell_1761648130396_912349010008_15758_0100.jpg
15,/home/wangqianqian/project/FS/data/28gusui&pizang/03/48/cell_1761648498505_912349010008_47122_0100.png,thumbs/cluster_15/000_cell_1761648498505_912349010008_47122_0100.jpg
15,/home/wangqianqian/project/FS/data/28gusui&pizang/03/58/cell_1761649131120_912349010008_108412_0000.png,thumbs/cluster_15/001_cell_1761649131120_912349010008_108412_0000.jpg
15,/home/wangqianqian/project/FS/data/28gusui&pizang/03/48/cell_1761648495212_912349010008_46850_0000.png,thumbs/cluster_15/002_cell_1761648495212_912349010008_46850_0000.jpg
15,/home/wangqianqian/project/FS/data/28gusui&pizang/03/58/cell_1761649121016_912349010008_107357_0000.png,thumbs/cluster_15/003_cell_1761649121016_912349010008_107357_0000.jpg
15,/home/wangqianqian/project/FS/data/28gusui&pizang/03/58/cell_1761649096569_912349010008_104776_0100.png,thumbs/cluster_15/004_cell_1761649096569_912349010008_104776_0100.jpg
15,/home/wangqianqian/project/FS/data/28gusui&pizang/03/56/cell_1761648962845_912349010008_91598_0000.png,thumbs/cluster_15/005_cell_1761648962845_912349010008_91598_0000.jpg
15,/home/wangqianqian/project/FS/data/28gusui&pizang/03/55/cell_1761648909828_912349010008_87091_0100.png,thumbs/cluster_15/006_cell_1761648909828_912349010008_87091_0100.jpg
15,/home/wangqianqian/project/FS/data/28gusui&pizang/03/57/cell_1761649039338_912349010008_98685_0000.png,thumbs/cluster_15/007_cell_1761649039338_912349010008_98685_0000.jpg
15,/home/wangqianqian/project/FS/data/28gusui&pizang/03/44/cell_1761648292988_912349010008_28939_0100.png,thumbs/cluster_15/008_cell_1761648292988_912349010008_28939_0100.jpg
15,/home/wangqianqian/project/FS/data/28gusui&pizang/03/54/cell_1761648857158_912349010008_82147_0100.png,thumbs/cluster_15/009_cell_1761648857158_912349010008_82147_0100.jpg
15,/home/wangqianqian/project/FS/data/28gusui&pizang/03/55/cell_1761648952783_912349010008_90721_0100.png,thumbs/cluster_15/010_cell_1761648952783_912349010008_90721_0100.jpg
15,/home/wangqianqian/project/FS/data/28gusui&pizang/03/53/cell_1761648795663_912349010008_76016_0100.png,thumbs/cluster_15/011_cell_1761648795663_912349010008_76016_0100.jpg
15,/home/wangqianqian/project/FS/data/28gusui&pizang/03/40/cell_1761648050666_912349010008_10744_0000.png,thumbs/cluster_15/012_cell_1761648050666_912349010008_10744_0000.jpg
15,/home/wangqianqian/project/FS/data/28gusui&pizang/03/56/cell_1761648998107_912349010008_94824_0100.png,thumbs/cluster_15/013_cell_1761648998107_912349010008_94824_0100.jpg
15,/home/wangqianqian/project/FS/data/28gusui&pizang/03/47/cell_1761648442651_912349010008_42290_0100.png,thumbs/cluster_15/014_cell_1761648442651_912349010008_42290_0100.jpg
15,/home/wangqianqian/project/FS/data/28gusui&pizang/03/55/cell_1761648958150_912349010008_91197_0000.png,thumbs/cluster_15/015_cell_1761648958150_912349010008_91197_0000.jpg
15,/home/wangqianqian/project/FS/data/28gusui&pizang/03/39/cell_1761647958943_912349010008_6547_0000.png,thumbs/cluster_15/016_cell_1761647958943_912349010008_6547_0000.jpg
15,/home/wangqianqian/project/FS/data/28gusui&pizang/03/57/cell_1761649073922_912349010008_102334_0000.png,thumbs/cluster_15/017_cell_1761649073922_912349010008_102334_0000.jpg
15,/home/wangqianqian/project/FS/data/28gusui&pizang/03/45/cell_1761648318137_912349010008_30949_0000.png,thumbs/cluster_15/018_cell_1761648318137_912349010008_30949_0000.jpg
15,/home/wangqianqian/project/FS/data/28gusui&pizang/03/58/cell_1761649112892_912349010008_106518_0000.png,thumbs/cluster_15/019_cell_1761649112892_912349010008_106518_0000.jpg
15,/home/wangqianqian/project/FS/data/28gusui&pizang/03/49/cell_1761648587344_912349010008_55026_0000.png,thumbs/cluster_15/020_cell_1761648587344_912349010008_55026_0000.jpg
15,/home/wangqianqian/project/FS/data/28gusui&pizang/03/51/cell_1761648698365_912349010008_66275_0000.png,thumbs/cluster_15/021_cell_1761648698365_912349010008_66275_0000.jpg
15,/home/wangqianqian/project/FS/data/28gusui&pizang/03/50/cell_1761648628896_912349010008_59206_0100.png,thumbs/cluster_15/022_cell_1761648628896_912349010008_59206_0100.jpg
15,/home/wangqianqian/project/FS/data/28gusui&pizang/03/56/cell_1761648999027_912349010008_94911_0000.png,thumbs/cluster_15/023_cell_1761648999027_912349010008_94911_0000.jpg
15,/home/wangqianqian/project/FS/data/28gusui&pizang/03/50/cell_1761648611032_912349010008_57398_0100.png,thumbs/cluster_15/024_cell_1761648611032_912349010008_57398_0100.jpg
15,/home/wangqianqian/project/FS/data/28gusui&pizang/03/58/cell_1761649136709_912349010008_108954_0100.png,thumbs/cluster_15/025_cell_1761649136709_912349010008_108954_0100.jpg
15,/home/wangqianqian/project/FS/data/28gusui&pizang/03/49/cell_1761648571976_912349010008_53591_0000.png,thumbs/cluster_15/026_cell_1761648571976_912349010008_53591_0000.jpg
15,/home/wangqianqian/project/FS/data/28gusui&pizang/03/43/cell_1761648230918_912349010008_23342_0100.png,thumbs/cluster_15/027_cell_1761648230918_912349010008_23342_0100.jpg
15,/home/wangqianqian/project/FS/data/28gusui&pizang/03/42/cell_1761648133424_912349010008_16011_0000.png,thumbs/cluster_15/028_cell_1761648133424_912349010008_16011_0000.jpg
15,/home/wangqianqian/project/FS/data/28gusui&pizang/03/40/cell_1761648002132_912349010008_8340_0100.png,thumbs/cluster_15/029_cell_1761648002132_912349010008_8340_0100.jpg
15,/home/wangqianqian/project/FS/data/28gusui&pizang/03/45/cell_1761648318152_912349010008_30957_0100.png,thumbs/cluster_15/030_cell_1761648318152_912349010008_30957_0100.jpg
15,/home/wangqianqian/project/FS/data/28gusui&pizang/03/46/cell_1761648397367_912349010008_38010_0100.png,thumbs/cluster_15/031_cell_1761648397367_912349010008_38010_0100.jpg
15,/home/wangqianqian/project/FS/data/28gusui&pizang/03/51/cell_1761648667578_912349010008_63133_0000.png,thumbs/cluster_15/032_cell_1761648667578_912349010008_63133_0000.jpg
15,/home/wangqianqian/project/FS/data/28gusui&pizang/03/55/cell_1761648956254_912349010008_91038_0100.png,thumbs/cluster_15/033_cell_1761648956254_912349010008_91038_0100.jpg
15,/home/wangqianqian/project/FS/data/28gusui&pizang/03/53/cell_1761648790030_912349010008_75370_0000.png,thumbs/cluster_15/034_cell_1761648790030_912349010008_75370_0000.jpg
15,/home/wangqianqian/project/FS/data/28gusui&pizang/03/50/cell_1761648653672_912349010008_61748_0000.png,thumbs/cluster_15/035_cell_1761648653672_912349010008_61748_0000.jpg
15,/home/wangqianqian/project/FS/data/28gusui&pizang/03/54/cell_1761648858849_912349010008_82331_0000.png,thumbs/cluster_15/036_cell_1761648858849_912349010008_82331_0000.jpg
15,/home/wangqianqian/project/FS/data/28gusui&pizang/03/40/cell_1761648059439_912349010008_11239_0000.png,thumbs/cluster_15/037_cell_1761648059439_912349010008_11239_0000.jpg
15,/home/wangqianqian/project/FS/data/28gusui&pizang/03/49/cell_1761648550529_912349010008_51552_0100.png,thumbs/cluster_15/038_cell_1761648550529_912349010008_51552_0100.jpg
15,/home/wangqianqian/project/FS/data/28gusui&pizang/03/55/cell_1761648916792_912349010008_87615_0000.png,thumbs/cluster_15/039_cell_1761648916792_912349010008_87615_0000.jpg
15,/home/wangqianqian/project/FS/data/28gusui&pizang/03/50/cell_1761648616729_912349010008_57996_0000.png,thumbs/cluster_15/040_cell_1761648616729_912349010008_57996_0000.jpg
15,/home/wangqianqian/project/FS/data/28gusui&pizang/03/57/cell_1761649065932_912349010008_101523_0100.png,thumbs/cluster_15/041_cell_1761649065932_912349010008_101523_0100.jpg
15,/home/wangqianqian/project/FS/data/28gusui&pizang/03/56/cell_1761648961916_912349010008_91520_0000.png,thumbs/cluster_15/042_cell_1761648961916_912349010008_91520_0000.jpg
15,/home/wangqianqian/project/FS/data/28gusui&pizang/03/45/cell_1761648324189_912349010008_31452_0100.png,thumbs/cluster_15/043_cell_1761648324189_912349010008_31452_0100.jpg
15,/home/wangqianqian/project/FS/data/28gusui&pizang/03/38/cell_1761647899107_912349010008_4419_0000.png,thumbs/cluster_15/044_cell_1761647899107_912349010008_4419_0000.jpg
15,/home/wangqianqian/project/FS/data/28gusui&pizang/03/45/cell_1761648335012_912349010008_32456_0100.png,thumbs/cluster_15/045_cell_1761648335012_912349010008_32456_0100.jpg
15,/home/wangqianqian/project/FS/data/28gusui&pizang/03/58/cell_1761649080635_912349010008_103013_0000.png,thumbs/cluster_15/046_cell_1761649080635_912349010008_103013_0000.jpg
15,/home/wangqianqian/project/FS/data/28gusui&pizang/03/46/cell_1761648367688_912349010008_35432_0100.png,thumbs/cluster_15/047_cell_1761648367688_912349010008_35432_0100.jpg
15,/home/wangqianqian/project/FS/data/28gusui&pizang/03/50/cell_1761648624617_912349010008_58745_0000.png,thumbs/cluster_15/048_cell_1761648624617_912349010008_58745_0000.jpg
15,/home/wangqianqian/project/FS/data/28gusui&pizang/03/51/cell_1761648688320_912349010008_65232_0100.png,thumbs/cluster_15/049_cell_1761648688320_912349010008_65232_0100.jpg
15,/home/wangqianqian/project/FS/data/28gusui&pizang/03/57/cell_1761649054949_912349010008_100355_0100.png,thumbs/cluster_15/050_cell_1761649054949_912349010008_100355_0100.jpg
15,/home/wangqianqian/project/FS/data/28gusui&pizang/03/44/cell_1761648282733_912349010008_28010_0000.png,thumbs/cluster_15/051_cell_1761648282733_912349010008_28010_0000.jpg
15,/home/wangqianqian/project/FS/data/28gusui&pizang/03/40/cell_1761648009231_912349010008_8684_0100.png,thumbs/cluster_15/052_cell_1761648009231_912349010008_8684_0100.jpg
15,/home/wangqianqian/project/FS/data/28gusui&pizang/03/57/cell_1761649034829_912349010008_98266_0100.png,thumbs/cluster_15/053_cell_1761649034829_912349010008_98266_0100.jpg
15,/home/wangqianqian/project/FS/data/28gusui&pizang/03/43/cell_1761648233479_912349010008_23549_0000.png,thumbs/cluster_15/054_cell_1761648233479_912349010008_23549_0000.jpg
15,/home/wangqianqian/project/FS/data/28gusui&pizang/03/46/cell_1761648372404_912349010008_35852_0100.png,thumbs/cluster_15/055_cell_1761648372404_912349010008_35852_0100.jpg
15,/home/wangqianqian/project/FS/data/28gusui&pizang/03/42/cell_1761648151603_912349010008_17323_0000.png,thumbs/cluster_15/056_cell_1761648151603_912349010008_17323_0000.jpg
15,/home/wangqianqian/project/FS/data/28gusui&pizang/03/58/cell_1761649111592_912349010008_106359_0100.png,thumbs/cluster_15/057_cell_1761649111592_912349010008_106359_0100.jpg
15,/home/wangqianqian/project/FS/data/28gusui&pizang/03/47/cell_1761648436624_912349010008_41738_0000.png,thumbs/cluster_15/058_cell_1761648436624_912349010008_41738_0000.jpg
15,/home/wangqianqian/project/FS/data/28gusui&pizang/03/42/cell_1761648171816_912349010008_18732_0000.png,thumbs/cluster_15/059_cell_1761648171816_912349010008_18732_0000.jpg
15,/home/wangqianqian/project/FS/data/28gusui&pizang/03/46/cell_1761648376197_912349010008_36168_0000.png,thumbs/cluster_15/060_cell_1761648376197_912349010008_36168_0000.jpg
15,/home/wangqianqian/project/FS/data/28gusui&pizang/03/43/cell_1761648190018_912349010008_20048_0000.png,thumbs/cluster_15/061_cell_1761648190018_912349010008_20048_0000.jpg
15,/home/wangqianqian/project/FS/data/28gusui&pizang/03/44/cell_1761648267331_912349010008_26538_0000.png,thumbs/cluster_15/062_cell_1761648267331_912349010008_26538_0000.jpg
15,/home/wangqianqian/project/FS/data/28gusui&pizang/03/55/cell_1761648937057_912349010008_89421_0000.png,thumbs/cluster_15/063_cell_1761648937057_912349010008_89421_0000.jpg
15,/home/wangqianqian/project/FS/data/28gusui&pizang/03/58/cell_1761649091724_912349010008_104269_0000.png,thumbs/cluster_15/064_cell_1761649091724_912349010008_104269_0000.jpg
15,/home/wangqianqian/project/FS/data/28gusui&pizang/03/54/cell_1761648853772_912349010008_81831_0100.png,thumbs/cluster_15/065_cell_1761648853772_912349010008_81831_0100.jpg
15,/home/wangqianqian/project/FS/data/28gusui&pizang/03/45/cell_1761648315185_912349010008_30747_0100.png,thumbs/cluster_15/066_cell_1761648315185_912349010008_30747_0100.jpg
15,/home/wangqianqian/project/FS/data/28gusui&pizang/03/57/cell_1761649077240_912349010008_102672_0000.png,thumbs/cluster_15/067_cell_1761649077240_912349010008_102672_0000.jpg
15,/home/wangqianqian/project/FS/data/28gusui&pizang/03/53/cell_1761648794563_912349010008_75900_0000.png,thumbs/cluster_15/068_cell_1761648794563_912349010008_75900_0000.jpg
15,/home/wangqianqian/project/FS/data/28gusui&pizang/03/53/cell_1761648822688_912349010008_78803_0000.png,thumbs/cluster_15/069_cell_1761648822688_912349010008_78803_0000.jpg
15,/home/wangqianqian/project/FS/data/28gusui&pizang/03/48/cell_1761648482584_912349010008_45757_0000.png,thumbs/cluster_15/070_cell_1761648482584_912349010008_45757_0000.jpg
15,/home/wangqianqian/project/FS/data/28gusui&pizang/03/59/cell_1761649179673_912349010008_113500_0000.png,thumbs/cluster_15/071_cell_1761649179673_912349010008_113500_0000.jpg
15,/home/wangqianqian/project/FS/data/28gusui&pizang/03/44/cell_1761648261063_912349010008_25977_0000.png,thumbs/cluster_15/072_cell_1761648261063_912349010008_25977_0000.jpg
15,/home/wangqianqian/project/FS/data/28gusui&pizang/03/38/cell_1761647924887_912349010008_5167_0000.png,thumbs/cluster_15/073_cell_1761647924887_912349010008_5167_0000.jpg
15,/home/wangqianqian/project/FS/data/28gusui&pizang/03/56/cell_1761648976580_912349010008_92800_0100.png,thumbs/cluster_15/074_cell_1761648976580_912349010008_92800_0100.jpg
15,/home/wangqianqian/project/FS/data/28gusui&pizang/03/49/cell_1761648595629_912349010008_55944_0000.png,thumbs/cluster_15/075_cell_1761648595629_912349010008_55944_0000.jpg
15,/home/wangqianqian/project/FS/data/28gusui&pizang/03/52/cell_1761648772566_912349010008_73623_0100.png,thumbs/cluster_15/076_cell_1761648772566_912349010008_73623_0100.jpg
15,/home/wangqianqian/project/FS/data/28gusui&pizang/03/49/cell_1761648557437_912349010008_52180_0000.png,thumbs/cluster_15/077_cell_1761648557437_912349010008_52180_0000.jpg
15,/home/wangqianqian/project/FS/data/28gusui&pizang/03/46/cell_1761648408353_912349010008_38953_0100.png,thumbs/cluster_15/078_cell_1761648408353_912349010008_38953_0100.jpg
15,/home/wangqianqian/project/FS/data/28gusui&pizang/03/46/cell_1761648362256_912349010008_34957_0100.png,thumbs/cluster_15/079_cell_1761648362256_912349010008_34957_0100.jpg
15,/home/wangqianqian/project/FS/data/28gusui&pizang/03/42/cell_1761648131290_912349010008_15818_0000.png,thumbs/cluster_15/080_cell_1761648131290_912349010008_15818_0000.jpg
15,/home/wangqianqian/project/FS/data/28gusui&pizang/03/56/cell_1761648983358_912349010008_93418_0000.png,thumbs/cluster_15/081_cell_1761648983358_912349010008_93418_0000.jpg
15,/home/wangqianqian/project/FS/data/28gusui&pizang/03/58/cell_1761649118785_912349010008_107118_0100.png,thumbs/cluster_15/082_cell_1761649118785_912349010008_107118_0100.jpg
15,/home/wangqianqian/project/FS/data/28gusui&pizang/03/56/cell_1761648980910_912349010008_93203_0100.png,thumbs/cluster_15/083_cell_1761648980910_912349010008_93203_0100.jpg
15,/home/wangqianqian/project/FS/data/28gusui&pizang/03/51/cell_1761648675889_912349010008_63904_0100.png,thumbs/cluster_15/084_cell_1761648675889_912349010008_63904_0100.jpg
15,/home/wangqianqian/project/FS/data/28gusui&pizang/03/47/cell_1761648473364_912349010008_44939_0000.png,thumbs/cluster_15/085_cell_1761648473364_912349010008_44939_0000.jpg
15,/home/wangqianqian/project/FS/data/28gusui&pizang/03/38/cell_1761647919899_912349010008_5047_0000.png,thumbs/cluster_15/086_cell_1761647919899_912349010008_5047_0000.jpg
15,/home/wangqianqian/project/FS/data/28gusui&pizang/03/52/cell_1761648726844_912349010008_69180_0000.png,thumbs/cluster_15/087_cell_1761648726844_912349010008_69180_0000.jpg
15,/home/wangqianqian/project/FS/data/28gusui&pizang/03/57/cell_1761649043121_912349010008_99125_0000.png,thumbs/cluster_15/088_cell_1761649043121_912349010008_99125_0000.jpg
15,/home/wangqianqian/project/FS/data/28gusui&pizang/03/49/cell_1761648553418_912349010008_51799_0100.png,thumbs/cluster_15/089_cell_1761648553418_912349010008_51799_0100.jpg
15,/home/wangqianqian/project/FS/data/28gusui&pizang/03/51/cell_1761648713524_912349010008_67909_0100.png,thumbs/cluster_15/090_cell_1761648713524_912349010008_67909_0100.jpg
15,/home/wangqianqian/project/FS/data/28gusui&pizang/03/41/cell_1761648079458_912349010008_12473_0000.png,thumbs/cluster_15/091_cell_1761648079458_912349010008_12473_0000.jpg
15,/home/wangqianqian/project/FS/data/28gusui&pizang/03/58/cell_1761649121466_912349010008_107406_0100.png,thumbs/cluster_15/092_cell_1761649121466_912349010008_107406_0100.jpg
15,/home/wangqianqian/project/FS/data/28gusui&pizang/03/49/cell_1761648577654_912349010008_54131_0000.png,thumbs/cluster_15/093_cell_1761648577654_912349010008_54131_0000.jpg
15,/home/wangqianqian/project/FS/data/28gusui&pizang/03/58/cell_1761649110631_912349010008_106243_0000.png,thumbs/cluster_15/094_cell_1761649110631_912349010008_106243_0000.jpg
15,/home/wangqianqian/project/FS/data/28gusui&pizang/03/55/cell_1761648956363_912349010008_91049_0000.png,thumbs/cluster_15/095_cell_1761648956363_912349010008_91049_0000.jpg
15,/home/wangqianqian/project/FS/data/28gusui&pizang/03/39/cell_1761647989363_912349010008_7737_0000.png,thumbs/cluster_15/096_cell_1761647989363_912349010008_7737_0000.jpg
15,/home/wangqianqian/project/FS/data/28gusui&pizang/03/43/cell_1761648236235_912349010008_23781_0000.png,thumbs/cluster_15/097_cell_1761648236235_912349010008_23781_0000.jpg
15,/home/wangqianqian/project/FS/data/28gusui&pizang/03/44/cell_1761648268697_912349010008_26678_0000.png,thumbs/cluster_15/098_cell_1761648268697_912349010008_26678_0000.jpg
15,/home/wangqianqian/project/FS/data/28gusui&pizang/03/59/cell_1761649175153_912349010008_113053_0000.png,thumbs/cluster_15/099_cell_1761649175153_912349010008_113053_0000.jpg
