cluster_label,image_path,thumb_path
0,/home/wangqianqian/project/FS/data/28gusui&pizang/03/04/cell_1761645846915_912349010008_19358_0100.png,thumbs/cluster_0/000_cell_1761645846915_912349010008_19358_0100.jpg
0,/home/wangqianqian/project/FS/data/28gusui&pizang/03/17/cell_1761646637885_912349010008_84012_0000.png,thumbs/cluster_0/001_cell_1761646637885_912349010008_84012_0000.jpg
0,/home/wangqianqian/project/FS/data/28gusui&pizang/03/06/cell_1761645997284_912349010008_31464_0100.png,thumbs/cluster_0/002_cell_1761645997284_912349010008_31464_0100.jpg
0,/home/wangqianqian/project/FS/data/28gusui&pizang/03/09/cell_1761646190268_912349010008_46566_0000.png,thumbs/cluster_0/003_cell_1761646190268_912349010008_46566_0000.jpg
0,/home/wangqianqian/project/FS/data/28gusui&pizang/03/11/cell_1761646301380_912349010008_55836_0100.png,thumbs/cluster_0/004_cell_1761646301380_912349010008_55836_0100.jpg
0,/home/wangqianqian/project/FS/data/28gusui&pizang/03/18/cell_1761646682446_912349010008_87969_0000.png,thumbs/cluster_0/005_cell_1761646682446_912349010008_87969_0000.jpg
0,/home/wangqianqian/project/FS/data/28gusui&pizang/03/20/cell_1761646853618_912349010008_102138_0000.png,thumbs/cluster_0/006_cell_1761646853618_912349010008_102138_0000.jpg
0,/home/wangqianqian/project/FS/data/28gusui&pizang/03/15/cell_1761646523988_912349010008_74833_0100.png,thumbs/cluster_0/007_cell_1761646523988_912349010008_74833_0100.jpg
0,/home/wangqianqian/project/FS/data/28gusui&pizang/03/15/cell_1761646505643_912349010008_73288_0100.png,thumbs/cluster_0/008_cell_1761646505643_912349010008_73288_0100.jpg
0,/home/wangqianqian/project/FS/data/28gusui&pizang/03/07/cell_1761646044110_912349010008_35554_0100.png,thumbs/cluster_0/009_cell_1761646044110_912349010008_35554_0100.jpg
0,/home/wangqianqian/project/FS/data/28gusui&pizang/03/03/cell_1761645835891_912349010008_18458_0000.png,thumbs/cluster_0/010_cell_1761645835891_912349010008_18458_0000.jpg
0,/home/wangqianqian/project/FS/data/28gusui&pizang/03/12/cell_1761646321041_912349010008_57485_0100.png,thumbs/cluster_0/011_cell_1761646321041_912349010008_57485_0100.jpg
0,/home/wangqianqian/project/FS/data/28gusui&pizang/03/13/cell_1761646417608_912349010008_65171_0100.png,thumbs/cluster_0/012_cell_1761646417608_912349010008_65171_0100.jpg
0,/home/wangqianqian/project/FS/data/28gusui&pizang/03/20/cell_1761646854485_912349010008_102223_0000.png,thumbs/cluster_0/013_cell_1761646854485_912349010008_102223_0000.jpg
0,/home/wangqianqian/project/FS/data/28gusui&pizang/03/21/cell_1761646904478_912349010008_106336_0000.png,thumbs/cluster_0/014_cell_1761646904478_912349010008_106336_0000.jpg
0,/home/wangqianqian/project/FS/data/28gusui&pizang/03/09/cell_1761646197547_912349010008_47132_0000.png,thumbs/cluster_0/015_cell_1761646197547_912349010008_47132_0000.jpg
0,/home/wangqianqian/project/FS/data/28gusui&pizang/03/06/cell_1761645960316_912349010008_28408_0000.png,thumbs/cluster_0/016_cell_1761645960316_912349010008_28408_0000.jpg
0,/home/wangqianqian/project/FS/data/28gusui&pizang/03/09/cell_1761646142354_912349010008_42969_0000.png,thumbs/cluster_0/017_cell_1761646142354_912349010008_42969_0000.jpg
0,/home/wangqianqian/project/FS/data/28gusui&pizang/03/17/cell_1761646622953_912349010008_82713_0000.png,thumbs/cluster_0/018_cell_1761646622953_912349010008_82713_0000.jpg
0,/home/wangqianqian/project/FS/data/28gusui&pizang/03/03/cell_1761645799012_912349010008_15566_0100.png,thumbs/cluster_0/019_cell_1761645799012_912349010008_15566_0100.jpg
0,/home/wangqianqian/project/FS/data/28gusui&pizang/03/19/cell_1761646772818_912349010008_95287_0000.png,thumbs/cluster_0/020_cell_1761646772818_912349010008_95287_0000.jpg
0,/home/wangqianqian/project/FS/data/28gusui&pizang/03/03/cell_1761645827203_912349010008_17797_0000.png,thumbs/cluster_0/021_cell_1761645827203_912349010008_17797_0000.jpg
0,/home/wangqianqian/project/FS/data/28gusui&pizang/03/08/cell_1761646117315_912349010008_41224_0100.png,thumbs/cluster_0/022_cell_1761646117315_912349010008_41224_0100.jpg
0,/home/wangqianqian/project/FS/data/28gusui&pizang/03/11/cell_1761646273420_912349010008_53285_0000.png,thumbs/cluster_0/023_cell_1761646273420_912349010008_53285_0000.jpg
0,/home/wangqianqian/project/FS/data/28gusui&pizang/03/17/cell_1761646647246_912349010008_84864_0000.png,thumbs/cluster_0/024_cell_1761646647246_912349010008_84864_0000.jpg
0,/home/wangqianqian/project/FS/data/28gusui&pizang/03/09/cell_1761646169230_912349010008_44982_0000.png,thumbs/cluster_0/025_cell_1761646169230_912349010008_44982_0000.jpg
0,/home/wangqianqian/project/FS/data/28gusui&pizang/03/06/cell_1761645978621_912349010008_29962_0000.png,thumbs/cluster_0/026_cell_1761645978621_912349010008_29962_0000.jpg
0,/home/wangqianqian/project/FS/data/28gusui&pizang/03/21/cell_1761646878841_912349010008_104276_0000.png,thumbs/cluster_0/027_cell_1761646878841_912349010008_104276_0000.jpg
0,/home/wangqianqian/project/FS/data/28gusui&pizang/03/14/cell_1761646472627_912349010008_70198_0100.png,thumbs/cluster_0/028_cell_1761646472627_912349010008_70198_0100.jpg
0,/home/wangqianqian/project/FS/data/28gusui&pizang/03/05/cell_1761645934297_912349010008_26347_0100.png,thumbs/cluster_0/029_cell_1761645934297_912349010008_26347_0100.jpg
0,/home/wangqianqian/project/FS/data/28gusui&pizang/03/11/cell_1761646290056_912349010008_54805_0000.png,thumbs/cluster_0/030_cell_1761646290056_912349010008_54805_0000.jpg
0,/home/wangqianqian/project/FS/data/28gusui&pizang/03/09/cell_1761646156515_912349010008_44057_0100.png,thumbs/cluster_0/031_cell_1761646156515_912349010008_44057_0100.jpg
0,/home/wangqianqian/project/FS/data/28gusui&pizang/03/20/cell_1761646832799_912349010008_100397_0100.png,thumbs/cluster_0/032_cell_1761646832799_912349010008_100397_0100.jpg
0,/home/wangqianqian/project/FS/data/28gusui&pizang/03/16/cell_1761646612365_912349010008_81792_0000.png,thumbs/cluster_0/033_cell_1761646612365_912349010008_81792_0000.jpg
0,/home/wangqianqian/project/FS/data/28gusui&pizang/03/18/cell_1761646689344_912349010008_88612_0100.png,thumbs/cluster_0/034_cell_1761646689344_912349010008_88612_0100.jpg
0,/home/wangqianqian/project/FS/data/28gusui&pizang/03/03/cell_1761645783660_912349010008_14406_0100.png,thumbs/cluster_0/035_cell_1761645783660_912349010008_14406_0100.jpg
0,/home/wangqianqian/project/FS/data/28gusui&pizang/03/05/cell_1761645915897_912349010008_24934_0000.png,thumbs/cluster_0/036_cell_1761645915897_912349010008_24934_0000.jpg
0,/home/wangqianqian/project/FS/data/28gusui&pizang/03/14/cell_1761646483859_912349010008_71189_0000.png,thumbs/cluster_0/037_cell_1761646483859_912349010008_71189_0000.jpg
0,/home/wangqianqian/project/FS/data/28gusui&pizang/03/09/cell_1761646193578_912349010008_46797_0000.png,thumbs/cluster_0/038_cell_1761646193578_912349010008_46797_0000.jpg
0,/home/wangqianqian/project/FS/data/28gusui&pizang/03/04/cell_1761645846553_912349010008_19320_0100.png,thumbs/cluster_0/039_cell_1761645846553_912349010008_19320_0100.jpg
0,/home/wangqianqian/project/FS/data/28gusui&pizang/03/06/cell_1761645983946_912349010008_30426_0000.png,thumbs/cluster_0/040_cell_1761645983946_912349010008_30426_0000.jpg
0,/home/wangqianqian/project/FS/data/28gusui&pizang/03/14/cell_1761646482211_912349010008_71049_0000.png,thumbs/cluster_0/041_cell_1761646482211_912349010008_71049_0000.jpg
0,/home/wangqianqian/project/FS/data/28gusui&pizang/03/06/cell_1761645986010_912349010008_30593_0100.png,thumbs/cluster_0/042_cell_1761645986010_912349010008_30593_0100.jpg
0,/home/wangqianqian/project/FS/data/28gusui&pizang/03/20/cell_1761646818289_912349010008_99162_0100.png,thumbs/cluster_0/043_cell_1761646818289_912349010008_99162_0100.jpg
0,/home/wangqianqian/project/FS/data/28gusui&pizang/03/11/cell_1761646260194_912349010008_52224_0000.png,thumbs/cluster_0/044_cell_1761646260194_912349010008_52224_0000.jpg
0,/home/wangqianqian/project/FS/data/28gusui&pizang/03/06/cell_1761646014635_912349010008_33011_0100.png,thumbs/cluster_0/045_cell_1761646014635_912349010008_33011_0100.jpg
0,/home/wangqianqian/project/FS/data/28gusui&pizang/03/08/cell_1761646128611_912349010008_42031_0100.png,thumbs/cluster_0/046_cell_1761646128611_912349010008_42031_0100.jpg
0,/home/wangqianqian/project/FS/data/28gusui&pizang/03/12/cell_1761646329087_912349010008_58139_0000.png,thumbs/cluster_0/047_cell_1761646329087_912349010008_58139_0000.jpg
0,/home/wangqianqian/project/FS/data/28gusui&pizang/03/11/cell_1761646316968_912349010008_57151_0100.png,thumbs/cluster_0/048_cell_1761646316968_912349010008_57151_0100.jpg
0,/home/wangqianqian/project/FS/data/28gusui&pizang/03/18/cell_1761646714679_912349010008_90555_0100.png,thumbs/cluster_0/049_cell_1761646714679_912349010008_90555_0100.jpg
0,/home/wangqianqian/project/FS/data/28gusui&pizang/03/12/cell_1761646341072_912349010008_59086_0000.png,thumbs/cluster_0/050_cell_1761646341072_912349010008_59086_0000.jpg
0,/home/wangqianqian/project/FS/data/28gusui&pizang/03/11/cell_1761646310906_912349010008_56620_0100.png,thumbs/cluster_0/051_cell_1761646310906_912349010008_56620_0100.jpg
0,/home/wangqianqian/project/FS/data/28gusui&pizang/03/02/cell_1761645768755_912349010008_13258_0100.png,thumbs/cluster_0/052_cell_1761645768755_912349010008_13258_0100.jpg
0,/home/wangqianqian/project/FS/data/28gusui&pizang/03/02/cell_1761645764293_912349010008_12955_0000.png,thumbs/cluster_0/053_cell_1761645764293_912349010008_12955_0000.jpg
0,/home/wangqianqian/project/FS/data/28gusui&pizang/03/16/cell_1761646570690_912349010008_78496_0100.png,thumbs/cluster_0/054_cell_1761646570690_912349010008_78496_0100.jpg
0,/home/wangqianqian/project/FS/data/28gusui&pizang/03/18/cell_1761646707555_912349010008_90009_0100.png,thumbs/cluster_0/055_cell_1761646707555_912349010008_90009_0100.jpg
0,/home/wangqianqian/project/FS/data/28gusui&pizang/03/03/cell_1761645816404_912349010008_16933_0000.png,thumbs/cluster_0/056_cell_1761645816404_912349010008_16933_0000.jpg
0,/home/wangqianqian/project/FS/data/28gusui&pizang/03/11/cell_1761646268399_912349010008_52873_0100.png,thumbs/cluster_0/057_cell_1761646268399_912349010008_52873_0100.jpg
0,/home/wangqianqian/project/FS/data/28gusui&pizang/03/13/cell_1761646421882_912349010008_65552_0100.png,thumbs/cluster_0/058_cell_1761646421882_912349010008_65552_0100.jpg
0,/home/wangqianqian/project/FS/data/28gusui&pizang/03/04/cell_1761645856584_912349010008_20231_0100.png,thumbs/cluster_0/059_cell_1761645856584_912349010008_20231_0100.jpg
0,/home/wangqianqian/project/FS/data/28gusui&pizang/03/11/cell_1761646293634_912349010008_55131_0000.png,thumbs/cluster_0/060_cell_1761646293634_912349010008_55131_0000.jpg
0,/home/wangqianqian/project/FS/data/28gusui&pizang/03/11/cell_1761646273837_912349010008_53316_0100.png,thumbs/cluster_0/061_cell_1761646273837_912349010008_53316_0100.jpg
0,/home/wangqianqian/project/FS/data/28gusui&pizang/03/14/cell_1761646453991_912349010008_68522_0000.png,thumbs/cluster_0/062_cell_1761646453991_912349010008_68522_0000.jpg
0,/home/wangqianqian/project/FS/data/28gusui&pizang/03/20/cell_1761646854865_912349010008_102258_0000.png,thumbs/cluster_0/063_cell_1761646854865_912349010008_102258_0000.jpg
0,/home/wangqianqian/project/FS/data/28gusui&pizang/03/12/cell_1761646341326_912349010008_59102_0100.png,thumbs/cluster_0/064_cell_1761646341326_912349010008_59102_0100.jpg
0,/home/wangqianqian/project/FS/data/28gusui&pizang/03/06/cell_1761646010233_912349010008_32596_0100.png,thumbs/cluster_0/065_cell_1761646010233_912349010008_32596_0100.jpg
0,/home/wangqianqian/project/FS/data/28gusui&pizang/03/07/cell_1761646029641_912349010008_34311_0100.png,thumbs/cluster_0/066_cell_1761646029641_912349010008_34311_0100.jpg
0,/home/wangqianqian/project/FS/data/28gusui&pizang/03/02/cell_1761645720476_912349010008_9802_0000.png,thumbs/cluster_0/067_cell_1761645720476_912349010008_9802_0000.jpg
0,/home/wangqianqian/project/FS/data/28gusui&pizang/03/18/cell_1761646721175_912349010008_91074_0000.png,thumbs/cluster_0/068_cell_1761646721175_912349010008_91074_0000.jpg
0,/home/wangqianqian/project/FS/data/28gusui&pizang/03/02/cell_1761645732931_912349010008_10644_0100.png,thumbs/cluster_0/069_cell_1761645732931_912349010008_10644_0100.jpg
0,/home/wangqianqian/project/FS/data/28gusui&pizang/03/20/cell_1761646822709_912349010008_99543_0100.png,thumbs/cluster_0/070_cell_1761646822709_912349010008_99543_0100.jpg
0,/home/wangqianqian/project/FS/data/28gusui&pizang/03/04/cell_1761645878556_912349010008_22153_0000.png,thumbs/cluster_0/071_cell_1761645878556_912349010008_22153_0000.jpg
0,/home/wangqianqian/project/FS/data/28gusui&pizang/03/16/cell_1761646592892_912349010008_80194_0000.png,thumbs/cluster_0/072_cell_1761646592892_912349010008_80194_0000.jpg
0,/home/wangqianqian/project/FS/data/28gusui&pizang/03/12/cell_1761646321099_912349010008_57489_0000.png,thumbs/cluster_0/073_cell_1761646321099_912349010008_57489_0000.jpg
0,/home/wangqianqian/project/FS/data/28gusui&pizang/03/08/cell_1761646122336_912349010008_41581_0100.png,thumbs/cluster_0/074_cell_1761646122336_912349010008_41581_0100.jpg
0,/home/wangqianqian/project/FS/data/28gusui&pizang/03/06/cell_1761645988568_912349010008_30798_0000.png,thumbs/cluster_0/075_cell_1761645988568_912349010008_30798_0000.jpg
0,/home/wangqianqian/project/FS/data/28gusui&pizang/03/08/cell_1761646081796_912349010008_38525_0100.png,thumbs/cluster_0/076_cell_1761646081796_912349010008_38525_0100.jpg
0,/home/wangqianqian/project/FS/data/28gusui&pizang/03/17/cell_1761646639064_912349010008_84121_0000.png,thumbs/cluster_0/077_cell_1761646639064_912349010008_84121_0000.jpg
0,/home/wangqianqian/project/FS/data/28gusui&pizang/03/19/cell_1761646747548_912349010008_93279_0000.png,thumbs/cluster_0/078_cell_1761646747548_912349010008_93279_0000.jpg
0,/home/wangqianqian/project/FS/data/28gusui&pizang/03/03/cell_1761645823766_912349010008_17556_0100.png,thumbs/cluster_0/079_cell_1761645823766_912349010008_17556_0100.jpg
0,/home/wangqianqian/project/FS/data/28gusui&pizang/03/03/cell_1761645833278_912349010008_18239_0000.png,thumbs/cluster_0/080_cell_1761645833278_912349010008_18239_0000.jpg
0,/home/wangqianqian/project/FS/data/28gusui&pizang/03/05/cell_1761645905267_912349010008_24146_0000.png,thumbs/cluster_0/081_cell_1761645905267_912349010008_24146_0000.jpg
0,/home/wangqianqian/project/FS/data/28gusui&pizang/03/20/cell_1761646842571_912349010008_101182_0100.png,thumbs/cluster_0/082_cell_1761646842571_912349010008_101182_0100.jpg
0,/home/wangqianqian/project/FS/data/28gusui&pizang/03/03/cell_1761645818703_912349010008_17091_0000.png,thumbs/cluster_0/083_cell_1761645818703_912349010008_17091_0000.jpg
0,/home/wangqianqian/project/FS/data/28gusui&pizang/03/10/cell_1761646219431_912349010008_48891_0000.png,thumbs/cluster_0/084_cell_1761646219431_912349010008_48891_0000.jpg
0,/home/wangqianqian/project/FS/data/28gusui&pizang/03/21/cell_1761646863381_912349010008_103035_0100.png,thumbs/cluster_0/085_cell_1761646863381_912349010008_103035_0100.jpg
0,/home/wangqianqian/project/FS/data/28gusui&pizang/03/10/cell_1761646249815_912349010008_51440_0100.png,thumbs/cluster_0/086_cell_1761646249815_912349010008_51440_0100.jpg
0,/home/wangqianqian/project/FS/data/28gusui&pizang/03/20/cell_1761646851423_912349010008_101931_0100.png,thumbs/cluster_0/087_cell_1761646851423_912349010008_101931_0100.jpg
0,/home/wangqianqian/project/FS/data/28gusui&pizang/03/08/cell_1761646135678_912349010008_42501_0100.png,thumbs/cluster_0/088_cell_1761646135678_912349010008_42501_0100.jpg
0,/home/wangqianqian/project/FS/data/28gusui&pizang/03/12/cell_1761646351921_912349010008_60030_0000.png,thumbs/cluster_0/089_cell_1761646351921_912349010008_60030_0000.jpg
0,/home/wangqianqian/project/FS/data/28gusui&pizang/03/08/cell_1761646129964_912349010008_42122_0000.png,thumbs/cluster_0/090_cell_1761646129964_912349010008_42122_0000.jpg
0,/home/wangqianqian/project/FS/data/28gusui&pizang/03/17/cell_1761646670683_912349010008_86886_0000.png,thumbs/cluster_0/091_cell_1761646670683_912349010008_86886_0000.jpg
0,/home/wangqianqian/project/FS/data/28gusui&pizang/03/17/cell_1761646672476_912349010008_87072_0000.png,thumbs/cluster_0/092_cell_1761646672476_912349010008_87072_0000.jpg
0,/home/wangqianqian/project/FS/data/28gusui&pizang/03/01/cell_1761645700581_912349010008_8427_0000.png,thumbs/cluster_0/093_cell_1761645700581_912349010008_8427_0000.jpg
0,/home/wangqianqian/project/FS/data/28gusui&pizang/03/07/cell_1761646031052_912349010008_34446_0100.png,thumbs/cluster_0/094_cell_1761646031052_912349010008_34446_0100.jpg
0,/home/wangqianqian/project/FS/data/28gusui&pizang/03/09/cell_1761646142513_912349010008_42977_0000.png,thumbs/cluster_0/095_cell_1761646142513_912349010008_42977_0000.jpg
0,/home/wangqianqian/project/FS/data/28gusui&pizang/03/21/cell_1761646886567_912349010008_104881_0100.png,thumbs/cluster_0/096_cell_1761646886567_912349010008_104881_0100.jpg
0,/home/wangqianqian/project/FS/data/28gusui&pizang/03/07/cell_1761646049741_912349010008_36059_0000.png,thumbs/cluster_0/097_cell_1761646049741_912349010008_36059_0000.jpg
0,/home/wangqianqian/project/FS/data/28gusui&pizang/03/06/cell_1761645992879_912349010008_31124_0000.png,thumbs/cluster_0/098_cell_1761645992879_912349010008_31124_0000.jpg
0,/home/wangqianqian/project/FS/data/28gusui&pizang/03/10/cell_1761646218375_912349010008_48810_0100.png,thumbs/cluster_0/099_cell_1761646218375_912349010008_48810_0100.jpg
1,/home/wangqianqian/project/FS/data/28gusui&pizang/03/06/cell_1761646006396_912349010008_32249_0100.png,thumbs/cluster_1/000_cell_1761646006396_912349010008_32249_0100.jpg
1,/home/wangqianqian/project/FS/data/28gusui&pizang/03/17/cell_1761646647084_912349010008_84848_0100.png,thumbs/cluster_1/001_cell_1761646647084_912349010008_84848_0100.jpg
1,/home/wangqianqian/project/FS/data/28gusui&pizang/03/13/cell_1761646429950_912349010008_66347_0000.png,thumbs/cluster_1/002_cell_1761646429950_912349010008_66347_0000.jpg
1,/home/wangqianqian/project/FS/data/28gusui&pizang/03/18/cell_1761646721877_912349010008_91128_0000.png,thumbs/cluster_1/003_cell_1761646721877_912349010008_91128_0000.jpg
1,/home/wangqianqian/project/FS/data/28gusui&pizang/03/09/cell_1761646141764_912349010008_42938_0000.png,thumbs/cluster_1/004_cell_1761646141764_912349010008_42938_0000.jpg
1,/home/wangqianqian/project/FS/data/28gusui&pizang/03/09/cell_1761646189324_912349010008_46506_0100.png,thumbs/cluster_1/005_cell_1761646189324_912349010008_46506_0100.jpg
1,/home/wangqianqian/project/FS/data/28gusui&pizang/03/06/cell_1761646007609_912349010008_32327_0100.png,thumbs/cluster_1/006_cell_1761646007609_912349010008_32327_0100.jpg
1,/home/wangqianqian/project/FS/data/28gusui&pizang/03/06/cell_1761645975102_912349010008_29683_0000.png,thumbs/cluster_1/007_cell_1761645975102_912349010008_29683_0000.jpg
1,/home/wangqianqian/project/FS/data/28gusui&pizang/03/05/cell_1761645937770_912349010008_26586_0100.png,thumbs/cluster_1/008_cell_1761645937770_912349010008_26586_0100.jpg
1,/home/wangqianqian/project/FS/data/28gusui&pizang/03/09/cell_1761646140267_912349010008_42829_0100.png,thumbs/cluster_1/009_cell_1761646140267_912349010008_42829_0100.jpg
1,/home/wangqianqian/project/FS/data/28gusui&pizang/03/08/cell_1761646115916_912349010008_41137_0000.png,thumbs/cluster_1/010_cell_1761646115916_912349010008_41137_0000.jpg
1,/home/wangqianqian/project/FS/data/28gusui&pizang/03/16/cell_1761646562568_912349010008_77909_0000.png,thumbs/cluster_1/011_cell_1761646562568_912349010008_77909_0000.jpg
1,/home/wangqianqian/project/FS/data/28gusui&pizang/03/11/cell_1761646294948_912349010008_55250_0000.png,thumbs/cluster_1/012_cell_1761646294948_912349010008_55250_0000.jpg
1,/home/wangqianqian/project/FS/data/28gusui&pizang/03/10/cell_1761646236409_912349010008_50313_0000.png,thumbs/cluster_1/013_cell_1761646236409_912349010008_50313_0000.jpg
1,/home/wangqianqian/project/FS/data/28gusui&pizang/03/09/cell_1761646146131_912349010008_43228_0000.png,thumbs/cluster_1/014_cell_1761646146131_912349010008_43228_0000.jpg
1,/home/wangqianqian/project/FS/data/28gusui&pizang/03/18/cell_1761646691298_912349010008_88780_0100.png,thumbs/cluster_1/015_cell_1761646691298_912349010008_88780_0100.jpg
1,/home/wangqianqian/project/FS/data/28gusui&pizang/03/19/cell_1761646750369_912349010008_93506_0100.png,thumbs/cluster_1/016_cell_1761646750369_912349010008_93506_0100.jpg
1,/home/wangqianqian/project/FS/data/28gusui&pizang/03/16/cell_1761646615101_912349010008_82021_0000.png,thumbs/cluster_1/017_cell_1761646615101_912349010008_82021_0000.jpg
1,/home/wangqianqian/project/FS/data/28gusui&pizang/03/06/cell_1761646008252_912349010008_32376_0000.png,thumbs/cluster_1/018_cell_1761646008252_912349010008_32376_0000.jpg
1,/home/wangqianqian/project/FS/data/28gusui&pizang/03/12/cell_1761646335020_912349010008_58628_0000.png,thumbs/cluster_1/019_cell_1761646335020_912349010008_58628_0000.jpg
1,/home/wangqianqian/project/FS/data/28gusui&pizang/03/21/cell_1761646874455_912349010008_103928_0100.png,thumbs/cluster_1/020_cell_1761646874455_912349010008_103928_0100.jpg
1,/home/wangqianqian/project/FS/data/28gusui&pizang/03/05/cell_1761645920114_912349010008_25233_0100.png,thumbs/cluster_1/021_cell_1761645920114_912349010008_25233_0100.jpg
1,/home/wangqianqian/project/FS/data/28gusui&pizang/03/10/cell_1761646224519_912349010008_49338_0000.png,thumbs/cluster_1/022_cell_1761646224519_912349010008_49338_0000.jpg
1,/home/wangqianqian/project/FS/data/28gusui&pizang/03/07/cell_1761646043173_912349010008_35475_0100.png,thumbs/cluster_1/023_cell_1761646043173_912349010008_35475_0100.jpg
1,/home/wangqianqian/project/FS/data/28gusui&pizang/03/08/cell_1761646134804_912349010008_42454_0000.png,thumbs/cluster_1/024_cell_1761646134804_912349010008_42454_0000.jpg
1,/home/wangqianqian/project/FS/data/28gusui&pizang/03/02/cell_1761645771433_912349010008_13444_0100.png,thumbs/cluster_1/025_cell_1761645771433_912349010008_13444_0100.jpg
1,/home/wangqianqian/project/FS/data/28gusui&pizang/03/13/cell_1761646433757_912349010008_66652_0000.png,thumbs/cluster_1/026_cell_1761646433757_912349010008_66652_0000.jpg
1,/home/wangqianqian/project/FS/data/28gusui&pizang/03/02/cell_1761645739219_912349010008_11078_0000.png,thumbs/cluster_1/027_cell_1761645739219_912349010008_11078_0000.jpg
1,/home/wangqianqian/project/FS/data/28gusui&pizang/03/17/cell_1761646677104_912349010008_87512_0100.png,thumbs/cluster_1/028_cell_1761646677104_912349010008_87512_0100.jpg
1,/home/wangqianqian/project/FS/data/28gusui&pizang/03/15/cell_1761646556704_912349010008_77451_0100.png,thumbs/cluster_1/029_cell_1761646556704_912349010008_77451_0100.jpg
1,/home/wangqianqian/project/FS/data/28gusui&pizang/03/13/cell_1761646387488_912349010008_62847_0100.png,thumbs/cluster_1/030_cell_1761646387488_912349010008_62847_0100.jpg
1,/home/wangqianqian/project/FS/data/28gusui&pizang/03/12/cell_1761646365565_912349010008_61140_0100.png,thumbs/cluster_1/031_cell_1761646365565_912349010008_61140_0100.jpg
1,/home/wangqianqian/project/FS/data/28gusui&pizang/03/05/cell_1761645955336_912349010008_28041_0000.png,thumbs/cluster_1/032_cell_1761645955336_912349010008_28041_0000.jpg
1,/home/wangqianqian/project/FS/data/28gusui&pizang/03/04/cell_1761645840037_912349010008_18763_0000.png,thumbs/cluster_1/033_cell_1761645840037_912349010008_18763_0000.jpg
1,/home/wangqianqian/project/FS/data/28gusui&pizang/03/21/cell_1761646901373_912349010008_106136_0100.png,thumbs/cluster_1/034_cell_1761646901373_912349010008_106136_0100.jpg
1,/home/wangqianqian/project/FS/data/28gusui&pizang/03/19/cell_1761646776904_912349010008_95670_0000.png,thumbs/cluster_1/035_cell_1761646776904_912349010008_95670_0000.jpg
1,/home/wangqianqian/project/FS/data/28gusui&pizang/03/05/cell_1761645917075_912349010008_25023_0000.png,thumbs/cluster_1/036_cell_1761645917075_912349010008_25023_0000.jpg
1,/home/wangqianqian/project/FS/data/28gusui&pizang/03/09/cell_1761646175440_912349010008_45397_0100.png,thumbs/cluster_1/037_cell_1761646175440_912349010008_45397_0100.jpg
1,/home/wangqianqian/project/FS/data/28gusui&pizang/03/19/cell_1761646798195_912349010008_97383_0100.png,thumbs/cluster_1/038_cell_1761646798195_912349010008_97383_0100.jpg
1,/home/wangqianqian/project/FS/data/28gusui&pizang/03/21/cell_1761646908078_912349010008_106631_0100.png,thumbs/cluster_1/039_cell_1761646908078_912349010008_106631_0100.jpg
1,/home/wangqianqian/project/FS/data/28gusui&pizang/03/11/cell_1761646310991_912349010008_56625_0100.png,thumbs/cluster_1/040_cell_1761646310991_912349010008_56625_0100.jpg
1,/home/wangqianqian/project/FS/data/28gusui&pizang/03/03/cell_1761645814483_912349010008_16785_0000.png,thumbs/cluster_1/041_cell_1761645814483_912349010008_16785_0000.jpg
1,/home/wangqianqian/project/FS/data/28gusui&pizang/03/11/cell_1761646270004_912349010008_53001_0000.png,thumbs/cluster_1/042_cell_1761646270004_912349010008_53001_0000.jpg
1,/home/wangqianqian/project/FS/data/28gusui&pizang/03/21/cell_1761646908367_912349010008_106654_0100.png,thumbs/cluster_1/043_cell_1761646908367_912349010008_106654_0100.jpg
1,/home/wangqianqian/project/FS/data/28gusui&pizang/03/14/cell_1761646467589_912349010008_69745_0000.png,thumbs/cluster_1/044_cell_1761646467589_912349010008_69745_0000.jpg
1,/home/wangqianqian/project/FS/data/28gusui&pizang/03/09/cell_1761646142789_912349010008_42997_0100.png,thumbs/cluster_1/045_cell_1761646142789_912349010008_42997_0100.jpg
1,/home/wangqianqian/project/FS/data/28gusui&pizang/03/13/cell_1761646438842_912349010008_67150_0100.png,thumbs/cluster_1/046_cell_1761646438842_912349010008_67150_0100.jpg
1,/home/wangqianqian/project/FS/data/28gusui&pizang/03/17/cell_1761646631469_912349010008_83444_0100.png,thumbs/cluster_1/047_cell_1761646631469_912349010008_83444_0100.jpg
1,/home/wangqianqian/project/FS/data/28gusui&pizang/03/12/cell_1761646337720_912349010008_58816_0100.png,thumbs/cluster_1/048_cell_1761646337720_912349010008_58816_0100.jpg
1,/home/wangqianqian/project/FS/data/28gusui&pizang/03/17/cell_1761646667602_912349010008_86612_0000.png,thumbs/cluster_1/049_cell_1761646667602_912349010008_86612_0000.jpg
1,/home/wangqianqian/project/FS/data/28gusui&pizang/03/09/cell_1761646193113_912349010008_46770_0000.png,thumbs/cluster_1/050_cell_1761646193113_912349010008_46770_0000.jpg
1,/home/wangqianqian/project/FS/data/28gusui&pizang/03/11/cell_1761646283149_912349010008_54164_0100.png,thumbs/cluster_1/051_cell_1761646283149_912349010008_54164_0100.jpg
1,/home/wangqianqian/project/FS/data/28gusui&pizang/03/12/cell_1761646375803_912349010008_61954_0000.png,thumbs/cluster_1/052_cell_1761646375803_912349010008_61954_0000.jpg
1,/home/wangqianqian/project/FS/data/28gusui&pizang/03/21/cell_1761646864540_912349010008_103134_0100.png,thumbs/cluster_1/053_cell_1761646864540_912349010008_103134_0100.jpg
1,/home/wangqianqian/project/FS/data/28gusui&pizang/03/17/cell_1761646662602_912349010008_86155_0100.png,thumbs/cluster_1/054_cell_1761646662602_912349010008_86155_0100.jpg
1,/home/wangqianqian/project/FS/data/28gusui&pizang/03/10/cell_1761646257984_912349010008_52038_0000.png,thumbs/cluster_1/055_cell_1761646257984_912349010008_52038_0000.jpg
1,/home/wangqianqian/project/FS/data/28gusui&pizang/03/13/cell_1761646388325_912349010008_62923_0100.png,thumbs/cluster_1/056_cell_1761646388325_912349010008_62923_0100.jpg
1,/home/wangqianqian/project/FS/data/28gusui&pizang/03/08/cell_1761646125791_912349010008_41815_0100.png,thumbs/cluster_1/057_cell_1761646125791_912349010008_41815_0100.jpg
1,/home/wangqianqian/project/FS/data/28gusui&pizang/03/03/cell_1761645782954_912349010008_14342_0100.png,thumbs/cluster_1/058_cell_1761645782954_912349010008_14342_0100.jpg
1,/home/wangqianqian/project/FS/data/28gusui&pizang/03/15/cell_1761646523510_912349010008_74795_0000.png,thumbs/cluster_1/059_cell_1761646523510_912349010008_74795_0000.jpg
1,/home/wangqianqian/project/FS/data/28gusui&pizang/03/11/cell_1761646280353_912349010008_53910_0100.png,thumbs/cluster_1/060_cell_1761646280353_912349010008_53910_0100.jpg
1,/home/wangqianqian/project/FS/data/28gusui&pizang/03/17/cell_1761646661353_912349010008_86061_0100.png,thumbs/cluster_1/061_cell_1761646661353_912349010008_86061_0100.jpg
1,/home/wangqianqian/project/FS/data/28gusui&pizang/03/14/cell_1761646474589_912349010008_70373_0100.png,thumbs/cluster_1/062_cell_1761646474589_912349010008_70373_0100.jpg
1,/home/wangqianqian/project/FS/data/28gusui&pizang/03/06/cell_1761645967904_912349010008_29038_0000.png,thumbs/cluster_1/063_cell_1761645967904_912349010008_29038_0000.jpg
1,/home/wangqianqian/project/FS/data/28gusui&pizang/03/03/cell_1761645788493_912349010008_14787_0000.png,thumbs/cluster_1/064_cell_1761645788493_912349010008_14787_0000.jpg
1,/home/wangqianqian/project/FS/data/28gusui&pizang/03/12/cell_1761646332434_912349010008_58415_0000.png,thumbs/cluster_1/065_cell_1761646332434_912349010008_58415_0000.jpg
1,/home/wangqianqian/project/FS/data/28gusui&pizang/03/12/cell_1761646320645_912349010008_57452_0100.png,thumbs/cluster_1/066_cell_1761646320645_912349010008_57452_0100.jpg
1,/home/wangqianqian/project/FS/data/28gusui&pizang/03/12/cell_1761646353986_912349010008_60208_0000.png,thumbs/cluster_1/067_cell_1761646353986_912349010008_60208_0000.jpg
1,/home/wangqianqian/project/FS/data/28gusui&pizang/03/17/cell_1761646675176_912349010008_87314_0100.png,thumbs/cluster_1/068_cell_1761646675176_912349010008_87314_0100.jpg
1,/home/wangqianqian/project/FS/data/28gusui&pizang/03/16/cell_1761646564069_912349010008_77999_0000.png,thumbs/cluster_1/069_cell_1761646564069_912349010008_77999_0000.jpg
1,/home/wangqianqian/project/FS/data/28gusui&pizang/03/07/cell_1761646030948_912349010008_34433_0100.png,thumbs/cluster_1/070_cell_1761646030948_912349010008_34433_0100.jpg
1,/home/wangqianqian/project/FS/data/28gusui&pizang/03/14/cell_1761646469292_912349010008_69896_0000.png,thumbs/cluster_1/071_cell_1761646469292_912349010008_69896_0000.jpg
1,/home/wangqianqian/project/FS/data/28gusui&pizang/03/16/cell_1761646563976_912349010008_77995_0000.png,thumbs/cluster_1/072_cell_1761646563976_912349010008_77995_0000.jpg
1,/home/wangqianqian/project/FS/data/28gusui&pizang/03/15/cell_1761646546465_912349010008_76664_0000.png,thumbs/cluster_1/073_cell_1761646546465_912349010008_76664_0000.jpg
1,/home/wangqianqian/project/FS/data/28gusui&pizang/03/12/cell_1761646341071_912349010008_59084_0000.png,thumbs/cluster_1/074_cell_1761646341071_912349010008_59084_0000.jpg
1,/home/wangqianqian/project/FS/data/28gusui&pizang/03/05/cell_1761645908118_912349010008_24388_0000.png,thumbs/cluster_1/075_cell_1761645908118_912349010008_24388_0000.jpg
1,/home/wangqianqian/project/FS/data/28gusui&pizang/03/10/cell_1761646243810_912349010008_50916_0000.png,thumbs/cluster_1/076_cell_1761646243810_912349010008_50916_0000.jpg
1,/home/wangqianqian/project/FS/data/28gusui&pizang/03/03/cell_1761645836132_912349010008_18476_0100.png,thumbs/cluster_1/077_cell_1761645836132_912349010008_18476_0100.jpg
1,/home/wangqianqian/project/FS/data/28gusui&pizang/03/08/cell_1761646136928_912349010008_42586_0100.png,thumbs/cluster_1/078_cell_1761646136928_912349010008_42586_0100.jpg
1,/home/wangqianqian/project/FS/data/28gusui&pizang/03/10/cell_1761646200529_912349010008_47367_0000.png,thumbs/cluster_1/079_cell_1761646200529_912349010008_47367_0000.jpg
1,/home/wangqianqian/project/FS/data/28gusui&pizang/03/02/cell_1761645772521_912349010008_13528_0100.png,thumbs/cluster_1/080_cell_1761645772521_912349010008_13528_0100.jpg
1,/home/wangqianqian/project/FS/data/28gusui&pizang/03/12/cell_1761646349689_912349010008_59808_0000.png,thumbs/cluster_1/081_cell_1761646349689_912349010008_59808_0000.jpg
1,/home/wangqianqian/project/FS/data/28gusui&pizang/03/07/cell_1761646024096_912349010008_33826_0000.png,thumbs/cluster_1/082_cell_1761646024096_912349010008_33826_0000.jpg
1,/home/wangqianqian/project/FS/data/28gusui&pizang/03/11/cell_1761646310367_912349010008_56585_0100.png,thumbs/cluster_1/083_cell_1761646310367_912349010008_56585_0100.jpg
1,/home/wangqianqian/project/FS/data/28gusui&pizang/03/08/cell_1761646090349_912349010008_39203_0000.png,thumbs/cluster_1/084_cell_1761646090349_912349010008_39203_0000.jpg
1,/home/wangqianqian/project/FS/data/28gusui&pizang/03/06/cell_1761646012286_912349010008_32768_0000.png,thumbs/cluster_1/085_cell_1761646012286_912349010008_32768_0000.jpg
1,/home/wangqianqian/project/FS/data/28gusui&pizang/03/03/cell_1761645781314_912349010008_14195_0000.png,thumbs/cluster_1/086_cell_1761645781314_912349010008_14195_0000.jpg
1,/home/wangqianqian/project/FS/data/28gusui&pizang/03/17/cell_1761646633029_912349010008_83592_0100.png,thumbs/cluster_1/087_cell_1761646633029_912349010008_83592_0100.jpg
1,/home/wangqianqian/project/FS/data/28gusui&pizang/03/07/cell_1761646075188_912349010008_38022_0100.png,thumbs/cluster_1/088_cell_1761646075188_912349010008_38022_0100.jpg
1,/home/wangqianqian/project/FS/data/28gusui&pizang/03/13/cell_1761646401502_912349010008_63884_0100.png,thumbs/cluster_1/089_cell_1761646401502_912349010008_63884_0100.jpg
1,/home/wangqianqian/project/FS/data/28gusui&pizang/03/16/cell_1761646601585_912349010008_80907_0100.png,thumbs/cluster_1/090_cell_1761646601585_912349010008_80907_0100.jpg
1,/home/wangqianqian/project/FS/data/28gusui&pizang/03/08/cell_1761646093496_912349010008_39437_0000.png,thumbs/cluster_1/091_cell_1761646093496_912349010008_39437_0000.jpg
1,/home/wangqianqian/project/FS/data/28gusui&pizang/03/15/cell_1761646538820_912349010008_75994_0100.png,thumbs/cluster_1/092_cell_1761646538820_912349010008_75994_0100.jpg
1,/home/wangqianqian/project/FS/data/28gusui&pizang/03/13/cell_1761646411470_912349010008_64661_0100.png,thumbs/cluster_1/093_cell_1761646411470_912349010008_64661_0100.jpg
1,/home/wangqianqian/project/FS/data/28gusui&pizang/03/06/cell_1761645977858_912349010008_29888_0100.png,thumbs/cluster_1/094_cell_1761645977858_912349010008_29888_0100.jpg
1,/home/wangqianqian/project/FS/data/28gusui&pizang/03/10/cell_1761646223575_912349010008_49268_0100.png,thumbs/cluster_1/095_cell_1761646223575_912349010008_49268_0100.jpg
1,/home/wangqianqian/project/FS/data/28gusui&pizang/03/06/cell_1761646005180_912349010008_32105_0000.png,thumbs/cluster_1/096_cell_1761646005180_912349010008_32105_0000.jpg
1,/home/wangqianqian/project/FS/data/28gusui&pizang/03/01/cell_1761645694251_912349010008_8049_0000.png,thumbs/cluster_1/097_cell_1761645694251_912349010008_8049_0000.jpg
1,/home/wangqianqian/project/FS/data/28gusui&pizang/03/21/cell_1761646890817_912349010008_105223_0100.png,thumbs/cluster_1/098_cell_1761646890817_912349010008_105223_0100.jpg
1,/home/wangqianqian/project/FS/data/28gusui&pizang/03/05/cell_1761645949024_912349010008_27556_0100.png,thumbs/cluster_1/099_cell_1761645949024_912349010008_27556_0100.jpg
2,/home/wangqianqian/project/FS/data/28gusui&pizang/03/12/cell_1761646377474_912349010008_62094_0100.png,thumbs/cluster_2/000_cell_1761646377474_912349010008_62094_0100.jpg
2,/home/wangqianqian/project/FS/data/28gusui&pizang/03/14/cell_1761646498336_912349010008_72664_0100.png,thumbs/cluster_2/001_cell_1761646498336_912349010008_72664_0100.jpg
2,/home/wangqianqian/project/FS/data/28gusui&pizang/03/11/cell_1761646281056_912349010008_53983_0100.png,thumbs/cluster_2/002_cell_1761646281056_912349010008_53983_0100.jpg
2,/home/wangqianqian/project/FS/data/28gusui&pizang/03/06/cell_1761646014568_912349010008_33009_0000.png,thumbs/cluster_2/003_cell_1761646014568_912349010008_33009_0000.jpg
2,/home/wangqianqian/project/FS/data/28gusui&pizang/03/02/cell_1761645752954_912349010008_12129_0100.png,thumbs/cluster_2/004_cell_1761645752954_912349010008_12129_0100.jpg
2,/home/wangqianqian/project/FS/data/28gusui&pizang/03/16/cell_1761646618742_912349010008_82351_0100.png,thumbs/cluster_2/005_cell_1761646618742_912349010008_82351_0100.jpg
2,/home/wangqianqian/project/FS/data/28gusui&pizang/03/04/cell_1761645862051_912349010008_20690_0000.png,thumbs/cluster_2/006_cell_1761645862051_912349010008_20690_0000.jpg
2,/home/wangqianqian/project/FS/data/28gusui&pizang/03/14/cell_1761646479319_912349010008_70759_0000.png,thumbs/cluster_2/007_cell_1761646479319_912349010008_70759_0000.jpg
2,/home/wangqianqian/project/FS/data/28gusui&pizang/03/05/cell_1761645907430_912349010008_24340_0100.png,thumbs/cluster_2/008_cell_1761645907430_912349010008_24340_0100.jpg
2,/home/wangqianqian/project/FS/data/28gusui&pizang/03/07/cell_1761646025749_912349010008_33957_0100.png,thumbs/cluster_2/009_cell_1761646025749_912349010008_33957_0100.jpg
2,/home/wangqianqian/project/FS/data/28gusui&pizang/03/21/cell_1761646880710_912349010008_104450_0000.png,thumbs/cluster_2/010_cell_1761646880710_912349010008_104450_0000.jpg
2,/home/wangqianqian/project/FS/data/28gusui&pizang/03/18/cell_1761646723632_912349010008_91279_0000.png,thumbs/cluster_2/011_cell_1761646723632_912349010008_91279_0000.jpg
2,/home/wangqianqian/project/FS/data/28gusui&pizang/03/06/cell_1761645991738_912349010008_31026_0000.png,thumbs/cluster_2/012_cell_1761645991738_912349010008_31026_0000.jpg
2,/home/wangqianqian/project/FS/data/28gusui&pizang/03/14/cell_1761646461153_912349010008_69180_0100.png,thumbs/cluster_2/013_cell_1761646461153_912349010008_69180_0100.jpg
2,/home/wangqianqian/project/FS/data/28gusui&pizang/03/12/cell_1761646323768_912349010008_57687_0000.png,thumbs/cluster_2/014_cell_1761646323768_912349010008_57687_0000.jpg
2,/home/wangqianqian/project/FS/data/28gusui&pizang/03/02/cell_1761645740698_912349010008_11210_0100.png,thumbs/cluster_2/015_cell_1761645740698_912349010008_11210_0100.jpg
2,/home/wangqianqian/project/FS/data/28gusui&pizang/03/20/cell_1761646856629_912349010008_102426_0100.png,thumbs/cluster_2/016_cell_1761646856629_912349010008_102426_0100.jpg
2,/home/wangqianqian/project/FS/data/28gusui&pizang/03/17/cell_1761646644848_912349010008_84610_0100.png,thumbs/cluster_2/017_cell_1761646644848_912349010008_84610_0100.jpg
2,/home/wangqianqian/project/FS/data/28gusui&pizang/03/21/cell_1761646879205_912349010008_104305_0100.png,thumbs/cluster_2/018_cell_1761646879205_912349010008_104305_0100.jpg
2,/home/wangqianqian/project/FS/data/28gusui&pizang/03/12/cell_1761646372578_912349010008_61706_0000.png,thumbs/cluster_2/019_cell_1761646372578_912349010008_61706_0000.jpg
2,/home/wangqianqian/project/FS/data/28gusui&pizang/03/09/cell_1761646196342_912349010008_47013_0000.png,thumbs/cluster_2/020_cell_1761646196342_912349010008_47013_0000.jpg
2,/home/wangqianqian/project/FS/data/28gusui&pizang/03/02/cell_1761645749846_912349010008_11910_0000.png,thumbs/cluster_2/021_cell_1761645749846_912349010008_11910_0000.jpg
2,/home/wangqianqian/project/FS/data/28gusui&pizang/03/15/cell_1761646535916_912349010008_75745_0000.png,thumbs/cluster_2/022_cell_1761646535916_912349010008_75745_0000.jpg
2,/home/wangqianqian/project/FS/data/28gusui&pizang/03/12/cell_1761646370186_912349010008_61509_0100.png,thumbs/cluster_2/023_cell_1761646370186_912349010008_61509_0100.jpg
2,/home/wangqianqian/project/FS/data/28gusui&pizang/03/18/cell_1761646735730_912349010008_92345_0100.png,thumbs/cluster_2/024_cell_1761646735730_912349010008_92345_0100.jpg
2,/home/wangqianqian/project/FS/data/28gusui&pizang/03/14/cell_1761646485213_912349010008_71338_0000.png,thumbs/cluster_2/025_cell_1761646485213_912349010008_71338_0000.jpg
2,/home/wangqianqian/project/FS/data/28gusui&pizang/03/18/cell_1761646686505_912349010008_88376_0000.png,thumbs/cluster_2/026_cell_1761646686505_912349010008_88376_0000.jpg
2,/home/wangqianqian/project/FS/data/28gusui&pizang/03/19/cell_1761646780051_912349010008_95906_0100.png,thumbs/cluster_2/027_cell_1761646780051_912349010008_95906_0100.jpg
2,/home/wangqianqian/project/FS/data/28gusui&pizang/03/14/cell_1761646452685_912349010008_68395_0100.png,thumbs/cluster_2/028_cell_1761646452685_912349010008_68395_0100.jpg
2,/home/wangqianqian/project/FS/data/28gusui&pizang/03/04/cell_1761645887424_912349010008_22865_0000.png,thumbs/cluster_2/029_cell_1761645887424_912349010008_22865_0000.jpg
2,/home/wangqianqian/project/FS/data/28gusui&pizang/03/06/cell_1761645984443_912349010008_30460_0000.png,thumbs/cluster_2/030_cell_1761645984443_912349010008_30460_0000.jpg
2,/home/wangqianqian/project/FS/data/28gusui&pizang/03/06/cell_1761646011933_912349010008_32740_0000.png,thumbs/cluster_2/031_cell_1761646011933_912349010008_32740_0000.jpg
2,/home/wangqianqian/project/FS/data/28gusui&pizang/03/08/cell_1761646135117_912349010008_42473_0000.png,thumbs/cluster_2/032_cell_1761646135117_912349010008_42473_0000.jpg
2,/home/wangqianqian/project/FS/data/28gusui&pizang/03/18/cell_1761646710967_912349010008_90285_0000.png,thumbs/cluster_2/033_cell_1761646710967_912349010008_90285_0000.jpg
2,/home/wangqianqian/project/FS/data/28gusui&pizang/03/05/cell_1761645941614_912349010008_26912_0000.png,thumbs/cluster_2/034_cell_1761645941614_912349010008_26912_0000.jpg
2,/home/wangqianqian/project/FS/data/28gusui&pizang/03/12/cell_1761646358256_912349010008_60512_0100.png,thumbs/cluster_2/035_cell_1761646358256_912349010008_60512_0100.jpg
2,/home/wangqianqian/project/FS/data/28gusui&pizang/03/21/cell_1761646875554_912349010008_104023_0000.png,thumbs/cluster_2/036_cell_1761646875554_912349010008_104023_0000.jpg
2,/home/wangqianqian/project/FS/data/28gusui&pizang/03/09/cell_1761646173660_912349010008_45285_0000.png,thumbs/cluster_2/037_cell_1761646173660_912349010008_45285_0000.jpg
2,/home/wangqianqian/project/FS/data/28gusui&pizang/03/14/cell_1761646447957_912349010008_67978_0000.png,thumbs/cluster_2/038_cell_1761646447957_912349010008_67978_0000.jpg
2,/home/wangqianqian/project/FS/data/28gusui&pizang/03/17/cell_1761646652397_912349010008_85292_0000.png,thumbs/cluster_2/039_cell_1761646652397_912349010008_85292_0000.jpg
2,/home/wangqianqian/project/FS/data/28gusui&pizang/03/09/cell_1761646141441_912349010008_42918_0000.png,thumbs/cluster_2/040_cell_1761646141441_912349010008_42918_0000.jpg
2,/home/wangqianqian/project/FS/data/28gusui&pizang/03/07/cell_1761646036344_912349010008_34880_0000.png,thumbs/cluster_2/041_cell_1761646036344_912349010008_34880_0000.jpg
2,/home/wangqianqian/project/FS/data/28gusui&pizang/03/04/cell_1761645883989_912349010008_22600_0000.png,thumbs/cluster_2/042_cell_1761645883989_912349010008_22600_0000.jpg
2,/home/wangqianqian/project/FS/data/28gusui&pizang/03/21/cell_1761646863835_912349010008_103084_0000.png,thumbs/cluster_2/043_cell_1761646863835_912349010008_103084_0000.jpg
2,/home/wangqianqian/project/FS/data/28gusui&pizang/03/10/cell_1761646257978_912349010008_52037_0100.png,thumbs/cluster_2/044_cell_1761646257978_912349010008_52037_0100.jpg
2,/home/wangqianqian/project/FS/data/28gusui&pizang/03/10/cell_1761646208901_912349010008_48002_0000.png,thumbs/cluster_2/045_cell_1761646208901_912349010008_48002_0000.jpg
2,/home/wangqianqian/project/FS/data/28gusui&pizang/03/17/cell_1761646653214_912349010008_85369_0100.png,thumbs/cluster_2/046_cell_1761646653214_912349010008_85369_0100.jpg
2,/home/wangqianqian/project/FS/data/28gusui&pizang/03/18/cell_1761646723900_912349010008_91306_0000.png,thumbs/cluster_2/047_cell_1761646723900_912349010008_91306_0000.jpg
2,/home/wangqianqian/project/FS/data/28gusui&pizang/03/08/cell_1761646092779_912349010008_39377_0100.png,thumbs/cluster_2/048_cell_1761646092779_912349010008_39377_0100.jpg
2,/home/wangqianqian/project/FS/data/28gusui&pizang/03/05/cell_1761645924929_912349010008_25641_0000.png,thumbs/cluster_2/049_cell_1761645924929_912349010008_25641_0000.jpg
2,/home/wangqianqian/project/FS/data/28gusui&pizang/03/03/cell_1761645799249_912349010008_15598_0000.png,thumbs/cluster_2/050_cell_1761645799249_912349010008_15598_0000.jpg
2,/home/wangqianqian/project/FS/data/28gusui&pizang/03/03/cell_1761645807023_912349010008_16203_0000.png,thumbs/cluster_2/051_cell_1761645807023_912349010008_16203_0000.jpg
2,/home/wangqianqian/project/FS/data/28gusui&pizang/03/12/cell_1761646336957_912349010008_58760_0100.png,thumbs/cluster_2/052_cell_1761646336957_912349010008_58760_0100.jpg
2,/home/wangqianqian/project/FS/data/28gusui&pizang/03/19/cell_1761646784923_912349010008_96261_0000.png,thumbs/cluster_2/053_cell_1761646784923_912349010008_96261_0000.jpg
2,/home/wangqianqian/project/FS/data/28gusui&pizang/03/16/cell_1761646585910_912349010008_79617_0000.png,thumbs/cluster_2/054_cell_1761646585910_912349010008_79617_0000.jpg
2,/home/wangqianqian/project/FS/data/28gusui&pizang/03/09/cell_1761646152379_912349010008_43729_0000.png,thumbs/cluster_2/055_cell_1761646152379_912349010008_43729_0000.jpg
2,/home/wangqianqian/project/FS/data/28gusui&pizang/03/03/cell_1761645788829_912349010008_14817_0100.png,thumbs/cluster_2/056_cell_1761645788829_912349010008_14817_0100.jpg
2,/home/wangqianqian/project/FS/data/28gusui&pizang/03/11/cell_1761646314896_912349010008_56966_0100.png,thumbs/cluster_2/057_cell_1761646314896_912349010008_56966_0100.jpg
2,/home/wangqianqian/project/FS/data/28gusui&pizang/03/06/cell_1761645980244_912349010008_30106_0100.png,thumbs/cluster_2/058_cell_1761645980244_912349010008_30106_0100.jpg
2,/home/wangqianqian/project/FS/data/28gusui&pizang/03/13/cell_1761646437205_912349010008_66973_0100.png,thumbs/cluster_2/059_cell_1761646437205_912349010008_66973_0100.jpg
2,/home/wangqianqian/project/FS/data/28gusui&pizang/03/09/cell_1761646173631_912349010008_45282_0100.png,thumbs/cluster_2/060_cell_1761646173631_912349010008_45282_0100.jpg
2,/home/wangqianqian/project/FS/data/28gusui&pizang/03/02/cell_1761645767002_912349010008_13143_0000.png,thumbs/cluster_2/061_cell_1761645767002_912349010008_13143_0000.jpg
2,/home/wangqianqian/project/FS/data/28gusui&pizang/03/11/cell_1761646299441_912349010008_55669_0000.png,thumbs/cluster_2/062_cell_1761646299441_912349010008_55669_0000.jpg
2,/home/wangqianqian/project/FS/data/28gusui&pizang/03/14/cell_1761646451641_912349010008_68325_0100.png,thumbs/cluster_2/063_cell_1761646451641_912349010008_68325_0100.jpg
2,/home/wangqianqian/project/FS/data/28gusui&pizang/03/09/cell_1761646155658_912349010008_43984_0100.png,thumbs/cluster_2/064_cell_1761646155658_912349010008_43984_0100.jpg
2,/home/wangqianqian/project/FS/data/28gusui&pizang/03/12/cell_1761646348430_912349010008_59685_0100.png,thumbs/cluster_2/065_cell_1761646348430_912349010008_59685_0100.jpg
2,/home/wangqianqian/project/FS/data/28gusui&pizang/03/19/cell_1761646784423_912349010008_96231_0000.png,thumbs/cluster_2/066_cell_1761646784423_912349010008_96231_0000.jpg
2,/home/wangqianqian/project/FS/data/28gusui&pizang/03/19/cell_1761646782207_912349010008_96065_0100.png,thumbs/cluster_2/067_cell_1761646782207_912349010008_96065_0100.jpg
2,/home/wangqianqian/project/FS/data/28gusui&pizang/03/09/cell_1761646177239_912349010008_45547_0100.png,thumbs/cluster_2/068_cell_1761646177239_912349010008_45547_0100.jpg
2,/home/wangqianqian/project/FS/data/28gusui&pizang/03/04/cell_1761645869302_912349010008_21369_0100.png,thumbs/cluster_2/069_cell_1761645869302_912349010008_21369_0100.jpg
2,/home/wangqianqian/project/FS/data/28gusui&pizang/03/21/cell_1761646903987_912349010008_106304_0100.png,thumbs/cluster_2/070_cell_1761646903987_912349010008_106304_0100.jpg
2,/home/wangqianqian/project/FS/data/28gusui&pizang/03/20/cell_1761646839661_912349010008_100936_0100.png,thumbs/cluster_2/071_cell_1761646839661_912349010008_100936_0100.jpg
2,/home/wangqianqian/project/FS/data/28gusui&pizang/03/19/cell_1761646740848_912349010008_92765_0000.png,thumbs/cluster_2/072_cell_1761646740848_912349010008_92765_0000.jpg
2,/home/wangqianqian/project/FS/data/28gusui&pizang/03/20/cell_1761646827454_912349010008_99959_0000.png,thumbs/cluster_2/073_cell_1761646827454_912349010008_99959_0000.jpg
2,/home/wangqianqian/project/FS/data/28gusui&pizang/03/15/cell_1761646543940_912349010008_76431_0000.png,thumbs/cluster_2/074_cell_1761646543940_912349010008_76431_0000.jpg
2,/home/wangqianqian/project/FS/data/28gusui&pizang/03/18/cell_1761646705259_912349010008_89829_0000.png,thumbs/cluster_2/075_cell_1761646705259_912349010008_89829_0000.jpg
2,/home/wangqianqian/project/FS/data/28gusui&pizang/03/05/cell_1761645907382_912349010008_24336_0000.png,thumbs/cluster_2/076_cell_1761645907382_912349010008_24336_0000.jpg
2,/home/wangqianqian/project/FS/data/28gusui&pizang/03/13/cell_1761646433431_912349010008_66623_0100.png,thumbs/cluster_2/077_cell_1761646433431_912349010008_66623_0100.jpg
2,/home/wangqianqian/project/FS/data/28gusui&pizang/03/05/cell_1761645951356_912349010008_27736_0000.png,thumbs/cluster_2/078_cell_1761645951356_912349010008_27736_0000.jpg
2,/home/wangqianqian/project/FS/data/28gusui&pizang/03/10/cell_1761646235273_912349010008_50215_0000.png,thumbs/cluster_2/079_cell_1761646235273_912349010008_50215_0000.jpg
2,/home/wangqianqian/project/FS/data/28gusui&pizang/03/06/cell_1761645987483_912349010008_30718_0000.png,thumbs/cluster_2/080_cell_1761645987483_912349010008_30718_0000.jpg
2,/home/wangqianqian/project/FS/data/28gusui&pizang/03/13/cell_1761646431942_912349010008_66506_0000.png,thumbs/cluster_2/081_cell_1761646431942_912349010008_66506_0000.jpg
2,/home/wangqianqian/project/FS/data/28gusui&pizang/03/20/cell_1761646819020_912349010008_99222_0000.png,thumbs/cluster_2/082_cell_1761646819020_912349010008_99222_0000.jpg
2,/home/wangqianqian/project/FS/data/28gusui&pizang/03/03/cell_1761645789790_912349010008_14887_0100.png,thumbs/cluster_2/083_cell_1761645789790_912349010008_14887_0100.jpg
2,/home/wangqianqian/project/FS/data/28gusui&pizang/03/14/cell_1761646449189_912349010008_68100_0100.png,thumbs/cluster_2/084_cell_1761646449189_912349010008_68100_0100.jpg
2,/home/wangqianqian/project/FS/data/28gusui&pizang/03/08/cell_1761646130886_912349010008_42175_0000.png,thumbs/cluster_2/085_cell_1761646130886_912349010008_42175_0000.jpg
2,/home/wangqianqian/project/FS/data/28gusui&pizang/03/09/cell_1761646162992_912349010008_44554_0100.png,thumbs/cluster_2/086_cell_1761646162992_912349010008_44554_0100.jpg
2,/home/wangqianqian/project/FS/data/28gusui&pizang/03/03/cell_1761645823136_912349010008_17498_0100.png,thumbs/cluster_2/087_cell_1761645823136_912349010008_17498_0100.jpg
2,/home/wangqianqian/project/FS/data/28gusui&pizang/03/07/cell_1761646026534_912349010008_34026_0100.png,thumbs/cluster_2/088_cell_1761646026534_912349010008_34026_0100.jpg
2,/home/wangqianqian/project/FS/data/28gusui&pizang/03/12/cell_1761646349500_912349010008_59794_0100.png,thumbs/cluster_2/089_cell_1761646349500_912349010008_59794_0100.jpg
2,/home/wangqianqian/project/FS/data/28gusui&pizang/03/04/cell_1761645886186_912349010008_22773_0000.png,thumbs/cluster_2/090_cell_1761645886186_912349010008_22773_0000.jpg
2,/home/wangqianqian/project/FS/data/28gusui&pizang/03/10/cell_1761646212846_912349010008_48343_0100.png,thumbs/cluster_2/091_cell_1761646212846_912349010008_48343_0100.jpg
2,/home/wangqianqian/project/FS/data/28gusui&pizang/03/11/cell_1761646310049_912349010008_56562_0000.png,thumbs/cluster_2/092_cell_1761646310049_912349010008_56562_0000.jpg
2,/home/wangqianqian/project/FS/data/28gusui&pizang/03/13/cell_1761646422934_912349010008_65636_0000.png,thumbs/cluster_2/093_cell_1761646422934_912349010008_65636_0000.jpg
2,/home/wangqianqian/project/FS/data/28gusui&pizang/03/15/cell_1761646524699_912349010008_74896_0100.png,thumbs/cluster_2/094_cell_1761646524699_912349010008_74896_0100.jpg
2,/home/wangqianqian/project/FS/data/28gusui&pizang/03/11/cell_1761646282596_912349010008_54117_0000.png,thumbs/cluster_2/095_cell_1761646282596_912349010008_54117_0000.jpg
2,/home/wangqianqian/project/FS/data/28gusui&pizang/03/18/cell_1761646707252_912349010008_89989_0000.png,thumbs/cluster_2/096_cell_1761646707252_912349010008_89989_0000.jpg
2,/home/wangqianqian/project/FS/data/28gusui&pizang/03/12/cell_1761646355990_912349010008_60335_0100.png,thumbs/cluster_2/097_cell_1761646355990_912349010008_60335_0100.jpg
2,/home/wangqianqian/project/FS/data/28gusui&pizang/03/15/cell_1761646507424_912349010008_73438_0000.png,thumbs/cluster_2/098_cell_1761646507424_912349010008_73438_0000.jpg
2,/home/wangqianqian/project/FS/data/28gusui&pizang/03/16/cell_1761646562436_912349010008_77898_0100.png,thumbs/cluster_2/099_cell_1761646562436_912349010008_77898_0100.jpg
3,/home/wangqianqian/project/FS/data/28gusui&pizang/03/11/cell_1761646284682_912349010008_54297_0100.png,thumbs/cluster_3/000_cell_1761646284682_912349010008_54297_0100.jpg
3,/home/wangqianqian/project/FS/data/28gusui&pizang/03/16/cell_1761646562047_912349010008_77870_0000.png,thumbs/cluster_3/001_cell_1761646562047_912349010008_77870_0000.jpg
3,/home/wangqianqian/project/FS/data/28gusui&pizang/03/19/cell_1761646785230_912349010008_96291_0100.png,thumbs/cluster_3/002_cell_1761646785230_912349010008_96291_0100.jpg
3,/home/wangqianqian/project/FS/data/28gusui&pizang/03/07/cell_1761646067836_912349010008_37528_0100.png,thumbs/cluster_3/003_cell_1761646067836_912349010008_37528_0100.jpg
3,/home/wangqianqian/project/FS/data/28gusui&pizang/03/20/cell_1761646815817_912349010008_98963_0000.png,thumbs/cluster_3/004_cell_1761646815817_912349010008_98963_0000.jpg
3,/home/wangqianqian/project/FS/data/28gusui&pizang/03/02/cell_1761645756227_912349010008_12399_0000.png,thumbs/cluster_3/005_cell_1761645756227_912349010008_12399_0000.jpg
3,/home/wangqianqian/project/FS/data/28gusui&pizang/03/14/cell_1761646479012_912349010008_70729_0000.png,thumbs/cluster_3/006_cell_1761646479012_912349010008_70729_0000.jpg
3,/home/wangqianqian/project/FS/data/28gusui&pizang/03/11/cell_1761646262406_912349010008_52400_0000.png,thumbs/cluster_3/007_cell_1761646262406_912349010008_52400_0000.jpg
3,/home/wangqianqian/project/FS/data/28gusui&pizang/03/11/cell_1761646266192_912349010008_52683_0000.png,thumbs/cluster_3/008_cell_1761646266192_912349010008_52683_0000.jpg
3,/home/wangqianqian/project/FS/data/28gusui&pizang/03/07/cell_1761646056909_912349010008_36707_0000.png,thumbs/cluster_3/009_cell_1761646056909_912349010008_36707_0000.jpg
3,/home/wangqianqian/project/FS/data/28gusui&pizang/03/12/cell_1761646372600_912349010008_61710_0100.png,thumbs/cluster_3/010_cell_1761646372600_912349010008_61710_0100.jpg
3,/home/wangqianqian/project/FS/data/28gusui&pizang/03/02/cell_1761645726885_912349010008_10239_0000.png,thumbs/cluster_3/011_cell_1761645726885_912349010008_10239_0000.jpg
3,/home/wangqianqian/project/FS/data/28gusui&pizang/03/17/cell_1761646634418_912349010008_83726_0000.png,thumbs/cluster_3/012_cell_1761646634418_912349010008_83726_0000.jpg
3,/home/wangqianqian/project/FS/data/28gusui&pizang/03/07/cell_1761646069981_912349010008_37680_0100.png,thumbs/cluster_3/013_cell_1761646069981_912349010008_37680_0100.jpg
3,/home/wangqianqian/project/FS/data/28gusui&pizang/03/16/cell_1761646593645_912349010008_80252_0100.png,thumbs/cluster_3/014_cell_1761646593645_912349010008_80252_0100.jpg
3,/home/wangqianqian/project/FS/data/28gusui&pizang/03/01/cell_1761645710713_912349010008_9057_0000.png,thumbs/cluster_3/015_cell_1761645710713_912349010008_9057_0000.jpg
3,/home/wangqianqian/project/FS/data/28gusui&pizang/03/12/cell_1761646352138_912349010008_60047_0000.png,thumbs/cluster_3/016_cell_1761646352138_912349010008_60047_0000.jpg
3,/home/wangqianqian/project/FS/data/28gusui&pizang/03/17/cell_1761646676191_912349010008_87412_0000.png,thumbs/cluster_3/017_cell_1761646676191_912349010008_87412_0000.jpg
3,/home/wangqianqian/project/FS/data/28gusui&pizang/03/13/cell_1761646423676_912349010008_65722_0000.png,thumbs/cluster_3/018_cell_1761646423676_912349010008_65722_0000.jpg
3,/home/wangqianqian/project/FS/data/28gusui&pizang/03/02/cell_1761645773728_912349010008_13631_0100.png,thumbs/cluster_3/019_cell_1761645773728_912349010008_13631_0100.jpg
3,/home/wangqianqian/project/FS/data/28gusui&pizang/03/04/cell_1761645898445_912349010008_23620_0000.png,thumbs/cluster_3/020_cell_1761645898445_912349010008_23620_0000.jpg
3,/home/wangqianqian/project/FS/data/28gusui&pizang/03/10/cell_1761646220783_912349010008_49043_0000.png,thumbs/cluster_3/021_cell_1761646220783_912349010008_49043_0000.jpg
3,/home/wangqianqian/project/FS/data/28gusui&pizang/03/16/cell_1761646594771_912349010008_80339_0000.png,thumbs/cluster_3/022_cell_1761646594771_912349010008_80339_0000.jpg
3,/home/wangqianqian/project/FS/data/28gusui&pizang/03/02/cell_1761645779062_912349010008_14032_0000.png,thumbs/cluster_3/023_cell_1761645779062_912349010008_14032_0000.jpg
3,/home/wangqianqian/project/FS/data/28gusui&pizang/03/13/cell_1761646434771_912349010008_66756_0000.png,thumbs/cluster_3/024_cell_1761646434771_912349010008_66756_0000.jpg
3,/home/wangqianqian/project/FS/data/28gusui&pizang/03/03/cell_1761645829506_912349010008_17973_0100.png,thumbs/cluster_3/025_cell_1761645829506_912349010008_17973_0100.jpg
3,/home/wangqianqian/project/FS/data/28gusui&pizang/03/14/cell_1761646479952_912349010008_70825_0000.png,thumbs/cluster_3/026_cell_1761646479952_912349010008_70825_0000.jpg
3,/home/wangqianqian/project/FS/data/28gusui&pizang/03/07/cell_1761646024128_912349010008_33830_0000.png,thumbs/cluster_3/027_cell_1761646024128_912349010008_33830_0000.jpg
3,/home/wangqianqian/project/FS/data/28gusui&pizang/03/05/cell_1761645945414_912349010008_27259_0100.png,thumbs/cluster_3/028_cell_1761645945414_912349010008_27259_0100.jpg
3,/home/wangqianqian/project/FS/data/28gusui&pizang/03/03/cell_1761645805050_912349010008_16057_0000.png,thumbs/cluster_3/029_cell_1761645805050_912349010008_16057_0000.jpg
3,/home/wangqianqian/project/FS/data/28gusui&pizang/03/12/cell_1761646323721_912349010008_57681_0000.png,thumbs/cluster_3/030_cell_1761646323721_912349010008_57681_0000.jpg
3,/home/wangqianqian/project/FS/data/28gusui&pizang/03/09/cell_1761646174397_912349010008_45334_0100.png,thumbs/cluster_3/031_cell_1761646174397_912349010008_45334_0100.jpg
3,/home/wangqianqian/project/FS/data/28gusui&pizang/03/08/cell_1761646109454_912349010008_40619_0000.png,thumbs/cluster_3/032_cell_1761646109454_912349010008_40619_0000.jpg
3,/home/wangqianqian/project/FS/data/28gusui&pizang/03/18/cell_1761646682254_912349010008_87945_0100.png,thumbs/cluster_3/033_cell_1761646682254_912349010008_87945_0100.jpg
3,/home/wangqianqian/project/FS/data/28gusui&pizang/03/03/cell_1761645786885_912349010008_14646_0000.png,thumbs/cluster_3/034_cell_1761645786885_912349010008_14646_0000.jpg
3,/home/wangqianqian/project/FS/data/28gusui&pizang/03/18/cell_1761646733948_912349010008_92218_0000.png,thumbs/cluster_3/035_cell_1761646733948_912349010008_92218_0000.jpg
3,/home/wangqianqian/project/FS/data/28gusui&pizang/03/08/cell_1761646112423_912349010008_40857_0000.png,thumbs/cluster_3/036_cell_1761646112423_912349010008_40857_0000.jpg
3,/home/wangqianqian/project/FS/data/28gusui&pizang/03/03/cell_1761645801706_912349010008_15791_0000.png,thumbs/cluster_3/037_cell_1761645801706_912349010008_15791_0000.jpg
3,/home/wangqianqian/project/FS/data/28gusui&pizang/03/17/cell_1761646629257_912349010008_83246_0000.png,thumbs/cluster_3/038_cell_1761646629257_912349010008_83246_0000.jpg
3,/home/wangqianqian/project/FS/data/28gusui&pizang/03/10/cell_1761646206613_912349010008_47825_0100.png,thumbs/cluster_3/039_cell_1761646206613_912349010008_47825_0100.jpg
3,/home/wangqianqian/project/FS/data/28gusui&pizang/03/17/cell_1761646676255_912349010008_87427_0000.png,thumbs/cluster_3/040_cell_1761646676255_912349010008_87427_0000.jpg
3,/home/wangqianqian/project/FS/data/28gusui&pizang/03/04/cell_1761645897154_912349010008_23534_0100.png,thumbs/cluster_3/041_cell_1761645897154_912349010008_23534_0100.jpg
3,/home/wangqianqian/project/FS/data/28gusui&pizang/03/16/cell_1761646599906_912349010008_80770_0000.png,thumbs/cluster_3/042_cell_1761646599906_912349010008_80770_0000.jpg
3,/home/wangqianqian/project/FS/data/28gusui&pizang/03/02/cell_1761645743384_912349010008_11439_0100.png,thumbs/cluster_3/043_cell_1761645743384_912349010008_11439_0100.jpg
3,/home/wangqianqian/project/FS/data/28gusui&pizang/03/02/cell_1761645722381_912349010008_9932_0000.png,thumbs/cluster_3/044_cell_1761645722381_912349010008_9932_0000.jpg
3,/home/wangqianqian/project/FS/data/28gusui&pizang/03/14/cell_1761646486847_912349010008_71517_0000.png,thumbs/cluster_3/045_cell_1761646486847_912349010008_71517_0000.jpg
3,/home/wangqianqian/project/FS/data/28gusui&pizang/03/18/cell_1761646724933_912349010008_91407_0000.png,thumbs/cluster_3/046_cell_1761646724933_912349010008_91407_0000.jpg
3,/home/wangqianqian/project/FS/data/28gusui&pizang/03/20/cell_1761646826006_912349010008_99837_0000.png,thumbs/cluster_3/047_cell_1761646826006_912349010008_99837_0000.jpg
3,/home/wangqianqian/project/FS/data/28gusui&pizang/03/17/cell_1761646620595_912349010008_82521_0100.png,thumbs/cluster_3/048_cell_1761646620595_912349010008_82521_0100.jpg
3,/home/wangqianqian/project/FS/data/28gusui&pizang/03/09/cell_1761646180083_912349010008_45783_0000.png,thumbs/cluster_3/049_cell_1761646180083_912349010008_45783_0000.jpg
3,/home/wangqianqian/project/FS/data/28gusui&pizang/03/15/cell_1761646535372_912349010008_75702_0100.png,thumbs/cluster_3/050_cell_1761646535372_912349010008_75702_0100.jpg
3,/home/wangqianqian/project/FS/data/28gusui&pizang/03/05/cell_1761645948290_912349010008_27490_0000.png,thumbs/cluster_3/051_cell_1761645948290_912349010008_27490_0000.jpg
3,/home/wangqianqian/project/FS/data/28gusui&pizang/03/09/cell_1761646144469_912349010008_43113_0100.png,thumbs/cluster_3/052_cell_1761646144469_912349010008_43113_0100.jpg
3,/home/wangqianqian/project/FS/data/28gusui&pizang/03/19/cell_1761646763921_912349010008_94564_0000.png,thumbs/cluster_3/053_cell_1761646763921_912349010008_94564_0000.jpg
3,/home/wangqianqian/project/FS/data/28gusui&pizang/03/04/cell_1761645855411_912349010008_20120_0000.png,thumbs/cluster_3/054_cell_1761645855411_912349010008_20120_0000.jpg
3,/home/wangqianqian/project/FS/data/28gusui&pizang/03/10/cell_1761646236750_912349010008_50345_0000.png,thumbs/cluster_3/055_cell_1761646236750_912349010008_50345_0000.jpg
3,/home/wangqianqian/project/FS/data/28gusui&pizang/03/03/cell_1761645838179_912349010008_18639_0000.png,thumbs/cluster_3/056_cell_1761645838179_912349010008_18639_0000.jpg
3,/home/wangqianqian/project/FS/data/28gusui&pizang/03/13/cell_1761646409712_912349010008_64519_0000.png,thumbs/cluster_3/057_cell_1761646409712_912349010008_64519_0000.jpg
3,/home/wangqianqian/project/FS/data/28gusui&pizang/03/13/cell_1761646380023_912349010008_62292_0100.png,thumbs/cluster_3/058_cell_1761646380023_912349010008_62292_0100.jpg
3,/home/wangqianqian/project/FS/data/28gusui&pizang/03/12/cell_1761646321430_912349010008_57512_0000.png,thumbs/cluster_3/059_cell_1761646321430_912349010008_57512_0000.jpg
3,/home/wangqianqian/project/FS/data/28gusui&pizang/03/16/cell_1761646612076_912349010008_81774_0100.png,thumbs/cluster_3/060_cell_1761646612076_912349010008_81774_0100.jpg
3,/home/wangqianqian/project/FS/data/28gusui&pizang/03/21/cell_1761646872511_912349010008_103779_0000.png,thumbs/cluster_3/061_cell_1761646872511_912349010008_103779_0000.jpg
3,/home/wangqianqian/project/FS/data/28gusui&pizang/03/20/cell_1761646806331_912349010008_98154_0000.png,thumbs/cluster_3/062_cell_1761646806331_912349010008_98154_0000.jpg
3,/home/wangqianqian/project/FS/data/28gusui&pizang/03/03/cell_1761645820843_912349010008_17264_0000.png,thumbs/cluster_3/063_cell_1761645820843_912349010008_17264_0000.jpg
3,/home/wangqianqian/project/FS/data/28gusui&pizang/03/20/cell_1761646845247_912349010008_101416_0000.png,thumbs/cluster_3/064_cell_1761646845247_912349010008_101416_0000.jpg
3,/home/wangqianqian/project/FS/data/28gusui&pizang/03/04/cell_1761645846764_912349010008_19345_0100.png,thumbs/cluster_3/065_cell_1761645846764_912349010008_19345_0100.jpg
3,/home/wangqianqian/project/FS/data/28gusui&pizang/03/06/cell_1761645974944_912349010008_29665_0100.png,thumbs/cluster_3/066_cell_1761645974944_912349010008_29665_0100.jpg
3,/home/wangqianqian/project/FS/data/28gusui&pizang/03/05/cell_1761645940196_912349010008_26801_0000.png,thumbs/cluster_3/067_cell_1761645940196_912349010008_26801_0000.jpg
3,/home/wangqianqian/project/FS/data/28gusui&pizang/03/06/cell_1761646007825_912349010008_32341_0000.png,thumbs/cluster_3/068_cell_1761646007825_912349010008_32341_0000.jpg
3,/home/wangqianqian/project/FS/data/28gusui&pizang/03/15/cell_1761646536491_912349010008_75797_0100.png,thumbs/cluster_3/069_cell_1761646536491_912349010008_75797_0100.jpg
3,/home/wangqianqian/project/FS/data/28gusui&pizang/03/07/cell_1761646041820_912349010008_35341_0100.png,thumbs/cluster_3/070_cell_1761646041820_912349010008_35341_0100.jpg
3,/home/wangqianqian/project/FS/data/28gusui&pizang/03/02/cell_1761645773728_912349010008_13631_0000.png,thumbs/cluster_3/071_cell_1761645773728_912349010008_13631_0000.jpg
3,/home/wangqianqian/project/FS/data/28gusui&pizang/03/17/cell_1761646628788_912349010008_83208_0000.png,thumbs/cluster_3/072_cell_1761646628788_912349010008_83208_0000.jpg
3,/home/wangqianqian/project/FS/data/28gusui&pizang/03/18/cell_1761646682254_912349010008_87943_0000.png,thumbs/cluster_3/073_cell_1761646682254_912349010008_87943_0000.jpg
3,/home/wangqianqian/project/FS/data/28gusui&pizang/03/09/cell_1761646153992_912349010008_43868_0100.png,thumbs/cluster_3/074_cell_1761646153992_912349010008_43868_0100.jpg
3,/home/wangqianqian/project/FS/data/28gusui&pizang/03/12/cell_1761646375397_912349010008_61926_0100.png,thumbs/cluster_3/075_cell_1761646375397_912349010008_61926_0100.jpg
3,/home/wangqianqian/project/FS/data/28gusui&pizang/03/19/cell_1761646774537_912349010008_95452_0000.png,thumbs/cluster_3/076_cell_1761646774537_912349010008_95452_0000.jpg
3,/home/wangqianqian/project/FS/data/28gusui&pizang/03/19/cell_1761646743006_912349010008_92927_0100.png,thumbs/cluster_3/077_cell_1761646743006_912349010008_92927_0100.jpg
3,/home/wangqianqian/project/FS/data/28gusui&pizang/03/16/cell_1761646565617_912349010008_78101_0000.png,thumbs/cluster_3/078_cell_1761646565617_912349010008_78101_0000.jpg
3,/home/wangqianqian/project/FS/data/28gusui&pizang/03/07/cell_1761646065795_912349010008_37377_0000.png,thumbs/cluster_3/079_cell_1761646065795_912349010008_37377_0000.jpg
3,/home/wangqianqian/project/FS/data/28gusui&pizang/03/10/cell_1761646231244_912349010008_49869_0100.png,thumbs/cluster_3/080_cell_1761646231244_912349010008_49869_0100.jpg
3,/home/wangqianqian/project/FS/data/28gusui&pizang/03/16/cell_1761646567976_912349010008_78263_0000.png,thumbs/cluster_3/081_cell_1761646567976_912349010008_78263_0000.jpg
3,/home/wangqianqian/project/FS/data/28gusui&pizang/03/02/cell_1761645771853_912349010008_13460_0100.png,thumbs/cluster_3/082_cell_1761645771853_912349010008_13460_0100.jpg
3,/home/wangqianqian/project/FS/data/28gusui&pizang/03/10/cell_1761646201879_912349010008_47466_0100.png,thumbs/cluster_3/083_cell_1761646201879_912349010008_47466_0100.jpg
3,/home/wangqianqian/project/FS/data/28gusui&pizang/03/11/cell_1761646267446_912349010008_52783_0000.png,thumbs/cluster_3/084_cell_1761646267446_912349010008_52783_0000.jpg
3,/home/wangqianqian/project/FS/data/28gusui&pizang/03/14/cell_1761646469292_912349010008_69895_0000.png,thumbs/cluster_3/085_cell_1761646469292_912349010008_69895_0000.jpg
3,/home/wangqianqian/project/FS/data/28gusui&pizang/03/14/cell_1761646448390_912349010008_68014_0000.png,thumbs/cluster_3/086_cell_1761646448390_912349010008_68014_0000.jpg
3,/home/wangqianqian/project/FS/data/28gusui&pizang/03/19/cell_1761646753969_912349010008_93779_0100.png,thumbs/cluster_3/087_cell_1761646753969_912349010008_93779_0100.jpg
3,/home/wangqianqian/project/FS/data/28gusui&pizang/03/13/cell_1761646386207_912349010008_62754_0100.png,thumbs/cluster_3/088_cell_1761646386207_912349010008_62754_0100.jpg
3,/home/wangqianqian/project/FS/data/28gusui&pizang/03/12/cell_1761646327990_912349010008_58048_0000.png,thumbs/cluster_3/089_cell_1761646327990_912349010008_58048_0000.jpg
3,/home/wangqianqian/project/FS/data/28gusui&pizang/03/21/cell_1761646878941_912349010008_104286_0000.png,thumbs/cluster_3/090_cell_1761646878941_912349010008_104286_0000.jpg
3,/home/wangqianqian/project/FS/data/28gusui&pizang/03/15/cell_1761646558934_912349010008_77645_0100.png,thumbs/cluster_3/091_cell_1761646558934_912349010008_77645_0100.jpg
3,/home/wangqianqian/project/FS/data/28gusui&pizang/03/07/cell_1761646034617_912349010008_34759_0000.png,thumbs/cluster_3/092_cell_1761646034617_912349010008_34759_0000.jpg
3,/home/wangqianqian/project/FS/data/28gusui&pizang/03/14/cell_1761646453376_912349010008_68461_0000.png,thumbs/cluster_3/093_cell_1761646453376_912349010008_68461_0000.jpg
3,/home/wangqianqian/project/FS/data/28gusui&pizang/03/12/cell_1761646346144_912349010008_59506_0000.png,thumbs/cluster_3/094_cell_1761646346144_912349010008_59506_0000.jpg
3,/home/wangqianqian/project/FS/data/28gusui&pizang/03/07/cell_1761646021200_912349010008_33590_0000.png,thumbs/cluster_3/095_cell_1761646021200_912349010008_33590_0000.jpg
3,/home/wangqianqian/project/FS/data/28gusui&pizang/03/19/cell_1761646755406_912349010008_93888_0000.png,thumbs/cluster_3/096_cell_1761646755406_912349010008_93888_0000.jpg
3,/home/wangqianqian/project/FS/data/28gusui&pizang/03/13/cell_1761646434792_912349010008_66757_0100.png,thumbs/cluster_3/097_cell_1761646434792_912349010008_66757_0100.jpg
3,/home/wangqianqian/project/FS/data/28gusui&pizang/03/10/cell_1761646212723_912349010008_48330_0000.png,thumbs/cluster_3/098_cell_1761646212723_912349010008_48330_0000.jpg
3,/home/wangqianqian/project/FS/data/28gusui&pizang/03/04/cell_1761645885013_912349010008_22682_0000.png,thumbs/cluster_3/099_cell_1761645885013_912349010008_22682_0000.jpg
4,/home/wangqianqian/project/FS/data/28gusui&pizang/03/16/cell_1761646601891_912349010008_80937_0000.png,thumbs/cluster_4/000_cell_1761646601891_912349010008_80937_0000.jpg
4,/home/wangqianqian/project/FS/data/28gusui&pizang/03/06/cell_1761646013042_912349010008_32849_0100.png,thumbs/cluster_4/001_cell_1761646013042_912349010008_32849_0100.jpg
4,/home/wangqianqian/project/FS/data/28gusui&pizang/03/14/cell_1761646495224_912349010008_72364_0000.png,thumbs/cluster_4/002_cell_1761646495224_912349010008_72364_0000.jpg
4,/home/wangqianqian/project/FS/data/28gusui&pizang/03/01/cell_1761645691875_912349010008_7952_0100.png,thumbs/cluster_4/003_cell_1761645691875_912349010008_7952_0100.jpg
4,/home/wangqianqian/project/FS/data/28gusui&pizang/03/18/cell_1761646725770_912349010008_91482_0000.png,thumbs/cluster_4/004_cell_1761646725770_912349010008_91482_0000.jpg
4,/home/wangqianqian/project/FS/data/28gusui&pizang/03/17/cell_1761646674946_912349010008_87304_0000.png,thumbs/cluster_4/005_cell_1761646674946_912349010008_87304_0000.jpg
4,/home/wangqianqian/project/FS/data/28gusui&pizang/03/14/cell_1761646492541_912349010008_72096_0000.png,thumbs/cluster_4/006_cell_1761646492541_912349010008_72096_0000.jpg
4,/home/wangqianqian/project/FS/data/28gusui&pizang/03/21/cell_1761646864743_912349010008_103155_0100.png,thumbs/cluster_4/007_cell_1761646864743_912349010008_103155_0100.jpg
4,/home/wangqianqian/project/FS/data/28gusui&pizang/03/19/cell_1761646765912_912349010008_94715_0100.png,thumbs/cluster_4/008_cell_1761646765912_912349010008_94715_0100.jpg
4,/home/wangqianqian/project/FS/data/28gusui&pizang/03/09/cell_1761646176090_912349010008_45445_0000.png,thumbs/cluster_4/009_cell_1761646176090_912349010008_45445_0000.jpg
4,/home/wangqianqian/project/FS/data/28gusui&pizang/03/03/cell_1761645824954_912349010008_17648_0000.png,thumbs/cluster_4/010_cell_1761645824954_912349010008_17648_0000.jpg
4,/home/wangqianqian/project/FS/data/28gusui&pizang/03/03/cell_1761645835386_912349010008_18398_0100.png,thumbs/cluster_4/011_cell_1761645835386_912349010008_18398_0100.jpg
4,/home/wangqianqian/project/FS/data/28gusui&pizang/03/05/cell_1761645952784_912349010008_27844_0000.png,thumbs/cluster_4/012_cell_1761645952784_912349010008_27844_0000.jpg
4,/home/wangqianqian/project/FS/data/28gusui&pizang/03/05/cell_1761645901310_912349010008_23844_0000.png,thumbs/cluster_4/013_cell_1761645901310_912349010008_23844_0000.jpg
4,/home/wangqianqian/project/FS/data/28gusui&pizang/03/13/cell_1761646392978_912349010008_63243_0100.png,thumbs/cluster_4/014_cell_1761646392978_912349010008_63243_0100.jpg
4,/home/wangqianqian/project/FS/data/28gusui&pizang/03/11/cell_1761646315362_912349010008_56997_0000.png,thumbs/cluster_4/015_cell_1761646315362_912349010008_56997_0000.jpg
4,/home/wangqianqian/project/FS/data/28gusui&pizang/03/09/cell_1761646145635_912349010008_43187_0000.png,thumbs/cluster_4/016_cell_1761646145635_912349010008_43187_0000.jpg
4,/home/wangqianqian/project/FS/data/28gusui&pizang/03/21/cell_1761646861360_912349010008_102847_0000.png,thumbs/cluster_4/017_cell_1761646861360_912349010008_102847_0000.jpg
4,/home/wangqianqian/project/FS/data/28gusui&pizang/03/21/cell_1761646865153_912349010008_103204_0000.png,thumbs/cluster_4/018_cell_1761646865153_912349010008_103204_0000.jpg
4,/home/wangqianqian/project/FS/data/28gusui&pizang/03/04/cell_1761645888560_912349010008_22945_0000.png,thumbs/cluster_4/019_cell_1761645888560_912349010008_22945_0000.jpg
4,/home/wangqianqian/project/FS/data/28gusui&pizang/03/06/cell_1761645975463_912349010008_29712_0000.png,thumbs/cluster_4/020_cell_1761645975463_912349010008_29712_0000.jpg
4,/home/wangqianqian/project/FS/data/28gusui&pizang/03/13/cell_1761646427750_912349010008_66125_0000.png,thumbs/cluster_4/021_cell_1761646427750_912349010008_66125_0000.jpg
4,/home/wangqianqian/project/FS/data/28gusui&pizang/03/08/cell_1761646103518_912349010008_40209_0000.png,thumbs/cluster_4/022_cell_1761646103518_912349010008_40209_0000.jpg
4,/home/wangqianqian/project/FS/data/28gusui&pizang/03/21/cell_1761646918878_912349010008_107549_0000.png,thumbs/cluster_4/023_cell_1761646918878_912349010008_107549_0000.jpg
4,/home/wangqianqian/project/FS/data/28gusui&pizang/03/07/cell_1761646041607_912349010008_35319_0000.png,thumbs/cluster_4/024_cell_1761646041607_912349010008_35319_0000.jpg
4,/home/wangqianqian/project/FS/data/28gusui&pizang/03/11/cell_1761646303237_912349010008_55984_0000.png,thumbs/cluster_4/025_cell_1761646303237_912349010008_55984_0000.jpg
4,/home/wangqianqian/project/FS/data/28gusui&pizang/03/12/cell_1761646353844_912349010008_60195_0000.png,thumbs/cluster_4/026_cell_1761646353844_912349010008_60195_0000.jpg
4,/home/wangqianqian/project/FS/data/28gusui&pizang/03/02/cell_1761645751848_912349010008_12049_0000.png,thumbs/cluster_4/027_cell_1761645751848_912349010008_12049_0000.jpg
4,/home/wangqianqian/project/FS/data/28gusui&pizang/03/16/cell_1761646597048_912349010008_80513_0000.png,thumbs/cluster_4/028_cell_1761646597048_912349010008_80513_0000.jpg
4,/home/wangqianqian/project/FS/data/28gusui&pizang/03/10/cell_1761646241861_912349010008_50751_0100.png,thumbs/cluster_4/029_cell_1761646241861_912349010008_50751_0100.jpg
4,/home/wangqianqian/project/FS/data/28gusui&pizang/03/14/cell_1761646480868_912349010008_70915_0100.png,thumbs/cluster_4/030_cell_1761646480868_912349010008_70915_0100.jpg
4,/home/wangqianqian/project/FS/data/28gusui&pizang/03/16/cell_1761646588673_912349010008_79836_0100.png,thumbs/cluster_4/031_cell_1761646588673_912349010008_79836_0100.jpg
4,/home/wangqianqian/project/FS/data/28gusui&pizang/03/10/cell_1761646213650_912349010008_48422_0000.png,thumbs/cluster_4/032_cell_1761646213650_912349010008_48422_0000.jpg
4,/home/wangqianqian/project/FS/data/28gusui&pizang/03/15/cell_1761646540085_912349010008_76107_0100.png,thumbs/cluster_4/033_cell_1761646540085_912349010008_76107_0100.jpg
4,/home/wangqianqian/project/FS/data/28gusui&pizang/03/16/cell_1761646580873_912349010008_79279_0000.png,thumbs/cluster_4/034_cell_1761646580873_912349010008_79279_0000.jpg
4,/home/wangqianqian/project/FS/data/28gusui&pizang/03/17/cell_1761646659618_912349010008_85905_0100.png,thumbs/cluster_4/035_cell_1761646659618_912349010008_85905_0100.jpg
4,/home/wangqianqian/project/FS/data/28gusui&pizang/03/19/cell_1761646747925_912349010008_93305_0100.png,thumbs/cluster_4/036_cell_1761646747925_912349010008_93305_0100.jpg
4,/home/wangqianqian/project/FS/data/28gusui&pizang/03/18/cell_1761646701966_912349010008_89595_0000.png,thumbs/cluster_4/037_cell_1761646701966_912349010008_89595_0000.jpg
4,/home/wangqianqian/project/FS/data/28gusui&pizang/03/09/cell_1761646143120_912349010008_43026_0000.png,thumbs/cluster_4/038_cell_1761646143120_912349010008_43026_0000.jpg
4,/home/wangqianqian/project/FS/data/28gusui&pizang/03/10/cell_1761646226464_912349010008_49506_0000.png,thumbs/cluster_4/039_cell_1761646226464_912349010008_49506_0000.jpg
4,/home/wangqianqian/project/FS/data/28gusui&pizang/03/16/cell_1761646590833_912349010008_80020_0000.png,thumbs/cluster_4/040_cell_1761646590833_912349010008_80020_0000.jpg
4,/home/wangqianqian/project/FS/data/28gusui&pizang/03/21/cell_1761646879063_912349010008_104298_0000.png,thumbs/cluster_4/041_cell_1761646879063_912349010008_104298_0000.jpg
4,/home/wangqianqian/project/FS/data/28gusui&pizang/03/12/cell_1761646363200_912349010008_60973_0000.png,thumbs/cluster_4/042_cell_1761646363200_912349010008_60973_0000.jpg
4,/home/wangqianqian/project/FS/data/28gusui&pizang/03/02/cell_1761645749115_912349010008_11863_0100.png,thumbs/cluster_4/043_cell_1761645749115_912349010008_11863_0100.jpg
4,/home/wangqianqian/project/FS/data/28gusui&pizang/03/19/cell_1761646776196_912349010008_95597_0000.png,thumbs/cluster_4/044_cell_1761646776196_912349010008_95597_0000.jpg
4,/home/wangqianqian/project/FS/data/28gusui&pizang/03/03/cell_1761645799170_912349010008_15590_0100.png,thumbs/cluster_4/045_cell_1761645799170_912349010008_15590_0100.jpg
4,/home/wangqianqian/project/FS/data/28gusui&pizang/03/21/cell_1761646915735_912349010008_107305_0100.png,thumbs/cluster_4/046_cell_1761646915735_912349010008_107305_0100.jpg
4,/home/wangqianqian/project/FS/data/28gusui&pizang/03/04/cell_1761645842153_912349010008_18914_0000.png,thumbs/cluster_4/047_cell_1761645842153_912349010008_18914_0000.jpg
4,/home/wangqianqian/project/FS/data/28gusui&pizang/03/07/cell_1761646050478_912349010008_36141_0000.png,thumbs/cluster_4/048_cell_1761646050478_912349010008_36141_0000.jpg
4,/home/wangqianqian/project/FS/data/28gusui&pizang/03/14/cell_1761646469574_912349010008_69918_0000.png,thumbs/cluster_4/049_cell_1761646469574_912349010008_69918_0000.jpg
4,/home/wangqianqian/project/FS/data/28gusui&pizang/03/20/cell_1761646843417_912349010008_101241_0000.png,thumbs/cluster_4/050_cell_1761646843417_912349010008_101241_0000.jpg
4,/home/wangqianqian/project/FS/data/28gusui&pizang/03/03/cell_1761645826364_912349010008_17741_0100.png,thumbs/cluster_4/051_cell_1761645826364_912349010008_17741_0100.jpg
4,/home/wangqianqian/project/FS/data/28gusui&pizang/03/11/cell_1761646289666_912349010008_54759_0000.png,thumbs/cluster_4/052_cell_1761646289666_912349010008_54759_0000.jpg
4,/home/wangqianqian/project/FS/data/28gusui&pizang/03/09/cell_1761646160984_912349010008_44400_0100.png,thumbs/cluster_4/053_cell_1761646160984_912349010008_44400_0100.jpg
4,/home/wangqianqian/project/FS/data/28gusui&pizang/03/07/cell_1761646047514_912349010008_35847_0000.png,thumbs/cluster_4/054_cell_1761646047514_912349010008_35847_0000.jpg
4,/home/wangqianqian/project/FS/data/28gusui&pizang/03/11/cell_1761646284086_912349010008_54234_0000.png,thumbs/cluster_4/055_cell_1761646284086_912349010008_54234_0000.jpg
4,/home/wangqianqian/project/FS/data/28gusui&pizang/03/16/cell_1761646600642_912349010008_80835_0100.png,thumbs/cluster_4/056_cell_1761646600642_912349010008_80835_0100.jpg
4,/home/wangqianqian/project/FS/data/28gusui&pizang/03/03/cell_1761645788600_912349010008_14802_0100.png,thumbs/cluster_4/057_cell_1761645788600_912349010008_14802_0100.jpg
4,/home/wangqianqian/project/FS/data/28gusui&pizang/03/15/cell_1761646500078_912349010008_72826_0100.png,thumbs/cluster_4/058_cell_1761646500078_912349010008_72826_0100.jpg
4,/home/wangqianqian/project/FS/data/28gusui&pizang/03/16/cell_1761646561766_912349010008_77858_0100.png,thumbs/cluster_4/059_cell_1761646561766_912349010008_77858_0100.jpg
4,/home/wangqianqian/project/FS/data/28gusui&pizang/03/16/cell_1761646592066_912349010008_80125_0000.png,thumbs/cluster_4/060_cell_1761646592066_912349010008_80125_0000.jpg
4,/home/wangqianqian/project/FS/data/28gusui&pizang/03/09/cell_1761646143882_912349010008_43075_0100.png,thumbs/cluster_4/061_cell_1761646143882_912349010008_43075_0100.jpg
4,/home/wangqianqian/project/FS/data/28gusui&pizang/03/10/cell_1761646221327_912349010008_49099_0000.png,thumbs/cluster_4/062_cell_1761646221327_912349010008_49099_0000.jpg
4,/home/wangqianqian/project/FS/data/28gusui&pizang/03/06/cell_1761646004106_912349010008_32025_0000.png,thumbs/cluster_4/063_cell_1761646004106_912349010008_32025_0000.jpg
4,/home/wangqianqian/project/FS/data/28gusui&pizang/03/09/cell_1761646143243_912349010008_43033_0000.png,thumbs/cluster_4/064_cell_1761646143243_912349010008_43033_0000.jpg
4,/home/wangqianqian/project/FS/data/28gusui&pizang/03/01/cell_1761645691711_912349010008_7944_0100.png,thumbs/cluster_4/065_cell_1761645691711_912349010008_7944_0100.jpg
4,/home/wangqianqian/project/FS/data/28gusui&pizang/03/07/cell_1761646022707_912349010008_33703_0000.png,thumbs/cluster_4/066_cell_1761646022707_912349010008_33703_0000.jpg
4,/home/wangqianqian/project/FS/data/28gusui&pizang/03/06/cell_1761645991008_912349010008_30969_0100.png,thumbs/cluster_4/067_cell_1761645991008_912349010008_30969_0100.jpg
4,/home/wangqianqian/project/FS/data/28gusui&pizang/03/19/cell_1761646773059_912349010008_95308_0100.png,thumbs/cluster_4/068_cell_1761646773059_912349010008_95308_0100.jpg
4,/home/wangqianqian/project/FS/data/28gusui&pizang/03/16/cell_1761646565114_912349010008_78061_0000.png,thumbs/cluster_4/069_cell_1761646565114_912349010008_78061_0000.jpg
4,/home/wangqianqian/project/FS/data/28gusui&pizang/03/21/cell_1761646885256_912349010008_104807_0000.png,thumbs/cluster_4/070_cell_1761646885256_912349010008_104807_0000.jpg
4,/home/wangqianqian/project/FS/data/28gusui&pizang/03/16/cell_1761646586844_912349010008_79694_0000.png,thumbs/cluster_4/071_cell_1761646586844_912349010008_79694_0000.jpg
4,/home/wangqianqian/project/FS/data/28gusui&pizang/03/13/cell_1761646394096_912349010008_63318_0000.png,thumbs/cluster_4/072_cell_1761646394096_912349010008_63318_0000.jpg
4,/home/wangqianqian/project/FS/data/28gusui&pizang/03/12/cell_1761646351020_912349010008_59934_0100.png,thumbs/cluster_4/073_cell_1761646351020_912349010008_59934_0100.jpg
4,/home/wangqianqian/project/FS/data/28gusui&pizang/03/08/cell_1761646088931_912349010008_39088_0000.png,thumbs/cluster_4/074_cell_1761646088931_912349010008_39088_0000.jpg
4,/home/wangqianqian/project/FS/data/28gusui&pizang/03/04/cell_1761645895141_912349010008_23395_0000.png,thumbs/cluster_4/075_cell_1761645895141_912349010008_23395_0000.jpg
4,/home/wangqianqian/project/FS/data/28gusui&pizang/03/13/cell_1761646438507_912349010008_67123_0000.png,thumbs/cluster_4/076_cell_1761646438507_912349010008_67123_0000.jpg
4,/home/wangqianqian/project/FS/data/28gusui&pizang/03/08/cell_1761646137501_912349010008_42634_0000.png,thumbs/cluster_4/077_cell_1761646137501_912349010008_42634_0000.jpg
4,/home/wangqianqian/project/FS/data/28gusui&pizang/03/16/cell_1761646588673_912349010008_79836_0000.png,thumbs/cluster_4/078_cell_1761646588673_912349010008_79836_0000.jpg
4,/home/wangqianqian/project/FS/data/28gusui&pizang/03/11/cell_1761646307440_912349010008_56345_0100.png,thumbs/cluster_4/079_cell_1761646307440_912349010008_56345_0100.jpg
4,/home/wangqianqian/project/FS/data/28gusui&pizang/03/14/cell_1761646470184_912349010008_69968_0000.png,thumbs/cluster_4/080_cell_1761646470184_912349010008_69968_0000.jpg
4,/home/wangqianqian/project/FS/data/28gusui&pizang/03/18/cell_1761646686252_912349010008_88357_0100.png,thumbs/cluster_4/081_cell_1761646686252_912349010008_88357_0100.jpg
4,/home/wangqianqian/project/FS/data/28gusui&pizang/03/21/cell_1761646878964_912349010008_104289_0100.png,thumbs/cluster_4/082_cell_1761646878964_912349010008_104289_0100.jpg
4,/home/wangqianqian/project/FS/data/28gusui&pizang/03/22/cell_1761646920636_912349010008_107695_0000.png,thumbs/cluster_4/083_cell_1761646920636_912349010008_107695_0000.jpg
4,/home/wangqianqian/project/FS/data/28gusui&pizang/03/08/cell_1761646118678_912349010008_41327_0000.png,thumbs/cluster_4/084_cell_1761646118678_912349010008_41327_0000.jpg
4,/home/wangqianqian/project/FS/data/28gusui&pizang/03/18/cell_1761646699946_912349010008_89440_0100.png,thumbs/cluster_4/085_cell_1761646699946_912349010008_89440_0100.jpg
4,/home/wangqianqian/project/FS/data/28gusui&pizang/03/03/cell_1761645781487_912349010008_14206_0100.png,thumbs/cluster_4/086_cell_1761645781487_912349010008_14206_0100.jpg
4,/home/wangqianqian/project/FS/data/28gusui&pizang/03/09/cell_1761646179939_912349010008_45776_0100.png,thumbs/cluster_4/087_cell_1761646179939_912349010008_45776_0100.jpg
4,/home/wangqianqian/project/FS/data/28gusui&pizang/03/11/cell_1761646271551_912349010008_53139_0100.png,thumbs/cluster_4/088_cell_1761646271551_912349010008_53139_0100.jpg
4,/home/wangqianqian/project/FS/data/28gusui&pizang/03/02/cell_1761645766002_912349010008_13071_0000.png,thumbs/cluster_4/089_cell_1761645766002_912349010008_13071_0000.jpg
4,/home/wangqianqian/project/FS/data/28gusui&pizang/03/06/cell_1761646017748_912349010008_33273_0000.png,thumbs/cluster_4/090_cell_1761646017748_912349010008_33273_0000.jpg
4,/home/wangqianqian/project/FS/data/28gusui&pizang/03/09/cell_1761646186226_912349010008_46276_0100.png,thumbs/cluster_4/091_cell_1761646186226_912349010008_46276_0100.jpg
4,/home/wangqianqian/project/FS/data/28gusui&pizang/03/04/cell_1761645853135_912349010008_19921_0000.png,thumbs/cluster_4/092_cell_1761645853135_912349010008_19921_0000.jpg
4,/home/wangqianqian/project/FS/data/28gusui&pizang/03/06/cell_1761646014123_912349010008_32953_0000.png,thumbs/cluster_4/093_cell_1761646014123_912349010008_32953_0000.jpg
4,/home/wangqianqian/project/FS/data/28gusui&pizang/03/17/cell_1761646663041_912349010008_86192_0100.png,thumbs/cluster_4/094_cell_1761646663041_912349010008_86192_0100.jpg
4,/home/wangqianqian/project/FS/data/28gusui&pizang/03/18/cell_1761646687382_912349010008_88452_0100.png,thumbs/cluster_4/095_cell_1761646687382_912349010008_88452_0100.jpg
4,/home/wangqianqian/project/FS/data/28gusui&pizang/03/21/cell_1761646863055_912349010008_103003_0100.png,thumbs/cluster_4/096_cell_1761646863055_912349010008_103003_0100.jpg
4,/home/wangqianqian/project/FS/data/28gusui&pizang/03/11/cell_1761646265558_912349010008_52641_0000.png,thumbs/cluster_4/097_cell_1761646265558_912349010008_52641_0000.jpg
4,/home/wangqianqian/project/FS/data/28gusui&pizang/03/05/cell_1761645951572_912349010008_27755_0000.png,thumbs/cluster_4/098_cell_1761645951572_912349010008_27755_0000.jpg
4,/home/wangqianqian/project/FS/data/28gusui&pizang/03/21/cell_1761646913516_912349010008_107114_0100.png,thumbs/cluster_4/099_cell_1761646913516_912349010008_107114_0100.jpg
5,/home/wangqianqian/project/FS/data/28gusui&pizang/03/03/cell_1761645794266_912349010008_15208_0000.png,thumbs/cluster_5/000_cell_1761645794266_912349010008_15208_0000.jpg
5,/home/wangqianqian/project/FS/data/28gusui&pizang/03/01/cell_1761645710722_912349010008_9062_0100.png,thumbs/cluster_5/001_cell_1761645710722_912349010008_9062_0100.jpg
5,/home/wangqianqian/project/FS/data/28gusui&pizang/03/03/cell_1761645783225_912349010008_14375_0000.png,thumbs/cluster_5/002_cell_1761645783225_912349010008_14375_0000.jpg
5,/home/wangqianqian/project/FS/data/28gusui&pizang/03/12/cell_1761646332111_912349010008_58379_0000.png,thumbs/cluster_5/003_cell_1761646332111_912349010008_58379_0000.jpg
5,/home/wangqianqian/project/FS/data/28gusui&pizang/03/03/cell_1761645785293_912349010008_14526_0000.png,thumbs/cluster_5/004_cell_1761645785293_912349010008_14526_0000.jpg
5,/home/wangqianqian/project/FS/data/28gusui&pizang/03/15/cell_1761646539788_912349010008_76079_0000.png,thumbs/cluster_5/005_cell_1761646539788_912349010008_76079_0000.jpg
5,/home/wangqianqian/project/FS/data/28gusui&pizang/03/07/cell_1761646053423_912349010008_36427_0000.png,thumbs/cluster_5/006_cell_1761646053423_912349010008_36427_0000.jpg
5,/home/wangqianqian/project/FS/data/28gusui&pizang/03/15/cell_1761646539788_912349010008_76079_0100.png,thumbs/cluster_5/007_cell_1761646539788_912349010008_76079_0100.jpg
5,/home/wangqianqian/project/FS/data/28gusui&pizang/03/18/cell_1761646701237_912349010008_89533_0000.png,thumbs/cluster_5/008_cell_1761646701237_912349010008_89533_0000.jpg
5,/home/wangqianqian/project/FS/data/28gusui&pizang/03/19/cell_1761646745165_912349010008_93095_0100.png,thumbs/cluster_5/009_cell_1761646745165_912349010008_93095_0100.jpg
5,/home/wangqianqian/project/FS/data/28gusui&pizang/03/10/cell_1761646243631_912349010008_50899_0000.png,thumbs/cluster_5/010_cell_1761646243631_912349010008_50899_0000.jpg
5,/home/wangqianqian/project/FS/data/28gusui&pizang/03/10/cell_1761646220725_912349010008_49032_0000.png,thumbs/cluster_5/011_cell_1761646220725_912349010008_49032_0000.jpg
5,/home/wangqianqian/project/FS/data/28gusui&pizang/03/03/cell_1761645835858_912349010008_18449_0100.png,thumbs/cluster_5/012_cell_1761645835858_912349010008_18449_0100.jpg
5,/home/wangqianqian/project/FS/data/28gusui&pizang/03/10/cell_1761646217265_912349010008_48719_0100.png,thumbs/cluster_5/013_cell_1761646217265_912349010008_48719_0100.jpg
5,/home/wangqianqian/project/FS/data/28gusui&pizang/03/09/cell_1761646146052_912349010008_43216_0000.png,thumbs/cluster_5/014_cell_1761646146052_912349010008_43216_0000.jpg
5,/home/wangqianqian/project/FS/data/28gusui&pizang/03/18/cell_1761646712678_912349010008_90409_0100.png,thumbs/cluster_5/015_cell_1761646712678_912349010008_90409_0100.jpg
5,/home/wangqianqian/project/FS/data/28gusui&pizang/03/19/cell_1761646777213_912349010008_95692_0000.png,thumbs/cluster_5/016_cell_1761646777213_912349010008_95692_0000.jpg
5,/home/wangqianqian/project/FS/data/28gusui&pizang/03/18/cell_1761646719507_912349010008_90948_0000.png,thumbs/cluster_5/017_cell_1761646719507_912349010008_90948_0000.jpg
5,/home/wangqianqian/project/FS/data/28gusui&pizang/03/17/cell_1761646649695_912349010008_85083_0100.png,thumbs/cluster_5/018_cell_1761646649695_912349010008_85083_0100.jpg
5,/home/wangqianqian/project/FS/data/28gusui&pizang/03/21/cell_1761646895866_912349010008_105640_0000.png,thumbs/cluster_5/019_cell_1761646895866_912349010008_105640_0000.jpg
5,/home/wangqianqian/project/FS/data/28gusui&pizang/03/02/cell_1761645764907_912349010008_13006_0000.png,thumbs/cluster_5/020_cell_1761645764907_912349010008_13006_0000.jpg
5,/home/wangqianqian/project/FS/data/28gusui&pizang/03/01/cell_1761645692996_912349010008_8002_0000.png,thumbs/cluster_5/021_cell_1761645692996_912349010008_8002_0000.jpg
5,/home/wangqianqian/project/FS/data/28gusui&pizang/03/14/cell_1761646481004_912349010008_70935_0100.png,thumbs/cluster_5/022_cell_1761646481004_912349010008_70935_0100.jpg
5,/home/wangqianqian/project/FS/data/28gusui&pizang/03/13/cell_1761646418706_912349010008_65266_0000.png,thumbs/cluster_5/023_cell_1761646418706_912349010008_65266_0000.jpg
5,/home/wangqianqian/project/FS/data/28gusui&pizang/03/20/cell_1761646800888_912349010008_97655_0000.png,thumbs/cluster_5/024_cell_1761646800888_912349010008_97655_0000.jpg
5,/home/wangqianqian/project/FS/data/28gusui&pizang/03/20/cell_1761646845313_912349010008_101423_0000.png,thumbs/cluster_5/025_cell_1761646845313_912349010008_101423_0000.jpg
5,/home/wangqianqian/project/FS/data/28gusui&pizang/03/18/cell_1761646737206_912349010008_92465_0000.png,thumbs/cluster_5/026_cell_1761646737206_912349010008_92465_0000.jpg
5,/home/wangqianqian/project/FS/data/28gusui&pizang/03/12/cell_1761646363674_912349010008_61008_0100.png,thumbs/cluster_5/027_cell_1761646363674_912349010008_61008_0100.jpg
5,/home/wangqianqian/project/FS/data/28gusui&pizang/03/10/cell_1761646225494_912349010008_49439_0100.png,thumbs/cluster_5/028_cell_1761646225494_912349010008_49439_0100.jpg
5,/home/wangqianqian/project/FS/data/28gusui&pizang/03/04/cell_1761645840971_912349010008_18841_0000.png,thumbs/cluster_5/029_cell_1761645840971_912349010008_18841_0000.jpg
5,/home/wangqianqian/project/FS/data/28gusui&pizang/03/13/cell_1761646422084_912349010008_65570_0100.png,thumbs/cluster_5/030_cell_1761646422084_912349010008_65570_0100.jpg
5,/home/wangqianqian/project/FS/data/28gusui&pizang/03/14/cell_1761646492510_912349010008_72088_0000.png,thumbs/cluster_5/031_cell_1761646492510_912349010008_72088_0000.jpg
5,/home/wangqianqian/project/FS/data/28gusui&pizang/03/11/cell_1761646269883_912349010008_52989_0000.png,thumbs/cluster_5/032_cell_1761646269883_912349010008_52989_0000.jpg
5,/home/wangqianqian/project/FS/data/28gusui&pizang/03/11/cell_1761646274718_912349010008_53405_0000.png,thumbs/cluster_5/033_cell_1761646274718_912349010008_53405_0000.jpg
5,/home/wangqianqian/project/FS/data/28gusui&pizang/03/06/cell_1761645962186_912349010008_28564_0000.png,thumbs/cluster_5/034_cell_1761645962186_912349010008_28564_0000.jpg
5,/home/wangqianqian/project/FS/data/28gusui&pizang/03/05/cell_1761645903420_912349010008_23993_0000.png,thumbs/cluster_5/035_cell_1761645903420_912349010008_23993_0000.jpg
5,/home/wangqianqian/project/FS/data/28gusui&pizang/03/17/cell_1761646652254_912349010008_85279_0000.png,thumbs/cluster_5/036_cell_1761646652254_912349010008_85279_0000.jpg
5,/home/wangqianqian/project/FS/data/28gusui&pizang/03/02/cell_1761645752016_912349010008_12063_0000.png,thumbs/cluster_5/037_cell_1761645752016_912349010008_12063_0000.jpg
5,/home/wangqianqian/project/FS/data/28gusui&pizang/03/06/cell_1761645976331_912349010008_29780_0000.png,thumbs/cluster_5/038_cell_1761645976331_912349010008_29780_0000.jpg
5,/home/wangqianqian/project/FS/data/28gusui&pizang/03/01/cell_1761645688621_912349010008_7777_0100.png,thumbs/cluster_5/039_cell_1761645688621_912349010008_7777_0100.jpg
5,/home/wangqianqian/project/FS/data/28gusui&pizang/03/01/cell_1761645718015_912349010008_9615_0000.png,thumbs/cluster_5/040_cell_1761645718015_912349010008_9615_0000.jpg
5,/home/wangqianqian/project/FS/data/28gusui&pizang/03/21/cell_1761646898967_912349010008_105925_0100.png,thumbs/cluster_5/041_cell_1761646898967_912349010008_105925_0100.jpg
5,/home/wangqianqian/project/FS/data/28gusui&pizang/03/12/cell_1761646346890_912349010008_59581_0000.png,thumbs/cluster_5/042_cell_1761646346890_912349010008_59581_0000.jpg
5,/home/wangqianqian/project/FS/data/28gusui&pizang/03/06/cell_1761645969846_912349010008_29197_0100.png,thumbs/cluster_5/043_cell_1761645969846_912349010008_29197_0100.jpg
5,/home/wangqianqian/project/FS/data/28gusui&pizang/03/18/cell_1761646680522_912349010008_87800_0100.png,thumbs/cluster_5/044_cell_1761646680522_912349010008_87800_0100.jpg
5,/home/wangqianqian/project/FS/data/28gusui&pizang/03/03/cell_1761645833802_912349010008_18270_0100.png,thumbs/cluster_5/045_cell_1761645833802_912349010008_18270_0100.jpg
5,/home/wangqianqian/project/FS/data/28gusui&pizang/03/05/cell_1761645944270_912349010008_27144_0000.png,thumbs/cluster_5/046_cell_1761645944270_912349010008_27144_0000.jpg
5,/home/wangqianqian/project/FS/data/28gusui&pizang/03/18/cell_1761646714994_912349010008_90582_0000.png,thumbs/cluster_5/047_cell_1761646714994_912349010008_90582_0000.jpg
5,/home/wangqianqian/project/FS/data/28gusui&pizang/03/11/cell_1761646299454_912349010008_55671_0000.png,thumbs/cluster_5/048_cell_1761646299454_912349010008_55671_0000.jpg
5,/home/wangqianqian/project/FS/data/28gusui&pizang/03/03/cell_1761645806253_912349010008_16143_0000.png,thumbs/cluster_5/049_cell_1761645806253_912349010008_16143_0000.jpg
5,/home/wangqianqian/project/FS/data/28gusui&pizang/03/16/cell_1761646589544_912349010008_79921_0000.png,thumbs/cluster_5/050_cell_1761646589544_912349010008_79921_0000.jpg
5,/home/wangqianqian/project/FS/data/28gusui&pizang/03/14/cell_1761646484620_912349010008_71269_0000.png,thumbs/cluster_5/051_cell_1761646484620_912349010008_71269_0000.jpg
5,/home/wangqianqian/project/FS/data/28gusui&pizang/03/17/cell_1761646667232_912349010008_86590_0100.png,thumbs/cluster_5/052_cell_1761646667232_912349010008_86590_0100.jpg
5,/home/wangqianqian/project/FS/data/28gusui&pizang/03/19/cell_1761646755801_912349010008_93931_0000.png,thumbs/cluster_5/053_cell_1761646755801_912349010008_93931_0000.jpg
5,/home/wangqianqian/project/FS/data/28gusui&pizang/03/17/cell_1761646633485_912349010008_83632_0000.png,thumbs/cluster_5/054_cell_1761646633485_912349010008_83632_0000.jpg
5,/home/wangqianqian/project/FS/data/28gusui&pizang/03/15/cell_1761646555802_912349010008_77379_0000.png,thumbs/cluster_5/055_cell_1761646555802_912349010008_77379_0000.jpg
5,/home/wangqianqian/project/FS/data/28gusui&pizang/03/08/cell_1761646089835_912349010008_39157_0000.png,thumbs/cluster_5/056_cell_1761646089835_912349010008_39157_0000.jpg
5,/home/wangqianqian/project/FS/data/28gusui&pizang/03/01/cell_1761645689368_912349010008_7811_0000.png,thumbs/cluster_5/057_cell_1761645689368_912349010008_7811_0000.jpg
5,/home/wangqianqian/project/FS/data/28gusui&pizang/03/13/cell_1761646387421_912349010008_62843_0000.png,thumbs/cluster_5/058_cell_1761646387421_912349010008_62843_0000.jpg
5,/home/wangqianqian/project/FS/data/28gusui&pizang/03/13/cell_1761646414396_912349010008_64894_0000.png,thumbs/cluster_5/059_cell_1761646414396_912349010008_64894_0000.jpg
5,/home/wangqianqian/project/FS/data/28gusui&pizang/03/16/cell_1761646607296_912349010008_81401_0100.png,thumbs/cluster_5/060_cell_1761646607296_912349010008_81401_0100.jpg
5,/home/wangqianqian/project/FS/data/28gusui&pizang/03/21/cell_1761646906810_912349010008_106538_0000.png,thumbs/cluster_5/061_cell_1761646906810_912349010008_106538_0000.jpg
5,/home/wangqianqian/project/FS/data/28gusui&pizang/03/12/cell_1761646373872_912349010008_61823_0100.png,thumbs/cluster_5/062_cell_1761646373872_912349010008_61823_0100.jpg
5,/home/wangqianqian/project/FS/data/28gusui&pizang/03/09/cell_1761646157883_912349010008_44168_0000.png,thumbs/cluster_5/063_cell_1761646157883_912349010008_44168_0000.jpg
5,/home/wangqianqian/project/FS/data/28gusui&pizang/03/12/cell_1761646352989_912349010008_60118_0100.png,thumbs/cluster_5/064_cell_1761646352989_912349010008_60118_0100.jpg
5,/home/wangqianqian/project/FS/data/28gusui&pizang/03/08/cell_1761646099089_912349010008_39864_0000.png,thumbs/cluster_5/065_cell_1761646099089_912349010008_39864_0000.jpg
5,/home/wangqianqian/project/FS/data/28gusui&pizang/03/18/cell_1761646729720_912349010008_91831_0000.png,thumbs/cluster_5/066_cell_1761646729720_912349010008_91831_0000.jpg
5,/home/wangqianqian/project/FS/data/28gusui&pizang/03/19/cell_1761646751879_912349010008_93612_0100.png,thumbs/cluster_5/067_cell_1761646751879_912349010008_93612_0100.jpg
5,/home/wangqianqian/project/FS/data/28gusui&pizang/03/20/cell_1761646823933_912349010008_99649_0100.png,thumbs/cluster_5/068_cell_1761646823933_912349010008_99649_0100.jpg
5,/home/wangqianqian/project/FS/data/28gusui&pizang/03/06/cell_1761645973800_912349010008_29536_0100.png,thumbs/cluster_5/069_cell_1761645973800_912349010008_29536_0100.jpg
5,/home/wangqianqian/project/FS/data/28gusui&pizang/03/12/cell_1761646320760_912349010008_57466_0000.png,thumbs/cluster_5/070_cell_1761646320760_912349010008_57466_0000.jpg
5,/home/wangqianqian/project/FS/data/28gusui&pizang/03/05/cell_1761645947383_912349010008_27411_0100.png,thumbs/cluster_5/071_cell_1761645947383_912349010008_27411_0100.jpg
5,/home/wangqianqian/project/FS/data/28gusui&pizang/03/21/cell_1761646887799_912349010008_104982_0000.png,thumbs/cluster_5/072_cell_1761646887799_912349010008_104982_0000.jpg
5,/home/wangqianqian/project/FS/data/28gusui&pizang/03/11/cell_1761646276604_912349010008_53587_0000.png,thumbs/cluster_5/073_cell_1761646276604_912349010008_53587_0000.jpg
5,/home/wangqianqian/project/FS/data/28gusui&pizang/03/05/cell_1761645938023_912349010008_26615_0100.png,thumbs/cluster_5/074_cell_1761645938023_912349010008_26615_0100.jpg
5,/home/wangqianqian/project/FS/data/28gusui&pizang/03/13/cell_1761646415484_912349010008_64980_0000.png,thumbs/cluster_5/075_cell_1761646415484_912349010008_64980_0000.jpg
5,/home/wangqianqian/project/FS/data/28gusui&pizang/03/13/cell_1761646407519_912349010008_64356_0100.png,thumbs/cluster_5/076_cell_1761646407519_912349010008_64356_0100.jpg
5,/home/wangqianqian/project/FS/data/28gusui&pizang/03/05/cell_1761645956223_912349010008_28108_0000.png,thumbs/cluster_5/077_cell_1761645956223_912349010008_28108_0000.jpg
5,/home/wangqianqian/project/FS/data/28gusui&pizang/03/18/cell_1761646706950_912349010008_89961_0000.png,thumbs/cluster_5/078_cell_1761646706950_912349010008_89961_0000.jpg
5,/home/wangqianqian/project/FS/data/28gusui&pizang/03/06/cell_1761646016326_912349010008_33163_0100.png,thumbs/cluster_5/079_cell_1761646016326_912349010008_33163_0100.jpg
5,/home/wangqianqian/project/FS/data/28gusui&pizang/03/21/cell_1761646889805_912349010008_105144_0000.png,thumbs/cluster_5/080_cell_1761646889805_912349010008_105144_0000.jpg
5,/home/wangqianqian/project/FS/data/28gusui&pizang/03/20/cell_1761646815658_912349010008_98949_0100.png,thumbs/cluster_5/081_cell_1761646815658_912349010008_98949_0100.jpg
5,/home/wangqianqian/project/FS/data/28gusui&pizang/03/06/cell_1761645978861_912349010008_29969_0000.png,thumbs/cluster_5/082_cell_1761645978861_912349010008_29969_0000.jpg
5,/home/wangqianqian/project/FS/data/28gusui&pizang/03/01/cell_1761645713931_912349010008_9266_0000.png,thumbs/cluster_5/083_cell_1761645713931_912349010008_9266_0000.jpg
5,/home/wangqianqian/project/FS/data/28gusui&pizang/03/15/cell_1761646527426_912349010008_75091_0000.png,thumbs/cluster_5/084_cell_1761646527426_912349010008_75091_0000.jpg
5,/home/wangqianqian/project/FS/data/28gusui&pizang/03/12/cell_1761646372173_912349010008_61680_0000.png,thumbs/cluster_5/085_cell_1761646372173_912349010008_61680_0000.jpg
5,/home/wangqianqian/project/FS/data/28gusui&pizang/03/10/cell_1761646250704_912349010008_51492_0000.png,thumbs/cluster_5/086_cell_1761646250704_912349010008_51492_0000.jpg
5,/home/wangqianqian/project/FS/data/28gusui&pizang/03/03/cell_1761645807328_912349010008_16224_0100.png,thumbs/cluster_5/087_cell_1761645807328_912349010008_16224_0100.jpg
5,/home/wangqianqian/project/FS/data/28gusui&pizang/03/11/cell_1761646294739_912349010008_55224_0000.png,thumbs/cluster_5/088_cell_1761646294739_912349010008_55224_0000.jpg
5,/home/wangqianqian/project/FS/data/28gusui&pizang/03/09/cell_1761646143456_912349010008_43049_0000.png,thumbs/cluster_5/089_cell_1761646143456_912349010008_43049_0000.jpg
5,/home/wangqianqian/project/FS/data/28gusui&pizang/03/10/cell_1761646233423_912349010008_50057_0000.png,thumbs/cluster_5/090_cell_1761646233423_912349010008_50057_0000.jpg
5,/home/wangqianqian/project/FS/data/28gusui&pizang/03/06/cell_1761645976294_912349010008_29776_0100.png,thumbs/cluster_5/091_cell_1761645976294_912349010008_29776_0100.jpg
5,/home/wangqianqian/project/FS/data/28gusui&pizang/03/16/cell_1761646609884_912349010008_81581_0000.png,thumbs/cluster_5/092_cell_1761646609884_912349010008_81581_0000.jpg
5,/home/wangqianqian/project/FS/data/28gusui&pizang/03/04/cell_1761645885169_912349010008_22695_0100.png,thumbs/cluster_5/093_cell_1761645885169_912349010008_22695_0100.jpg
5,/home/wangqianqian/project/FS/data/28gusui&pizang/03/09/cell_1761646150217_912349010008_43547_0100.png,thumbs/cluster_5/094_cell_1761646150217_912349010008_43547_0100.jpg
5,/home/wangqianqian/project/FS/data/28gusui&pizang/03/18/cell_1761646702686_912349010008_89659_0100.png,thumbs/cluster_5/095_cell_1761646702686_912349010008_89659_0100.jpg
5,/home/wangqianqian/project/FS/data/28gusui&pizang/03/02/cell_1761645744644_912349010008_11538_0100.png,thumbs/cluster_5/096_cell_1761645744644_912349010008_11538_0100.jpg
5,/home/wangqianqian/project/FS/data/28gusui&pizang/03/19/cell_1761646750919_912349010008_93535_0000.png,thumbs/cluster_5/097_cell_1761646750919_912349010008_93535_0000.jpg
5,/home/wangqianqian/project/FS/data/28gusui&pizang/03/13/cell_1761646425262_912349010008_65852_0100.png,thumbs/cluster_5/098_cell_1761646425262_912349010008_65852_0100.jpg
5,/home/wangqianqian/project/FS/data/28gusui&pizang/03/11/cell_1761646277353_912349010008_53641_0000.png,thumbs/cluster_5/099_cell_1761646277353_912349010008_53641_0000.jpg
6,/home/wangqianqian/project/FS/data/28gusui&pizang/03/11/cell_1761646306735_912349010008_56273_0000.png,thumbs/cluster_6/000_cell_1761646306735_912349010008_56273_0000.jpg
6,/home/wangqianqian/project/FS/data/28gusui&pizang/03/02/cell_1761645770170_912349010008_13355_0000.png,thumbs/cluster_6/001_cell_1761645770170_912349010008_13355_0000.jpg
6,/home/wangqianqian/project/FS/data/28gusui&pizang/03/02/cell_1761645732467_912349010008_10612_0100.png,thumbs/cluster_6/002_cell_1761645732467_912349010008_10612_0100.jpg
6,/home/wangqianqian/project/FS/data/28gusui&pizang/03/10/cell_1761646215602_912349010008_48592_0000.png,thumbs/cluster_6/003_cell_1761646215602_912349010008_48592_0000.jpg
6,/home/wangqianqian/project/FS/data/28gusui&pizang/03/11/cell_1761646274050_912349010008_53334_0000.png,thumbs/cluster_6/004_cell_1761646274050_912349010008_53334_0000.jpg
6,/home/wangqianqian/project/FS/data/28gusui&pizang/03/05/cell_1761645907502_912349010008_24347_0100.png,thumbs/cluster_6/005_cell_1761645907502_912349010008_24347_0100.jpg
6,/home/wangqianqian/project/FS/data/28gusui&pizang/03/14/cell_1761646462661_912349010008_69285_0100.png,thumbs/cluster_6/006_cell_1761646462661_912349010008_69285_0100.jpg
6,/home/wangqianqian/project/FS/data/28gusui&pizang/03/14/cell_1761646449716_912349010008_68158_0000.png,thumbs/cluster_6/007_cell_1761646449716_912349010008_68158_0000.jpg
6,/home/wangqianqian/project/FS/data/28gusui&pizang/03/19/cell_1761646795237_912349010008_97109_0000.png,thumbs/cluster_6/008_cell_1761646795237_912349010008_97109_0000.jpg
6,/home/wangqianqian/project/FS/data/28gusui&pizang/03/20/cell_1761646852576_912349010008_102029_0000.png,thumbs/cluster_6/009_cell_1761646852576_912349010008_102029_0000.jpg
6,/home/wangqianqian/project/FS/data/28gusui&pizang/03/21/cell_1761646863904_912349010008_103089_0100.png,thumbs/cluster_6/010_cell_1761646863904_912349010008_103089_0100.jpg
6,/home/wangqianqian/project/FS/data/28gusui&pizang/03/20/cell_1761646829968_912349010008_100167_0100.png,thumbs/cluster_6/011_cell_1761646829968_912349010008_100167_0100.jpg
6,/home/wangqianqian/project/FS/data/28gusui&pizang/03/07/cell_1761646040991_912349010008_35269_0100.png,thumbs/cluster_6/012_cell_1761646040991_912349010008_35269_0100.jpg
6,/home/wangqianqian/project/FS/data/28gusui&pizang/03/18/cell_1761646685151_912349010008_88261_0000.png,thumbs/cluster_6/013_cell_1761646685151_912349010008_88261_0000.jpg
6,/home/wangqianqian/project/FS/data/28gusui&pizang/03/04/cell_1761645881141_912349010008_22376_0100.png,thumbs/cluster_6/014_cell_1761645881141_912349010008_22376_0100.jpg
6,/home/wangqianqian/project/FS/data/28gusui&pizang/03/01/cell_1761645708895_912349010008_8953_0000.png,thumbs/cluster_6/015_cell_1761645708895_912349010008_8953_0000.jpg
6,/home/wangqianqian/project/FS/data/28gusui&pizang/03/13/cell_1761646419322_912349010008_65328_0100.png,thumbs/cluster_6/016_cell_1761646419322_912349010008_65328_0100.jpg
6,/home/wangqianqian/project/FS/data/28gusui&pizang/03/14/cell_1761646468899_912349010008_69865_0100.png,thumbs/cluster_6/017_cell_1761646468899_912349010008_69865_0100.jpg
6,/home/wangqianqian/project/FS/data/28gusui&pizang/03/03/cell_1761645796159_912349010008_15369_0100.png,thumbs/cluster_6/018_cell_1761645796159_912349010008_15369_0100.jpg
6,/home/wangqianqian/project/FS/data/28gusui&pizang/03/16/cell_1761646592307_912349010008_80140_0000.png,thumbs/cluster_6/019_cell_1761646592307_912349010008_80140_0000.jpg
6,/home/wangqianqian/project/FS/data/28gusui&pizang/03/09/cell_1761646196062_912349010008_46993_0000.png,thumbs/cluster_6/020_cell_1761646196062_912349010008_46993_0000.jpg
6,/home/wangqianqian/project/FS/data/28gusui&pizang/03/20/cell_1761646804178_912349010008_97949_0000.png,thumbs/cluster_6/021_cell_1761646804178_912349010008_97949_0000.jpg
6,/home/wangqianqian/project/FS/data/28gusui&pizang/03/06/cell_1761645966903_912349010008_28960_0000.png,thumbs/cluster_6/022_cell_1761645966903_912349010008_28960_0000.jpg
6,/home/wangqianqian/project/FS/data/28gusui&pizang/03/15/cell_1761646526976_912349010008_75060_0100.png,thumbs/cluster_6/023_cell_1761646526976_912349010008_75060_0100.jpg
6,/home/wangqianqian/project/FS/data/28gusui&pizang/03/09/cell_1761646167654_912349010008_44873_0000.png,thumbs/cluster_6/024_cell_1761646167654_912349010008_44873_0000.jpg
6,/home/wangqianqian/project/FS/data/28gusui&pizang/03/04/cell_1761645855202_912349010008_20102_0100.png,thumbs/cluster_6/025_cell_1761645855202_912349010008_20102_0100.jpg
6,/home/wangqianqian/project/FS/data/28gusui&pizang/03/13/cell_1761646417465_912349010008_65154_0000.png,thumbs/cluster_6/026_cell_1761646417465_912349010008_65154_0000.jpg
6,/home/wangqianqian/project/FS/data/28gusui&pizang/03/08/cell_1761646086540_912349010008_38879_0000.png,thumbs/cluster_6/027_cell_1761646086540_912349010008_38879_0000.jpg
6,/home/wangqianqian/project/FS/data/28gusui&pizang/03/11/cell_1761646270988_912349010008_53091_0100.png,thumbs/cluster_6/028_cell_1761646270988_912349010008_53091_0100.jpg
6,/home/wangqianqian/project/FS/data/28gusui&pizang/03/05/cell_1761645947481_912349010008_27416_0000.png,thumbs/cluster_6/029_cell_1761645947481_912349010008_27416_0000.jpg
6,/home/wangqianqian/project/FS/data/28gusui&pizang/03/17/cell_1761646632688_912349010008_83564_0100.png,thumbs/cluster_6/030_cell_1761646632688_912349010008_83564_0100.jpg
6,/home/wangqianqian/project/FS/data/28gusui&pizang/03/03/cell_1761645817272_912349010008_16989_0100.png,thumbs/cluster_6/031_cell_1761645817272_912349010008_16989_0100.jpg
6,/home/wangqianqian/project/FS/data/28gusui&pizang/03/08/cell_1761646120450_912349010008_41449_0100.png,thumbs/cluster_6/032_cell_1761646120450_912349010008_41449_0100.jpg
6,/home/wangqianqian/project/FS/data/28gusui&pizang/03/21/cell_1761646909428_912349010008_106753_0100.png,thumbs/cluster_6/033_cell_1761646909428_912349010008_106753_0100.jpg
6,/home/wangqianqian/project/FS/data/28gusui&pizang/03/10/cell_1761646215401_912349010008_48572_0100.png,thumbs/cluster_6/034_cell_1761646215401_912349010008_48572_0100.jpg
6,/home/wangqianqian/project/FS/data/28gusui&pizang/03/03/cell_1761645819576_912349010008_17164_0000.png,thumbs/cluster_6/035_cell_1761645819576_912349010008_17164_0000.jpg
6,/home/wangqianqian/project/FS/data/28gusui&pizang/03/03/cell_1761645793423_912349010008_15154_0100.png,thumbs/cluster_6/036_cell_1761645793423_912349010008_15154_0100.jpg
6,/home/wangqianqian/project/FS/data/28gusui&pizang/03/04/cell_1761645892944_912349010008_23237_0100.png,thumbs/cluster_6/037_cell_1761645892944_912349010008_23237_0100.jpg
6,/home/wangqianqian/project/FS/data/28gusui&pizang/03/09/cell_1761646166679_912349010008_44792_0100.png,thumbs/cluster_6/038_cell_1761646166679_912349010008_44792_0100.jpg
6,/home/wangqianqian/project/FS/data/28gusui&pizang/03/10/cell_1761646220977_912349010008_49064_0100.png,thumbs/cluster_6/039_cell_1761646220977_912349010008_49064_0100.jpg
6,/home/wangqianqian/project/FS/data/28gusui&pizang/03/21/cell_1761646890583_912349010008_105207_0100.png,thumbs/cluster_6/040_cell_1761646890583_912349010008_105207_0100.jpg
6,/home/wangqianqian/project/FS/data/28gusui&pizang/03/13/cell_1761646437294_912349010008_66988_0100.png,thumbs/cluster_6/041_cell_1761646437294_912349010008_66988_0100.jpg
6,/home/wangqianqian/project/FS/data/28gusui&pizang/03/15/cell_1761646531032_912349010008_75363_0100.png,thumbs/cluster_6/042_cell_1761646531032_912349010008_75363_0100.jpg
6,/home/wangqianqian/project/FS/data/28gusui&pizang/03/08/cell_1761646139940_912349010008_42812_0100.png,thumbs/cluster_6/043_cell_1761646139940_912349010008_42812_0100.jpg
6,/home/wangqianqian/project/FS/data/28gusui&pizang/03/01/cell_1761645692134_912349010008_7967_0100.png,thumbs/cluster_6/044_cell_1761645692134_912349010008_7967_0100.jpg
6,/home/wangqianqian/project/FS/data/28gusui&pizang/03/07/cell_1761646028799_912349010008_34233_0000.png,thumbs/cluster_6/045_cell_1761646028799_912349010008_34233_0000.jpg
6,/home/wangqianqian/project/FS/data/28gusui&pizang/03/16/cell_1761646619744_912349010008_82443_0000.png,thumbs/cluster_6/046_cell_1761646619744_912349010008_82443_0000.jpg
6,/home/wangqianqian/project/FS/data/28gusui&pizang/03/07/cell_1761646074714_912349010008_37981_0100.png,thumbs/cluster_6/047_cell_1761646074714_912349010008_37981_0100.jpg
6,/home/wangqianqian/project/FS/data/28gusui&pizang/03/21/cell_1761646876886_912349010008_104122_0000.png,thumbs/cluster_6/048_cell_1761646876886_912349010008_104122_0000.jpg
6,/home/wangqianqian/project/FS/data/28gusui&pizang/03/10/cell_1761646223795_912349010008_49284_0000.png,thumbs/cluster_6/049_cell_1761646223795_912349010008_49284_0000.jpg
6,/home/wangqianqian/project/FS/data/28gusui&pizang/03/11/cell_1761646319822_912349010008_57403_0100.png,thumbs/cluster_6/050_cell_1761646319822_912349010008_57403_0100.jpg
6,/home/wangqianqian/project/FS/data/28gusui&pizang/03/17/cell_1761646642414_912349010008_84408_0000.png,thumbs/cluster_6/051_cell_1761646642414_912349010008_84408_0000.jpg
6,/home/wangqianqian/project/FS/data/28gusui&pizang/03/03/cell_1761645828501_912349010008_17904_0100.png,thumbs/cluster_6/052_cell_1761645828501_912349010008_17904_0100.jpg
6,/home/wangqianqian/project/FS/data/28gusui&pizang/03/15/cell_1761646539436_912349010008_76047_0000.png,thumbs/cluster_6/053_cell_1761646539436_912349010008_76047_0000.jpg
6,/home/wangqianqian/project/FS/data/28gusui&pizang/03/03/cell_1761645787145_912349010008_14670_0000.png,thumbs/cluster_6/054_cell_1761645787145_912349010008_14670_0000.jpg
6,/home/wangqianqian/project/FS/data/28gusui&pizang/03/01/cell_1761645709571_912349010008_8988_0100.png,thumbs/cluster_6/055_cell_1761645709571_912349010008_8988_0100.jpg
6,/home/wangqianqian/project/FS/data/28gusui&pizang/03/19/cell_1761646740450_912349010008_92730_0000.png,thumbs/cluster_6/056_cell_1761646740450_912349010008_92730_0000.jpg
6,/home/wangqianqian/project/FS/data/28gusui&pizang/03/12/cell_1761646368109_912349010008_61348_0100.png,thumbs/cluster_6/057_cell_1761646368109_912349010008_61348_0100.jpg
6,/home/wangqianqian/project/FS/data/28gusui&pizang/03/18/cell_1761646700608_912349010008_89489_0000.png,thumbs/cluster_6/058_cell_1761646700608_912349010008_89489_0000.jpg
6,/home/wangqianqian/project/FS/data/28gusui&pizang/03/03/cell_1761645802680_912349010008_15874_0000.png,thumbs/cluster_6/059_cell_1761645802680_912349010008_15874_0000.jpg
6,/home/wangqianqian/project/FS/data/28gusui&pizang/03/12/cell_1761646379511_912349010008_62241_0000.png,thumbs/cluster_6/060_cell_1761646379511_912349010008_62241_0000.jpg
6,/home/wangqianqian/project/FS/data/28gusui&pizang/03/06/cell_1761646008690_912349010008_32408_0000.png,thumbs/cluster_6/061_cell_1761646008690_912349010008_32408_0000.jpg
6,/home/wangqianqian/project/FS/data/28gusui&pizang/03/17/cell_1761646666920_912349010008_86555_0100.png,thumbs/cluster_6/062_cell_1761646666920_912349010008_86555_0100.jpg
6,/home/wangqianqian/project/FS/data/28gusui&pizang/03/12/cell_1761646364286_912349010008_61043_0100.png,thumbs/cluster_6/063_cell_1761646364286_912349010008_61043_0100.jpg
6,/home/wangqianqian/project/FS/data/28gusui&pizang/03/13/cell_1761646435280_912349010008_66807_0100.png,thumbs/cluster_6/064_cell_1761646435280_912349010008_66807_0100.jpg
6,/home/wangqianqian/project/FS/data/28gusui&pizang/03/11/cell_1761646278379_912349010008_53736_0000.png,thumbs/cluster_6/065_cell_1761646278379_912349010008_53736_0000.jpg
6,/home/wangqianqian/project/FS/data/28gusui&pizang/03/17/cell_1761646674331_912349010008_87232_0000.png,thumbs/cluster_6/066_cell_1761646674331_912349010008_87232_0000.jpg
6,/home/wangqianqian/project/FS/data/28gusui&pizang/03/14/cell_1761646442760_912349010008_67489_0000.png,thumbs/cluster_6/067_cell_1761646442760_912349010008_67489_0000.jpg
6,/home/wangqianqian/project/FS/data/28gusui&pizang/03/18/cell_1761646726351_912349010008_91528_0000.png,thumbs/cluster_6/068_cell_1761646726351_912349010008_91528_0000.jpg
6,/home/wangqianqian/project/FS/data/28gusui&pizang/03/21/cell_1761646908963_912349010008_106714_0100.png,thumbs/cluster_6/069_cell_1761646908963_912349010008_106714_0100.jpg
6,/home/wangqianqian/project/FS/data/28gusui&pizang/03/20/cell_1761646824904_912349010008_99730_0100.png,thumbs/cluster_6/070_cell_1761646824904_912349010008_99730_0100.jpg
6,/home/wangqianqian/project/FS/data/28gusui&pizang/03/12/cell_1761646323411_912349010008_57654_0000.png,thumbs/cluster_6/071_cell_1761646323411_912349010008_57654_0000.jpg
6,/home/wangqianqian/project/FS/data/28gusui&pizang/03/13/cell_1761646395234_912349010008_63409_0000.png,thumbs/cluster_6/072_cell_1761646395234_912349010008_63409_0000.jpg
6,/home/wangqianqian/project/FS/data/28gusui&pizang/03/07/cell_1761646039193_912349010008_35125_0000.png,thumbs/cluster_6/073_cell_1761646039193_912349010008_35125_0000.jpg
6,/home/wangqianqian/project/FS/data/28gusui&pizang/03/16/cell_1761646579314_912349010008_79174_0000.png,thumbs/cluster_6/074_cell_1761646579314_912349010008_79174_0000.jpg
6,/home/wangqianqian/project/FS/data/28gusui&pizang/03/10/cell_1761646233696_912349010008_50085_0100.png,thumbs/cluster_6/075_cell_1761646233696_912349010008_50085_0100.jpg
6,/home/wangqianqian/project/FS/data/28gusui&pizang/03/18/cell_1761646714696_912349010008_90557_0100.png,thumbs/cluster_6/076_cell_1761646714696_912349010008_90557_0100.jpg
6,/home/wangqianqian/project/FS/data/28gusui&pizang/03/02/cell_1761645755512_912349010008_12335_0100.png,thumbs/cluster_6/077_cell_1761645755512_912349010008_12335_0100.jpg
6,/home/wangqianqian/project/FS/data/28gusui&pizang/03/05/cell_1761645958307_912349010008_28263_0100.png,thumbs/cluster_6/078_cell_1761645958307_912349010008_28263_0100.jpg
6,/home/wangqianqian/project/FS/data/28gusui&pizang/03/07/cell_1761646063255_912349010008_37202_0100.png,thumbs/cluster_6/079_cell_1761646063255_912349010008_37202_0100.jpg
6,/home/wangqianqian/project/FS/data/28gusui&pizang/03/03/cell_1761645823296_912349010008_17517_0000.png,thumbs/cluster_6/080_cell_1761645823296_912349010008_17517_0000.jpg
6,/home/wangqianqian/project/FS/data/28gusui&pizang/03/18/cell_1761646691298_912349010008_88781_0000.png,thumbs/cluster_6/081_cell_1761646691298_912349010008_88781_0000.jpg
6,/home/wangqianqian/project/FS/data/28gusui&pizang/03/05/cell_1761645906245_912349010008_24243_0000.png,thumbs/cluster_6/082_cell_1761645906245_912349010008_24243_0000.jpg
6,/home/wangqianqian/project/FS/data/28gusui&pizang/03/15/cell_1761646528828_912349010008_75187_0000.png,thumbs/cluster_6/083_cell_1761646528828_912349010008_75187_0000.jpg
6,/home/wangqianqian/project/FS/data/28gusui&pizang/03/06/cell_1761645983932_912349010008_30424_0100.png,thumbs/cluster_6/084_cell_1761645983932_912349010008_30424_0100.jpg
6,/home/wangqianqian/project/FS/data/28gusui&pizang/03/10/cell_1761646257206_912349010008_51986_0000.png,thumbs/cluster_6/085_cell_1761646257206_912349010008_51986_0000.jpg
6,/home/wangqianqian/project/FS/data/28gusui&pizang/03/08/cell_1761646117915_912349010008_41258_0000.png,thumbs/cluster_6/086_cell_1761646117915_912349010008_41258_0000.jpg
6,/home/wangqianqian/project/FS/data/28gusui&pizang/03/09/cell_1761646187654_912349010008_46393_0000.png,thumbs/cluster_6/087_cell_1761646187654_912349010008_46393_0000.jpg
6,/home/wangqianqian/project/FS/data/28gusui&pizang/03/16/cell_1761646605571_912349010008_81261_0000.png,thumbs/cluster_6/088_cell_1761646605571_912349010008_81261_0000.jpg
6,/home/wangqianqian/project/FS/data/28gusui&pizang/03/21/cell_1761646876273_912349010008_104069_0100.png,thumbs/cluster_6/089_cell_1761646876273_912349010008_104069_0100.jpg
6,/home/wangqianqian/project/FS/data/28gusui&pizang/03/10/cell_1761646224478_912349010008_49332_0000.png,thumbs/cluster_6/090_cell_1761646224478_912349010008_49332_0000.jpg
6,/home/wangqianqian/project/FS/data/28gusui&pizang/03/18/cell_1761646733255_912349010008_92147_0000.png,thumbs/cluster_6/091_cell_1761646733255_912349010008_92147_0000.jpg
6,/home/wangqianqian/project/FS/data/28gusui&pizang/03/15/cell_1761646523146_912349010008_74765_0100.png,thumbs/cluster_6/092_cell_1761646523146_912349010008_74765_0100.jpg
6,/home/wangqianqian/project/FS/data/28gusui&pizang/03/02/cell_1761645738189_912349010008_10988_0000.png,thumbs/cluster_6/093_cell_1761645738189_912349010008_10988_0000.jpg
6,/home/wangqianqian/project/FS/data/28gusui&pizang/03/19/cell_1761646743011_912349010008_92928_0000.png,thumbs/cluster_6/094_cell_1761646743011_912349010008_92928_0000.jpg
6,/home/wangqianqian/project/FS/data/28gusui&pizang/03/14/cell_1761646485996_912349010008_71429_0000.png,thumbs/cluster_6/095_cell_1761646485996_912349010008_71429_0000.jpg
6,/home/wangqianqian/project/FS/data/28gusui&pizang/03/19/cell_1761646748550_912349010008_93357_0100.png,thumbs/cluster_6/096_cell_1761646748550_912349010008_93357_0100.jpg
6,/home/wangqianqian/project/FS/data/28gusui&pizang/03/17/cell_1761646641578_912349010008_84335_0100.png,thumbs/cluster_6/097_cell_1761646641578_912349010008_84335_0100.jpg
6,/home/wangqianqian/project/FS/data/28gusui&pizang/03/01/cell_1761645688489_912349010008_7768_0100.png,thumbs/cluster_6/098_cell_1761645688489_912349010008_7768_0100.jpg
6,/home/wangqianqian/project/FS/data/28gusui&pizang/03/15/cell_1761646502597_912349010008_73045_0000.png,thumbs/cluster_6/099_cell_1761646502597_912349010008_73045_0000.jpg
7,/home/wangqianqian/project/FS/data/28gusui&pizang/03/05/cell_1761645959315_912349010008_28334_0000.png,thumbs/cluster_7/000_cell_1761645959315_912349010008_28334_0000.jpg
7,/home/wangqianqian/project/FS/data/28gusui&pizang/03/08/cell_1761646115496_912349010008_41099_0000.png,thumbs/cluster_7/001_cell_1761646115496_912349010008_41099_0000.jpg
7,/home/wangqianqian/project/FS/data/28gusui&pizang/03/07/cell_1761646030450_912349010008_34392_0100.png,thumbs/cluster_7/002_cell_1761646030450_912349010008_34392_0100.jpg
7,/home/wangqianqian/project/FS/data/28gusui&pizang/03/15/cell_1761646539758_912349010008_76076_0100.png,thumbs/cluster_7/003_cell_1761646539758_912349010008_76076_0100.jpg
7,/home/wangqianqian/project/FS/data/28gusui&pizang/03/21/cell_1761646875244_912349010008_103999_0000.png,thumbs/cluster_7/004_cell_1761646875244_912349010008_103999_0000.jpg
7,/home/wangqianqian/project/FS/data/28gusui&pizang/03/01/cell_1761645693877_912349010008_8033_0000.png,thumbs/cluster_7/005_cell_1761645693877_912349010008_8033_0000.jpg
7,/home/wangqianqian/project/FS/data/28gusui&pizang/03/14/cell_1761646495660_912349010008_72413_0000.png,thumbs/cluster_7/006_cell_1761646495660_912349010008_72413_0000.jpg
7,/home/wangqianqian/project/FS/data/28gusui&pizang/03/05/cell_1761645919109_912349010008_25164_0000.png,thumbs/cluster_7/007_cell_1761645919109_912349010008_25164_0000.jpg
7,/home/wangqianqian/project/FS/data/28gusui&pizang/03/06/cell_1761646018389_912349010008_33331_0000.png,thumbs/cluster_7/008_cell_1761646018389_912349010008_33331_0000.jpg
7,/home/wangqianqian/project/FS/data/28gusui&pizang/03/07/cell_1761646030083_912349010008_34348_0000.png,thumbs/cluster_7/009_cell_1761646030083_912349010008_34348_0000.jpg
7,/home/wangqianqian/project/FS/data/28gusui&pizang/03/21/cell_1761646866047_912349010008_103282_0100.png,thumbs/cluster_7/010_cell_1761646866047_912349010008_103282_0100.jpg
7,/home/wangqianqian/project/FS/data/28gusui&pizang/03/05/cell_1761645933000_912349010008_26247_0100.png,thumbs/cluster_7/011_cell_1761645933000_912349010008_26247_0100.jpg
7,/home/wangqianqian/project/FS/data/28gusui&pizang/03/17/cell_1761646666991_912349010008_86569_0000.png,thumbs/cluster_7/012_cell_1761646666991_912349010008_86569_0000.jpg
7,/home/wangqianqian/project/FS/data/28gusui&pizang/03/12/cell_1761646343657_912349010008_59281_0100.png,thumbs/cluster_7/013_cell_1761646343657_912349010008_59281_0100.jpg
7,/home/wangqianqian/project/FS/data/28gusui&pizang/03/06/cell_1761645990875_912349010008_30956_0000.png,thumbs/cluster_7/014_cell_1761645990875_912349010008_30956_0000.jpg
7,/home/wangqianqian/project/FS/data/28gusui&pizang/03/04/cell_1761645865195_912349010008_21016_0100.png,thumbs/cluster_7/015_cell_1761645865195_912349010008_21016_0100.jpg
7,/home/wangqianqian/project/FS/data/28gusui&pizang/03/08/cell_1761646121141_912349010008_41498_0100.png,thumbs/cluster_7/016_cell_1761646121141_912349010008_41498_0100.jpg
7,/home/wangqianqian/project/FS/data/28gusui&pizang/03/10/cell_1761646236280_912349010008_50300_0000.png,thumbs/cluster_7/017_cell_1761646236280_912349010008_50300_0000.jpg
7,/home/wangqianqian/project/FS/data/28gusui&pizang/03/14/cell_1761646480954_912349010008_70928_0000.png,thumbs/cluster_7/018_cell_1761646480954_912349010008_70928_0000.jpg
7,/home/wangqianqian/project/FS/data/28gusui&pizang/03/12/cell_1761646324358_912349010008_57746_0100.png,thumbs/cluster_7/019_cell_1761646324358_912349010008_57746_0100.jpg
7,/home/wangqianqian/project/FS/data/28gusui&pizang/03/04/cell_1761645840483_912349010008_18793_0000.png,thumbs/cluster_7/020_cell_1761645840483_912349010008_18793_0000.jpg
7,/home/wangqianqian/project/FS/data/28gusui&pizang/03/02/cell_1761645731331_912349010008_10541_0000.png,thumbs/cluster_7/021_cell_1761645731331_912349010008_10541_0000.jpg
7,/home/wangqianqian/project/FS/data/28gusui&pizang/03/12/cell_1761646326067_912349010008_57906_0000.png,thumbs/cluster_7/022_cell_1761646326067_912349010008_57906_0000.jpg
7,/home/wangqianqian/project/FS/data/28gusui&pizang/03/05/cell_1761645930177_912349010008_26028_0100.png,thumbs/cluster_7/023_cell_1761645930177_912349010008_26028_0100.jpg
7,/home/wangqianqian/project/FS/data/28gusui&pizang/03/20/cell_1761646800488_912349010008_97619_0100.png,thumbs/cluster_7/024_cell_1761646800488_912349010008_97619_0100.jpg
7,/home/wangqianqian/project/FS/data/28gusui&pizang/03/05/cell_1761645921861_912349010008_25378_0000.png,thumbs/cluster_7/025_cell_1761645921861_912349010008_25378_0000.jpg
7,/home/wangqianqian/project/FS/data/28gusui&pizang/03/17/cell_1761646679542_912349010008_87726_0100.png,thumbs/cluster_7/026_cell_1761646679542_912349010008_87726_0100.jpg
7,/home/wangqianqian/project/FS/data/28gusui&pizang/03/08/cell_1761646125000_912349010008_41770_0100.png,thumbs/cluster_7/027_cell_1761646125000_912349010008_41770_0100.jpg
7,/home/wangqianqian/project/FS/data/28gusui&pizang/03/02/cell_1761645773114_912349010008_13573_0100.png,thumbs/cluster_7/028_cell_1761645773114_912349010008_13573_0100.jpg
7,/home/wangqianqian/project/FS/data/28gusui&pizang/03/15/cell_1761646558247_912349010008_77574_0000.png,thumbs/cluster_7/029_cell_1761646558247_912349010008_77574_0000.jpg
7,/home/wangqianqian/project/FS/data/28gusui&pizang/03/16/cell_1761646567871_912349010008_78256_0000.png,thumbs/cluster_7/030_cell_1761646567871_912349010008_78256_0000.jpg
7,/home/wangqianqian/project/FS/data/28gusui&pizang/03/06/cell_1761645990972_912349010008_30963_0000.png,thumbs/cluster_7/031_cell_1761645990972_912349010008_30963_0000.jpg
7,/home/wangqianqian/project/FS/data/28gusui&pizang/03/14/cell_1761646484077_912349010008_71208_0100.png,thumbs/cluster_7/032_cell_1761646484077_912349010008_71208_0100.jpg
7,/home/wangqianqian/project/FS/data/28gusui&pizang/03/19/cell_1761646774801_912349010008_95471_0000.png,thumbs/cluster_7/033_cell_1761646774801_912349010008_95471_0000.jpg
7,/home/wangqianqian/project/FS/data/28gusui&pizang/03/16/cell_1761646592073_912349010008_80126_0000.png,thumbs/cluster_7/034_cell_1761646592073_912349010008_80126_0000.jpg
7,/home/wangqianqian/project/FS/data/28gusui&pizang/03/12/cell_1761646377092_912349010008_62057_0100.png,thumbs/cluster_7/035_cell_1761646377092_912349010008_62057_0100.jpg
7,/home/wangqianqian/project/FS/data/28gusui&pizang/03/19/cell_1761646745942_912349010008_93169_0000.png,thumbs/cluster_7/036_cell_1761646745942_912349010008_93169_0000.jpg
7,/home/wangqianqian/project/FS/data/28gusui&pizang/03/03/cell_1761645836673_912349010008_18512_0000.png,thumbs/cluster_7/037_cell_1761645836673_912349010008_18512_0000.jpg
7,/home/wangqianqian/project/FS/data/28gusui&pizang/03/06/cell_1761645967695_912349010008_29012_0100.png,thumbs/cluster_7/038_cell_1761645967695_912349010008_29012_0100.jpg
7,/home/wangqianqian/project/FS/data/28gusui&pizang/03/07/cell_1761646041320_912349010008_35297_0000.png,thumbs/cluster_7/039_cell_1761646041320_912349010008_35297_0000.jpg
7,/home/wangqianqian/project/FS/data/28gusui&pizang/03/19/cell_1761646785237_912349010008_96293_0000.png,thumbs/cluster_7/040_cell_1761646785237_912349010008_96293_0000.jpg
7,/home/wangqianqian/project/FS/data/28gusui&pizang/03/17/cell_1761646667036_912349010008_86573_0000.png,thumbs/cluster_7/041_cell_1761646667036_912349010008_86573_0000.jpg
7,/home/wangqianqian/project/FS/data/28gusui&pizang/03/09/cell_1761646175735_912349010008_45417_0000.png,thumbs/cluster_7/042_cell_1761646175735_912349010008_45417_0000.jpg
7,/home/wangqianqian/project/FS/data/28gusui&pizang/03/11/cell_1761646269915_912349010008_52997_0000.png,thumbs/cluster_7/043_cell_1761646269915_912349010008_52997_0000.jpg
7,/home/wangqianqian/project/FS/data/28gusui&pizang/03/08/cell_1761646087154_912349010008_38935_0100.png,thumbs/cluster_7/044_cell_1761646087154_912349010008_38935_0100.jpg
7,/home/wangqianqian/project/FS/data/28gusui&pizang/03/11/cell_1761646274702_912349010008_53398_0100.png,thumbs/cluster_7/045_cell_1761646274702_912349010008_53398_0100.jpg
7,/home/wangqianqian/project/FS/data/28gusui&pizang/03/15/cell_1761646517095_912349010008_74225_0100.png,thumbs/cluster_7/046_cell_1761646517095_912349010008_74225_0100.jpg
7,/home/wangqianqian/project/FS/data/28gusui&pizang/03/19/cell_1761646782430_912349010008_96093_0000.png,thumbs/cluster_7/047_cell_1761646782430_912349010008_96093_0000.jpg
7,/home/wangqianqian/project/FS/data/28gusui&pizang/03/21/cell_1761646879446_912349010008_104332_0000.png,thumbs/cluster_7/048_cell_1761646879446_912349010008_104332_0000.jpg
7,/home/wangqianqian/project/FS/data/28gusui&pizang/03/02/cell_1761645776674_912349010008_13854_0000.png,thumbs/cluster_7/049_cell_1761645776674_912349010008_13854_0000.jpg
7,/home/wangqianqian/project/FS/data/28gusui&pizang/03/09/cell_1761646144144_912349010008_43088_0000.png,thumbs/cluster_7/050_cell_1761646144144_912349010008_43088_0000.jpg
7,/home/wangqianqian/project/FS/data/28gusui&pizang/03/07/cell_1761646066800_912349010008_37442_0000.png,thumbs/cluster_7/051_cell_1761646066800_912349010008_37442_0000.jpg
7,/home/wangqianqian/project/FS/data/28gusui&pizang/03/02/cell_1761645779494_912349010008_14072_0100.png,thumbs/cluster_7/052_cell_1761645779494_912349010008_14072_0100.jpg
7,/home/wangqianqian/project/FS/data/28gusui&pizang/03/05/cell_1761645936204_912349010008_26486_0000.png,thumbs/cluster_7/053_cell_1761645936204_912349010008_26486_0000.jpg
7,/home/wangqianqian/project/FS/data/28gusui&pizang/03/14/cell_1761646448684_912349010008_68050_0000.png,thumbs/cluster_7/054_cell_1761646448684_912349010008_68050_0000.jpg
7,/home/wangqianqian/project/FS/data/28gusui&pizang/03/13/cell_1761646417724_912349010008_65179_0000.png,thumbs/cluster_7/055_cell_1761646417724_912349010008_65179_0000.jpg
7,/home/wangqianqian/project/FS/data/28gusui&pizang/03/14/cell_1761646469389_912349010008_69901_0100.png,thumbs/cluster_7/056_cell_1761646469389_912349010008_69901_0100.jpg
7,/home/wangqianqian/project/FS/data/28gusui&pizang/03/11/cell_1761646287887_912349010008_54593_0000.png,thumbs/cluster_7/057_cell_1761646287887_912349010008_54593_0000.jpg
7,/home/wangqianqian/project/FS/data/28gusui&pizang/03/14/cell_1761646460101_912349010008_69091_0100.png,thumbs/cluster_7/058_cell_1761646460101_912349010008_69091_0100.jpg
7,/home/wangqianqian/project/FS/data/28gusui&pizang/03/18/cell_1761646730318_912349010008_91878_0100.png,thumbs/cluster_7/059_cell_1761646730318_912349010008_91878_0100.jpg
7,/home/wangqianqian/project/FS/data/28gusui&pizang/03/17/cell_1761646676413_912349010008_87443_0000.png,thumbs/cluster_7/060_cell_1761646676413_912349010008_87443_0000.jpg
7,/home/wangqianqian/project/FS/data/28gusui&pizang/03/05/cell_1761645927782_912349010008_25844_0000.png,thumbs/cluster_7/061_cell_1761645927782_912349010008_25844_0000.jpg
7,/home/wangqianqian/project/FS/data/28gusui&pizang/03/05/cell_1761645924067_912349010008_25575_0000.png,thumbs/cluster_7/062_cell_1761645924067_912349010008_25575_0000.jpg
7,/home/wangqianqian/project/FS/data/28gusui&pizang/03/17/cell_1761646631310_912349010008_83430_0000.png,thumbs/cluster_7/063_cell_1761646631310_912349010008_83430_0000.jpg
7,/home/wangqianqian/project/FS/data/28gusui&pizang/03/15/cell_1761646551207_912349010008_77023_0100.png,thumbs/cluster_7/064_cell_1761646551207_912349010008_77023_0100.jpg
7,/home/wangqianqian/project/FS/data/28gusui&pizang/03/17/cell_1761646648589_912349010008_84967_0000.png,thumbs/cluster_7/065_cell_1761646648589_912349010008_84967_0000.jpg
7,/home/wangqianqian/project/FS/data/28gusui&pizang/03/03/cell_1761645822950_912349010008_17472_0100.png,thumbs/cluster_7/066_cell_1761645822950_912349010008_17472_0100.jpg
7,/home/wangqianqian/project/FS/data/28gusui&pizang/03/05/cell_1761645941712_912349010008_26924_0100.png,thumbs/cluster_7/067_cell_1761645941712_912349010008_26924_0100.jpg
7,/home/wangqianqian/project/FS/data/28gusui&pizang/03/20/cell_1761646857675_912349010008_102512_0000.png,thumbs/cluster_7/068_cell_1761646857675_912349010008_102512_0000.jpg
7,/home/wangqianqian/project/FS/data/28gusui&pizang/03/16/cell_1761646612301_912349010008_81788_0000.png,thumbs/cluster_7/069_cell_1761646612301_912349010008_81788_0000.jpg
7,/home/wangqianqian/project/FS/data/28gusui&pizang/03/16/cell_1761646616346_912349010008_82143_0000.png,thumbs/cluster_7/070_cell_1761646616346_912349010008_82143_0000.jpg
7,/home/wangqianqian/project/FS/data/28gusui&pizang/03/17/cell_1761646627755_912349010008_83114_0000.png,thumbs/cluster_7/071_cell_1761646627755_912349010008_83114_0000.jpg
7,/home/wangqianqian/project/FS/data/28gusui&pizang/03/09/cell_1761646196068_912349010008_46994_0100.png,thumbs/cluster_7/072_cell_1761646196068_912349010008_46994_0100.jpg
7,/home/wangqianqian/project/FS/data/28gusui&pizang/03/13/cell_1761646395125_912349010008_63404_0000.png,thumbs/cluster_7/073_cell_1761646395125_912349010008_63404_0000.jpg
7,/home/wangqianqian/project/FS/data/28gusui&pizang/03/13/cell_1761646413515_912349010008_64833_0000.png,thumbs/cluster_7/074_cell_1761646413515_912349010008_64833_0000.jpg
7,/home/wangqianqian/project/FS/data/28gusui&pizang/03/05/cell_1761645954442_912349010008_27962_0100.png,thumbs/cluster_7/075_cell_1761645954442_912349010008_27962_0100.jpg
7,/home/wangqianqian/project/FS/data/28gusui&pizang/03/05/cell_1761645928339_912349010008_25891_0100.png,thumbs/cluster_7/076_cell_1761645928339_912349010008_25891_0100.jpg
7,/home/wangqianqian/project/FS/data/28gusui&pizang/03/02/cell_1761645774207_912349010008_13650_0000.png,thumbs/cluster_7/077_cell_1761645774207_912349010008_13650_0000.jpg
7,/home/wangqianqian/project/FS/data/28gusui&pizang/03/14/cell_1761646468473_912349010008_69823_0000.png,thumbs/cluster_7/078_cell_1761646468473_912349010008_69823_0000.jpg
7,/home/wangqianqian/project/FS/data/28gusui&pizang/03/09/cell_1761646195928_912349010008_46980_0000.png,thumbs/cluster_7/079_cell_1761646195928_912349010008_46980_0000.jpg
7,/home/wangqianqian/project/FS/data/28gusui&pizang/03/01/cell_1761645695424_912349010008_8124_0000.png,thumbs/cluster_7/080_cell_1761645695424_912349010008_8124_0000.jpg
7,/home/wangqianqian/project/FS/data/28gusui&pizang/03/07/cell_1761646025875_912349010008_33969_0000.png,thumbs/cluster_7/081_cell_1761646025875_912349010008_33969_0000.jpg
7,/home/wangqianqian/project/FS/data/28gusui&pizang/03/07/cell_1761646049081_912349010008_35989_0000.png,thumbs/cluster_7/082_cell_1761646049081_912349010008_35989_0000.jpg
7,/home/wangqianqian/project/FS/data/28gusui&pizang/03/19/cell_1761646743622_912349010008_92980_0000.png,thumbs/cluster_7/083_cell_1761646743622_912349010008_92980_0000.jpg
7,/home/wangqianqian/project/FS/data/28gusui&pizang/03/10/cell_1761646242850_912349010008_50824_0000.png,thumbs/cluster_7/084_cell_1761646242850_912349010008_50824_0000.jpg
7,/home/wangqianqian/project/FS/data/28gusui&pizang/03/11/cell_1761646295098_912349010008_55261_0000.png,thumbs/cluster_7/085_cell_1761646295098_912349010008_55261_0000.jpg
7,/home/wangqianqian/project/FS/data/28gusui&pizang/03/15/cell_1761646546403_912349010008_76657_0200.png,thumbs/cluster_7/086_cell_1761646546403_912349010008_76657_0200.jpg
7,/home/wangqianqian/project/FS/data/28gusui&pizang/03/13/cell_1761646411455_912349010008_64659_0100.png,thumbs/cluster_7/087_cell_1761646411455_912349010008_64659_0100.jpg
7,/home/wangqianqian/project/FS/data/28gusui&pizang/03/01/cell_1761645696466_912349010008_8174_0000.png,thumbs/cluster_7/088_cell_1761645696466_912349010008_8174_0000.jpg
7,/home/wangqianqian/project/FS/data/28gusui&pizang/03/11/cell_1761646309517_912349010008_56516_0000.png,thumbs/cluster_7/089_cell_1761646309517_912349010008_56516_0000.jpg
7,/home/wangqianqian/project/FS/data/28gusui&pizang/03/21/cell_1761646884973_912349010008_104785_0000.png,thumbs/cluster_7/090_cell_1761646884973_912349010008_104785_0000.jpg
7,/home/wangqianqian/project/FS/data/28gusui&pizang/03/14/cell_1761646457109_912349010008_68793_0100.png,thumbs/cluster_7/091_cell_1761646457109_912349010008_68793_0100.jpg
7,/home/wangqianqian/project/FS/data/28gusui&pizang/03/21/cell_1761646860680_912349010008_102776_0000.png,thumbs/cluster_7/092_cell_1761646860680_912349010008_102776_0000.jpg
7,/home/wangqianqian/project/FS/data/28gusui&pizang/03/14/cell_1761646475069_912349010008_70414_0000.png,thumbs/cluster_7/093_cell_1761646475069_912349010008_70414_0000.jpg
7,/home/wangqianqian/project/FS/data/28gusui&pizang/03/08/cell_1761646128027_912349010008_41992_0000.png,thumbs/cluster_7/094_cell_1761646128027_912349010008_41992_0000.jpg
7,/home/wangqianqian/project/FS/data/28gusui&pizang/03/10/cell_1761646234167_912349010008_50115_0100.png,thumbs/cluster_7/095_cell_1761646234167_912349010008_50115_0100.jpg
7,/home/wangqianqian/project/FS/data/28gusui&pizang/03/10/cell_1761646241333_912349010008_50715_0000.png,thumbs/cluster_7/096_cell_1761646241333_912349010008_50715_0000.jpg
7,/home/wangqianqian/project/FS/data/28gusui&pizang/03/08/cell_1761646115311_912349010008_41086_0000.png,thumbs/cluster_7/097_cell_1761646115311_912349010008_41086_0000.jpg
7,/home/wangqianqian/project/FS/data/28gusui&pizang/03/19/cell_1761646745393_912349010008_93112_0000.png,thumbs/cluster_7/098_cell_1761646745393_912349010008_93112_0000.jpg
7,/home/wangqianqian/project/FS/data/28gusui&pizang/03/10/cell_1761646226252_912349010008_49492_0100.png,thumbs/cluster_7/099_cell_1761646226252_912349010008_49492_0100.jpg
8,/home/wangqianqian/project/FS/data/28gusui&pizang/03/03/cell_1761645829950_912349010008_18008_0000.png,thumbs/cluster_8/000_cell_1761645829950_912349010008_18008_0000.jpg
8,/home/wangqianqian/project/FS/data/28gusui&pizang/03/12/cell_1761646324967_912349010008_57805_0100.png,thumbs/cluster_8/001_cell_1761646324967_912349010008_57805_0100.jpg
8,/home/wangqianqian/project/FS/data/28gusui&pizang/03/20/cell_1761646804900_912349010008_98022_0100.png,thumbs/cluster_8/002_cell_1761646804900_912349010008_98022_0100.jpg
8,/home/wangqianqian/project/FS/data/28gusui&pizang/03/18/cell_1761646704184_912349010008_89756_0000.png,thumbs/cluster_8/003_cell_1761646704184_912349010008_89756_0000.jpg
8,/home/wangqianqian/project/FS/data/28gusui&pizang/03/20/cell_1761646834778_912349010008_100545_0000.png,thumbs/cluster_8/004_cell_1761646834778_912349010008_100545_0000.jpg
8,/home/wangqianqian/project/FS/data/28gusui&pizang/03/07/cell_1761646075905_912349010008_38079_0000.png,thumbs/cluster_8/005_cell_1761646075905_912349010008_38079_0000.jpg
8,/home/wangqianqian/project/FS/data/28gusui&pizang/03/12/cell_1761646351177_912349010008_59955_0100.png,thumbs/cluster_8/006_cell_1761646351177_912349010008_59955_0100.jpg
8,/home/wangqianqian/project/FS/data/28gusui&pizang/03/09/cell_1761646186698_912349010008_46315_0100.png,thumbs/cluster_8/007_cell_1761646186698_912349010008_46315_0100.jpg
8,/home/wangqianqian/project/FS/data/28gusui&pizang/03/15/cell_1761646551276_912349010008_77029_0000.png,thumbs/cluster_8/008_cell_1761646551276_912349010008_77029_0000.jpg
8,/home/wangqianqian/project/FS/data/28gusui&pizang/03/17/cell_1761646674890_912349010008_87289_0000.png,thumbs/cluster_8/009_cell_1761646674890_912349010008_87289_0000.jpg
8,/home/wangqianqian/project/FS/data/28gusui&pizang/03/14/cell_1761646443459_912349010008_67545_0000.png,thumbs/cluster_8/010_cell_1761646443459_912349010008_67545_0000.jpg
8,/home/wangqianqian/project/FS/data/28gusui&pizang/03/09/cell_1761646177320_912349010008_45561_0000.png,thumbs/cluster_8/011_cell_1761646177320_912349010008_45561_0000.jpg
8,/home/wangqianqian/project/FS/data/28gusui&pizang/03/12/cell_1761646324188_912349010008_57726_0100.png,thumbs/cluster_8/012_cell_1761646324188_912349010008_57726_0100.jpg
8,/home/wangqianqian/project/FS/data/28gusui&pizang/03/08/cell_1761646111160_912349010008_40737_0100.png,thumbs/cluster_8/013_cell_1761646111160_912349010008_40737_0100.jpg
8,/home/wangqianqian/project/FS/data/28gusui&pizang/03/08/cell_1761646111889_912349010008_40809_0100.png,thumbs/cluster_8/014_cell_1761646111889_912349010008_40809_0100.jpg
8,/home/wangqianqian/project/FS/data/28gusui&pizang/03/06/cell_1761645980009_912349010008_30090_0000.png,thumbs/cluster_8/015_cell_1761645980009_912349010008_30090_0000.jpg
8,/home/wangqianqian/project/FS/data/28gusui&pizang/03/17/cell_1761646653683_912349010008_85407_0100.png,thumbs/cluster_8/016_cell_1761646653683_912349010008_85407_0100.jpg
8,/home/wangqianqian/project/FS/data/28gusui&pizang/03/02/cell_1761645728911_912349010008_10367_0100.png,thumbs/cluster_8/017_cell_1761645728911_912349010008_10367_0100.jpg
8,/home/wangqianqian/project/FS/data/28gusui&pizang/03/15/cell_1761646534149_912349010008_75591_0100.png,thumbs/cluster_8/018_cell_1761646534149_912349010008_75591_0100.jpg
8,/home/wangqianqian/project/FS/data/28gusui&pizang/03/19/cell_1761646747952_912349010008_93309_0000.png,thumbs/cluster_8/019_cell_1761646747952_912349010008_93309_0000.jpg
8,/home/wangqianqian/project/FS/data/28gusui&pizang/03/19/cell_1761646764164_912349010008_94591_0000.png,thumbs/cluster_8/020_cell_1761646764164_912349010008_94591_0000.jpg
8,/home/wangqianqian/project/FS/data/28gusui&pizang/03/05/cell_1761645925870_912349010008_25719_0100.png,thumbs/cluster_8/021_cell_1761645925870_912349010008_25719_0100.jpg
8,/home/wangqianqian/project/FS/data/28gusui&pizang/03/09/cell_1761646175484_912349010008_45406_0100.png,thumbs/cluster_8/022_cell_1761646175484_912349010008_45406_0100.jpg
8,/home/wangqianqian/project/FS/data/28gusui&pizang/03/12/cell_1761646323023_912349010008_57612_0000.png,thumbs/cluster_8/023_cell_1761646323023_912349010008_57612_0000.jpg
8,/home/wangqianqian/project/FS/data/28gusui&pizang/03/12/cell_1761646346425_912349010008_59535_0000.png,thumbs/cluster_8/024_cell_1761646346425_912349010008_59535_0000.jpg
8,/home/wangqianqian/project/FS/data/28gusui&pizang/03/17/cell_1761646677168_912349010008_87517_0000.png,thumbs/cluster_8/025_cell_1761646677168_912349010008_87517_0000.jpg
8,/home/wangqianqian/project/FS/data/28gusui&pizang/03/11/cell_1761646292509_912349010008_55024_0100.png,thumbs/cluster_8/026_cell_1761646292509_912349010008_55024_0100.jpg
8,/home/wangqianqian/project/FS/data/28gusui&pizang/03/19/cell_1761646772178_912349010008_95226_0100.png,thumbs/cluster_8/027_cell_1761646772178_912349010008_95226_0100.jpg
8,/home/wangqianqian/project/FS/data/28gusui&pizang/03/04/cell_1761645854072_912349010008_19995_0000.png,thumbs/cluster_8/028_cell_1761645854072_912349010008_19995_0000.jpg
8,/home/wangqianqian/project/FS/data/28gusui&pizang/03/03/cell_1761645836328_912349010008_18489_0000.png,thumbs/cluster_8/029_cell_1761645836328_912349010008_18489_0000.jpg
8,/home/wangqianqian/project/FS/data/28gusui&pizang/03/13/cell_1761646408722_912349010008_64432_0000.png,thumbs/cluster_8/030_cell_1761646408722_912349010008_64432_0000.jpg
8,/home/wangqianqian/project/FS/data/28gusui&pizang/03/12/cell_1761646341910_912349010008_59150_0100.png,thumbs/cluster_8/031_cell_1761646341910_912349010008_59150_0100.jpg
8,/home/wangqianqian/project/FS/data/28gusui&pizang/03/07/cell_1761646060659_912349010008_36996_0000.png,thumbs/cluster_8/032_cell_1761646060659_912349010008_36996_0000.jpg
8,/home/wangqianqian/project/FS/data/28gusui&pizang/03/21/cell_1761646917084_912349010008_107408_0100.png,thumbs/cluster_8/033_cell_1761646917084_912349010008_107408_0100.jpg
8,/home/wangqianqian/project/FS/data/28gusui&pizang/03/18/cell_1761646737108_912349010008_92459_0100.png,thumbs/cluster_8/034_cell_1761646737108_912349010008_92459_0100.jpg
8,/home/wangqianqian/project/FS/data/28gusui&pizang/03/03/cell_1761645808240_912349010008_16303_0000.png,thumbs/cluster_8/035_cell_1761645808240_912349010008_16303_0000.jpg
8,/home/wangqianqian/project/FS/data/28gusui&pizang/03/07/cell_1761646054210_912349010008_36483_0000.png,thumbs/cluster_8/036_cell_1761646054210_912349010008_36483_0000.jpg
8,/home/wangqianqian/project/FS/data/28gusui&pizang/03/02/cell_1761645732796_912349010008_10640_0000.png,thumbs/cluster_8/037_cell_1761645732796_912349010008_10640_0000.jpg
8,/home/wangqianqian/project/FS/data/28gusui&pizang/03/07/cell_1761646069828_912349010008_37663_0100.png,thumbs/cluster_8/038_cell_1761646069828_912349010008_37663_0100.jpg
8,/home/wangqianqian/project/FS/data/28gusui&pizang/03/03/cell_1761645814382_912349010008_16773_0100.png,thumbs/cluster_8/039_cell_1761645814382_912349010008_16773_0100.jpg
8,/home/wangqianqian/project/FS/data/28gusui&pizang/03/17/cell_1761646650769_912349010008_85160_0100.png,thumbs/cluster_8/040_cell_1761646650769_912349010008_85160_0100.jpg
8,/home/wangqianqian/project/FS/data/28gusui&pizang/03/14/cell_1761646473179_912349010008_70236_0100.png,thumbs/cluster_8/041_cell_1761646473179_912349010008_70236_0100.jpg
8,/home/wangqianqian/project/FS/data/28gusui&pizang/03/11/cell_1761646279067_912349010008_53791_0100.png,thumbs/cluster_8/042_cell_1761646279067_912349010008_53791_0100.jpg
8,/home/wangqianqian/project/FS/data/28gusui&pizang/03/01/cell_1761645691625_912349010008_7938_0100.png,thumbs/cluster_8/043_cell_1761645691625_912349010008_7938_0100.jpg
8,/home/wangqianqian/project/FS/data/28gusui&pizang/03/09/cell_1761646170141_912349010008_45041_0000.png,thumbs/cluster_8/044_cell_1761646170141_912349010008_45041_0000.jpg
8,/home/wangqianqian/project/FS/data/28gusui&pizang/03/19/cell_1761646746380_912349010008_93209_0000.png,thumbs/cluster_8/045_cell_1761646746380_912349010008_93209_0000.jpg
8,/home/wangqianqian/project/FS/data/28gusui&pizang/03/09/cell_1761646182465_912349010008_45975_0000.png,thumbs/cluster_8/046_cell_1761646182465_912349010008_45975_0000.jpg
8,/home/wangqianqian/project/FS/data/28gusui&pizang/03/17/cell_1761646638838_912349010008_84104_0000.png,thumbs/cluster_8/047_cell_1761646638838_912349010008_84104_0000.jpg
8,/home/wangqianqian/project/FS/data/28gusui&pizang/03/06/cell_1761646008782_912349010008_32435_0000.png,thumbs/cluster_8/048_cell_1761646008782_912349010008_32435_0000.jpg
8,/home/wangqianqian/project/FS/data/28gusui&pizang/03/18/cell_1761646724767_912349010008_91397_0000.png,thumbs/cluster_8/049_cell_1761646724767_912349010008_91397_0000.jpg
8,/home/wangqianqian/project/FS/data/28gusui&pizang/03/15/cell_1761646537948_912349010008_75919_0000.png,thumbs/cluster_8/050_cell_1761646537948_912349010008_75919_0000.jpg
8,/home/wangqianqian/project/FS/data/28gusui&pizang/03/02/cell_1761645747262_912349010008_11704_0000.png,thumbs/cluster_8/051_cell_1761645747262_912349010008_11704_0000.jpg
8,/home/wangqianqian/project/FS/data/28gusui&pizang/03/09/cell_1761646163731_912349010008_44600_0000.png,thumbs/cluster_8/052_cell_1761646163731_912349010008_44600_0000.jpg
8,/home/wangqianqian/project/FS/data/28gusui&pizang/03/20/cell_1761646818190_912349010008_99154_0000.png,thumbs/cluster_8/053_cell_1761646818190_912349010008_99154_0000.jpg
8,/home/wangqianqian/project/FS/data/28gusui&pizang/03/21/cell_1761646884435_912349010008_104750_0100.png,thumbs/cluster_8/054_cell_1761646884435_912349010008_104750_0100.jpg
8,/home/wangqianqian/project/FS/data/28gusui&pizang/03/21/cell_1761646897630_912349010008_105796_0100.png,thumbs/cluster_8/055_cell_1761646897630_912349010008_105796_0100.jpg
8,/home/wangqianqian/project/FS/data/28gusui&pizang/03/05/cell_1761645942396_912349010008_26975_0100.png,thumbs/cluster_8/056_cell_1761645942396_912349010008_26975_0100.jpg
8,/home/wangqianqian/project/FS/data/28gusui&pizang/03/19/cell_1761646782749_912349010008_96122_0000.png,thumbs/cluster_8/057_cell_1761646782749_912349010008_96122_0000.jpg
8,/home/wangqianqian/project/FS/data/28gusui&pizang/03/02/cell_1761645732340_912349010008_10608_0100.png,thumbs/cluster_8/058_cell_1761645732340_912349010008_10608_0100.jpg
8,/home/wangqianqian/project/FS/data/28gusui&pizang/03/17/cell_1761646646454_912349010008_84782_0100.png,thumbs/cluster_8/059_cell_1761646646454_912349010008_84782_0100.jpg
8,/home/wangqianqian/project/FS/data/28gusui&pizang/03/18/cell_1761646710682_912349010008_90256_0000.png,thumbs/cluster_8/060_cell_1761646710682_912349010008_90256_0000.jpg
8,/home/wangqianqian/project/FS/data/28gusui&pizang/03/18/cell_1761646705995_912349010008_89899_0100.png,thumbs/cluster_8/061_cell_1761646705995_912349010008_89899_0100.jpg
8,/home/wangqianqian/project/FS/data/28gusui&pizang/03/09/cell_1761646168455_912349010008_44933_0000.png,thumbs/cluster_8/062_cell_1761646168455_912349010008_44933_0000.jpg
8,/home/wangqianqian/project/FS/data/28gusui&pizang/03/13/cell_1761646399047_912349010008_63695_0100.png,thumbs/cluster_8/063_cell_1761646399047_912349010008_63695_0100.jpg
8,/home/wangqianqian/project/FS/data/28gusui&pizang/03/10/cell_1761646214287_912349010008_48479_0100.png,thumbs/cluster_8/064_cell_1761646214287_912349010008_48479_0100.jpg
8,/home/wangqianqian/project/FS/data/28gusui&pizang/03/17/cell_1761646626749_912349010008_83046_0100.png,thumbs/cluster_8/065_cell_1761646626749_912349010008_83046_0100.jpg
8,/home/wangqianqian/project/FS/data/28gusui&pizang/03/16/cell_1761646571833_912349010008_78585_0000.png,thumbs/cluster_8/066_cell_1761646571833_912349010008_78585_0000.jpg
8,/home/wangqianqian/project/FS/data/28gusui&pizang/03/05/cell_1761645906175_912349010008_24236_0000.png,thumbs/cluster_8/067_cell_1761645906175_912349010008_24236_0000.jpg
8,/home/wangqianqian/project/FS/data/28gusui&pizang/03/20/cell_1761646828103_912349010008_100018_0000.png,thumbs/cluster_8/068_cell_1761646828103_912349010008_100018_0000.jpg
8,/home/wangqianqian/project/FS/data/28gusui&pizang/03/16/cell_1761646602189_912349010008_80964_0100.png,thumbs/cluster_8/069_cell_1761646602189_912349010008_80964_0100.jpg
8,/home/wangqianqian/project/FS/data/28gusui&pizang/03/05/cell_1761645922519_912349010008_25444_0000.png,thumbs/cluster_8/070_cell_1761645922519_912349010008_25444_0000.jpg
8,/home/wangqianqian/project/FS/data/28gusui&pizang/03/18/cell_1761646736831_912349010008_92436_0000.png,thumbs/cluster_8/071_cell_1761646736831_912349010008_92436_0000.jpg
8,/home/wangqianqian/project/FS/data/28gusui&pizang/03/16/cell_1761646575616_912349010008_78888_0100.png,thumbs/cluster_8/072_cell_1761646575616_912349010008_78888_0100.jpg
8,/home/wangqianqian/project/FS/data/28gusui&pizang/03/12/cell_1761646362056_912349010008_60857_0000.png,thumbs/cluster_8/073_cell_1761646362056_912349010008_60857_0000.jpg
8,/home/wangqianqian/project/FS/data/28gusui&pizang/03/15/cell_1761646529002_912349010008_75195_0100.png,thumbs/cluster_8/074_cell_1761646529002_912349010008_75195_0100.jpg
8,/home/wangqianqian/project/FS/data/28gusui&pizang/03/09/cell_1761646196470_912349010008_47029_0000.png,thumbs/cluster_8/075_cell_1761646196470_912349010008_47029_0000.jpg
8,/home/wangqianqian/project/FS/data/28gusui&pizang/03/03/cell_1761645784713_912349010008_14488_0000.png,thumbs/cluster_8/076_cell_1761645784713_912349010008_14488_0000.jpg
8,/home/wangqianqian/project/FS/data/28gusui&pizang/03/19/cell_1761646764508_912349010008_94611_0100.png,thumbs/cluster_8/077_cell_1761646764508_912349010008_94611_0100.jpg
8,/home/wangqianqian/project/FS/data/28gusui&pizang/03/21/cell_1761646880649_912349010008_104445_0100.png,thumbs/cluster_8/078_cell_1761646880649_912349010008_104445_0100.jpg
8,/home/wangqianqian/project/FS/data/28gusui&pizang/03/15/cell_1761646543681_912349010008_76413_0000.png,thumbs/cluster_8/079_cell_1761646543681_912349010008_76413_0000.jpg
8,/home/wangqianqian/project/FS/data/28gusui&pizang/03/14/cell_1761646451402_912349010008_68304_0000.png,thumbs/cluster_8/080_cell_1761646451402_912349010008_68304_0000.jpg
8,/home/wangqianqian/project/FS/data/28gusui&pizang/03/16/cell_1761646578931_912349010008_79144_0100.png,thumbs/cluster_8/081_cell_1761646578931_912349010008_79144_0100.jpg
8,/home/wangqianqian/project/FS/data/28gusui&pizang/03/19/cell_1761646745358_912349010008_93111_0100.png,thumbs/cluster_8/082_cell_1761646745358_912349010008_93111_0100.jpg
8,/home/wangqianqian/project/FS/data/28gusui&pizang/03/17/cell_1761646632298_912349010008_83534_0100.png,thumbs/cluster_8/083_cell_1761646632298_912349010008_83534_0100.jpg
8,/home/wangqianqian/project/FS/data/28gusui&pizang/03/14/cell_1761646491942_912349010008_72029_0000.png,thumbs/cluster_8/084_cell_1761646491942_912349010008_72029_0000.jpg
8,/home/wangqianqian/project/FS/data/28gusui&pizang/03/08/cell_1761646124140_912349010008_41714_0000.png,thumbs/cluster_8/085_cell_1761646124140_912349010008_41714_0000.jpg
8,/home/wangqianqian/project/FS/data/28gusui&pizang/03/20/cell_1761646802795_912349010008_97827_0100.png,thumbs/cluster_8/086_cell_1761646802795_912349010008_97827_0100.jpg
8,/home/wangqianqian/project/FS/data/28gusui&pizang/03/03/cell_1761645827062_912349010008_17781_0100.png,thumbs/cluster_8/087_cell_1761645827062_912349010008_17781_0100.jpg
8,/home/wangqianqian/project/FS/data/28gusui&pizang/03/15/cell_1761646550317_912349010008_76957_0000.png,thumbs/cluster_8/088_cell_1761646550317_912349010008_76957_0000.jpg
8,/home/wangqianqian/project/FS/data/28gusui&pizang/03/17/cell_1761646629783_912349010008_83291_0100.png,thumbs/cluster_8/089_cell_1761646629783_912349010008_83291_0100.jpg
8,/home/wangqianqian/project/FS/data/28gusui&pizang/03/19/cell_1761646765163_912349010008_94658_0100.png,thumbs/cluster_8/090_cell_1761646765163_912349010008_94658_0100.jpg
8,/home/wangqianqian/project/FS/data/28gusui&pizang/03/07/cell_1761646026893_912349010008_34055_0100.png,thumbs/cluster_8/091_cell_1761646026893_912349010008_34055_0100.jpg
8,/home/wangqianqian/project/FS/data/28gusui&pizang/03/19/cell_1761646766271_912349010008_94747_0000.png,thumbs/cluster_8/092_cell_1761646766271_912349010008_94747_0000.jpg
8,/home/wangqianqian/project/FS/data/28gusui&pizang/03/17/cell_1761646676912_912349010008_87498_0000.png,thumbs/cluster_8/093_cell_1761646676912_912349010008_87498_0000.jpg
8,/home/wangqianqian/project/FS/data/28gusui&pizang/03/13/cell_1761646402024_912349010008_63914_0000.png,thumbs/cluster_8/094_cell_1761646402024_912349010008_63914_0000.jpg
8,/home/wangqianqian/project/FS/data/28gusui&pizang/03/16/cell_1761646618239_912349010008_82302_0000.png,thumbs/cluster_8/095_cell_1761646618239_912349010008_82302_0000.jpg
8,/home/wangqianqian/project/FS/data/28gusui&pizang/03/06/cell_1761645990341_912349010008_30915_0100.png,thumbs/cluster_8/096_cell_1761645990341_912349010008_30915_0100.jpg
8,/home/wangqianqian/project/FS/data/28gusui&pizang/03/17/cell_1761646658750_912349010008_85826_0000.png,thumbs/cluster_8/097_cell_1761646658750_912349010008_85826_0000.jpg
8,/home/wangqianqian/project/FS/data/28gusui&pizang/03/06/cell_1761645995312_912349010008_31315_0000.png,thumbs/cluster_8/098_cell_1761645995312_912349010008_31315_0000.jpg
8,/home/wangqianqian/project/FS/data/28gusui&pizang/03/08/cell_1761646138692_912349010008_42711_0000.png,thumbs/cluster_8/099_cell_1761646138692_912349010008_42711_0000.jpg
9,/home/wangqianqian/project/FS/data/28gusui&pizang/03/21/cell_1761646898098_912349010008_105838_0100.png,thumbs/cluster_9/000_cell_1761646898098_912349010008_105838_0100.jpg
9,/home/wangqianqian/project/FS/data/28gusui&pizang/03/17/cell_1761646662468_912349010008_86143_0100.png,thumbs/cluster_9/001_cell_1761646662468_912349010008_86143_0100.jpg
9,/home/wangqianqian/project/FS/data/28gusui&pizang/03/10/cell_1761646239741_912349010008_50592_0000.png,thumbs/cluster_9/002_cell_1761646239741_912349010008_50592_0000.jpg
9,/home/wangqianqian/project/FS/data/28gusui&pizang/03/03/cell_1761645827062_912349010008_17781_0000.png,thumbs/cluster_9/003_cell_1761645827062_912349010008_17781_0000.jpg
9,/home/wangqianqian/project/FS/data/28gusui&pizang/03/05/cell_1761645939605_912349010008_26733_0000.png,thumbs/cluster_9/004_cell_1761645939605_912349010008_26733_0000.jpg
9,/home/wangqianqian/project/FS/data/28gusui&pizang/03/04/cell_1761645855138_912349010008_20095_0100.png,thumbs/cluster_9/005_cell_1761645855138_912349010008_20095_0100.jpg
9,/home/wangqianqian/project/FS/data/28gusui&pizang/03/20/cell_1761646809126_912349010008_98386_0000.png,thumbs/cluster_9/006_cell_1761646809126_912349010008_98386_0000.jpg
9,/home/wangqianqian/project/FS/data/28gusui&pizang/03/19/cell_1761646786144_912349010008_96358_0000.png,thumbs/cluster_9/007_cell_1761646786144_912349010008_96358_0000.jpg
9,/home/wangqianqian/project/FS/data/28gusui&pizang/03/06/cell_1761645985937_912349010008_30583_0000.png,thumbs/cluster_9/008_cell_1761645985937_912349010008_30583_0000.jpg
9,/home/wangqianqian/project/FS/data/28gusui&pizang/03/15/cell_1761646556649_912349010008_77446_0000.png,thumbs/cluster_9/009_cell_1761646556649_912349010008_77446_0000.jpg
9,/home/wangqianqian/project/FS/data/28gusui&pizang/03/08/cell_1761646129436_912349010008_42082_0100.png,thumbs/cluster_9/010_cell_1761646129436_912349010008_42082_0100.jpg
9,/home/wangqianqian/project/FS/data/28gusui&pizang/03/07/cell_1761646078826_912349010008_38291_0100.png,thumbs/cluster_9/011_cell_1761646078826_912349010008_38291_0100.jpg
9,/home/wangqianqian/project/FS/data/28gusui&pizang/03/20/cell_1761646800974_912349010008_97660_0000.png,thumbs/cluster_9/012_cell_1761646800974_912349010008_97660_0000.jpg
9,/home/wangqianqian/project/FS/data/28gusui&pizang/03/19/cell_1761646776801_912349010008_95650_0100.png,thumbs/cluster_9/013_cell_1761646776801_912349010008_95650_0100.jpg
9,/home/wangqianqian/project/FS/data/28gusui&pizang/03/07/cell_1761646047577_912349010008_35851_0000.png,thumbs/cluster_9/014_cell_1761646047577_912349010008_35851_0000.jpg
9,/home/wangqianqian/project/FS/data/28gusui&pizang/03/05/cell_1761645954558_912349010008_27976_0100.png,thumbs/cluster_9/015_cell_1761645954558_912349010008_27976_0100.jpg
9,/home/wangqianqian/project/FS/data/28gusui&pizang/03/08/cell_1761646104441_912349010008_40269_0100.png,thumbs/cluster_9/016_cell_1761646104441_912349010008_40269_0100.jpg
9,/home/wangqianqian/project/FS/data/28gusui&pizang/03/06/cell_1761645964520_912349010008_28752_0100.png,thumbs/cluster_9/017_cell_1761645964520_912349010008_28752_0100.jpg
9,/home/wangqianqian/project/FS/data/28gusui&pizang/03/02/cell_1761645740450_912349010008_11193_0000.png,thumbs/cluster_9/018_cell_1761645740450_912349010008_11193_0000.jpg
9,/home/wangqianqian/project/FS/data/28gusui&pizang/03/07/cell_1761646029085_912349010008_34256_0000.png,thumbs/cluster_9/019_cell_1761646029085_912349010008_34256_0000.jpg
9,/home/wangqianqian/project/FS/data/28gusui&pizang/03/13/cell_1761646393329_912349010008_63265_0000.png,thumbs/cluster_9/020_cell_1761646393329_912349010008_63265_0000.jpg
9,/home/wangqianqian/project/FS/data/28gusui&pizang/03/06/cell_1761645980667_912349010008_30149_0100.png,thumbs/cluster_9/021_cell_1761645980667_912349010008_30149_0100.jpg
9,/home/wangqianqian/project/FS/data/28gusui&pizang/03/19/cell_1761646799074_912349010008_97486_0000.png,thumbs/cluster_9/022_cell_1761646799074_912349010008_97486_0000.jpg
9,/home/wangqianqian/project/FS/data/28gusui&pizang/03/09/cell_1761646198061_912349010008_47172_0100.png,thumbs/cluster_9/023_cell_1761646198061_912349010008_47172_0100.jpg
9,/home/wangqianqian/project/FS/data/28gusui&pizang/03/19/cell_1761646787609_912349010008_96474_0000.png,thumbs/cluster_9/024_cell_1761646787609_912349010008_96474_0000.jpg
9,/home/wangqianqian/project/FS/data/28gusui&pizang/03/14/cell_1761646492166_912349010008_72054_0000.png,thumbs/cluster_9/025_cell_1761646492166_912349010008_72054_0000.jpg
9,/home/wangqianqian/project/FS/data/28gusui&pizang/03/10/cell_1761646259002_912349010008_52113_0000.png,thumbs/cluster_9/026_cell_1761646259002_912349010008_52113_0000.jpg
9,/home/wangqianqian/project/FS/data/28gusui&pizang/03/05/cell_1761645928331_912349010008_25890_0000.png,thumbs/cluster_9/027_cell_1761645928331_912349010008_25890_0000.jpg
9,/home/wangqianqian/project/FS/data/28gusui&pizang/03/20/cell_1761646842435_912349010008_101173_0100.png,thumbs/cluster_9/028_cell_1761646842435_912349010008_101173_0100.jpg
9,/home/wangqianqian/project/FS/data/28gusui&pizang/03/05/cell_1761645952743_912349010008_27841_0100.png,thumbs/cluster_9/029_cell_1761645952743_912349010008_27841_0100.jpg
9,/home/wangqianqian/project/FS/data/28gusui&pizang/03/13/cell_1761646421269_912349010008_65493_0100.png,thumbs/cluster_9/030_cell_1761646421269_912349010008_65493_0100.jpg
9,/home/wangqianqian/project/FS/data/28gusui&pizang/03/11/cell_1761646270092_912349010008_53004_0100.png,thumbs/cluster_9/031_cell_1761646270092_912349010008_53004_0100.jpg
9,/home/wangqianqian/project/FS/data/28gusui&pizang/03/14/cell_1761646447583_912349010008_67948_0000.png,thumbs/cluster_9/032_cell_1761646447583_912349010008_67948_0000.jpg
9,/home/wangqianqian/project/FS/data/28gusui&pizang/03/08/cell_1761646088415_912349010008_39039_0000.png,thumbs/cluster_9/033_cell_1761646088415_912349010008_39039_0000.jpg
9,/home/wangqianqian/project/FS/data/28gusui&pizang/03/12/cell_1761646360129_912349010008_60669_0100.png,thumbs/cluster_9/034_cell_1761646360129_912349010008_60669_0100.jpg
9,/home/wangqianqian/project/FS/data/28gusui&pizang/03/06/cell_1761645986790_912349010008_30649_0100.png,thumbs/cluster_9/035_cell_1761645986790_912349010008_30649_0100.jpg
9,/home/wangqianqian/project/FS/data/28gusui&pizang/03/19/cell_1761646743479_912349010008_92967_0100.png,thumbs/cluster_9/036_cell_1761646743479_912349010008_92967_0100.jpg
9,/home/wangqianqian/project/FS/data/28gusui&pizang/03/02/cell_1761645772993_912349010008_13561_0100.png,thumbs/cluster_9/037_cell_1761645772993_912349010008_13561_0100.jpg
9,/home/wangqianqian/project/FS/data/28gusui&pizang/03/01/cell_1761645693931_912349010008_8034_0000.png,thumbs/cluster_9/038_cell_1761645693931_912349010008_8034_0000.jpg
9,/home/wangqianqian/project/FS/data/28gusui&pizang/03/20/cell_1761646827143_912349010008_99933_0000.png,thumbs/cluster_9/039_cell_1761646827143_912349010008_99933_0000.jpg
9,/home/wangqianqian/project/FS/data/28gusui&pizang/03/17/cell_1761646654178_912349010008_85440_0000.png,thumbs/cluster_9/040_cell_1761646654178_912349010008_85440_0000.jpg
9,/home/wangqianqian/project/FS/data/28gusui&pizang/03/13/cell_1761646428218_912349010008_66168_0100.png,thumbs/cluster_9/041_cell_1761646428218_912349010008_66168_0100.jpg
9,/home/wangqianqian/project/FS/data/28gusui&pizang/03/15/cell_1761646531844_912349010008_75422_0100.png,thumbs/cluster_9/042_cell_1761646531844_912349010008_75422_0100.jpg
9,/home/wangqianqian/project/FS/data/28gusui&pizang/03/21/cell_1761646861433_912349010008_102856_0100.png,thumbs/cluster_9/043_cell_1761646861433_912349010008_102856_0100.jpg
9,/home/wangqianqian/project/FS/data/28gusui&pizang/03/15/cell_1761646542305_912349010008_76292_0100.png,thumbs/cluster_9/044_cell_1761646542305_912349010008_76292_0100.jpg
9,/home/wangqianqian/project/FS/data/28gusui&pizang/03/18/cell_1761646732583_912349010008_92066_0000.png,thumbs/cluster_9/045_cell_1761646732583_912349010008_92066_0000.jpg
9,/home/wangqianqian/project/FS/data/28gusui&pizang/03/07/cell_1761646045951_912349010008_35700_0100.png,thumbs/cluster_9/046_cell_1761646045951_912349010008_35700_0100.jpg
9,/home/wangqianqian/project/FS/data/28gusui&pizang/03/16/cell_1761646585035_912349010008_79551_0100.png,thumbs/cluster_9/047_cell_1761646585035_912349010008_79551_0100.jpg
9,/home/wangqianqian/project/FS/data/28gusui&pizang/03/09/cell_1761646184033_912349010008_46093_0000.png,thumbs/cluster_9/048_cell_1761646184033_912349010008_46093_0000.jpg
9,/home/wangqianqian/project/FS/data/28gusui&pizang/03/21/cell_1761646865217_912349010008_103210_0100.png,thumbs/cluster_9/049_cell_1761646865217_912349010008_103210_0100.jpg
9,/home/wangqianqian/project/FS/data/28gusui&pizang/03/05/cell_1761645933509_912349010008_26288_0000.png,thumbs/cluster_9/050_cell_1761645933509_912349010008_26288_0000.jpg
9,/home/wangqianqian/project/FS/data/28gusui&pizang/03/05/cell_1761645912067_912349010008_24671_0100.png,thumbs/cluster_9/051_cell_1761645912067_912349010008_24671_0100.jpg
9,/home/wangqianqian/project/FS/data/28gusui&pizang/03/01/cell_1761645718661_912349010008_9671_0000.png,thumbs/cluster_9/052_cell_1761645718661_912349010008_9671_0000.jpg
9,/home/wangqianqian/project/FS/data/28gusui&pizang/03/08/cell_1761646133706_912349010008_42382_0000.png,thumbs/cluster_9/053_cell_1761646133706_912349010008_42382_0000.jpg
9,/home/wangqianqian/project/FS/data/28gusui&pizang/03/16/cell_1761646600725_912349010008_80840_0000.png,thumbs/cluster_9/054_cell_1761646600725_912349010008_80840_0000.jpg
9,/home/wangqianqian/project/FS/data/28gusui&pizang/03/12/cell_1761646356373_912349010008_60374_0000.png,thumbs/cluster_9/055_cell_1761646356373_912349010008_60374_0000.jpg
9,/home/wangqianqian/project/FS/data/28gusui&pizang/03/05/cell_1761645927925_912349010008_25857_0000.png,thumbs/cluster_9/056_cell_1761645927925_912349010008_25857_0000.jpg
9,/home/wangqianqian/project/FS/data/28gusui&pizang/03/16/cell_1761646610147_912349010008_81602_0000.png,thumbs/cluster_9/057_cell_1761646610147_912349010008_81602_0000.jpg
9,/home/wangqianqian/project/FS/data/28gusui&pizang/03/15/cell_1761646515590_912349010008_74101_0000.png,thumbs/cluster_9/058_cell_1761646515590_912349010008_74101_0000.jpg
9,/home/wangqianqian/project/FS/data/28gusui&pizang/03/02/cell_1761645746765_912349010008_11679_0100.png,thumbs/cluster_9/059_cell_1761645746765_912349010008_11679_0100.jpg
9,/home/wangqianqian/project/FS/data/28gusui&pizang/03/13/cell_1761646416387_912349010008_65066_0000.png,thumbs/cluster_9/060_cell_1761646416387_912349010008_65066_0000.jpg
9,/home/wangqianqian/project/FS/data/28gusui&pizang/03/12/cell_1761646326846_912349010008_57974_0100.png,thumbs/cluster_9/061_cell_1761646326846_912349010008_57974_0100.jpg
9,/home/wangqianqian/project/FS/data/28gusui&pizang/03/11/cell_1761646264563_912349010008_52567_0100.png,thumbs/cluster_9/062_cell_1761646264563_912349010008_52567_0100.jpg
9,/home/wangqianqian/project/FS/data/28gusui&pizang/03/07/cell_1761646054589_912349010008_36516_0100.png,thumbs/cluster_9/063_cell_1761646054589_912349010008_36516_0100.jpg
9,/home/wangqianqian/project/FS/data/28gusui&pizang/03/08/cell_1761646091785_912349010008_39311_0100.png,thumbs/cluster_9/064_cell_1761646091785_912349010008_39311_0100.jpg
9,/home/wangqianqian/project/FS/data/28gusui&pizang/03/18/cell_1761646687506_912349010008_88462_0100.png,thumbs/cluster_9/065_cell_1761646687506_912349010008_88462_0100.jpg
9,/home/wangqianqian/project/FS/data/28gusui&pizang/03/03/cell_1761645799045_912349010008_15573_0100.png,thumbs/cluster_9/066_cell_1761645799045_912349010008_15573_0100.jpg
9,/home/wangqianqian/project/FS/data/28gusui&pizang/03/16/cell_1761646613618_912349010008_81895_0000.png,thumbs/cluster_9/067_cell_1761646613618_912349010008_81895_0000.jpg
9,/home/wangqianqian/project/FS/data/28gusui&pizang/03/16/cell_1761646583371_912349010008_79441_0100.png,thumbs/cluster_9/068_cell_1761646583371_912349010008_79441_0100.jpg
9,/home/wangqianqian/project/FS/data/28gusui&pizang/03/16/cell_1761646565493_912349010008_78089_0100.png,thumbs/cluster_9/069_cell_1761646565493_912349010008_78089_0100.jpg
9,/home/wangqianqian/project/FS/data/28gusui&pizang/03/04/cell_1761645875642_912349010008_21902_0000.png,thumbs/cluster_9/070_cell_1761645875642_912349010008_21902_0000.jpg
9,/home/wangqianqian/project/FS/data/28gusui&pizang/03/21/cell_1761646905501_912349010008_106432_0000.png,thumbs/cluster_9/071_cell_1761646905501_912349010008_106432_0000.jpg
9,/home/wangqianqian/project/FS/data/28gusui&pizang/03/05/cell_1761645947262_912349010008_27403_0000.png,thumbs/cluster_9/072_cell_1761645947262_912349010008_27403_0000.jpg
9,/home/wangqianqian/project/FS/data/28gusui&pizang/03/02/cell_1761645757342_912349010008_12497_0100.png,thumbs/cluster_9/073_cell_1761645757342_912349010008_12497_0100.jpg
9,/home/wangqianqian/project/FS/data/28gusui&pizang/03/01/cell_1761645716857_912349010008_9507_0100.png,thumbs/cluster_9/074_cell_1761645716857_912349010008_9507_0100.jpg
9,/home/wangqianqian/project/FS/data/28gusui&pizang/03/20/cell_1761646854716_912349010008_102246_0000.png,thumbs/cluster_9/075_cell_1761646854716_912349010008_102246_0000.jpg
9,/home/wangqianqian/project/FS/data/28gusui&pizang/03/10/cell_1761646238846_912349010008_50520_0100.png,thumbs/cluster_9/076_cell_1761646238846_912349010008_50520_0100.jpg
9,/home/wangqianqian/project/FS/data/28gusui&pizang/03/07/cell_1761646060315_912349010008_36971_0000.png,thumbs/cluster_9/077_cell_1761646060315_912349010008_36971_0000.jpg
9,/home/wangqianqian/project/FS/data/28gusui&pizang/03/18/cell_1761646711378_912349010008_90310_0100.png,thumbs/cluster_9/078_cell_1761646711378_912349010008_90310_0100.jpg
9,/home/wangqianqian/project/FS/data/28gusui&pizang/03/11/cell_1761646292656_912349010008_55046_0000.png,thumbs/cluster_9/079_cell_1761646292656_912349010008_55046_0000.jpg
9,/home/wangqianqian/project/FS/data/28gusui&pizang/03/19/cell_1761646792026_912349010008_96837_0100.png,thumbs/cluster_9/080_cell_1761646792026_912349010008_96837_0100.jpg
9,/home/wangqianqian/project/FS/data/28gusui&pizang/03/16/cell_1761646609307_912349010008_81543_0000.png,thumbs/cluster_9/081_cell_1761646609307_912349010008_81543_0000.jpg
9,/home/wangqianqian/project/FS/data/28gusui&pizang/03/18/cell_1761646703796_912349010008_89726_0000.png,thumbs/cluster_9/082_cell_1761646703796_912349010008_89726_0000.jpg
9,/home/wangqianqian/project/FS/data/28gusui&pizang/03/05/cell_1761645942115_912349010008_26952_0000.png,thumbs/cluster_9/083_cell_1761645942115_912349010008_26952_0000.jpg
9,/home/wangqianqian/project/FS/data/28gusui&pizang/03/21/cell_1761646909971_912349010008_106799_0000.png,thumbs/cluster_9/084_cell_1761646909971_912349010008_106799_0000.jpg
9,/home/wangqianqian/project/FS/data/28gusui&pizang/03/18/cell_1761646739352_912349010008_92645_0000.png,thumbs/cluster_9/085_cell_1761646739352_912349010008_92645_0000.jpg
9,/home/wangqianqian/project/FS/data/28gusui&pizang/03/17/cell_1761646625427_912349010008_82914_0000.png,thumbs/cluster_9/086_cell_1761646625427_912349010008_82914_0000.jpg
9,/home/wangqianqian/project/FS/data/28gusui&pizang/03/20/cell_1761646848536_912349010008_101665_0100.png,thumbs/cluster_9/087_cell_1761646848536_912349010008_101665_0100.jpg
9,/home/wangqianqian/project/FS/data/28gusui&pizang/03/14/cell_1761646453078_912349010008_68434_0100.png,thumbs/cluster_9/088_cell_1761646453078_912349010008_68434_0100.jpg
9,/home/wangqianqian/project/FS/data/28gusui&pizang/03/14/cell_1761646471993_912349010008_70140_0000.png,thumbs/cluster_9/089_cell_1761646471993_912349010008_70140_0000.jpg
9,/home/wangqianqian/project/FS/data/28gusui&pizang/03/02/cell_1761645770062_912349010008_13352_0000.png,thumbs/cluster_9/090_cell_1761645770062_912349010008_13352_0000.jpg
9,/home/wangqianqian/project/FS/data/28gusui&pizang/03/11/cell_1761646307023_912349010008_56306_0000.png,thumbs/cluster_9/091_cell_1761646307023_912349010008_56306_0000.jpg
9,/home/wangqianqian/project/FS/data/28gusui&pizang/03/01/cell_1761645702511_912349010008_8548_0000.png,thumbs/cluster_9/092_cell_1761645702511_912349010008_8548_0000.jpg
9,/home/wangqianqian/project/FS/data/28gusui&pizang/03/19/cell_1761646749004_912349010008_93393_0100.png,thumbs/cluster_9/093_cell_1761646749004_912349010008_93393_0100.jpg
9,/home/wangqianqian/project/FS/data/28gusui&pizang/03/06/cell_1761646019203_912349010008_33409_0100.png,thumbs/cluster_9/094_cell_1761646019203_912349010008_33409_0100.jpg
9,/home/wangqianqian/project/FS/data/28gusui&pizang/03/03/cell_1761645808979_912349010008_16360_0100.png,thumbs/cluster_9/095_cell_1761645808979_912349010008_16360_0100.jpg
9,/home/wangqianqian/project/FS/data/28gusui&pizang/03/18/cell_1761646716124_912349010008_90687_0000.png,thumbs/cluster_9/096_cell_1761646716124_912349010008_90687_0000.jpg
9,/home/wangqianqian/project/FS/data/28gusui&pizang/03/19/cell_1761646792540_912349010008_96881_0100.png,thumbs/cluster_9/097_cell_1761646792540_912349010008_96881_0100.jpg
9,/home/wangqianqian/project/FS/data/28gusui&pizang/03/19/cell_1761646772564_912349010008_95257_0000.png,thumbs/cluster_9/098_cell_1761646772564_912349010008_95257_0000.jpg
9,/home/wangqianqian/project/FS/data/28gusui&pizang/03/02/cell_1761645759597_912349010008_12646_0000.png,thumbs/cluster_9/099_cell_1761645759597_912349010008_12646_0000.jpg
10,/home/wangqianqian/project/FS/data/28gusui&pizang/03/03/cell_1761645805563_912349010008_16099_0000.png,thumbs/cluster_10/000_cell_1761645805563_912349010008_16099_0000.jpg
10,/home/wangqianqian/project/FS/data/28gusui&pizang/03/07/cell_1761646063557_912349010008_37223_0000.png,thumbs/cluster_10/001_cell_1761646063557_912349010008_37223_0000.jpg
10,/home/wangqianqian/project/FS/data/28gusui&pizang/03/19/cell_1761646766285_912349010008_94749_0100.png,thumbs/cluster_10/002_cell_1761646766285_912349010008_94749_0100.jpg
10,/home/wangqianqian/project/FS/data/28gusui&pizang/03/05/cell_1761645906315_912349010008_24261_0100.png,thumbs/cluster_10/003_cell_1761645906315_912349010008_24261_0100.jpg
10,/home/wangqianqian/project/FS/data/28gusui&pizang/03/19/cell_1761646772090_912349010008_95218_0100.png,thumbs/cluster_10/004_cell_1761646772090_912349010008_95218_0100.jpg
10,/home/wangqianqian/project/FS/data/28gusui&pizang/03/07/cell_1761646021104_912349010008_33570_0100.png,thumbs/cluster_10/005_cell_1761646021104_912349010008_33570_0100.jpg
10,/home/wangqianqian/project/FS/data/28gusui&pizang/03/20/cell_1761646845380_912349010008_101432_0100.png,thumbs/cluster_10/006_cell_1761646845380_912349010008_101432_0100.jpg
10,/home/wangqianqian/project/FS/data/28gusui&pizang/03/17/cell_1761646650683_912349010008_85150_0100.png,thumbs/cluster_10/007_cell_1761646650683_912349010008_85150_0100.jpg
10,/home/wangqianqian/project/FS/data/28gusui&pizang/03/06/cell_1761645973770_912349010008_29532_0100.png,thumbs/cluster_10/008_cell_1761645973770_912349010008_29532_0100.jpg
10,/home/wangqianqian/project/FS/data/28gusui&pizang/03/19/cell_1761646797919_912349010008_97342_0100.png,thumbs/cluster_10/009_cell_1761646797919_912349010008_97342_0100.jpg
10,/home/wangqianqian/project/FS/data/28gusui&pizang/03/19/cell_1761646761858_912349010008_94397_0100.png,thumbs/cluster_10/010_cell_1761646761858_912349010008_94397_0100.jpg
10,/home/wangqianqian/project/FS/data/28gusui&pizang/03/02/cell_1761645762695_912349010008_12852_0100.png,thumbs/cluster_10/011_cell_1761645762695_912349010008_12852_0100.jpg
10,/home/wangqianqian/project/FS/data/28gusui&pizang/03/14/cell_1761646477735_912349010008_70613_0000.png,thumbs/cluster_10/012_cell_1761646477735_912349010008_70613_0000.jpg
10,/home/wangqianqian/project/FS/data/28gusui&pizang/03/14/cell_1761646445733_912349010008_67755_0000.png,thumbs/cluster_10/013_cell_1761646445733_912349010008_67755_0000.jpg
10,/home/wangqianqian/project/FS/data/28gusui&pizang/03/17/cell_1761646626399_912349010008_83005_0000.png,thumbs/cluster_10/014_cell_1761646626399_912349010008_83005_0000.jpg
10,/home/wangqianqian/project/FS/data/28gusui&pizang/03/21/cell_1761646894016_912349010008_105488_0100.png,thumbs/cluster_10/015_cell_1761646894016_912349010008_105488_0100.jpg
10,/home/wangqianqian/project/FS/data/28gusui&pizang/03/03/cell_1761645796439_912349010008_15390_0000.png,thumbs/cluster_10/016_cell_1761645796439_912349010008_15390_0000.jpg
10,/home/wangqianqian/project/FS/data/28gusui&pizang/03/06/cell_1761645969894_912349010008_29199_0000.png,thumbs/cluster_10/017_cell_1761645969894_912349010008_29199_0000.jpg
10,/home/wangqianqian/project/FS/data/28gusui&pizang/03/03/cell_1761645831286_912349010008_18101_0100.png,thumbs/cluster_10/018_cell_1761645831286_912349010008_18101_0100.jpg
10,/home/wangqianqian/project/FS/data/28gusui&pizang/03/03/cell_1761645805128_912349010008_16066_0000.png,thumbs/cluster_10/019_cell_1761645805128_912349010008_16066_0000.jpg
10,/home/wangqianqian/project/FS/data/28gusui&pizang/03/14/cell_1761646447973_912349010008_67979_0000.png,thumbs/cluster_10/020_cell_1761646447973_912349010008_67979_0000.jpg
10,/home/wangqianqian/project/FS/data/28gusui&pizang/03/04/cell_1761645898518_912349010008_23622_0100.png,thumbs/cluster_10/021_cell_1761645898518_912349010008_23622_0100.jpg
10,/home/wangqianqian/project/FS/data/28gusui&pizang/03/07/cell_1761646070659_912349010008_37726_0100.png,thumbs/cluster_10/022_cell_1761646070659_912349010008_37726_0100.jpg
10,/home/wangqianqian/project/FS/data/28gusui&pizang/03/05/cell_1761645950068_912349010008_27644_0000.png,thumbs/cluster_10/023_cell_1761645950068_912349010008_27644_0000.jpg
10,/home/wangqianqian/project/FS/data/28gusui&pizang/03/07/cell_1761646028999_912349010008_34250_0100.png,thumbs/cluster_10/024_cell_1761646028999_912349010008_34250_0100.jpg
10,/home/wangqianqian/project/FS/data/28gusui&pizang/03/18/cell_1761646684897_912349010008_88234_0100.png,thumbs/cluster_10/025_cell_1761646684897_912349010008_88234_0100.jpg
10,/home/wangqianqian/project/FS/data/28gusui&pizang/03/12/cell_1761646339576_912349010008_58966_0100.png,thumbs/cluster_10/026_cell_1761646339576_912349010008_58966_0100.jpg
10,/home/wangqianqian/project/FS/data/28gusui&pizang/03/14/cell_1761646489156_912349010008_71774_0100.png,thumbs/cluster_10/027_cell_1761646489156_912349010008_71774_0100.jpg
10,/home/wangqianqian/project/FS/data/28gusui&pizang/03/03/cell_1761645828727_912349010008_17923_0100.png,thumbs/cluster_10/028_cell_1761645828727_912349010008_17923_0100.jpg
10,/home/wangqianqian/project/FS/data/28gusui&pizang/03/11/cell_1761646317050_912349010008_57164_0000.png,thumbs/cluster_10/029_cell_1761646317050_912349010008_57164_0000.jpg
10,/home/wangqianqian/project/FS/data/28gusui&pizang/03/07/cell_1761646059547_912349010008_36909_0100.png,thumbs/cluster_10/030_cell_1761646059547_912349010008_36909_0100.jpg
10,/home/wangqianqian/project/FS/data/28gusui&pizang/03/12/cell_1761646379471_912349010008_62236_0000.png,thumbs/cluster_10/031_cell_1761646379471_912349010008_62236_0000.jpg
10,/home/wangqianqian/project/FS/data/28gusui&pizang/03/09/cell_1761646179684_912349010008_45740_0100.png,thumbs/cluster_10/032_cell_1761646179684_912349010008_45740_0100.jpg
10,/home/wangqianqian/project/FS/data/28gusui&pizang/03/16/cell_1761646584163_912349010008_79492_0100.png,thumbs/cluster_10/033_cell_1761646584163_912349010008_79492_0100.jpg
10,/home/wangqianqian/project/FS/data/28gusui&pizang/03/20/cell_1761646846548_912349010008_101517_0000.png,thumbs/cluster_10/034_cell_1761646846548_912349010008_101517_0000.jpg
10,/home/wangqianqian/project/FS/data/28gusui&pizang/03/05/cell_1761645907355_912349010008_24335_0100.png,thumbs/cluster_10/035_cell_1761645907355_912349010008_24335_0100.jpg
10,/home/wangqianqian/project/FS/data/28gusui&pizang/03/03/cell_1761645811939_912349010008_16576_0000.png,thumbs/cluster_10/036_cell_1761645811939_912349010008_16576_0000.jpg
10,/home/wangqianqian/project/FS/data/28gusui&pizang/03/18/cell_1761646700633_912349010008_89492_0000.png,thumbs/cluster_10/037_cell_1761646700633_912349010008_89492_0000.jpg
10,/home/wangqianqian/project/FS/data/28gusui&pizang/03/02/cell_1761645722080_912349010008_9914_0000.png,thumbs/cluster_10/038_cell_1761645722080_912349010008_9914_0000.jpg
10,/home/wangqianqian/project/FS/data/28gusui&pizang/03/10/cell_1761646213207_912349010008_48384_0100.png,thumbs/cluster_10/039_cell_1761646213207_912349010008_48384_0100.jpg
10,/home/wangqianqian/project/FS/data/28gusui&pizang/03/12/cell_1761646328667_912349010008_58099_0100.png,thumbs/cluster_10/040_cell_1761646328667_912349010008_58099_0100.jpg
10,/home/wangqianqian/project/FS/data/28gusui&pizang/03/07/cell_1761646068626_912349010008_37576_0000.png,thumbs/cluster_10/041_cell_1761646068626_912349010008_37576_0000.jpg
10,/home/wangqianqian/project/FS/data/28gusui&pizang/03/02/cell_1761645763350_912349010008_12875_0100.png,thumbs/cluster_10/042_cell_1761645763350_912349010008_12875_0100.jpg
10,/home/wangqianqian/project/FS/data/28gusui&pizang/03/08/cell_1761646118712_912349010008_41331_0000.png,thumbs/cluster_10/043_cell_1761646118712_912349010008_41331_0000.jpg
10,/home/wangqianqian/project/FS/data/28gusui&pizang/03/10/cell_1761646238226_912349010008_50463_0100.png,thumbs/cluster_10/044_cell_1761646238226_912349010008_50463_0100.jpg
10,/home/wangqianqian/project/FS/data/28gusui&pizang/03/14/cell_1761646493545_912349010008_72182_0000.png,thumbs/cluster_10/045_cell_1761646493545_912349010008_72182_0000.jpg
10,/home/wangqianqian/project/FS/data/28gusui&pizang/03/11/cell_1761646289672_912349010008_54761_0000.png,thumbs/cluster_10/046_cell_1761646289672_912349010008_54761_0000.jpg
10,/home/wangqianqian/project/FS/data/28gusui&pizang/03/06/cell_1761645965320_912349010008_28839_0000.png,thumbs/cluster_10/047_cell_1761645965320_912349010008_28839_0000.jpg
10,/home/wangqianqian/project/FS/data/28gusui&pizang/03/15/cell_1761646511969_912349010008_73798_0000.png,thumbs/cluster_10/048_cell_1761646511969_912349010008_73798_0000.jpg
10,/home/wangqianqian/project/FS/data/28gusui&pizang/03/17/cell_1761646638563_912349010008_84070_0100.png,thumbs/cluster_10/049_cell_1761646638563_912349010008_84070_0100.jpg
10,/home/wangqianqian/project/FS/data/28gusui&pizang/03/13/cell_1761646412486_912349010008_64744_0100.png,thumbs/cluster_10/050_cell_1761646412486_912349010008_64744_0100.jpg
10,/home/wangqianqian/project/FS/data/28gusui&pizang/03/03/cell_1761645795909_912349010008_15346_0100.png,thumbs/cluster_10/051_cell_1761645795909_912349010008_15346_0100.jpg
10,/home/wangqianqian/project/FS/data/28gusui&pizang/03/21/cell_1761646875086_912349010008_103986_0000.png,thumbs/cluster_10/052_cell_1761646875086_912349010008_103986_0000.jpg
10,/home/wangqianqian/project/FS/data/28gusui&pizang/03/20/cell_1761646815681_912349010008_98950_0000.png,thumbs/cluster_10/053_cell_1761646815681_912349010008_98950_0000.jpg
10,/home/wangqianqian/project/FS/data/28gusui&pizang/03/03/cell_1761645821084_912349010008_17280_0100.png,thumbs/cluster_10/054_cell_1761645821084_912349010008_17280_0100.jpg
10,/home/wangqianqian/project/FS/data/28gusui&pizang/03/20/cell_1761646848799_912349010008_101696_0000.png,thumbs/cluster_10/055_cell_1761646848799_912349010008_101696_0000.jpg
10,/home/wangqianqian/project/FS/data/28gusui&pizang/03/03/cell_1761645806776_912349010008_16183_0100.png,thumbs/cluster_10/056_cell_1761645806776_912349010008_16183_0100.jpg
10,/home/wangqianqian/project/FS/data/28gusui&pizang/03/13/cell_1761646428154_912349010008_66161_0100.png,thumbs/cluster_10/057_cell_1761646428154_912349010008_66161_0100.jpg
10,/home/wangqianqian/project/FS/data/28gusui&pizang/03/15/cell_1761646516040_912349010008_74137_0100.png,thumbs/cluster_10/058_cell_1761646516040_912349010008_74137_0100.jpg
10,/home/wangqianqian/project/FS/data/28gusui&pizang/03/18/cell_1761646705638_912349010008_89866_0000.png,thumbs/cluster_10/059_cell_1761646705638_912349010008_89866_0000.jpg
10,/home/wangqianqian/project/FS/data/28gusui&pizang/03/09/cell_1761646193683_912349010008_46805_0000.png,thumbs/cluster_10/060_cell_1761646193683_912349010008_46805_0000.jpg
10,/home/wangqianqian/project/FS/data/28gusui&pizang/03/11/cell_1761646278802_912349010008_53770_0100.png,thumbs/cluster_10/061_cell_1761646278802_912349010008_53770_0100.jpg
10,/home/wangqianqian/project/FS/data/28gusui&pizang/03/21/cell_1761646861647_912349010008_102866_0000.png,thumbs/cluster_10/062_cell_1761646861647_912349010008_102866_0000.jpg
10,/home/wangqianqian/project/FS/data/28gusui&pizang/03/10/cell_1761646204386_912349010008_47643_0000.png,thumbs/cluster_10/063_cell_1761646204386_912349010008_47643_0000.jpg
10,/home/wangqianqian/project/FS/data/28gusui&pizang/03/09/cell_1761646158964_912349010008_44255_0100.png,thumbs/cluster_10/064_cell_1761646158964_912349010008_44255_0100.jpg
10,/home/wangqianqian/project/FS/data/28gusui&pizang/03/06/cell_1761646016170_912349010008_33147_0100.png,thumbs/cluster_10/065_cell_1761646016170_912349010008_33147_0100.jpg
10,/home/wangqianqian/project/FS/data/28gusui&pizang/03/17/cell_1761646641401_912349010008_84318_0100.png,thumbs/cluster_10/066_cell_1761646641401_912349010008_84318_0100.jpg
10,/home/wangqianqian/project/FS/data/28gusui&pizang/03/16/cell_1761646597096_912349010008_80521_0000.png,thumbs/cluster_10/067_cell_1761646597096_912349010008_80521_0000.jpg
10,/home/wangqianqian/project/FS/data/28gusui&pizang/03/01/cell_1761645715969_912349010008_9439_0100.png,thumbs/cluster_10/068_cell_1761645715969_912349010008_9439_0100.jpg
10,/home/wangqianqian/project/FS/data/28gusui&pizang/03/03/cell_1761645791319_912349010008_14992_0100.png,thumbs/cluster_10/069_cell_1761645791319_912349010008_14992_0100.jpg
10,/home/wangqianqian/project/FS/data/28gusui&pizang/03/18/cell_1761646737140_912349010008_92461_0000.png,thumbs/cluster_10/070_cell_1761646737140_912349010008_92461_0000.jpg
10,/home/wangqianqian/project/FS/data/28gusui&pizang/03/10/cell_1761646245528_912349010008_51076_0000.png,thumbs/cluster_10/071_cell_1761646245528_912349010008_51076_0000.jpg
10,/home/wangqianqian/project/FS/data/28gusui&pizang/03/14/cell_1761646483703_912349010008_71169_0000.png,thumbs/cluster_10/072_cell_1761646483703_912349010008_71169_0000.jpg
10,/home/wangqianqian/project/FS/data/28gusui&pizang/03/06/cell_1761645960026_912349010008_28381_0000.png,thumbs/cluster_10/073_cell_1761645960026_912349010008_28381_0000.jpg
10,/home/wangqianqian/project/FS/data/28gusui&pizang/03/17/cell_1761646644675_912349010008_84590_0000.png,thumbs/cluster_10/074_cell_1761646644675_912349010008_84590_0000.jpg
10,/home/wangqianqian/project/FS/data/28gusui&pizang/03/19/cell_1761646753429_912349010008_93739_0100.png,thumbs/cluster_10/075_cell_1761646753429_912349010008_93739_0100.jpg
10,/home/wangqianqian/project/FS/data/28gusui&pizang/03/04/cell_1761645897393_912349010008_23546_0100.png,thumbs/cluster_10/076_cell_1761645897393_912349010008_23546_0100.jpg
10,/home/wangqianqian/project/FS/data/28gusui&pizang/03/13/cell_1761646437601_912349010008_67028_0100.png,thumbs/cluster_10/077_cell_1761646437601_912349010008_67028_0100.jpg
10,/home/wangqianqian/project/FS/data/28gusui&pizang/03/10/cell_1761646233062_912349010008_50028_0000.png,thumbs/cluster_10/078_cell_1761646233062_912349010008_50028_0000.jpg
10,/home/wangqianqian/project/FS/data/28gusui&pizang/03/17/cell_1761646649136_912349010008_85030_0100.png,thumbs/cluster_10/079_cell_1761646649136_912349010008_85030_0100.jpg
10,/home/wangqianqian/project/FS/data/28gusui&pizang/03/16/cell_1761646609163_912349010008_81531_0100.png,thumbs/cluster_10/080_cell_1761646609163_912349010008_81531_0100.jpg
10,/home/wangqianqian/project/FS/data/28gusui&pizang/03/06/cell_1761646009210_912349010008_32481_0100.png,thumbs/cluster_10/081_cell_1761646009210_912349010008_32481_0100.jpg
10,/home/wangqianqian/project/FS/data/28gusui&pizang/03/08/cell_1761646108283_912349010008_40533_0000.png,thumbs/cluster_10/082_cell_1761646108283_912349010008_40533_0000.jpg
10,/home/wangqianqian/project/FS/data/28gusui&pizang/03/07/cell_1761646068669_912349010008_37594_0100.png,thumbs/cluster_10/083_cell_1761646068669_912349010008_37594_0100.jpg
10,/home/wangqianqian/project/FS/data/28gusui&pizang/03/07/cell_1761646021897_912349010008_33645_0100.png,thumbs/cluster_10/084_cell_1761646021897_912349010008_33645_0100.jpg
10,/home/wangqianqian/project/FS/data/28gusui&pizang/03/18/cell_1761646739772_912349010008_92684_0100.png,thumbs/cluster_10/085_cell_1761646739772_912349010008_92684_0100.jpg
10,/home/wangqianqian/project/FS/data/28gusui&pizang/03/09/cell_1761646168483_912349010008_44937_0100.png,thumbs/cluster_10/086_cell_1761646168483_912349010008_44937_0100.jpg
10,/home/wangqianqian/project/FS/data/28gusui&pizang/03/06/cell_1761645996767_912349010008_31420_0000.png,thumbs/cluster_10/087_cell_1761645996767_912349010008_31420_0000.jpg
10,/home/wangqianqian/project/FS/data/28gusui&pizang/03/06/cell_1761646007949_912349010008_32357_0100.png,thumbs/cluster_10/088_cell_1761646007949_912349010008_32357_0100.jpg
10,/home/wangqianqian/project/FS/data/28gusui&pizang/03/02/cell_1761645738389_912349010008_10997_0100.png,thumbs/cluster_10/089_cell_1761645738389_912349010008_10997_0100.jpg
10,/home/wangqianqian/project/FS/data/28gusui&pizang/03/01/cell_1761645702707_912349010008_8560_0100.png,thumbs/cluster_10/090_cell_1761645702707_912349010008_8560_0100.jpg
10,/home/wangqianqian/project/FS/data/28gusui&pizang/03/06/cell_1761646014239_912349010008_32968_0000.png,thumbs/cluster_10/091_cell_1761646014239_912349010008_32968_0000.jpg
10,/home/wangqianqian/project/FS/data/28gusui&pizang/03/18/cell_1761646736876_912349010008_92438_0000.png,thumbs/cluster_10/092_cell_1761646736876_912349010008_92438_0000.jpg
10,/home/wangqianqian/project/FS/data/28gusui&pizang/03/09/cell_1761646159940_912349010008_44326_0100.png,thumbs/cluster_10/093_cell_1761646159940_912349010008_44326_0100.jpg
10,/home/wangqianqian/project/FS/data/28gusui&pizang/03/17/cell_1761646645506_912349010008_84674_0100.png,thumbs/cluster_10/094_cell_1761646645506_912349010008_84674_0100.jpg
10,/home/wangqianqian/project/FS/data/28gusui&pizang/03/17/cell_1761646639344_912349010008_84138_0100.png,thumbs/cluster_10/095_cell_1761646639344_912349010008_84138_0100.jpg
10,/home/wangqianqian/project/FS/data/28gusui&pizang/03/07/cell_1761646068617_912349010008_37574_0000.png,thumbs/cluster_10/096_cell_1761646068617_912349010008_37574_0000.jpg
10,/home/wangqianqian/project/FS/data/28gusui&pizang/03/02/cell_1761645764695_912349010008_12983_0000.png,thumbs/cluster_10/097_cell_1761645764695_912349010008_12983_0000.jpg
10,/home/wangqianqian/project/FS/data/28gusui&pizang/03/14/cell_1761646446321_912349010008_67824_0000.png,thumbs/cluster_10/098_cell_1761646446321_912349010008_67824_0000.jpg
10,/home/wangqianqian/project/FS/data/28gusui&pizang/03/21/cell_1761646868873_912349010008_103498_0000.png,thumbs/cluster_10/099_cell_1761646868873_912349010008_103498_0000.jpg
11,/home/wangqianqian/project/FS/data/28gusui&pizang/03/13/cell_1761646381376_912349010008_62405_0000.png,thumbs/cluster_11/000_cell_1761646381376_912349010008_62405_0000.jpg
11,/home/wangqianqian/project/FS/data/28gusui&pizang/03/19/cell_1761646758481_912349010008_94145_0000.png,thumbs/cluster_11/001_cell_1761646758481_912349010008_94145_0000.jpg
11,/home/wangqianqian/project/FS/data/28gusui&pizang/03/05/cell_1761645939823_912349010008_26771_0000.png,thumbs/cluster_11/002_cell_1761645939823_912349010008_26771_0000.jpg
11,/home/wangqianqian/project/FS/data/28gusui&pizang/03/08/cell_1761646092336_912349010008_39347_0000.png,thumbs/cluster_11/003_cell_1761646092336_912349010008_39347_0000.jpg
11,/home/wangqianqian/project/FS/data/28gusui&pizang/03/05/cell_1761645950538_912349010008_27680_0000.png,thumbs/cluster_11/004_cell_1761645950538_912349010008_27680_0000.jpg
11,/home/wangqianqian/project/FS/data/28gusui&pizang/03/15/cell_1761646544108_912349010008_76447_0000.png,thumbs/cluster_11/005_cell_1761646544108_912349010008_76447_0000.jpg
11,/home/wangqianqian/project/FS/data/28gusui&pizang/03/18/cell_1761646690484_912349010008_88698_0100.png,thumbs/cluster_11/006_cell_1761646690484_912349010008_88698_0100.jpg
11,/home/wangqianqian/project/FS/data/28gusui&pizang/03/06/cell_1761646004936_912349010008_32084_0100.png,thumbs/cluster_11/007_cell_1761646004936_912349010008_32084_0100.jpg
11,/home/wangqianqian/project/FS/data/28gusui&pizang/03/05/cell_1761645933531_912349010008_26294_0000.png,thumbs/cluster_11/008_cell_1761645933531_912349010008_26294_0000.jpg
11,/home/wangqianqian/project/FS/data/28gusui&pizang/03/06/cell_1761645963686_912349010008_28683_0000.png,thumbs/cluster_11/009_cell_1761645963686_912349010008_28683_0000.jpg
11,/home/wangqianqian/project/FS/data/28gusui&pizang/03/05/cell_1761645942913_912349010008_27011_0000.png,thumbs/cluster_11/010_cell_1761645942913_912349010008_27011_0000.jpg
11,/home/wangqianqian/project/FS/data/28gusui&pizang/03/14/cell_1761646489088_912349010008_71769_0000.png,thumbs/cluster_11/011_cell_1761646489088_912349010008_71769_0000.jpg
11,/home/wangqianqian/project/FS/data/28gusui&pizang/03/07/cell_1761646076555_912349010008_38126_0000.png,thumbs/cluster_11/012_cell_1761646076555_912349010008_38126_0000.jpg
11,/home/wangqianqian/project/FS/data/28gusui&pizang/03/05/cell_1761645911986_912349010008_24661_0000.png,thumbs/cluster_11/013_cell_1761645911986_912349010008_24661_0000.jpg
11,/home/wangqianqian/project/FS/data/28gusui&pizang/03/09/cell_1761646152588_912349010008_43747_0000.png,thumbs/cluster_11/014_cell_1761646152588_912349010008_43747_0000.jpg
11,/home/wangqianqian/project/FS/data/28gusui&pizang/03/01/cell_1761645695173_912349010008_8098_0100.png,thumbs/cluster_11/015_cell_1761645695173_912349010008_8098_0100.jpg
11,/home/wangqianqian/project/FS/data/28gusui&pizang/03/18/cell_1761646682971_912349010008_88018_0000.png,thumbs/cluster_11/016_cell_1761646682971_912349010008_88018_0000.jpg
11,/home/wangqianqian/project/FS/data/28gusui&pizang/03/07/cell_1761646070233_912349010008_37697_0100.png,thumbs/cluster_11/017_cell_1761646070233_912349010008_37697_0100.jpg
11,/home/wangqianqian/project/FS/data/28gusui&pizang/03/12/cell_1761646362720_912349010008_60937_0000.png,thumbs/cluster_11/018_cell_1761646362720_912349010008_60937_0000.jpg
11,/home/wangqianqian/project/FS/data/28gusui&pizang/03/05/cell_1761645915470_912349010008_24918_0000.png,thumbs/cluster_11/019_cell_1761645915470_912349010008_24918_0000.jpg
11,/home/wangqianqian/project/FS/data/28gusui&pizang/03/12/cell_1761646331602_912349010008_58342_0000.png,thumbs/cluster_11/020_cell_1761646331602_912349010008_58342_0000.jpg
11,/home/wangqianqian/project/FS/data/28gusui&pizang/03/09/cell_1761646153962_912349010008_43862_0000.png,thumbs/cluster_11/021_cell_1761646153962_912349010008_43862_0000.jpg
11,/home/wangqianqian/project/FS/data/28gusui&pizang/03/19/cell_1761646751217_912349010008_93571_0100.png,thumbs/cluster_11/022_cell_1761646751217_912349010008_93571_0100.jpg
11,/home/wangqianqian/project/FS/data/28gusui&pizang/03/16/cell_1761646571326_912349010008_78555_0100.png,thumbs/cluster_11/023_cell_1761646571326_912349010008_78555_0100.jpg
11,/home/wangqianqian/project/FS/data/28gusui&pizang/03/12/cell_1761646333668_912349010008_58516_0100.png,thumbs/cluster_11/024_cell_1761646333668_912349010008_58516_0100.jpg
11,/home/wangqianqian/project/FS/data/28gusui&pizang/03/08/cell_1761646124899_912349010008_41763_0000.png,thumbs/cluster_11/025_cell_1761646124899_912349010008_41763_0000.jpg
11,/home/wangqianqian/project/FS/data/28gusui&pizang/03/06/cell_1761646002842_912349010008_31930_0000.png,thumbs/cluster_11/026_cell_1761646002842_912349010008_31930_0000.jpg
11,/home/wangqianqian/project/FS/data/28gusui&pizang/03/03/cell_1761645808399_912349010008_16315_0000.png,thumbs/cluster_11/027_cell_1761645808399_912349010008_16315_0000.jpg
11,/home/wangqianqian/project/FS/data/28gusui&pizang/03/15/cell_1761646519047_912349010008_74382_0000.png,thumbs/cluster_11/028_cell_1761646519047_912349010008_74382_0000.jpg
11,/home/wangqianqian/project/FS/data/28gusui&pizang/03/18/cell_1761646735978_912349010008_92367_0000.png,thumbs/cluster_11/029_cell_1761646735978_912349010008_92367_0000.jpg
11,/home/wangqianqian/project/FS/data/28gusui&pizang/03/03/cell_1761645829326_912349010008_17959_0000.png,thumbs/cluster_11/030_cell_1761645829326_912349010008_17959_0000.jpg
11,/home/wangqianqian/project/FS/data/28gusui&pizang/03/08/cell_1761646081064_912349010008_38472_0000.png,thumbs/cluster_11/031_cell_1761646081064_912349010008_38472_0000.jpg
11,/home/wangqianqian/project/FS/data/28gusui&pizang/03/16/cell_1761646599851_912349010008_80757_0100.png,thumbs/cluster_11/032_cell_1761646599851_912349010008_80757_0100.jpg
11,/home/wangqianqian/project/FS/data/28gusui&pizang/03/13/cell_1761646387815_912349010008_62873_0000.png,thumbs/cluster_11/033_cell_1761646387815_912349010008_62873_0000.jpg
11,/home/wangqianqian/project/FS/data/28gusui&pizang/03/10/cell_1761646209640_912349010008_48058_0100.png,thumbs/cluster_11/034_cell_1761646209640_912349010008_48058_0100.jpg
11,/home/wangqianqian/project/FS/data/28gusui&pizang/03/19/cell_1761646770891_912349010008_95137_0000.png,thumbs/cluster_11/035_cell_1761646770891_912349010008_95137_0000.jpg
11,/home/wangqianqian/project/FS/data/28gusui&pizang/03/14/cell_1761646481343_912349010008_70958_0000.png,thumbs/cluster_11/036_cell_1761646481343_912349010008_70958_0000.jpg
11,/home/wangqianqian/project/FS/data/28gusui&pizang/03/07/cell_1761646054769_912349010008_36536_0100.png,thumbs/cluster_11/037_cell_1761646054769_912349010008_36536_0100.jpg
11,/home/wangqianqian/project/FS/data/28gusui&pizang/03/14/cell_1761646478632_912349010008_70702_0000.png,thumbs/cluster_11/038_cell_1761646478632_912349010008_70702_0000.jpg
11,/home/wangqianqian/project/FS/data/28gusui&pizang/03/03/cell_1761645811622_912349010008_16545_0100.png,thumbs/cluster_11/039_cell_1761645811622_912349010008_16545_0100.jpg
11,/home/wangqianqian/project/FS/data/28gusui&pizang/03/19/cell_1761646755624_912349010008_93913_0000.png,thumbs/cluster_11/040_cell_1761646755624_912349010008_93913_0000.jpg
11,/home/wangqianqian/project/FS/data/28gusui&pizang/03/16/cell_1761646602883_912349010008_81029_0000.png,thumbs/cluster_11/041_cell_1761646602883_912349010008_81029_0000.jpg
11,/home/wangqianqian/project/FS/data/28gusui&pizang/03/20/cell_1761646837501_912349010008_100759_0100.png,thumbs/cluster_11/042_cell_1761646837501_912349010008_100759_0100.jpg
11,/home/wangqianqian/project/FS/data/28gusui&pizang/03/13/cell_1761646399101_912349010008_63699_0100.png,thumbs/cluster_11/043_cell_1761646399101_912349010008_63699_0100.jpg
11,/home/wangqianqian/project/FS/data/28gusui&pizang/03/02/cell_1761645722352_912349010008_9927_0000.png,thumbs/cluster_11/044_cell_1761645722352_912349010008_9927_0000.jpg
11,/home/wangqianqian/project/FS/data/28gusui&pizang/03/20/cell_1761646836271_912349010008_100652_0000.png,thumbs/cluster_11/045_cell_1761646836271_912349010008_100652_0000.jpg
11,/home/wangqianqian/project/FS/data/28gusui&pizang/03/17/cell_1761646669517_912349010008_86783_0000.png,thumbs/cluster_11/046_cell_1761646669517_912349010008_86783_0000.jpg
11,/home/wangqianqian/project/FS/data/28gusui&pizang/03/10/cell_1761646211678_912349010008_48250_0000.png,thumbs/cluster_11/047_cell_1761646211678_912349010008_48250_0000.jpg
11,/home/wangqianqian/project/FS/data/28gusui&pizang/03/19/cell_1761646757950_912349010008_94096_0000.png,thumbs/cluster_11/048_cell_1761646757950_912349010008_94096_0000.jpg
11,/home/wangqianqian/project/FS/data/28gusui&pizang/03/11/cell_1761646276216_912349010008_53546_0000.png,thumbs/cluster_11/049_cell_1761646276216_912349010008_53546_0000.jpg
11,/home/wangqianqian/project/FS/data/28gusui&pizang/03/13/cell_1761646397657_912349010008_63594_0000.png,thumbs/cluster_11/050_cell_1761646397657_912349010008_63594_0000.jpg
11,/home/wangqianqian/project/FS/data/28gusui&pizang/03/14/cell_1761646483354_912349010008_71142_0000.png,thumbs/cluster_11/051_cell_1761646483354_912349010008_71142_0000.jpg
11,/home/wangqianqian/project/FS/data/28gusui&pizang/03/02/cell_1761645749377_912349010008_11875_0000.png,thumbs/cluster_11/052_cell_1761645749377_912349010008_11875_0000.jpg
11,/home/wangqianqian/project/FS/data/28gusui&pizang/03/09/cell_1761646150926_912349010008_43611_0100.png,thumbs/cluster_11/053_cell_1761646150926_912349010008_43611_0100.jpg
11,/home/wangqianqian/project/FS/data/28gusui&pizang/03/09/cell_1761646192817_912349010008_46756_0000.png,thumbs/cluster_11/054_cell_1761646192817_912349010008_46756_0000.jpg
11,/home/wangqianqian/project/FS/data/28gusui&pizang/03/07/cell_1761646046597_912349010008_35757_0000.png,thumbs/cluster_11/055_cell_1761646046597_912349010008_35757_0000.jpg
11,/home/wangqianqian/project/FS/data/28gusui&pizang/03/21/cell_1761646874982_912349010008_103981_0100.png,thumbs/cluster_11/056_cell_1761646874982_912349010008_103981_0100.jpg
11,/home/wangqianqian/project/FS/data/28gusui&pizang/03/02/cell_1761645761657_912349010008_12792_0100.png,thumbs/cluster_11/057_cell_1761645761657_912349010008_12792_0100.jpg
11,/home/wangqianqian/project/FS/data/28gusui&pizang/03/20/cell_1761646831808_912349010008_100329_0000.png,thumbs/cluster_11/058_cell_1761646831808_912349010008_100329_0000.jpg
11,/home/wangqianqian/project/FS/data/28gusui&pizang/03/02/cell_1761645764461_912349010008_12969_0000.png,thumbs/cluster_11/059_cell_1761645764461_912349010008_12969_0000.jpg
11,/home/wangqianqian/project/FS/data/28gusui&pizang/03/13/cell_1761646418271_912349010008_65231_0000.png,thumbs/cluster_11/060_cell_1761646418271_912349010008_65231_0000.jpg
11,/home/wangqianqian/project/FS/data/28gusui&pizang/03/21/cell_1761646877235_912349010008_104140_0000.png,thumbs/cluster_11/061_cell_1761646877235_912349010008_104140_0000.jpg
11,/home/wangqianqian/project/FS/data/28gusui&pizang/03/16/cell_1761646589100_912349010008_79879_0100.png,thumbs/cluster_11/062_cell_1761646589100_912349010008_79879_0100.jpg
11,/home/wangqianqian/project/FS/data/28gusui&pizang/03/01/cell_1761645699248_912349010008_8334_0000.png,thumbs/cluster_11/063_cell_1761645699248_912349010008_8334_0000.jpg
11,/home/wangqianqian/project/FS/data/28gusui&pizang/03/13/cell_1761646437464_912349010008_67017_0100.png,thumbs/cluster_11/064_cell_1761646437464_912349010008_67017_0100.jpg
11,/home/wangqianqian/project/FS/data/28gusui&pizang/03/15/cell_1761646506125_912349010008_73336_0000.png,thumbs/cluster_11/065_cell_1761646506125_912349010008_73336_0000.jpg
11,/home/wangqianqian/project/FS/data/28gusui&pizang/03/16/cell_1761646576342_912349010008_78947_0000.png,thumbs/cluster_11/066_cell_1761646576342_912349010008_78947_0000.jpg
11,/home/wangqianqian/project/FS/data/28gusui&pizang/03/19/cell_1761646770576_912349010008_95109_0100.png,thumbs/cluster_11/067_cell_1761646770576_912349010008_95109_0100.jpg
11,/home/wangqianqian/project/FS/data/28gusui&pizang/03/19/cell_1761646741973_912349010008_92845_0100.png,thumbs/cluster_11/068_cell_1761646741973_912349010008_92845_0100.jpg
11,/home/wangqianqian/project/FS/data/28gusui&pizang/03/03/cell_1761645781275_912349010008_14188_0000.png,thumbs/cluster_11/069_cell_1761645781275_912349010008_14188_0000.jpg
11,/home/wangqianqian/project/FS/data/28gusui&pizang/03/02/cell_1761645734854_912349010008_10787_0000.png,thumbs/cluster_11/070_cell_1761645734854_912349010008_10787_0000.jpg
11,/home/wangqianqian/project/FS/data/28gusui&pizang/03/01/cell_1761645703796_912349010008_8623_0100.png,thumbs/cluster_11/071_cell_1761645703796_912349010008_8623_0100.jpg
11,/home/wangqianqian/project/FS/data/28gusui&pizang/03/08/cell_1761646094323_912349010008_39492_0000.png,thumbs/cluster_11/072_cell_1761646094323_912349010008_39492_0000.jpg
11,/home/wangqianqian/project/FS/data/28gusui&pizang/03/08/cell_1761646118745_912349010008_41334_0000.png,thumbs/cluster_11/073_cell_1761646118745_912349010008_41334_0000.jpg
11,/home/wangqianqian/project/FS/data/28gusui&pizang/03/08/cell_1761646101180_912349010008_40019_0100.png,thumbs/cluster_11/074_cell_1761646101180_912349010008_40019_0100.jpg
11,/home/wangqianqian/project/FS/data/28gusui&pizang/03/03/cell_1761645821630_912349010008_17344_0000.png,thumbs/cluster_11/075_cell_1761645821630_912349010008_17344_0000.jpg
11,/home/wangqianqian/project/FS/data/28gusui&pizang/03/14/cell_1761646492364_912349010008_72069_0000.png,thumbs/cluster_11/076_cell_1761646492364_912349010008_72069_0000.jpg
11,/home/wangqianqian/project/FS/data/28gusui&pizang/03/07/cell_1761646075080_912349010008_38016_0100.png,thumbs/cluster_11/077_cell_1761646075080_912349010008_38016_0100.jpg
11,/home/wangqianqian/project/FS/data/28gusui&pizang/03/18/cell_1761646683675_912349010008_88092_0000.png,thumbs/cluster_11/078_cell_1761646683675_912349010008_88092_0000.jpg
11,/home/wangqianqian/project/FS/data/28gusui&pizang/03/08/cell_1761646122310_912349010008_41580_0000.png,thumbs/cluster_11/079_cell_1761646122310_912349010008_41580_0000.jpg
11,/home/wangqianqian/project/FS/data/28gusui&pizang/03/02/cell_1761645774716_912349010008_13687_0000.png,thumbs/cluster_11/080_cell_1761645774716_912349010008_13687_0000.jpg
11,/home/wangqianqian/project/FS/data/28gusui&pizang/03/04/cell_1761645879175_912349010008_22212_0000.png,thumbs/cluster_11/081_cell_1761645879175_912349010008_22212_0000.jpg
11,/home/wangqianqian/project/FS/data/28gusui&pizang/03/20/cell_1761646829750_912349010008_100144_0100.png,thumbs/cluster_11/082_cell_1761646829750_912349010008_100144_0100.jpg
11,/home/wangqianqian/project/FS/data/28gusui&pizang/03/05/cell_1761645956805_912349010008_28147_0100.png,thumbs/cluster_11/083_cell_1761645956805_912349010008_28147_0100.jpg
11,/home/wangqianqian/project/FS/data/28gusui&pizang/03/02/cell_1761645754881_912349010008_12291_0000.png,thumbs/cluster_11/084_cell_1761645754881_912349010008_12291_0000.jpg
11,/home/wangqianqian/project/FS/data/28gusui&pizang/03/14/cell_1761646443772_912349010008_67571_0100.png,thumbs/cluster_11/085_cell_1761646443772_912349010008_67571_0100.jpg
11,/home/wangqianqian/project/FS/data/28gusui&pizang/03/17/cell_1761646635053_912349010008_83780_0000.png,thumbs/cluster_11/086_cell_1761646635053_912349010008_83780_0000.jpg
11,/home/wangqianqian/project/FS/data/28gusui&pizang/03/04/cell_1761645845068_912349010008_19168_0100.png,thumbs/cluster_11/087_cell_1761645845068_912349010008_19168_0100.jpg
11,/home/wangqianqian/project/FS/data/28gusui&pizang/03/10/cell_1761646204977_912349010008_47696_0000.png,thumbs/cluster_11/088_cell_1761646204977_912349010008_47696_0000.jpg
11,/home/wangqianqian/project/FS/data/28gusui&pizang/03/04/cell_1761645899148_912349010008_23673_0000.png,thumbs/cluster_11/089_cell_1761645899148_912349010008_23673_0000.jpg
11,/home/wangqianqian/project/FS/data/28gusui&pizang/03/07/cell_1761646071133_912349010008_37752_0000.png,thumbs/cluster_11/090_cell_1761646071133_912349010008_37752_0000.jpg
11,/home/wangqianqian/project/FS/data/28gusui&pizang/03/21/cell_1761646878349_912349010008_104237_0100.png,thumbs/cluster_11/091_cell_1761646878349_912349010008_104237_0100.jpg
11,/home/wangqianqian/project/FS/data/28gusui&pizang/03/14/cell_1761646477934_912349010008_70632_0100.png,thumbs/cluster_11/092_cell_1761646477934_912349010008_70632_0100.jpg
11,/home/wangqianqian/project/FS/data/28gusui&pizang/03/08/cell_1761646114615_912349010008_41045_0000.png,thumbs/cluster_11/093_cell_1761646114615_912349010008_41045_0000.jpg
11,/home/wangqianqian/project/FS/data/28gusui&pizang/03/05/cell_1761645935344_912349010008_26428_0000.png,thumbs/cluster_11/094_cell_1761645935344_912349010008_26428_0000.jpg
11,/home/wangqianqian/project/FS/data/28gusui&pizang/03/18/cell_1761646690484_912349010008_88698_0000.png,thumbs/cluster_11/095_cell_1761646690484_912349010008_88698_0000.jpg
11,/home/wangqianqian/project/FS/data/28gusui&pizang/03/08/cell_1761646123243_912349010008_41647_0100.png,thumbs/cluster_11/096_cell_1761646123243_912349010008_41647_0100.jpg
11,/home/wangqianqian/project/FS/data/28gusui&pizang/03/06/cell_1761645992991_912349010008_31128_0000.png,thumbs/cluster_11/097_cell_1761645992991_912349010008_31128_0000.jpg
11,/home/wangqianqian/project/FS/data/28gusui&pizang/03/18/cell_1761646687658_912349010008_88479_0100.png,thumbs/cluster_11/098_cell_1761646687658_912349010008_88479_0100.jpg
11,/home/wangqianqian/project/FS/data/28gusui&pizang/03/17/cell_1761646658717_912349010008_85822_0000.png,thumbs/cluster_11/099_cell_1761646658717_912349010008_85822_0000.jpg
12,/home/wangqianqian/project/FS/data/28gusui&pizang/03/17/cell_1761646669034_912349010008_86742_0000.png,thumbs/cluster_12/000_cell_1761646669034_912349010008_86742_0000.jpg
12,/home/wangqianqian/project/FS/data/28gusui&pizang/03/18/cell_1761646722489_912349010008_91176_0000.png,thumbs/cluster_12/001_cell_1761646722489_912349010008_91176_0000.jpg
12,/home/wangqianqian/project/FS/data/28gusui&pizang/03/08/cell_1761646109551_912349010008_40629_0000.png,thumbs/cluster_12/002_cell_1761646109551_912349010008_40629_0000.jpg
12,/home/wangqianqian/project/FS/data/28gusui&pizang/03/21/cell_1761646910171_912349010008_106812_0000.png,thumbs/cluster_12/003_cell_1761646910171_912349010008_106812_0000.jpg
12,/home/wangqianqian/project/FS/data/28gusui&pizang/03/06/cell_1761645983562_912349010008_30391_0000.png,thumbs/cluster_12/004_cell_1761645983562_912349010008_30391_0000.jpg
12,/home/wangqianqian/project/FS/data/28gusui&pizang/03/19/cell_1761646762084_912349010008_94409_0000.png,thumbs/cluster_12/005_cell_1761646762084_912349010008_94409_0000.jpg
12,/home/wangqianqian/project/FS/data/28gusui&pizang/03/03/cell_1761645799885_912349010008_15651_0100.png,thumbs/cluster_12/006_cell_1761645799885_912349010008_15651_0100.jpg
12,/home/wangqianqian/project/FS/data/28gusui&pizang/03/11/cell_1761646318245_912349010008_57263_0000.png,thumbs/cluster_12/007_cell_1761646318245_912349010008_57263_0000.jpg
12,/home/wangqianqian/project/FS/data/28gusui&pizang/03/14/cell_1761646482440_912349010008_71072_0000.png,thumbs/cluster_12/008_cell_1761646482440_912349010008_71072_0000.jpg
12,/home/wangqianqian/project/FS/data/28gusui&pizang/03/12/cell_1761646360119_912349010008_60667_0000.png,thumbs/cluster_12/009_cell_1761646360119_912349010008_60667_0000.jpg
12,/home/wangqianqian/project/FS/data/28gusui&pizang/03/01/cell_1761645714975_912349010008_9347_0000.png,thumbs/cluster_12/010_cell_1761645714975_912349010008_9347_0000.jpg
12,/home/wangqianqian/project/FS/data/28gusui&pizang/03/09/cell_1761646163220_912349010008_44572_0000.png,thumbs/cluster_12/011_cell_1761646163220_912349010008_44572_0000.jpg
12,/home/wangqianqian/project/FS/data/28gusui&pizang/03/20/cell_1761646843688_912349010008_101257_0000.png,thumbs/cluster_12/012_cell_1761646843688_912349010008_101257_0000.jpg
12,/home/wangqianqian/project/FS/data/28gusui&pizang/03/19/cell_1761646764950_912349010008_94642_0000.png,thumbs/cluster_12/013_cell_1761646764950_912349010008_94642_0000.jpg
12,/home/wangqianqian/project/FS/data/28gusui&pizang/03/11/cell_1761646284775_912349010008_54311_0100.png,thumbs/cluster_12/014_cell_1761646284775_912349010008_54311_0100.jpg
12,/home/wangqianqian/project/FS/data/28gusui&pizang/03/11/cell_1761646280811_912349010008_53956_0000.png,thumbs/cluster_12/015_cell_1761646280811_912349010008_53956_0000.jpg
12,/home/wangqianqian/project/FS/data/28gusui&pizang/03/14/cell_1761646495509_912349010008_72399_0100.png,thumbs/cluster_12/016_cell_1761646495509_912349010008_72399_0100.jpg
12,/home/wangqianqian/project/FS/data/28gusui&pizang/03/06/cell_1761645994831_912349010008_31278_0100.png,thumbs/cluster_12/017_cell_1761645994831_912349010008_31278_0100.jpg
12,/home/wangqianqian/project/FS/data/28gusui&pizang/03/14/cell_1761646456672_912349010008_68755_0000.png,thumbs/cluster_12/018_cell_1761646456672_912349010008_68755_0000.jpg
12,/home/wangqianqian/project/FS/data/28gusui&pizang/03/15/cell_1761646508671_912349010008_73530_0000.png,thumbs/cluster_12/019_cell_1761646508671_912349010008_73530_0000.jpg
12,/home/wangqianqian/project/FS/data/28gusui&pizang/03/19/cell_1761646775260_912349010008_95512_0000.png,thumbs/cluster_12/020_cell_1761646775260_912349010008_95512_0000.jpg
12,/home/wangqianqian/project/FS/data/28gusui&pizang/03/15/cell_1761646519768_912349010008_74446_0100.png,thumbs/cluster_12/021_cell_1761646519768_912349010008_74446_0100.jpg
12,/home/wangqianqian/project/FS/data/28gusui&pizang/03/15/cell_1761646506549_912349010008_73367_0100.png,thumbs/cluster_12/022_cell_1761646506549_912349010008_73367_0100.jpg
12,/home/wangqianqian/project/FS/data/28gusui&pizang/03/20/cell_1761646817923_912349010008_99134_0000.png,thumbs/cluster_12/023_cell_1761646817923_912349010008_99134_0000.jpg
12,/home/wangqianqian/project/FS/data/28gusui&pizang/03/18/cell_1761646718775_912349010008_90890_0000.png,thumbs/cluster_12/024_cell_1761646718775_912349010008_90890_0000.jpg
12,/home/wangqianqian/project/FS/data/28gusui&pizang/03/05/cell_1761645912093_912349010008_24675_0000.png,thumbs/cluster_12/025_cell_1761645912093_912349010008_24675_0000.jpg
12,/home/wangqianqian/project/FS/data/28gusui&pizang/03/04/cell_1761645849773_912349010008_19613_0000.png,thumbs/cluster_12/026_cell_1761645849773_912349010008_19613_0000.jpg
12,/home/wangqianqian/project/FS/data/28gusui&pizang/03/02/cell_1761645765875_912349010008_13060_0000.png,thumbs/cluster_12/027_cell_1761645765875_912349010008_13060_0000.jpg
12,/home/wangqianqian/project/FS/data/28gusui&pizang/03/21/cell_1761646901305_912349010008_106129_0100.png,thumbs/cluster_12/028_cell_1761646901305_912349010008_106129_0100.jpg
12,/home/wangqianqian/project/FS/data/28gusui&pizang/03/07/cell_1761646062897_912349010008_37168_0100.png,thumbs/cluster_12/029_cell_1761646062897_912349010008_37168_0100.jpg
12,/home/wangqianqian/project/FS/data/28gusui&pizang/03/04/cell_1761645884905_912349010008_22663_0000.png,thumbs/cluster_12/030_cell_1761645884905_912349010008_22663_0000.jpg
12,/home/wangqianqian/project/FS/data/28gusui&pizang/03/04/cell_1761645896300_912349010008_23472_0000.png,thumbs/cluster_12/031_cell_1761645896300_912349010008_23472_0000.jpg
12,/home/wangqianqian/project/FS/data/28gusui&pizang/03/15/cell_1761646520322_912349010008_74514_0000.png,thumbs/cluster_12/032_cell_1761646520322_912349010008_74514_0000.jpg
12,/home/wangqianqian/project/FS/data/28gusui&pizang/03/05/cell_1761645908977_912349010008_24457_0000.png,thumbs/cluster_12/033_cell_1761645908977_912349010008_24457_0000.jpg
12,/home/wangqianqian/project/FS/data/28gusui&pizang/03/13/cell_1761646383711_912349010008_62582_0100.png,thumbs/cluster_12/034_cell_1761646383711_912349010008_62582_0100.jpg
12,/home/wangqianqian/project/FS/data/28gusui&pizang/03/16/cell_1761646583988_912349010008_79472_0100.png,thumbs/cluster_12/035_cell_1761646583988_912349010008_79472_0100.jpg
12,/home/wangqianqian/project/FS/data/28gusui&pizang/03/14/cell_1761646488108_912349010008_71649_0000.png,thumbs/cluster_12/036_cell_1761646488108_912349010008_71649_0000.jpg
12,/home/wangqianqian/project/FS/data/28gusui&pizang/03/08/cell_1761646103934_912349010008_40240_0000.png,thumbs/cluster_12/037_cell_1761646103934_912349010008_40240_0000.jpg
12,/home/wangqianqian/project/FS/data/28gusui&pizang/03/05/cell_1761645915607_912349010008_24921_0000.png,thumbs/cluster_12/038_cell_1761645915607_912349010008_24921_0000.jpg
12,/home/wangqianqian/project/FS/data/28gusui&pizang/03/08/cell_1761646121178_912349010008_41499_0100.png,thumbs/cluster_12/039_cell_1761646121178_912349010008_41499_0100.jpg
12,/home/wangqianqian/project/FS/data/28gusui&pizang/03/18/cell_1761646715540_912349010008_90633_0000.png,thumbs/cluster_12/040_cell_1761646715540_912349010008_90633_0000.jpg
12,/home/wangqianqian/project/FS/data/28gusui&pizang/03/12/cell_1761646370522_912349010008_61532_0100.png,thumbs/cluster_12/041_cell_1761646370522_912349010008_61532_0100.jpg
12,/home/wangqianqian/project/FS/data/28gusui&pizang/03/12/cell_1761646359452_912349010008_60602_0000.png,thumbs/cluster_12/042_cell_1761646359452_912349010008_60602_0000.jpg
12,/home/wangqianqian/project/FS/data/28gusui&pizang/03/04/cell_1761645882631_912349010008_22513_0000.png,thumbs/cluster_12/043_cell_1761645882631_912349010008_22513_0000.jpg
12,/home/wangqianqian/project/FS/data/28gusui&pizang/03/08/cell_1761646128664_912349010008_42043_0100.png,thumbs/cluster_12/044_cell_1761646128664_912349010008_42043_0100.jpg
12,/home/wangqianqian/project/FS/data/28gusui&pizang/03/10/cell_1761646219187_912349010008_48866_0000.png,thumbs/cluster_12/045_cell_1761646219187_912349010008_48866_0000.jpg
12,/home/wangqianqian/project/FS/data/28gusui&pizang/03/18/cell_1761646706930_912349010008_89956_0000.png,thumbs/cluster_12/046_cell_1761646706930_912349010008_89956_0000.jpg
12,/home/wangqianqian/project/FS/data/28gusui&pizang/03/06/cell_1761645964710_912349010008_28777_0000.png,thumbs/cluster_12/047_cell_1761645964710_912349010008_28777_0000.jpg
12,/home/wangqianqian/project/FS/data/28gusui&pizang/03/01/cell_1761645696936_912349010008_8210_0000.png,thumbs/cluster_12/048_cell_1761645696936_912349010008_8210_0000.jpg
12,/home/wangqianqian/project/FS/data/28gusui&pizang/03/11/cell_1761646274845_912349010008_53412_0000.png,thumbs/cluster_12/049_cell_1761646274845_912349010008_53412_0000.jpg
12,/home/wangqianqian/project/FS/data/28gusui&pizang/03/11/cell_1761646271747_912349010008_53158_0100.png,thumbs/cluster_12/050_cell_1761646271747_912349010008_53158_0100.jpg
12,/home/wangqianqian/project/FS/data/28gusui&pizang/03/12/cell_1761646362370_912349010008_60895_0100.png,thumbs/cluster_12/051_cell_1761646362370_912349010008_60895_0100.jpg
12,/home/wangqianqian/project/FS/data/28gusui&pizang/03/20/cell_1761646830135_912349010008_100188_0000.png,thumbs/cluster_12/052_cell_1761646830135_912349010008_100188_0000.jpg
12,/home/wangqianqian/project/FS/data/28gusui&pizang/03/15/cell_1761646536545_912349010008_75799_0100.png,thumbs/cluster_12/053_cell_1761646536545_912349010008_75799_0100.jpg
12,/home/wangqianqian/project/FS/data/28gusui&pizang/03/03/cell_1761645795084_912349010008_15273_0000.png,thumbs/cluster_12/054_cell_1761645795084_912349010008_15273_0000.jpg
12,/home/wangqianqian/project/FS/data/28gusui&pizang/03/08/cell_1761646118090_912349010008_41273_0000.png,thumbs/cluster_12/055_cell_1761646118090_912349010008_41273_0000.jpg
12,/home/wangqianqian/project/FS/data/28gusui&pizang/03/12/cell_1761646349421_912349010008_59787_0100.png,thumbs/cluster_12/056_cell_1761646349421_912349010008_59787_0100.jpg
12,/home/wangqianqian/project/FS/data/28gusui&pizang/03/11/cell_1761646319240_912349010008_57354_0000.png,thumbs/cluster_12/057_cell_1761646319240_912349010008_57354_0000.jpg
12,/home/wangqianqian/project/FS/data/28gusui&pizang/03/21/cell_1761646871587_912349010008_103723_0100.png,thumbs/cluster_12/058_cell_1761646871587_912349010008_103723_0100.jpg
12,/home/wangqianqian/project/FS/data/28gusui&pizang/03/09/cell_1761646174943_912349010008_45363_0000.png,thumbs/cluster_12/059_cell_1761646174943_912349010008_45363_0000.jpg
12,/home/wangqianqian/project/FS/data/28gusui&pizang/03/07/cell_1761646052175_912349010008_36321_0100.png,thumbs/cluster_12/060_cell_1761646052175_912349010008_36321_0100.jpg
12,/home/wangqianqian/project/FS/data/28gusui&pizang/03/19/cell_1761646770501_912349010008_95100_0000.png,thumbs/cluster_12/061_cell_1761646770501_912349010008_95100_0000.jpg
12,/home/wangqianqian/project/FS/data/28gusui&pizang/03/04/cell_1761645865138_912349010008_21006_0000.png,thumbs/cluster_12/062_cell_1761645865138_912349010008_21006_0000.jpg
12,/home/wangqianqian/project/FS/data/28gusui&pizang/03/09/cell_1761646160721_912349010008_44370_0000.png,thumbs/cluster_12/063_cell_1761646160721_912349010008_44370_0000.jpg
12,/home/wangqianqian/project/FS/data/28gusui&pizang/03/09/cell_1761646187353_912349010008_46365_0000.png,thumbs/cluster_12/064_cell_1761646187353_912349010008_46365_0000.jpg
12,/home/wangqianqian/project/FS/data/28gusui&pizang/03/03/cell_1761645817566_912349010008_17007_0100.png,thumbs/cluster_12/065_cell_1761645817566_912349010008_17007_0100.jpg
12,/home/wangqianqian/project/FS/data/28gusui&pizang/03/10/cell_1761646246094_912349010008_51125_0000.png,thumbs/cluster_12/066_cell_1761646246094_912349010008_51125_0000.jpg
12,/home/wangqianqian/project/FS/data/28gusui&pizang/03/08/cell_1761646088731_912349010008_39069_0100.png,thumbs/cluster_12/067_cell_1761646088731_912349010008_39069_0100.jpg
12,/home/wangqianqian/project/FS/data/28gusui&pizang/03/14/cell_1761646498677_912349010008_72706_0000.png,thumbs/cluster_12/068_cell_1761646498677_912349010008_72706_0000.jpg
12,/home/wangqianqian/project/FS/data/28gusui&pizang/03/03/cell_1761645838818_912349010008_18688_0000.png,thumbs/cluster_12/069_cell_1761645838818_912349010008_18688_0000.jpg
12,/home/wangqianqian/project/FS/data/28gusui&pizang/03/16/cell_1761646569898_912349010008_78413_0100.png,thumbs/cluster_12/070_cell_1761646569898_912349010008_78413_0100.jpg
12,/home/wangqianqian/project/FS/data/28gusui&pizang/03/05/cell_1761645914375_912349010008_24834_0100.png,thumbs/cluster_12/071_cell_1761645914375_912349010008_24834_0100.jpg
12,/home/wangqianqian/project/FS/data/28gusui&pizang/03/08/cell_1761646116545_912349010008_41178_0000.png,thumbs/cluster_12/072_cell_1761646116545_912349010008_41178_0000.jpg
12,/home/wangqianqian/project/FS/data/28gusui&pizang/03/11/cell_1761646297152_912349010008_55473_0100.png,thumbs/cluster_12/073_cell_1761646297152_912349010008_55473_0100.jpg
12,/home/wangqianqian/project/FS/data/28gusui&pizang/03/08/cell_1761646104709_912349010008_40290_0100.png,thumbs/cluster_12/074_cell_1761646104709_912349010008_40290_0100.jpg
12,/home/wangqianqian/project/FS/data/28gusui&pizang/03/16/cell_1761646599827_912349010008_80754_0100.png,thumbs/cluster_12/075_cell_1761646599827_912349010008_80754_0100.jpg
12,/home/wangqianqian/project/FS/data/28gusui&pizang/03/08/cell_1761646080773_912349010008_38451_0100.png,thumbs/cluster_12/076_cell_1761646080773_912349010008_38451_0100.jpg
12,/home/wangqianqian/project/FS/data/28gusui&pizang/03/11/cell_1761646314549_912349010008_56938_0100.png,thumbs/cluster_12/077_cell_1761646314549_912349010008_56938_0100.jpg
12,/home/wangqianqian/project/FS/data/28gusui&pizang/03/05/cell_1761645939794_912349010008_26761_0100.png,thumbs/cluster_12/078_cell_1761645939794_912349010008_26761_0100.jpg
12,/home/wangqianqian/project/FS/data/28gusui&pizang/03/08/cell_1761646136537_912349010008_42560_0000.png,thumbs/cluster_12/079_cell_1761646136537_912349010008_42560_0000.jpg
12,/home/wangqianqian/project/FS/data/28gusui&pizang/03/16/cell_1761646603987_912349010008_81129_0000.png,thumbs/cluster_12/080_cell_1761646603987_912349010008_81129_0000.jpg
12,/home/wangqianqian/project/FS/data/28gusui&pizang/03/06/cell_1761645984653_912349010008_30476_0100.png,thumbs/cluster_12/081_cell_1761645984653_912349010008_30476_0100.jpg
12,/home/wangqianqian/project/FS/data/28gusui&pizang/03/20/cell_1761646822558_912349010008_99515_0000.png,thumbs/cluster_12/082_cell_1761646822558_912349010008_99515_0000.jpg
12,/home/wangqianqian/project/FS/data/28gusui&pizang/03/07/cell_1761646023704_912349010008_33778_0100.png,thumbs/cluster_12/083_cell_1761646023704_912349010008_33778_0100.jpg
12,/home/wangqianqian/project/FS/data/28gusui&pizang/03/07/cell_1761646043675_912349010008_35522_0100.png,thumbs/cluster_12/084_cell_1761646043675_912349010008_35522_0100.jpg
12,/home/wangqianqian/project/FS/data/28gusui&pizang/03/14/cell_1761646481487_912349010008_70976_0100.png,thumbs/cluster_12/085_cell_1761646481487_912349010008_70976_0100.jpg
12,/home/wangqianqian/project/FS/data/28gusui&pizang/03/18/cell_1761646680459_912349010008_87789_0000.png,thumbs/cluster_12/086_cell_1761646680459_912349010008_87789_0000.jpg
12,/home/wangqianqian/project/FS/data/28gusui&pizang/03/19/cell_1761646793152_912349010008_96936_0000.png,thumbs/cluster_12/087_cell_1761646793152_912349010008_96936_0000.jpg
12,/home/wangqianqian/project/FS/data/28gusui&pizang/03/10/cell_1761646244208_912349010008_50955_0000.png,thumbs/cluster_12/088_cell_1761646244208_912349010008_50955_0000.jpg
12,/home/wangqianqian/project/FS/data/28gusui&pizang/03/13/cell_1761646405301_912349010008_64173_0100.png,thumbs/cluster_12/089_cell_1761646405301_912349010008_64173_0100.jpg
12,/home/wangqianqian/project/FS/data/28gusui&pizang/03/21/cell_1761646918002_912349010008_107497_0100.png,thumbs/cluster_12/090_cell_1761646918002_912349010008_107497_0100.jpg
12,/home/wangqianqian/project/FS/data/28gusui&pizang/03/09/cell_1761646184344_912349010008_46131_0100.png,thumbs/cluster_12/091_cell_1761646184344_912349010008_46131_0100.jpg
12,/home/wangqianqian/project/FS/data/28gusui&pizang/03/03/cell_1761645807148_912349010008_16213_0000.png,thumbs/cluster_12/092_cell_1761645807148_912349010008_16213_0000.jpg
12,/home/wangqianqian/project/FS/data/28gusui&pizang/03/03/cell_1761645790563_912349010008_14943_0000.png,thumbs/cluster_12/093_cell_1761645790563_912349010008_14943_0000.jpg
12,/home/wangqianqian/project/FS/data/28gusui&pizang/03/05/cell_1761645908345_912349010008_24404_0000.png,thumbs/cluster_12/094_cell_1761645908345_912349010008_24404_0000.jpg
12,/home/wangqianqian/project/FS/data/28gusui&pizang/03/09/cell_1761646166073_912349010008_44745_0100.png,thumbs/cluster_12/095_cell_1761646166073_912349010008_44745_0100.jpg
12,/home/wangqianqian/project/FS/data/28gusui&pizang/03/10/cell_1761646235043_912349010008_50198_0000.png,thumbs/cluster_12/096_cell_1761646235043_912349010008_50198_0000.jpg
12,/home/wangqianqian/project/FS/data/28gusui&pizang/03/14/cell_1761646495029_912349010008_72346_0000.png,thumbs/cluster_12/097_cell_1761646495029_912349010008_72346_0000.jpg
12,/home/wangqianqian/project/FS/data/28gusui&pizang/03/02/cell_1761645744563_912349010008_11532_0000.png,thumbs/cluster_12/098_cell_1761645744563_912349010008_11532_0000.jpg
12,/home/wangqianqian/project/FS/data/28gusui&pizang/03/10/cell_1761646250804_912349010008_51500_0100.png,thumbs/cluster_12/099_cell_1761646250804_912349010008_51500_0100.jpg
13,/home/wangqianqian/project/FS/data/28gusui&pizang/03/13/cell_1761646407770_912349010008_64371_0000.png,thumbs/cluster_13/000_cell_1761646407770_912349010008_64371_0000.jpg
13,/home/wangqianqian/project/FS/data/28gusui&pizang/03/10/cell_1761646214087_912349010008_48458_0000.png,thumbs/cluster_13/001_cell_1761646214087_912349010008_48458_0000.jpg
13,/home/wangqianqian/project/FS/data/28gusui&pizang/03/03/cell_1761645825529_912349010008_17689_0000.png,thumbs/cluster_13/002_cell_1761645825529_912349010008_17689_0000.jpg
13,/home/wangqianqian/project/FS/data/28gusui&pizang/03/19/cell_1761646792646_912349010008_96896_0100.png,thumbs/cluster_13/003_cell_1761646792646_912349010008_96896_0100.jpg
13,/home/wangqianqian/project/FS/data/28gusui&pizang/03/03/cell_1761645781151_912349010008_14181_0000.png,thumbs/cluster_13/004_cell_1761645781151_912349010008_14181_0000.jpg
13,/home/wangqianqian/project/FS/data/28gusui&pizang/03/11/cell_1761646266478_912349010008_52708_0000.png,thumbs/cluster_13/005_cell_1761646266478_912349010008_52708_0000.jpg
13,/home/wangqianqian/project/FS/data/28gusui&pizang/03/10/cell_1761646246305_912349010008_51156_0100.png,thumbs/cluster_13/006_cell_1761646246305_912349010008_51156_0100.jpg
13,/home/wangqianqian/project/FS/data/28gusui&pizang/03/14/cell_1761646482792_912349010008_71101_0100.png,thumbs/cluster_13/007_cell_1761646482792_912349010008_71101_0100.jpg
13,/home/wangqianqian/project/FS/data/28gusui&pizang/03/02/cell_1761645776705_912349010008_13860_0000.png,thumbs/cluster_13/008_cell_1761645776705_912349010008_13860_0000.jpg
13,/home/wangqianqian/project/FS/data/28gusui&pizang/03/20/cell_1761646807191_912349010008_98228_0000.png,thumbs/cluster_13/009_cell_1761646807191_912349010008_98228_0000.jpg
13,/home/wangqianqian/project/FS/data/28gusui&pizang/03/20/cell_1761646840590_912349010008_101011_0000.png,thumbs/cluster_13/010_cell_1761646840590_912349010008_101011_0000.jpg
13,/home/wangqianqian/project/FS/data/28gusui&pizang/03/04/cell_1761645874475_912349010008_21791_0100.png,thumbs/cluster_13/011_cell_1761645874475_912349010008_21791_0100.jpg
13,/home/wangqianqian/project/FS/data/28gusui&pizang/03/07/cell_1761646051411_912349010008_36241_0100.png,thumbs/cluster_13/012_cell_1761646051411_912349010008_36241_0100.jpg
13,/home/wangqianqian/project/FS/data/28gusui&pizang/03/21/cell_1761646903691_912349010008_106280_0000.png,thumbs/cluster_13/013_cell_1761646903691_912349010008_106280_0000.jpg
13,/home/wangqianqian/project/FS/data/28gusui&pizang/03/14/cell_1761646487696_912349010008_71615_0000.png,thumbs/cluster_13/014_cell_1761646487696_912349010008_71615_0000.jpg
13,/home/wangqianqian/project/FS/data/28gusui&pizang/03/05/cell_1761645939780_912349010008_26758_0000.png,thumbs/cluster_13/015_cell_1761645939780_912349010008_26758_0000.jpg
13,/home/wangqianqian/project/FS/data/28gusui&pizang/03/06/cell_1761646000497_912349010008_31726_0000.png,thumbs/cluster_13/016_cell_1761646000497_912349010008_31726_0000.jpg
13,/home/wangqianqian/project/FS/data/28gusui&pizang/03/12/cell_1761646350730_912349010008_59901_0100.png,thumbs/cluster_13/017_cell_1761646350730_912349010008_59901_0100.jpg
13,/home/wangqianqian/project/FS/data/28gusui&pizang/03/14/cell_1761646481214_912349010008_70954_0000.png,thumbs/cluster_13/018_cell_1761646481214_912349010008_70954_0000.jpg
13,/home/wangqianqian/project/FS/data/28gusui&pizang/03/02/cell_1761645763853_912349010008_12920_0000.png,thumbs/cluster_13/019_cell_1761645763853_912349010008_12920_0000.jpg
13,/home/wangqianqian/project/FS/data/28gusui&pizang/03/01/cell_1761645696531_912349010008_8177_0000.png,thumbs/cluster_13/020_cell_1761645696531_912349010008_8177_0000.jpg
13,/home/wangqianqian/project/FS/data/28gusui&pizang/03/05/cell_1761645955001_912349010008_28012_0000.png,thumbs/cluster_13/021_cell_1761645955001_912349010008_28012_0000.jpg
13,/home/wangqianqian/project/FS/data/28gusui&pizang/03/17/cell_1761646625665_912349010008_82938_0100.png,thumbs/cluster_13/022_cell_1761646625665_912349010008_82938_0100.jpg
13,/home/wangqianqian/project/FS/data/28gusui&pizang/03/09/cell_1761646155114_912349010008_43942_0100.png,thumbs/cluster_13/023_cell_1761646155114_912349010008_43942_0100.jpg
13,/home/wangqianqian/project/FS/data/28gusui&pizang/03/05/cell_1761645914682_912349010008_24857_0000.png,thumbs/cluster_13/024_cell_1761645914682_912349010008_24857_0000.jpg
13,/home/wangqianqian/project/FS/data/28gusui&pizang/03/10/cell_1761646206183_912349010008_47789_0000.png,thumbs/cluster_13/025_cell_1761646206183_912349010008_47789_0000.jpg
13,/home/wangqianqian/project/FS/data/28gusui&pizang/03/05/cell_1761645944091_912349010008_27130_0000.png,thumbs/cluster_13/026_cell_1761645944091_912349010008_27130_0000.jpg
13,/home/wangqianqian/project/FS/data/28gusui&pizang/03/06/cell_1761645973240_912349010008_29474_0100.png,thumbs/cluster_13/027_cell_1761645973240_912349010008_29474_0100.jpg
13,/home/wangqianqian/project/FS/data/28gusui&pizang/03/14/cell_1761646470598_912349010008_70009_0000.png,thumbs/cluster_13/028_cell_1761646470598_912349010008_70009_0000.jpg
13,/home/wangqianqian/project/FS/data/28gusui&pizang/03/02/cell_1761645749716_912349010008_11901_0000.png,thumbs/cluster_13/029_cell_1761645749716_912349010008_11901_0000.jpg
13,/home/wangqianqian/project/FS/data/28gusui&pizang/03/09/cell_1761646195476_912349010008_46944_0100.png,thumbs/cluster_13/030_cell_1761646195476_912349010008_46944_0100.jpg
13,/home/wangqianqian/project/FS/data/28gusui&pizang/03/21/cell_1761646861198_912349010008_102825_0100.png,thumbs/cluster_13/031_cell_1761646861198_912349010008_102825_0100.jpg
13,/home/wangqianqian/project/FS/data/28gusui&pizang/03/04/cell_1761645886935_912349010008_22822_0000.png,thumbs/cluster_13/032_cell_1761645886935_912349010008_22822_0000.jpg
13,/home/wangqianqian/project/FS/data/28gusui&pizang/03/12/cell_1761646320009_912349010008_57415_0100.png,thumbs/cluster_13/033_cell_1761646320009_912349010008_57415_0100.jpg
13,/home/wangqianqian/project/FS/data/28gusui&pizang/03/03/cell_1761645795564_912349010008_15312_0100.png,thumbs/cluster_13/034_cell_1761645795564_912349010008_15312_0100.jpg
13,/home/wangqianqian/project/FS/data/28gusui&pizang/03/08/cell_1761646122747_912349010008_41610_0000.png,thumbs/cluster_13/035_cell_1761646122747_912349010008_41610_0000.jpg
13,/home/wangqianqian/project/FS/data/28gusui&pizang/03/03/cell_1761645785819_912349010008_14581_0000.png,thumbs/cluster_13/036_cell_1761645785819_912349010008_14581_0000.jpg
13,/home/wangqianqian/project/FS/data/28gusui&pizang/03/19/cell_1761646775226_912349010008_95509_0100.png,thumbs/cluster_13/037_cell_1761646775226_912349010008_95509_0100.jpg
13,/home/wangqianqian/project/FS/data/28gusui&pizang/03/07/cell_1761646031233_912349010008_34464_0000.png,thumbs/cluster_13/038_cell_1761646031233_912349010008_34464_0000.jpg
13,/home/wangqianqian/project/FS/data/28gusui&pizang/03/19/cell_1761646740499_912349010008_92736_0100.png,thumbs/cluster_13/039_cell_1761646740499_912349010008_92736_0100.jpg
13,/home/wangqianqian/project/FS/data/28gusui&pizang/03/11/cell_1761646288309_912349010008_54632_0000.png,thumbs/cluster_13/040_cell_1761646288309_912349010008_54632_0000.jpg
13,/home/wangqianqian/project/FS/data/28gusui&pizang/03/04/cell_1761645851652_912349010008_19788_0000.png,thumbs/cluster_13/041_cell_1761645851652_912349010008_19788_0000.jpg
13,/home/wangqianqian/project/FS/data/28gusui&pizang/03/06/cell_1761646001619_912349010008_31825_0100.png,thumbs/cluster_13/042_cell_1761646001619_912349010008_31825_0100.jpg
13,/home/wangqianqian/project/FS/data/28gusui&pizang/03/20/cell_1761646856347_912349010008_102399_0000.png,thumbs/cluster_13/043_cell_1761646856347_912349010008_102399_0000.jpg
13,/home/wangqianqian/project/FS/data/28gusui&pizang/03/16/cell_1761646567979_912349010008_78265_0100.png,thumbs/cluster_13/044_cell_1761646567979_912349010008_78265_0100.jpg
13,/home/wangqianqian/project/FS/data/28gusui&pizang/03/20/cell_1761646851040_912349010008_101890_0000.png,thumbs/cluster_13/045_cell_1761646851040_912349010008_101890_0000.jpg
13,/home/wangqianqian/project/FS/data/28gusui&pizang/03/04/cell_1761645840949_912349010008_18839_0100.png,thumbs/cluster_13/046_cell_1761645840949_912349010008_18839_0100.jpg
13,/home/wangqianqian/project/FS/data/28gusui&pizang/03/17/cell_1761646621818_912349010008_82613_0000.png,thumbs/cluster_13/047_cell_1761646621818_912349010008_82613_0000.jpg
13,/home/wangqianqian/project/FS/data/28gusui&pizang/03/09/cell_1761646185381_912349010008_46214_0100.png,thumbs/cluster_13/048_cell_1761646185381_912349010008_46214_0100.jpg
13,/home/wangqianqian/project/FS/data/28gusui&pizang/03/04/cell_1761645870161_912349010008_21445_0100.png,thumbs/cluster_13/049_cell_1761645870161_912349010008_21445_0100.jpg
13,/home/wangqianqian/project/FS/data/28gusui&pizang/03/18/cell_1761646718925_912349010008_90899_0000.png,thumbs/cluster_13/050_cell_1761646718925_912349010008_90899_0000.jpg
13,/home/wangqianqian/project/FS/data/28gusui&pizang/03/17/cell_1761646625706_912349010008_82942_0100.png,thumbs/cluster_13/051_cell_1761646625706_912349010008_82942_0100.jpg
13,/home/wangqianqian/project/FS/data/28gusui&pizang/03/10/cell_1761646236330_912349010008_50305_0100.png,thumbs/cluster_13/052_cell_1761646236330_912349010008_50305_0100.jpg
13,/home/wangqianqian/project/FS/data/28gusui&pizang/03/18/cell_1761646722069_912349010008_91147_0100.png,thumbs/cluster_13/053_cell_1761646722069_912349010008_91147_0100.jpg
13,/home/wangqianqian/project/FS/data/28gusui&pizang/03/16/cell_1761646611834_912349010008_81751_0100.png,thumbs/cluster_13/054_cell_1761646611834_912349010008_81751_0100.jpg
13,/home/wangqianqian/project/FS/data/28gusui&pizang/03/09/cell_1761646187654_912349010008_46393_0100.png,thumbs/cluster_13/055_cell_1761646187654_912349010008_46393_0100.jpg
13,/home/wangqianqian/project/FS/data/28gusui&pizang/03/12/cell_1761646324120_912349010008_57716_0000.png,thumbs/cluster_13/056_cell_1761646324120_912349010008_57716_0000.jpg
13,/home/wangqianqian/project/FS/data/28gusui&pizang/03/12/cell_1761646337053_912349010008_58770_0000.png,thumbs/cluster_13/057_cell_1761646337053_912349010008_58770_0000.jpg
13,/home/wangqianqian/project/FS/data/28gusui&pizang/03/17/cell_1761646627301_912349010008_83079_0000.png,thumbs/cluster_13/058_cell_1761646627301_912349010008_83079_0000.jpg
13,/home/wangqianqian/project/FS/data/28gusui&pizang/03/05/cell_1761645905427_912349010008_24165_0000.png,thumbs/cluster_13/059_cell_1761645905427_912349010008_24165_0000.jpg
13,/home/wangqianqian/project/FS/data/28gusui&pizang/03/12/cell_1761646342462_912349010008_59199_0000.png,thumbs/cluster_13/060_cell_1761646342462_912349010008_59199_0000.jpg
13,/home/wangqianqian/project/FS/data/28gusui&pizang/03/14/cell_1761646452709_912349010008_68403_0000.png,thumbs/cluster_13/061_cell_1761646452709_912349010008_68403_0000.jpg
13,/home/wangqianqian/project/FS/data/28gusui&pizang/03/18/cell_1761646713007_912349010008_90434_0000.png,thumbs/cluster_13/062_cell_1761646713007_912349010008_90434_0000.jpg
13,/home/wangqianqian/project/FS/data/28gusui&pizang/03/09/cell_1761646190719_912349010008_46613_0000.png,thumbs/cluster_13/063_cell_1761646190719_912349010008_46613_0000.jpg
13,/home/wangqianqian/project/FS/data/28gusui&pizang/03/02/cell_1761645757755_912349010008_12525_0100.png,thumbs/cluster_13/064_cell_1761645757755_912349010008_12525_0100.jpg
13,/home/wangqianqian/project/FS/data/28gusui&pizang/03/06/cell_1761645979351_912349010008_30029_0100.png,thumbs/cluster_13/065_cell_1761645979351_912349010008_30029_0100.jpg
13,/home/wangqianqian/project/FS/data/28gusui&pizang/03/07/cell_1761646036849_912349010008_34917_0000.png,thumbs/cluster_13/066_cell_1761646036849_912349010008_34917_0000.jpg
13,/home/wangqianqian/project/FS/data/28gusui&pizang/03/04/cell_1761645851744_912349010008_19797_0000.png,thumbs/cluster_13/067_cell_1761645851744_912349010008_19797_0000.jpg
13,/home/wangqianqian/project/FS/data/28gusui&pizang/03/10/cell_1761646209897_912349010008_48080_0000.png,thumbs/cluster_13/068_cell_1761646209897_912349010008_48080_0000.jpg
13,/home/wangqianqian/project/FS/data/28gusui&pizang/03/12/cell_1761646345256_912349010008_59441_0000.png,thumbs/cluster_13/069_cell_1761646345256_912349010008_59441_0000.jpg
13,/home/wangqianqian/project/FS/data/28gusui&pizang/03/11/cell_1761646302071_912349010008_55893_0000.png,thumbs/cluster_13/070_cell_1761646302071_912349010008_55893_0000.jpg
13,/home/wangqianqian/project/FS/data/28gusui&pizang/03/17/cell_1761646638976_912349010008_84111_0000.png,thumbs/cluster_13/071_cell_1761646638976_912349010008_84111_0000.jpg
13,/home/wangqianqian/project/FS/data/28gusui&pizang/03/07/cell_1761646054367_912349010008_36496_0000.png,thumbs/cluster_13/072_cell_1761646054367_912349010008_36496_0000.jpg
13,/home/wangqianqian/project/FS/data/28gusui&pizang/03/05/cell_1761645938040_912349010008_26618_0100.png,thumbs/cluster_13/073_cell_1761645938040_912349010008_26618_0100.jpg
13,/home/wangqianqian/project/FS/data/28gusui&pizang/03/04/cell_1761645852298_912349010008_19852_0000.png,thumbs/cluster_13/074_cell_1761645852298_912349010008_19852_0000.jpg
13,/home/wangqianqian/project/FS/data/28gusui&pizang/03/21/cell_1761646916357_912349010008_107348_0000.png,thumbs/cluster_13/075_cell_1761646916357_912349010008_107348_0000.jpg
13,/home/wangqianqian/project/FS/data/28gusui&pizang/03/18/cell_1761646738673_912349010008_92588_0000.png,thumbs/cluster_13/076_cell_1761646738673_912349010008_92588_0000.jpg
13,/home/wangqianqian/project/FS/data/28gusui&pizang/03/07/cell_1761646031098_912349010008_34452_0100.png,thumbs/cluster_13/077_cell_1761646031098_912349010008_34452_0100.jpg
13,/home/wangqianqian/project/FS/data/28gusui&pizang/03/02/cell_1761645748808_912349010008_11841_0100.png,thumbs/cluster_13/078_cell_1761645748808_912349010008_11841_0100.jpg
13,/home/wangqianqian/project/FS/data/28gusui&pizang/03/15/cell_1761646510792_912349010008_73707_0100.png,thumbs/cluster_13/079_cell_1761646510792_912349010008_73707_0100.jpg
13,/home/wangqianqian/project/FS/data/28gusui&pizang/03/11/cell_1761646302362_912349010008_55922_0000.png,thumbs/cluster_13/080_cell_1761646302362_912349010008_55922_0000.jpg
13,/home/wangqianqian/project/FS/data/28gusui&pizang/03/08/cell_1761646112268_912349010008_40842_0000.png,thumbs/cluster_13/081_cell_1761646112268_912349010008_40842_0000.jpg
13,/home/wangqianqian/project/FS/data/28gusui&pizang/03/04/cell_1761645848262_912349010008_19489_0100.png,thumbs/cluster_13/082_cell_1761645848262_912349010008_19489_0100.jpg
13,/home/wangqianqian/project/FS/data/28gusui&pizang/03/08/cell_1761646130766_912349010008_42167_0100.png,thumbs/cluster_13/083_cell_1761646130766_912349010008_42167_0100.jpg
13,/home/wangqianqian/project/FS/data/28gusui&pizang/03/12/cell_1761646335847_912349010008_58691_0100.png,thumbs/cluster_13/084_cell_1761646335847_912349010008_58691_0100.jpg
13,/home/wangqianqian/project/FS/data/28gusui&pizang/03/16/cell_1761646614644_912349010008_81973_0000.png,thumbs/cluster_13/085_cell_1761646614644_912349010008_81973_0000.jpg
13,/home/wangqianqian/project/FS/data/28gusui&pizang/03/16/cell_1761646563098_912349010008_77946_0000.png,thumbs/cluster_13/086_cell_1761646563098_912349010008_77946_0000.jpg
13,/home/wangqianqian/project/FS/data/28gusui&pizang/03/16/cell_1761646594455_912349010008_80319_0000.png,thumbs/cluster_13/087_cell_1761646594455_912349010008_80319_0000.jpg
13,/home/wangqianqian/project/FS/data/28gusui&pizang/03/17/cell_1761646670547_912349010008_86879_0000.png,thumbs/cluster_13/088_cell_1761646670547_912349010008_86879_0000.jpg
13,/home/wangqianqian/project/FS/data/28gusui&pizang/03/19/cell_1761646773717_912349010008_95373_0000.png,thumbs/cluster_13/089_cell_1761646773717_912349010008_95373_0000.jpg
13,/home/wangqianqian/project/FS/data/28gusui&pizang/03/07/cell_1761646036940_912349010008_34927_0000.png,thumbs/cluster_13/090_cell_1761646036940_912349010008_34927_0000.jpg
13,/home/wangqianqian/project/FS/data/28gusui&pizang/03/15/cell_1761646539213_912349010008_76033_0100.png,thumbs/cluster_13/091_cell_1761646539213_912349010008_76033_0100.jpg
13,/home/wangqianqian/project/FS/data/28gusui&pizang/03/08/cell_1761646098244_912349010008_39784_0100.png,thumbs/cluster_13/092_cell_1761646098244_912349010008_39784_0100.jpg
13,/home/wangqianqian/project/FS/data/28gusui&pizang/03/15/cell_1761646515156_912349010008_74069_0000.png,thumbs/cluster_13/093_cell_1761646515156_912349010008_74069_0000.jpg
13,/home/wangqianqian/project/FS/data/28gusui&pizang/03/05/cell_1761645951882_912349010008_27778_0100.png,thumbs/cluster_13/094_cell_1761645951882_912349010008_27778_0100.jpg
13,/home/wangqianqian/project/FS/data/28gusui&pizang/03/13/cell_1761646411974_912349010008_64701_0000.png,thumbs/cluster_13/095_cell_1761646411974_912349010008_64701_0000.jpg
13,/home/wangqianqian/project/FS/data/28gusui&pizang/03/05/cell_1761645946079_912349010008_27313_0000.png,thumbs/cluster_13/096_cell_1761645946079_912349010008_27313_0000.jpg
13,/home/wangqianqian/project/FS/data/28gusui&pizang/03/17/cell_1761646622078_912349010008_82640_0000.png,thumbs/cluster_13/097_cell_1761646622078_912349010008_82640_0000.jpg
13,/home/wangqianqian/project/FS/data/28gusui&pizang/03/02/cell_1761645744641_912349010008_11537_0000.png,thumbs/cluster_13/098_cell_1761645744641_912349010008_11537_0000.jpg
13,/home/wangqianqian/project/FS/data/28gusui&pizang/03/12/cell_1761646327773_912349010008_58029_0100.png,thumbs/cluster_13/099_cell_1761646327773_912349010008_58029_0100.jpg
14,/home/wangqianqian/project/FS/data/28gusui&pizang/03/15/cell_1761646521079_912349010008_74574_0200.png,thumbs/cluster_14/000_cell_1761646521079_912349010008_74574_0200.jpg
14,/home/wangqianqian/project/FS/data/28gusui&pizang/03/06/cell_1761645986983_912349010008_30668_0100.png,thumbs/cluster_14/001_cell_1761645986983_912349010008_30668_0100.jpg
14,/home/wangqianqian/project/FS/data/28gusui&pizang/03/15/cell_1761646523224_912349010008_74772_0100.png,thumbs/cluster_14/002_cell_1761646523224_912349010008_74772_0100.jpg
14,/home/wangqianqian/project/FS/data/28gusui&pizang/03/03/cell_1761645805339_912349010008_16082_0000.png,thumbs/cluster_14/003_cell_1761645805339_912349010008_16082_0000.jpg
14,/home/wangqianqian/project/FS/data/28gusui&pizang/03/14/cell_1761646493634_912349010008_72195_0100.png,thumbs/cluster_14/004_cell_1761646493634_912349010008_72195_0100.jpg
14,/home/wangqianqian/project/FS/data/28gusui&pizang/03/15/cell_1761646510962_912349010008_73722_0100.png,thumbs/cluster_14/005_cell_1761646510962_912349010008_73722_0100.jpg
14,/home/wangqianqian/project/FS/data/28gusui&pizang/03/05/cell_1761645947655_912349010008_27440_0000.png,thumbs/cluster_14/006_cell_1761645947655_912349010008_27440_0000.jpg
14,/home/wangqianqian/project/FS/data/28gusui&pizang/03/10/cell_1761646221503_912349010008_49111_0100.png,thumbs/cluster_14/007_cell_1761646221503_912349010008_49111_0100.jpg
14,/home/wangqianqian/project/FS/data/28gusui&pizang/03/09/cell_1761646194842_912349010008_46890_0000.png,thumbs/cluster_14/008_cell_1761646194842_912349010008_46890_0000.jpg
14,/home/wangqianqian/project/FS/data/28gusui&pizang/03/10/cell_1761646220517_912349010008_49008_0100.png,thumbs/cluster_14/009_cell_1761646220517_912349010008_49008_0100.jpg
14,/home/wangqianqian/project/FS/data/28gusui&pizang/03/07/cell_1761646033266_912349010008_34646_0000.png,thumbs/cluster_14/010_cell_1761646033266_912349010008_34646_0000.jpg
14,/home/wangqianqian/project/FS/data/28gusui&pizang/03/07/cell_1761646063082_912349010008_37190_0100.png,thumbs/cluster_14/011_cell_1761646063082_912349010008_37190_0100.jpg
14,/home/wangqianqian/project/FS/data/28gusui&pizang/03/16/cell_1761646561033_912349010008_77802_0000.png,thumbs/cluster_14/012_cell_1761646561033_912349010008_77802_0000.jpg
14,/home/wangqianqian/project/FS/data/28gusui&pizang/03/02/cell_1761645776175_912349010008_13794_0000.png,thumbs/cluster_14/013_cell_1761645776175_912349010008_13794_0000.jpg
14,/home/wangqianqian/project/FS/data/28gusui&pizang/03/19/cell_1761646765613_912349010008_94691_0000.png,thumbs/cluster_14/014_cell_1761646765613_912349010008_94691_0000.jpg
14,/home/wangqianqian/project/FS/data/28gusui&pizang/03/04/cell_1761645893582_912349010008_23289_0100.png,thumbs/cluster_14/015_cell_1761645893582_912349010008_23289_0100.jpg
14,/home/wangqianqian/project/FS/data/28gusui&pizang/03/04/cell_1761645895420_912349010008_23410_0000.png,thumbs/cluster_14/016_cell_1761645895420_912349010008_23410_0000.jpg
14,/home/wangqianqian/project/FS/data/28gusui&pizang/03/14/cell_1761646494704_912349010008_72311_0000.png,thumbs/cluster_14/017_cell_1761646494704_912349010008_72311_0000.jpg
14,/home/wangqianqian/project/FS/data/28gusui&pizang/03/17/cell_1761646629519_912349010008_83274_0100.png,thumbs/cluster_14/018_cell_1761646629519_912349010008_83274_0100.jpg
14,/home/wangqianqian/project/FS/data/28gusui&pizang/03/20/cell_1761646822469_912349010008_99504_0100.png,thumbs/cluster_14/019_cell_1761646822469_912349010008_99504_0100.jpg
14,/home/wangqianqian/project/FS/data/28gusui&pizang/03/06/cell_1761645990351_912349010008_30917_0100.png,thumbs/cluster_14/020_cell_1761645990351_912349010008_30917_0100.jpg
14,/home/wangqianqian/project/FS/data/28gusui&pizang/03/14/cell_1761646483842_912349010008_71186_0000.png,thumbs/cluster_14/021_cell_1761646483842_912349010008_71186_0000.jpg
14,/home/wangqianqian/project/FS/data/28gusui&pizang/03/20/cell_1761646846416_912349010008_101489_0100.png,thumbs/cluster_14/022_cell_1761646846416_912349010008_101489_0100.jpg
14,/home/wangqianqian/project/FS/data/28gusui&pizang/03/19/cell_1761646779025_912349010008_95831_0100.png,thumbs/cluster_14/023_cell_1761646779025_912349010008_95831_0100.jpg
14,/home/wangqianqian/project/FS/data/28gusui&pizang/03/17/cell_1761646636928_912349010008_83942_0100.png,thumbs/cluster_14/024_cell_1761646636928_912349010008_83942_0100.jpg
14,/home/wangqianqian/project/FS/data/28gusui&pizang/03/11/cell_1761646276109_912349010008_53535_0000.png,thumbs/cluster_14/025_cell_1761646276109_912349010008_53535_0000.jpg
14,/home/wangqianqian/project/FS/data/28gusui&pizang/03/19/cell_1761646764812_912349010008_94634_0100.png,thumbs/cluster_14/026_cell_1761646764812_912349010008_94634_0100.jpg
14,/home/wangqianqian/project/FS/data/28gusui&pizang/03/02/cell_1761645733435_912349010008_10678_0000.png,thumbs/cluster_14/027_cell_1761645733435_912349010008_10678_0000.jpg
14,/home/wangqianqian/project/FS/data/28gusui&pizang/03/19/cell_1761646745470_912349010008_93121_0100.png,thumbs/cluster_14/028_cell_1761646745470_912349010008_93121_0100.jpg
14,/home/wangqianqian/project/FS/data/28gusui&pizang/03/07/cell_1761646047369_912349010008_35826_0100.png,thumbs/cluster_14/029_cell_1761646047369_912349010008_35826_0100.jpg
14,/home/wangqianqian/project/FS/data/28gusui&pizang/03/21/cell_1761646916436_912349010008_107355_0000.png,thumbs/cluster_14/030_cell_1761646916436_912349010008_107355_0000.jpg
14,/home/wangqianqian/project/FS/data/28gusui&pizang/03/09/cell_1761646196660_912349010008_47049_0000.png,thumbs/cluster_14/031_cell_1761646196660_912349010008_47049_0000.jpg
14,/home/wangqianqian/project/FS/data/28gusui&pizang/03/05/cell_1761645901993_912349010008_23898_0000.png,thumbs/cluster_14/032_cell_1761645901993_912349010008_23898_0000.jpg
14,/home/wangqianqian/project/FS/data/28gusui&pizang/03/13/cell_1761646425609_912349010008_65889_0200.png,thumbs/cluster_14/033_cell_1761646425609_912349010008_65889_0200.jpg
14,/home/wangqianqian/project/FS/data/28gusui&pizang/03/20/cell_1761646840364_912349010008_100993_0100.png,thumbs/cluster_14/034_cell_1761646840364_912349010008_100993_0100.jpg
14,/home/wangqianqian/project/FS/data/28gusui&pizang/03/11/cell_1761646276109_912349010008_53535_0100.png,thumbs/cluster_14/035_cell_1761646276109_912349010008_53535_0100.jpg
14,/home/wangqianqian/project/FS/data/28gusui&pizang/03/20/cell_1761646846681_912349010008_101526_0100.png,thumbs/cluster_14/036_cell_1761646846681_912349010008_101526_0100.jpg
14,/home/wangqianqian/project/FS/data/28gusui&pizang/03/17/cell_1761646634487_912349010008_83732_0000.png,thumbs/cluster_14/037_cell_1761646634487_912349010008_83732_0000.jpg
14,/home/wangqianqian/project/FS/data/28gusui&pizang/03/17/cell_1761646676702_912349010008_87476_0000.png,thumbs/cluster_14/038_cell_1761646676702_912349010008_87476_0000.jpg
14,/home/wangqianqian/project/FS/data/28gusui&pizang/03/04/cell_1761645841600_912349010008_18885_0100.png,thumbs/cluster_14/039_cell_1761645841600_912349010008_18885_0100.jpg
14,/home/wangqianqian/project/FS/data/28gusui&pizang/03/06/cell_1761645979525_912349010008_30041_0200.png,thumbs/cluster_14/040_cell_1761645979525_912349010008_30041_0200.jpg
14,/home/wangqianqian/project/FS/data/28gusui&pizang/03/15/cell_1761646523474_912349010008_74792_0100.png,thumbs/cluster_14/041_cell_1761646523474_912349010008_74792_0100.jpg
14,/home/wangqianqian/project/FS/data/28gusui&pizang/03/13/cell_1761646402873_912349010008_63984_0000.png,thumbs/cluster_14/042_cell_1761646402873_912349010008_63984_0000.jpg
14,/home/wangqianqian/project/FS/data/28gusui&pizang/03/12/cell_1761646339215_912349010008_58954_0100.png,thumbs/cluster_14/043_cell_1761646339215_912349010008_58954_0100.jpg
14,/home/wangqianqian/project/FS/data/28gusui&pizang/03/02/cell_1761645731712_912349010008_10570_0000.png,thumbs/cluster_14/044_cell_1761645731712_912349010008_10570_0000.jpg
14,/home/wangqianqian/project/FS/data/28gusui&pizang/03/17/cell_1761646634415_912349010008_83723_0000.png,thumbs/cluster_14/045_cell_1761646634415_912349010008_83723_0000.jpg
14,/home/wangqianqian/project/FS/data/28gusui&pizang/03/19/cell_1761646764812_912349010008_94634_0000.png,thumbs/cluster_14/046_cell_1761646764812_912349010008_94634_0000.jpg
14,/home/wangqianqian/project/FS/data/28gusui&pizang/03/02/cell_1761645721174_912349010008_9853_0000.png,thumbs/cluster_14/047_cell_1761645721174_912349010008_9853_0000.jpg
14,/home/wangqianqian/project/FS/data/28gusui&pizang/03/12/cell_1761646365013_912349010008_61096_0100.png,thumbs/cluster_14/048_cell_1761646365013_912349010008_61096_0100.jpg
14,/home/wangqianqian/project/FS/data/28gusui&pizang/03/17/cell_1761646631609_912349010008_83458_0100.png,thumbs/cluster_14/049_cell_1761646631609_912349010008_83458_0100.jpg
14,/home/wangqianqian/project/FS/data/28gusui&pizang/03/20/cell_1761646840364_912349010008_100993_0000.png,thumbs/cluster_14/050_cell_1761646840364_912349010008_100993_0000.jpg
14,/home/wangqianqian/project/FS/data/28gusui&pizang/03/15/cell_1761646520172_912349010008_74499_0000.png,thumbs/cluster_14/051_cell_1761646520172_912349010008_74499_0000.jpg
14,/home/wangqianqian/project/FS/data/28gusui&pizang/03/14/cell_1761646451378_912349010008_68299_0000.png,thumbs/cluster_14/052_cell_1761646451378_912349010008_68299_0000.jpg
14,/home/wangqianqian/project/FS/data/28gusui&pizang/03/08/cell_1761646083577_912349010008_38642_0100.png,thumbs/cluster_14/053_cell_1761646083577_912349010008_38642_0100.jpg
14,/home/wangqianqian/project/FS/data/28gusui&pizang/03/03/cell_1761645823066_912349010008_17483_0100.png,thumbs/cluster_14/054_cell_1761645823066_912349010008_17483_0100.jpg
14,/home/wangqianqian/project/FS/data/28gusui&pizang/03/14/cell_1761646485056_912349010008_71319_0000.png,thumbs/cluster_14/055_cell_1761646485056_912349010008_71319_0000.jpg
14,/home/wangqianqian/project/FS/data/28gusui&pizang/03/04/cell_1761645841600_912349010008_18885_0000.png,thumbs/cluster_14/056_cell_1761645841600_912349010008_18885_0000.jpg
14,/home/wangqianqian/project/FS/data/28gusui&pizang/03/18/cell_1761646690527_912349010008_88702_0000.png,thumbs/cluster_14/057_cell_1761646690527_912349010008_88702_0000.jpg
14,/home/wangqianqian/project/FS/data/28gusui&pizang/03/16/cell_1761646573208_912349010008_78696_0000.png,thumbs/cluster_14/058_cell_1761646573208_912349010008_78696_0000.jpg
14,/home/wangqianqian/project/FS/data/28gusui&pizang/03/06/cell_1761646004194_912349010008_32036_0200.png,thumbs/cluster_14/059_cell_1761646004194_912349010008_32036_0200.jpg
14,/home/wangqianqian/project/FS/data/28gusui&pizang/03/20/cell_1761646846093_912349010008_101468_0100.png,thumbs/cluster_14/060_cell_1761646846093_912349010008_101468_0100.jpg
14,/home/wangqianqian/project/FS/data/28gusui&pizang/03/02/cell_1761645777836_912349010008_13956_0000.png,thumbs/cluster_14/061_cell_1761645777836_912349010008_13956_0000.jpg
14,/home/wangqianqian/project/FS/data/28gusui&pizang/03/02/cell_1761645739552_912349010008_11127_0100.png,thumbs/cluster_14/062_cell_1761645739552_912349010008_11127_0100.jpg
14,/home/wangqianqian/project/FS/data/28gusui&pizang/03/21/cell_1761646898370_912349010008_105866_0100.png,thumbs/cluster_14/063_cell_1761646898370_912349010008_105866_0100.jpg
14,/home/wangqianqian/project/FS/data/28gusui&pizang/03/12/cell_1761646368985_912349010008_61404_0100.png,thumbs/cluster_14/064_cell_1761646368985_912349010008_61404_0100.jpg
14,/home/wangqianqian/project/FS/data/28gusui&pizang/03/06/cell_1761645979525_912349010008_30041_0100.png,thumbs/cluster_14/065_cell_1761645979525_912349010008_30041_0100.jpg
14,/home/wangqianqian/project/FS/data/28gusui&pizang/03/11/cell_1761646287052_912349010008_54515_0000.png,thumbs/cluster_14/066_cell_1761646287052_912349010008_54515_0000.jpg
14,/home/wangqianqian/project/FS/data/28gusui&pizang/03/11/cell_1761646317874_912349010008_57236_0000.png,thumbs/cluster_14/067_cell_1761646317874_912349010008_57236_0000.jpg
14,/home/wangqianqian/project/FS/data/28gusui&pizang/03/20/cell_1761646804470_912349010008_97986_0000.png,thumbs/cluster_14/068_cell_1761646804470_912349010008_97986_0000.jpg
14,/home/wangqianqian/project/FS/data/28gusui&pizang/03/10/cell_1761646219000_912349010008_48856_0100.png,thumbs/cluster_14/069_cell_1761646219000_912349010008_48856_0100.jpg
14,/home/wangqianqian/project/FS/data/28gusui&pizang/03/17/cell_1761646621367_912349010008_82585_0100.png,thumbs/cluster_14/070_cell_1761646621367_912349010008_82585_0100.jpg
14,/home/wangqianqian/project/FS/data/28gusui&pizang/03/14/cell_1761646474822_912349010008_70396_0000.png,thumbs/cluster_14/071_cell_1761646474822_912349010008_70396_0000.jpg
14,/home/wangqianqian/project/FS/data/28gusui&pizang/03/13/cell_1761646436217_912349010008_66884_0000.png,thumbs/cluster_14/072_cell_1761646436217_912349010008_66884_0000.jpg
14,/home/wangqianqian/project/FS/data/28gusui&pizang/03/17/cell_1761646669841_912349010008_86818_0100.png,thumbs/cluster_14/073_cell_1761646669841_912349010008_86818_0100.jpg
14,/home/wangqianqian/project/FS/data/28gusui&pizang/03/11/cell_1761646278250_912349010008_53724_0100.png,thumbs/cluster_14/074_cell_1761646278250_912349010008_53724_0100.jpg
14,/home/wangqianqian/project/FS/data/28gusui&pizang/03/15/cell_1761646538909_912349010008_76006_0100.png,thumbs/cluster_14/075_cell_1761646538909_912349010008_76006_0100.jpg
14,/home/wangqianqian/project/FS/data/28gusui&pizang/03/14/cell_1761646492056_912349010008_72041_0000.png,thumbs/cluster_14/076_cell_1761646492056_912349010008_72041_0000.jpg
14,/home/wangqianqian/project/FS/data/28gusui&pizang/03/05/cell_1761645959086_912349010008_28317_0000.png,thumbs/cluster_14/077_cell_1761645959086_912349010008_28317_0000.jpg
14,/home/wangqianqian/project/FS/data/28gusui&pizang/03/04/cell_1761645854517_912349010008_20037_0100.png,thumbs/cluster_14/078_cell_1761645854517_912349010008_20037_0100.jpg
14,/home/wangqianqian/project/FS/data/28gusui&pizang/03/02/cell_1761645755553_912349010008_12340_0100.png,thumbs/cluster_14/079_cell_1761645755553_912349010008_12340_0100.jpg
14,/home/wangqianqian/project/FS/data/28gusui&pizang/03/20/cell_1761646822469_912349010008_99504_0000.png,thumbs/cluster_14/080_cell_1761646822469_912349010008_99504_0000.jpg
14,/home/wangqianqian/project/FS/data/28gusui&pizang/03/11/cell_1761646306900_912349010008_56293_0000.png,thumbs/cluster_14/081_cell_1761646306900_912349010008_56293_0000.jpg
14,/home/wangqianqian/project/FS/data/28gusui&pizang/03/15/cell_1761646556860_912349010008_77466_0000.png,thumbs/cluster_14/082_cell_1761646556860_912349010008_77466_0000.jpg
14,/home/wangqianqian/project/FS/data/28gusui&pizang/03/08/cell_1761646128615_912349010008_42032_0100.png,thumbs/cluster_14/083_cell_1761646128615_912349010008_42032_0100.jpg
14,/home/wangqianqian/project/FS/data/28gusui&pizang/03/10/cell_1761646237145_912349010008_50382_0100.png,thumbs/cluster_14/084_cell_1761646237145_912349010008_50382_0100.jpg
14,/home/wangqianqian/project/FS/data/28gusui&pizang/03/15/cell_1761646518077_912349010008_74315_0100.png,thumbs/cluster_14/085_cell_1761646518077_912349010008_74315_0100.jpg
14,/home/wangqianqian/project/FS/data/28gusui&pizang/03/21/cell_1761646911322_912349010008_106930_0100.png,thumbs/cluster_14/086_cell_1761646911322_912349010008_106930_0100.jpg
14,/home/wangqianqian/project/FS/data/28gusui&pizang/03/06/cell_1761645986815_912349010008_30652_0000.png,thumbs/cluster_14/087_cell_1761645986815_912349010008_30652_0000.jpg
14,/home/wangqianqian/project/FS/data/28gusui&pizang/03/20/cell_1761646824219_912349010008_99673_0100.png,thumbs/cluster_14/088_cell_1761646824219_912349010008_99673_0100.jpg
14,/home/wangqianqian/project/FS/data/28gusui&pizang/03/15/cell_1761646537979_912349010008_75921_0000.png,thumbs/cluster_14/089_cell_1761646537979_912349010008_75921_0000.jpg
14,/home/wangqianqian/project/FS/data/28gusui&pizang/03/18/cell_1761646687909_912349010008_88501_0000.png,thumbs/cluster_14/090_cell_1761646687909_912349010008_88501_0000.jpg
14,/home/wangqianqian/project/FS/data/28gusui&pizang/03/14/cell_1761646493634_912349010008_72195_0000.png,thumbs/cluster_14/091_cell_1761646493634_912349010008_72195_0000.jpg
14,/home/wangqianqian/project/FS/data/28gusui&pizang/03/10/cell_1761646239839_912349010008_50600_0100.png,thumbs/cluster_14/092_cell_1761646239839_912349010008_50600_0100.jpg
14,/home/wangqianqian/project/FS/data/28gusui&pizang/03/16/cell_1761646561049_912349010008_77804_0000.png,thumbs/cluster_14/093_cell_1761646561049_912349010008_77804_0000.jpg
14,/home/wangqianqian/project/FS/data/28gusui&pizang/03/19/cell_1761646792313_912349010008_96864_0100.png,thumbs/cluster_14/094_cell_1761646792313_912349010008_96864_0100.jpg
14,/home/wangqianqian/project/FS/data/28gusui&pizang/03/15/cell_1761646558622_912349010008_77615_0100.png,thumbs/cluster_14/095_cell_1761646558622_912349010008_77615_0100.jpg
14,/home/wangqianqian/project/FS/data/28gusui&pizang/03/18/cell_1761646695348_912349010008_89097_0100.png,thumbs/cluster_14/096_cell_1761646695348_912349010008_89097_0100.jpg
14,/home/wangqianqian/project/FS/data/28gusui&pizang/03/15/cell_1761646520654_912349010008_74536_0100.png,thumbs/cluster_14/097_cell_1761646520654_912349010008_74536_0100.jpg
14,/home/wangqianqian/project/FS/data/28gusui&pizang/03/08/cell_1761646087726_912349010008_38977_0000.png,thumbs/cluster_14/098_cell_1761646087726_912349010008_38977_0000.jpg
14,/home/wangqianqian/project/FS/data/28gusui&pizang/03/04/cell_1761645849400_912349010008_19569_0100.png,thumbs/cluster_14/099_cell_1761645849400_912349010008_19569_0100.jpg
15,/home/wangqianqian/project/FS/data/28gusui&pizang/03/18/cell_1761646726408_912349010008_91531_0000.png,thumbs/cluster_15/000_cell_1761646726408_912349010008_91531_0000.jpg
15,/home/wangqianqian/project/FS/data/28gusui&pizang/03/06/cell_1761645994068_912349010008_31223_0000.png,thumbs/cluster_15/001_cell_1761645994068_912349010008_31223_0000.jpg
15,/home/wangqianqian/project/FS/data/28gusui&pizang/03/09/cell_1761646157450_912349010008_44126_0100.png,thumbs/cluster_15/002_cell_1761646157450_912349010008_44126_0100.jpg
15,/home/wangqianqian/project/FS/data/28gusui&pizang/03/02/cell_1761645766514_912349010008_13106_0000.png,thumbs/cluster_15/003_cell_1761645766514_912349010008_13106_0000.jpg
15,/home/wangqianqian/project/FS/data/28gusui&pizang/03/18/cell_1761646709276_912349010008_90145_0100.png,thumbs/cluster_15/004_cell_1761646709276_912349010008_90145_0100.jpg
15,/home/wangqianqian/project/FS/data/28gusui&pizang/03/14/cell_1761646446521_912349010008_67849_0100.png,thumbs/cluster_15/005_cell_1761646446521_912349010008_67849_0100.jpg
15,/home/wangqianqian/project/FS/data/28gusui&pizang/03/12/cell_1761646357599_912349010008_60463_0000.png,thumbs/cluster_15/006_cell_1761646357599_912349010008_60463_0000.jpg
15,/home/wangqianqian/project/FS/data/28gusui&pizang/03/18/cell_1761646728626_912349010008_91743_0000.png,thumbs/cluster_15/007_cell_1761646728626_912349010008_91743_0000.jpg
15,/home/wangqianqian/project/FS/data/28gusui&pizang/03/05/cell_1761645908539_912349010008_24420_0000.png,thumbs/cluster_15/008_cell_1761645908539_912349010008_24420_0000.jpg
15,/home/wangqianqian/project/FS/data/28gusui&pizang/03/04/cell_1761645848010_912349010008_19464_0100.png,thumbs/cluster_15/009_cell_1761645848010_912349010008_19464_0100.jpg
15,/home/wangqianqian/project/FS/data/28gusui&pizang/03/08/cell_1761646092790_912349010008_39380_0000.png,thumbs/cluster_15/010_cell_1761646092790_912349010008_39380_0000.jpg
15,/home/wangqianqian/project/FS/data/28gusui&pizang/03/11/cell_1761646312757_912349010008_56784_0100.png,thumbs/cluster_15/011_cell_1761646312757_912349010008_56784_0100.jpg
15,/home/wangqianqian/project/FS/data/28gusui&pizang/03/08/cell_1761646099900_912349010008_39923_0000.png,thumbs/cluster_15/012_cell_1761646099900_912349010008_39923_0000.jpg
15,/home/wangqianqian/project/FS/data/28gusui&pizang/03/07/cell_1761646031867_912349010008_34522_0000.png,thumbs/cluster_15/013_cell_1761646031867_912349010008_34522_0000.jpg
15,/home/wangqianqian/project/FS/data/28gusui&pizang/03/16/cell_1761646573439_912349010008_78711_0000.png,thumbs/cluster_15/014_cell_1761646573439_912349010008_78711_0000.jpg
15,/home/wangqianqian/project/FS/data/28gusui&pizang/03/05/cell_1761645944848_912349010008_27201_0000.png,thumbs/cluster_15/015_cell_1761645944848_912349010008_27201_0000.jpg
15,/home/wangqianqian/project/FS/data/28gusui&pizang/03/13/cell_1761646400973_912349010008_63835_0100.png,thumbs/cluster_15/016_cell_1761646400973_912349010008_63835_0100.jpg
15,/home/wangqianqian/project/FS/data/28gusui&pizang/03/11/cell_1761646262158_912349010008_52381_0100.png,thumbs/cluster_15/017_cell_1761646262158_912349010008_52381_0100.jpg
15,/home/wangqianqian/project/FS/data/28gusui&pizang/03/17/cell_1761646679524_912349010008_87723_0000.png,thumbs/cluster_15/018_cell_1761646679524_912349010008_87723_0000.jpg
15,/home/wangqianqian/project/FS/data/28gusui&pizang/03/14/cell_1761646440076_912349010008_67234_0000.png,thumbs/cluster_15/019_cell_1761646440076_912349010008_67234_0000.jpg
15,/home/wangqianqian/project/FS/data/28gusui&pizang/03/06/cell_1761646016511_912349010008_33176_0000.png,thumbs/cluster_15/020_cell_1761646016511_912349010008_33176_0000.jpg
15,/home/wangqianqian/project/FS/data/28gusui&pizang/03/05/cell_1761645905608_912349010008_24177_0100.png,thumbs/cluster_15/021_cell_1761645905608_912349010008_24177_0100.jpg
15,/home/wangqianqian/project/FS/data/28gusui&pizang/03/12/cell_1761646331717_912349010008_58350_0000.png,thumbs/cluster_15/022_cell_1761646331717_912349010008_58350_0000.jpg
15,/home/wangqianqian/project/FS/data/28gusui&pizang/03/01/cell_1761645688621_912349010008_7777_0000.png,thumbs/cluster_15/023_cell_1761645688621_912349010008_7777_0000.jpg
15,/home/wangqianqian/project/FS/data/28gusui&pizang/03/15/cell_1761646553136_912349010008_77167_0000.png,thumbs/cluster_15/024_cell_1761646553136_912349010008_77167_0000.jpg
15,/home/wangqianqian/project/FS/data/28gusui&pizang/03/17/cell_1761646651660_912349010008_85230_0100.png,thumbs/cluster_15/025_cell_1761646651660_912349010008_85230_0100.jpg
15,/home/wangqianqian/project/FS/data/28gusui&pizang/03/20/cell_1761646836791_912349010008_100697_0000.png,thumbs/cluster_15/026_cell_1761646836791_912349010008_100697_0000.jpg
15,/home/wangqianqian/project/FS/data/28gusui&pizang/03/12/cell_1761646364685_912349010008_61077_0000.png,thumbs/cluster_15/027_cell_1761646364685_912349010008_61077_0000.jpg
15,/home/wangqianqian/project/FS/data/28gusui&pizang/03/07/cell_1761646027640_912349010008_34122_0000.png,thumbs/cluster_15/028_cell_1761646027640_912349010008_34122_0000.jpg
15,/home/wangqianqian/project/FS/data/28gusui&pizang/03/10/cell_1761646225367_912349010008_49423_0000.png,thumbs/cluster_15/029_cell_1761646225367_912349010008_49423_0000.jpg
15,/home/wangqianqian/project/FS/data/28gusui&pizang/03/09/cell_1761646156439_912349010008_44046_0100.png,thumbs/cluster_15/030_cell_1761646156439_912349010008_44046_0100.jpg
15,/home/wangqianqian/project/FS/data/28gusui&pizang/03/06/cell_1761645999264_912349010008_31624_0100.png,thumbs/cluster_15/031_cell_1761645999264_912349010008_31624_0100.jpg
15,/home/wangqianqian/project/FS/data/28gusui&pizang/03/15/cell_1761646516369_912349010008_74162_0000.png,thumbs/cluster_15/032_cell_1761646516369_912349010008_74162_0000.jpg
15,/home/wangqianqian/project/FS/data/28gusui&pizang/03/07/cell_1761646073167_912349010008_37890_0100.png,thumbs/cluster_15/033_cell_1761646073167_912349010008_37890_0100.jpg
15,/home/wangqianqian/project/FS/data/28gusui&pizang/03/08/cell_1761646099977_912349010008_39926_0100.png,thumbs/cluster_15/034_cell_1761646099977_912349010008_39926_0100.jpg
15,/home/wangqianqian/project/FS/data/28gusui&pizang/03/19/cell_1761646752751_912349010008_93683_0100.png,thumbs/cluster_15/035_cell_1761646752751_912349010008_93683_0100.jpg
15,/home/wangqianqian/project/FS/data/28gusui&pizang/03/18/cell_1761646727418_912349010008_91632_0000.png,thumbs/cluster_15/036_cell_1761646727418_912349010008_91632_0000.jpg
15,/home/wangqianqian/project/FS/data/28gusui&pizang/03/07/cell_1761646038752_912349010008_35097_0000.png,thumbs/cluster_15/037_cell_1761646038752_912349010008_35097_0000.jpg
15,/home/wangqianqian/project/FS/data/28gusui&pizang/03/16/cell_1761646603080_912349010008_81042_0000.png,thumbs/cluster_15/038_cell_1761646603080_912349010008_81042_0000.jpg
15,/home/wangqianqian/project/FS/data/28gusui&pizang/03/03/cell_1761645828307_912349010008_17883_0000.png,thumbs/cluster_15/039_cell_1761645828307_912349010008_17883_0000.jpg
15,/home/wangqianqian/project/FS/data/28gusui&pizang/03/13/cell_1761646391559_912349010008_63152_0100.png,thumbs/cluster_15/040_cell_1761646391559_912349010008_63152_0100.jpg
15,/home/wangqianqian/project/FS/data/28gusui&pizang/03/08/cell_1761646112078_912349010008_40828_0100.png,thumbs/cluster_15/041_cell_1761646112078_912349010008_40828_0100.jpg
15,/home/wangqianqian/project/FS/data/28gusui&pizang/03/19/cell_1761646780691_912349010008_95947_0100.png,thumbs/cluster_15/042_cell_1761646780691_912349010008_95947_0100.jpg
15,/home/wangqianqian/project/FS/data/28gusui&pizang/03/04/cell_1761645867620_912349010008_21221_0000.png,thumbs/cluster_15/043_cell_1761645867620_912349010008_21221_0000.jpg
15,/home/wangqianqian/project/FS/data/28gusui&pizang/03/21/cell_1761646893252_912349010008_105430_0100.png,thumbs/cluster_15/044_cell_1761646893252_912349010008_105430_0100.jpg
15,/home/wangqianqian/project/FS/data/28gusui&pizang/03/07/cell_1761646044044_912349010008_35549_0000.png,thumbs/cluster_15/045_cell_1761646044044_912349010008_35549_0000.jpg
15,/home/wangqianqian/project/FS/data/28gusui&pizang/03/19/cell_1761646757903_912349010008_94088_0100.png,thumbs/cluster_15/046_cell_1761646757903_912349010008_94088_0100.jpg
15,/home/wangqianqian/project/FS/data/28gusui&pizang/03/17/cell_1761646655651_912349010008_85558_0100.png,thumbs/cluster_15/047_cell_1761646655651_912349010008_85558_0100.jpg
15,/home/wangqianqian/project/FS/data/28gusui&pizang/03/05/cell_1761645938170_912349010008_26634_0000.png,thumbs/cluster_15/048_cell_1761645938170_912349010008_26634_0000.jpg
15,/home/wangqianqian/project/FS/data/28gusui&pizang/03/10/cell_1761646201141_912349010008_47410_0000.png,thumbs/cluster_15/049_cell_1761646201141_912349010008_47410_0000.jpg
15,/home/wangqianqian/project/FS/data/28gusui&pizang/03/17/cell_1761646620614_912349010008_82525_0100.png,thumbs/cluster_15/050_cell_1761646620614_912349010008_82525_0100.jpg
15,/home/wangqianqian/project/FS/data/28gusui&pizang/03/16/cell_1761646588048_912349010008_79793_0000.png,thumbs/cluster_15/051_cell_1761646588048_912349010008_79793_0000.jpg
15,/home/wangqianqian/project/FS/data/28gusui&pizang/03/09/cell_1761646159523_912349010008_44287_0000.png,thumbs/cluster_15/052_cell_1761646159523_912349010008_44287_0000.jpg
15,/home/wangqianqian/project/FS/data/28gusui&pizang/03/16/cell_1761646593894_912349010008_80277_0100.png,thumbs/cluster_15/053_cell_1761646593894_912349010008_80277_0100.jpg
15,/home/wangqianqian/project/FS/data/28gusui&pizang/03/08/cell_1761646084515_912349010008_38713_0000.png,thumbs/cluster_15/054_cell_1761646084515_912349010008_38713_0000.jpg
15,/home/wangqianqian/project/FS/data/28gusui&pizang/03/05/cell_1761645926014_912349010008_25733_0100.png,thumbs/cluster_15/055_cell_1761645926014_912349010008_25733_0100.jpg
15,/home/wangqianqian/project/FS/data/28gusui&pizang/03/12/cell_1761646329172_912349010008_58144_0000.png,thumbs/cluster_15/056_cell_1761646329172_912349010008_58144_0000.jpg
15,/home/wangqianqian/project/FS/data/28gusui&pizang/03/13/cell_1761646405209_912349010008_64161_0000.png,thumbs/cluster_15/057_cell_1761646405209_912349010008_64161_0000.jpg
15,/home/wangqianqian/project/FS/data/28gusui&pizang/03/01/cell_1761645696252_912349010008_8161_0000.png,thumbs/cluster_15/058_cell_1761645696252_912349010008_8161_0000.jpg
15,/home/wangqianqian/project/FS/data/28gusui&pizang/03/19/cell_1761646774815_912349010008_95472_0000.png,thumbs/cluster_15/059_cell_1761646774815_912349010008_95472_0000.jpg
15,/home/wangqianqian/project/FS/data/28gusui&pizang/03/19/cell_1761646776549_912349010008_95630_0100.png,thumbs/cluster_15/060_cell_1761646776549_912349010008_95630_0100.jpg
15,/home/wangqianqian/project/FS/data/28gusui&pizang/03/14/cell_1761646455811_912349010008_68684_0000.png,thumbs/cluster_15/061_cell_1761646455811_912349010008_68684_0000.jpg
15,/home/wangqianqian/project/FS/data/28gusui&pizang/03/05/cell_1761645928402_912349010008_25895_0100.png,thumbs/cluster_15/062_cell_1761645928402_912349010008_25895_0100.jpg
15,/home/wangqianqian/project/FS/data/28gusui&pizang/03/20/cell_1761646828058_912349010008_100006_0100.png,thumbs/cluster_15/063_cell_1761646828058_912349010008_100006_0100.jpg
15,/home/wangqianqian/project/FS/data/28gusui&pizang/03/14/cell_1761646499675_912349010008_72800_0000.png,thumbs/cluster_15/064_cell_1761646499675_912349010008_72800_0000.jpg
15,/home/wangqianqian/project/FS/data/28gusui&pizang/03/20/cell_1761646836908_912349010008_100710_0100.png,thumbs/cluster_15/065_cell_1761646836908_912349010008_100710_0100.jpg
15,/home/wangqianqian/project/FS/data/28gusui&pizang/03/19/cell_1761646763488_912349010008_94522_0100.png,thumbs/cluster_15/066_cell_1761646763488_912349010008_94522_0100.jpg
15,/home/wangqianqian/project/FS/data/28gusui&pizang/03/14/cell_1761646454858_912349010008_68605_0000.png,thumbs/cluster_15/067_cell_1761646454858_912349010008_68605_0000.jpg
15,/home/wangqianqian/project/FS/data/28gusui&pizang/03/07/cell_1761646025921_912349010008_33973_0100.png,thumbs/cluster_15/068_cell_1761646025921_912349010008_33973_0100.jpg
15,/home/wangqianqian/project/FS/data/28gusui&pizang/03/21/cell_1761646909727_912349010008_106772_0000.png,thumbs/cluster_15/069_cell_1761646909727_912349010008_106772_0000.jpg
15,/home/wangqianqian/project/FS/data/28gusui&pizang/03/04/cell_1761645897171_912349010008_23535_0100.png,thumbs/cluster_15/070_cell_1761645897171_912349010008_23535_0100.jpg
15,/home/wangqianqian/project/FS/data/28gusui&pizang/03/04/cell_1761645875636_912349010008_21899_0000.png,thumbs/cluster_15/071_cell_1761645875636_912349010008_21899_0000.jpg
15,/home/wangqianqian/project/FS/data/28gusui&pizang/03/07/cell_1761646031318_912349010008_34474_0000.png,thumbs/cluster_15/072_cell_1761646031318_912349010008_34474_0000.jpg
15,/home/wangqianqian/project/FS/data/28gusui&pizang/03/16/cell_1761646576042_912349010008_78910_0000.png,thumbs/cluster_15/073_cell_1761646576042_912349010008_78910_0000.jpg
15,/home/wangqianqian/project/FS/data/28gusui&pizang/03/09/cell_1761646164258_912349010008_44629_0000.png,thumbs/cluster_15/074_cell_1761646164258_912349010008_44629_0000.jpg
15,/home/wangqianqian/project/FS/data/28gusui&pizang/03/21/cell_1761646886574_912349010008_104884_0100.png,thumbs/cluster_15/075_cell_1761646886574_912349010008_104884_0100.jpg
15,/home/wangqianqian/project/FS/data/28gusui&pizang/03/10/cell_1761646205557_912349010008_47743_0100.png,thumbs/cluster_15/076_cell_1761646205557_912349010008_47743_0100.jpg
15,/home/wangqianqian/project/FS/data/28gusui&pizang/03/08/cell_1761646137049_912349010008_42595_0000.png,thumbs/cluster_15/077_cell_1761646137049_912349010008_42595_0000.jpg
15,/home/wangqianqian/project/FS/data/28gusui&pizang/03/15/cell_1761646549176_912349010008_76864_0000.png,thumbs/cluster_15/078_cell_1761646549176_912349010008_76864_0000.jpg
15,/home/wangqianqian/project/FS/data/28gusui&pizang/03/12/cell_1761646379448_912349010008_62234_0000.png,thumbs/cluster_15/079_cell_1761646379448_912349010008_62234_0000.jpg
15,/home/wangqianqian/project/FS/data/28gusui&pizang/03/18/cell_1761646729479_912349010008_91815_0100.png,thumbs/cluster_15/080_cell_1761646729479_912349010008_91815_0100.jpg
15,/home/wangqianqian/project/FS/data/28gusui&pizang/03/08/cell_1761646132053_912349010008_42259_0000.png,thumbs/cluster_15/081_cell_1761646132053_912349010008_42259_0000.jpg
15,/home/wangqianqian/project/FS/data/28gusui&pizang/03/16/cell_1761646587297_912349010008_79722_0000.png,thumbs/cluster_15/082_cell_1761646587297_912349010008_79722_0000.jpg
15,/home/wangqianqian/project/FS/data/28gusui&pizang/03/03/cell_1761645821074_912349010008_17279_0000.png,thumbs/cluster_15/083_cell_1761645821074_912349010008_17279_0000.jpg
15,/home/wangqianqian/project/FS/data/28gusui&pizang/03/14/cell_1761646482702_912349010008_71094_0000.png,thumbs/cluster_15/084_cell_1761646482702_912349010008_71094_0000.jpg
15,/home/wangqianqian/project/FS/data/28gusui&pizang/03/10/cell_1761646205837_912349010008_47772_0000.png,thumbs/cluster_15/085_cell_1761646205837_912349010008_47772_0000.jpg
15,/home/wangqianqian/project/FS/data/28gusui&pizang/03/11/cell_1761646292778_912349010008_55054_0000.png,thumbs/cluster_15/086_cell_1761646292778_912349010008_55054_0000.jpg
15,/home/wangqianqian/project/FS/data/28gusui&pizang/03/03/cell_1761645810159_912349010008_16442_0000.png,thumbs/cluster_15/087_cell_1761645810159_912349010008_16442_0000.jpg
15,/home/wangqianqian/project/FS/data/28gusui&pizang/03/08/cell_1761646131718_912349010008_42232_0100.png,thumbs/cluster_15/088_cell_1761646131718_912349010008_42232_0100.jpg
15,/home/wangqianqian/project/FS/data/28gusui&pizang/03/12/cell_1761646355297_912349010008_60291_0100.png,thumbs/cluster_15/089_cell_1761646355297_912349010008_60291_0100.jpg
15,/home/wangqianqian/project/FS/data/28gusui&pizang/03/11/cell_1761646293565_912349010008_55127_0100.png,thumbs/cluster_15/090_cell_1761646293565_912349010008_55127_0100.jpg
15,/home/wangqianqian/project/FS/data/28gusui&pizang/03/13/cell_1761646407352_912349010008_64340_0000.png,thumbs/cluster_15/091_cell_1761646407352_912349010008_64340_0000.jpg
15,/home/wangqianqian/project/FS/data/28gusui&pizang/03/09/cell_1761646185115_912349010008_46196_0000.png,thumbs/cluster_15/092_cell_1761646185115_912349010008_46196_0000.jpg
15,/home/wangqianqian/project/FS/data/28gusui&pizang/03/15/cell_1761646557801_912349010008_77546_0100.png,thumbs/cluster_15/093_cell_1761646557801_912349010008_77546_0100.jpg
15,/home/wangqianqian/project/FS/data/28gusui&pizang/03/03/cell_1761645823066_912349010008_17484_0000.png,thumbs/cluster_15/094_cell_1761645823066_912349010008_17484_0000.jpg
15,/home/wangqianqian/project/FS/data/28gusui&pizang/03/16/cell_1761646595102_912349010008_80360_0000.png,thumbs/cluster_15/095_cell_1761646595102_912349010008_80360_0000.jpg
15,/home/wangqianqian/project/FS/data/28gusui&pizang/03/08/cell_1761646127003_912349010008_41915_0000.png,thumbs/cluster_15/096_cell_1761646127003_912349010008_41915_0000.jpg
15,/home/wangqianqian/project/FS/data/28gusui&pizang/03/12/cell_1761646325842_912349010008_57891_0100.png,thumbs/cluster_15/097_cell_1761646325842_912349010008_57891_0100.jpg
15,/home/wangqianqian/project/FS/data/28gusui&pizang/03/05/cell_1761645936395_912349010008_26499_0000.png,thumbs/cluster_15/098_cell_1761645936395_912349010008_26499_0000.jpg
15,/home/wangqianqian/project/FS/data/28gusui&pizang/03/07/cell_1761646055841_912349010008_36617_0100.png,thumbs/cluster_15/099_cell_1761646055841_912349010008_36617_0100.jpg
16,/home/wangqianqian/project/FS/data/28gusui&pizang/03/17/cell_1761646674402_912349010008_87243_0100.png,thumbs/cluster_16/000_cell_1761646674402_912349010008_87243_0100.jpg
16,/home/wangqianqian/project/FS/data/28gusui&pizang/03/02/cell_1761645758691_912349010008_12578_0100.png,thumbs/cluster_16/001_cell_1761645758691_912349010008_12578_0100.jpg
16,/home/wangqianqian/project/FS/data/28gusui&pizang/03/04/cell_1761645894942_912349010008_23377_0100.png,thumbs/cluster_16/002_cell_1761645894942_912349010008_23377_0100.jpg
16,/home/wangqianqian/project/FS/data/28gusui&pizang/03/08/cell_1761646108847_912349010008_40574_0000.png,thumbs/cluster_16/003_cell_1761646108847_912349010008_40574_0000.jpg
16,/home/wangqianqian/project/FS/data/28gusui&pizang/03/04/cell_1761645861575_912349010008_20672_0100.png,thumbs/cluster_16/004_cell_1761645861575_912349010008_20672_0100.jpg
16,/home/wangqianqian/project/FS/data/28gusui&pizang/03/13/cell_1761646408049_912349010008_64393_0000.png,thumbs/cluster_16/005_cell_1761646408049_912349010008_64393_0000.jpg
16,/home/wangqianqian/project/FS/data/28gusui&pizang/03/06/cell_1761646004279_912349010008_32043_0100.png,thumbs/cluster_16/006_cell_1761646004279_912349010008_32043_0100.jpg
16,/home/wangqianqian/project/FS/data/28gusui&pizang/03/02/cell_1761645743625_912349010008_11461_0100.png,thumbs/cluster_16/007_cell_1761645743625_912349010008_11461_0100.jpg
16,/home/wangqianqian/project/FS/data/28gusui&pizang/03/07/cell_1761646070723_912349010008_37730_0000.png,thumbs/cluster_16/008_cell_1761646070723_912349010008_37730_0000.jpg
16,/home/wangqianqian/project/FS/data/28gusui&pizang/03/03/cell_1761645832806_912349010008_18213_0100.png,thumbs/cluster_16/009_cell_1761645832806_912349010008_18213_0100.jpg
16,/home/wangqianqian/project/FS/data/28gusui&pizang/03/16/cell_1761646598546_912349010008_80637_0000.png,thumbs/cluster_16/010_cell_1761646598546_912349010008_80637_0000.jpg
16,/home/wangqianqian/project/FS/data/28gusui&pizang/03/08/cell_1761646119166_912349010008_41368_0100.png,thumbs/cluster_16/011_cell_1761646119166_912349010008_41368_0100.jpg
16,/home/wangqianqian/project/FS/data/28gusui&pizang/03/03/cell_1761645804003_912349010008_15976_0100.png,thumbs/cluster_16/012_cell_1761645804003_912349010008_15976_0100.jpg
16,/home/wangqianqian/project/FS/data/28gusui&pizang/03/16/cell_1761646593051_912349010008_80204_0100.png,thumbs/cluster_16/013_cell_1761646593051_912349010008_80204_0100.jpg
16,/home/wangqianqian/project/FS/data/28gusui&pizang/03/03/cell_1761645794269_912349010008_15209_0100.png,thumbs/cluster_16/014_cell_1761645794269_912349010008_15209_0100.jpg
16,/home/wangqianqian/project/FS/data/28gusui&pizang/03/05/cell_1761645901049_912349010008_23818_0000.png,thumbs/cluster_16/015_cell_1761645901049_912349010008_23818_0000.jpg
16,/home/wangqianqian/project/FS/data/28gusui&pizang/03/15/cell_1761646532088_912349010008_75443_0000.png,thumbs/cluster_16/016_cell_1761646532088_912349010008_75443_0000.jpg
16,/home/wangqianqian/project/FS/data/28gusui&pizang/03/03/cell_1761645800655_912349010008_15719_0100.png,thumbs/cluster_16/017_cell_1761645800655_912349010008_15719_0100.jpg
16,/home/wangqianqian/project/FS/data/28gusui&pizang/03/10/cell_1761646249441_912349010008_51410_0000.png,thumbs/cluster_16/018_cell_1761646249441_912349010008_51410_0000.jpg
16,/home/wangqianqian/project/FS/data/28gusui&pizang/03/19/cell_1761646779426_912349010008_95861_0000.png,thumbs/cluster_16/019_cell_1761646779426_912349010008_95861_0000.jpg
16,/home/wangqianqian/project/FS/data/28gusui&pizang/03/11/cell_1761646298595_912349010008_55582_0000.png,thumbs/cluster_16/020_cell_1761646298595_912349010008_55582_0000.jpg
16,/home/wangqianqian/project/FS/data/28gusui&pizang/03/21/cell_1761646867770_912349010008_103413_0100.png,thumbs/cluster_16/021_cell_1761646867770_912349010008_103413_0100.jpg
16,/home/wangqianqian/project/FS/data/28gusui&pizang/03/13/cell_1761646419023_912349010008_65298_0100.png,thumbs/cluster_16/022_cell_1761646419023_912349010008_65298_0100.jpg
16,/home/wangqianqian/project/FS/data/28gusui&pizang/03/12/cell_1761646321904_912349010008_57536_0100.png,thumbs/cluster_16/023_cell_1761646321904_912349010008_57536_0100.jpg
16,/home/wangqianqian/project/FS/data/28gusui&pizang/03/05/cell_1761645938364_912349010008_26647_0100.png,thumbs/cluster_16/024_cell_1761645938364_912349010008_26647_0100.jpg
16,/home/wangqianqian/project/FS/data/28gusui&pizang/03/10/cell_1761646203427_912349010008_47581_0100.png,thumbs/cluster_16/025_cell_1761646203427_912349010008_47581_0100.jpg
16,/home/wangqianqian/project/FS/data/28gusui&pizang/03/08/cell_1761646085213_912349010008_38770_0000.png,thumbs/cluster_16/026_cell_1761646085213_912349010008_38770_0000.jpg
16,/home/wangqianqian/project/FS/data/28gusui&pizang/03/19/cell_1761646781566_912349010008_96015_0100.png,thumbs/cluster_16/027_cell_1761646781566_912349010008_96015_0100.jpg
16,/home/wangqianqian/project/FS/data/28gusui&pizang/03/14/cell_1761646492584_912349010008_72105_0000.png,thumbs/cluster_16/028_cell_1761646492584_912349010008_72105_0000.jpg
16,/home/wangqianqian/project/FS/data/28gusui&pizang/03/19/cell_1761646773275_912349010008_95328_0100.png,thumbs/cluster_16/029_cell_1761646773275_912349010008_95328_0100.jpg
16,/home/wangqianqian/project/FS/data/28gusui&pizang/03/18/cell_1761646735373_912349010008_92324_0000.png,thumbs/cluster_16/030_cell_1761646735373_912349010008_92324_0000.jpg
16,/home/wangqianqian/project/FS/data/28gusui&pizang/03/08/cell_1761646138834_912349010008_42728_0000.png,thumbs/cluster_16/031_cell_1761646138834_912349010008_42728_0000.jpg
16,/home/wangqianqian/project/FS/data/28gusui&pizang/03/17/cell_1761646655782_912349010008_85571_0100.png,thumbs/cluster_16/032_cell_1761646655782_912349010008_85571_0100.jpg
16,/home/wangqianqian/project/FS/data/28gusui&pizang/03/10/cell_1761646211403_912349010008_48211_0000.png,thumbs/cluster_16/033_cell_1761646211403_912349010008_48211_0000.jpg
16,/home/wangqianqian/project/FS/data/28gusui&pizang/03/10/cell_1761646243025_912349010008_50846_0100.png,thumbs/cluster_16/034_cell_1761646243025_912349010008_50846_0100.jpg
16,/home/wangqianqian/project/FS/data/28gusui&pizang/03/07/cell_1761646031494_912349010008_34488_0000.png,thumbs/cluster_16/035_cell_1761646031494_912349010008_34488_0000.jpg
16,/home/wangqianqian/project/FS/data/28gusui&pizang/03/04/cell_1761645851438_912349010008_19765_0000.png,thumbs/cluster_16/036_cell_1761645851438_912349010008_19765_0000.jpg
16,/home/wangqianqian/project/FS/data/28gusui&pizang/03/03/cell_1761645792284_912349010008_15076_0100.png,thumbs/cluster_16/037_cell_1761645792284_912349010008_15076_0100.jpg
16,/home/wangqianqian/project/FS/data/28gusui&pizang/03/16/cell_1761646614692_912349010008_81980_0000.png,thumbs/cluster_16/038_cell_1761646614692_912349010008_81980_0000.jpg
16,/home/wangqianqian/project/FS/data/28gusui&pizang/03/15/cell_1761646505083_912349010008_73243_0000.png,thumbs/cluster_16/039_cell_1761646505083_912349010008_73243_0000.jpg
16,/home/wangqianqian/project/FS/data/28gusui&pizang/03/04/cell_1761645895100_912349010008_23389_0000.png,thumbs/cluster_16/040_cell_1761645895100_912349010008_23389_0000.jpg
16,/home/wangqianqian/project/FS/data/28gusui&pizang/03/18/cell_1761646733577_912349010008_92188_0000.png,thumbs/cluster_16/041_cell_1761646733577_912349010008_92188_0000.jpg
16,/home/wangqianqian/project/FS/data/28gusui&pizang/03/17/cell_1761646656908_912349010008_85679_0100.png,thumbs/cluster_16/042_cell_1761646656908_912349010008_85679_0100.jpg
16,/home/wangqianqian/project/FS/data/28gusui&pizang/03/10/cell_1761646240740_912349010008_50671_0000.png,thumbs/cluster_16/043_cell_1761646240740_912349010008_50671_0000.jpg
16,/home/wangqianqian/project/FS/data/28gusui&pizang/03/17/cell_1761646653683_912349010008_85407_0000.png,thumbs/cluster_16/044_cell_1761646653683_912349010008_85407_0000.jpg
16,/home/wangqianqian/project/FS/data/28gusui&pizang/03/11/cell_1761646302331_912349010008_55914_0000.png,thumbs/cluster_16/045_cell_1761646302331_912349010008_55914_0000.jpg
16,/home/wangqianqian/project/FS/data/28gusui&pizang/03/21/cell_1761646904508_912349010008_106342_0100.png,thumbs/cluster_16/046_cell_1761646904508_912349010008_106342_0100.jpg
16,/home/wangqianqian/project/FS/data/28gusui&pizang/03/06/cell_1761645981369_912349010008_30203_0000.png,thumbs/cluster_16/047_cell_1761645981369_912349010008_30203_0000.jpg
16,/home/wangqianqian/project/FS/data/28gusui&pizang/03/12/cell_1761646379471_912349010008_62237_0100.png,thumbs/cluster_16/048_cell_1761646379471_912349010008_62237_0100.jpg
16,/home/wangqianqian/project/FS/data/28gusui&pizang/03/15/cell_1761646512026_912349010008_73804_0000.png,thumbs/cluster_16/049_cell_1761646512026_912349010008_73804_0000.jpg
16,/home/wangqianqian/project/FS/data/28gusui&pizang/03/03/cell_1761645825208_912349010008_17668_0000.png,thumbs/cluster_16/050_cell_1761645825208_912349010008_17668_0000.jpg
16,/home/wangqianqian/project/FS/data/28gusui&pizang/03/09/cell_1761646173065_912349010008_45244_0000.png,thumbs/cluster_16/051_cell_1761646173065_912349010008_45244_0000.jpg
16,/home/wangqianqian/project/FS/data/28gusui&pizang/03/15/cell_1761646553149_912349010008_77169_0100.png,thumbs/cluster_16/052_cell_1761646553149_912349010008_77169_0100.jpg
16,/home/wangqianqian/project/FS/data/28gusui&pizang/03/09/cell_1761646177294_912349010008_45557_0000.png,thumbs/cluster_16/053_cell_1761646177294_912349010008_45557_0000.jpg
16,/home/wangqianqian/project/FS/data/28gusui&pizang/03/10/cell_1761646257760_912349010008_52014_0000.png,thumbs/cluster_16/054_cell_1761646257760_912349010008_52014_0000.jpg
16,/home/wangqianqian/project/FS/data/28gusui&pizang/03/07/cell_1761646037678_912349010008_34996_0100.png,thumbs/cluster_16/055_cell_1761646037678_912349010008_34996_0100.jpg
16,/home/wangqianqian/project/FS/data/28gusui&pizang/03/08/cell_1761646095013_912349010008_39542_0000.png,thumbs/cluster_16/056_cell_1761646095013_912349010008_39542_0000.jpg
16,/home/wangqianqian/project/FS/data/28gusui&pizang/03/08/cell_1761646121225_912349010008_41502_0000.png,thumbs/cluster_16/057_cell_1761646121225_912349010008_41502_0000.jpg
16,/home/wangqianqian/project/FS/data/28gusui&pizang/03/21/cell_1761646918629_912349010008_107536_0000.png,thumbs/cluster_16/058_cell_1761646918629_912349010008_107536_0000.jpg
16,/home/wangqianqian/project/FS/data/28gusui&pizang/03/04/cell_1761645863151_912349010008_20786_0000.png,thumbs/cluster_16/059_cell_1761645863151_912349010008_20786_0000.jpg
16,/home/wangqianqian/project/FS/data/28gusui&pizang/03/02/cell_1761645768539_912349010008_13251_0000.png,thumbs/cluster_16/060_cell_1761645768539_912349010008_13251_0000.jpg
16,/home/wangqianqian/project/FS/data/28gusui&pizang/03/15/cell_1761646526416_912349010008_75012_0100.png,thumbs/cluster_16/061_cell_1761646526416_912349010008_75012_0100.jpg
16,/home/wangqianqian/project/FS/data/28gusui&pizang/03/16/cell_1761646588243_912349010008_79804_0100.png,thumbs/cluster_16/062_cell_1761646588243_912349010008_79804_0100.jpg
16,/home/wangqianqian/project/FS/data/28gusui&pizang/03/21/cell_1761646877400_912349010008_104156_0100.png,thumbs/cluster_16/063_cell_1761646877400_912349010008_104156_0100.jpg
16,/home/wangqianqian/project/FS/data/28gusui&pizang/03/20/cell_1761646855901_912349010008_102356_0100.png,thumbs/cluster_16/064_cell_1761646855901_912349010008_102356_0100.jpg
16,/home/wangqianqian/project/FS/data/28gusui&pizang/03/15/cell_1761646516184_912349010008_74150_0100.png,thumbs/cluster_16/065_cell_1761646516184_912349010008_74150_0100.jpg
16,/home/wangqianqian/project/FS/data/28gusui&pizang/03/21/cell_1761646903403_912349010008_106265_0100.png,thumbs/cluster_16/066_cell_1761646903403_912349010008_106265_0100.jpg
16,/home/wangqianqian/project/FS/data/28gusui&pizang/03/09/cell_1761646189052_912349010008_46485_0100.png,thumbs/cluster_16/067_cell_1761646189052_912349010008_46485_0100.jpg
16,/home/wangqianqian/project/FS/data/28gusui&pizang/03/15/cell_1761646528755_912349010008_75176_0100.png,thumbs/cluster_16/068_cell_1761646528755_912349010008_75176_0100.jpg
16,/home/wangqianqian/project/FS/data/28gusui&pizang/03/08/cell_1761646107950_912349010008_40513_0000.png,thumbs/cluster_16/069_cell_1761646107950_912349010008_40513_0000.jpg
16,/home/wangqianqian/project/FS/data/28gusui&pizang/03/09/cell_1761646197724_912349010008_47144_0000.png,thumbs/cluster_16/070_cell_1761646197724_912349010008_47144_0000.jpg
16,/home/wangqianqian/project/FS/data/28gusui&pizang/03/15/cell_1761646544698_912349010008_76510_0100.png,thumbs/cluster_16/071_cell_1761646544698_912349010008_76510_0100.jpg
16,/home/wangqianqian/project/FS/data/28gusui&pizang/03/16/cell_1761646617423_912349010008_82230_0000.png,thumbs/cluster_16/072_cell_1761646617423_912349010008_82230_0000.jpg
16,/home/wangqianqian/project/FS/data/28gusui&pizang/03/06/cell_1761645965208_912349010008_28830_0000.png,thumbs/cluster_16/073_cell_1761645965208_912349010008_28830_0000.jpg
16,/home/wangqianqian/project/FS/data/28gusui&pizang/03/17/cell_1761646630650_912349010008_83367_0100.png,thumbs/cluster_16/074_cell_1761646630650_912349010008_83367_0100.jpg
16,/home/wangqianqian/project/FS/data/28gusui&pizang/03/10/cell_1761646216426_912349010008_48652_0100.png,thumbs/cluster_16/075_cell_1761646216426_912349010008_48652_0100.jpg
16,/home/wangqianqian/project/FS/data/28gusui&pizang/03/04/cell_1761645854927_912349010008_20063_0000.png,thumbs/cluster_16/076_cell_1761645854927_912349010008_20063_0000.jpg
16,/home/wangqianqian/project/FS/data/28gusui&pizang/03/15/cell_1761646556394_912349010008_77424_0000.png,thumbs/cluster_16/077_cell_1761646556394_912349010008_77424_0000.jpg
16,/home/wangqianqian/project/FS/data/28gusui&pizang/03/02/cell_1761645768464_912349010008_13246_0000.png,thumbs/cluster_16/078_cell_1761645768464_912349010008_13246_0000.jpg
16,/home/wangqianqian/project/FS/data/28gusui&pizang/03/06/cell_1761645961769_912349010008_28526_0000.png,thumbs/cluster_16/079_cell_1761645961769_912349010008_28526_0000.jpg
16,/home/wangqianqian/project/FS/data/28gusui&pizang/03/07/cell_1761646042206_912349010008_35389_0100.png,thumbs/cluster_16/080_cell_1761646042206_912349010008_35389_0100.jpg
16,/home/wangqianqian/project/FS/data/28gusui&pizang/03/20/cell_1761646803690_912349010008_97913_0000.png,thumbs/cluster_16/081_cell_1761646803690_912349010008_97913_0000.jpg
16,/home/wangqianqian/project/FS/data/28gusui&pizang/03/01/cell_1761645712854_912349010008_9180_0100.png,thumbs/cluster_16/082_cell_1761645712854_912349010008_9180_0100.jpg
16,/home/wangqianqian/project/FS/data/28gusui&pizang/03/13/cell_1761646436882_912349010008_66940_0100.png,thumbs/cluster_16/083_cell_1761646436882_912349010008_66940_0100.jpg
16,/home/wangqianqian/project/FS/data/28gusui&pizang/03/20/cell_1761646826422_912349010008_99869_0100.png,thumbs/cluster_16/084_cell_1761646826422_912349010008_99869_0100.jpg
16,/home/wangqianqian/project/FS/data/28gusui&pizang/03/15/cell_1761646533647_912349010008_75561_0000.png,thumbs/cluster_16/085_cell_1761646533647_912349010008_75561_0000.jpg
16,/home/wangqianqian/project/FS/data/28gusui&pizang/03/14/cell_1761646467565_912349010008_69742_0000.png,thumbs/cluster_16/086_cell_1761646467565_912349010008_69742_0000.jpg
16,/home/wangqianqian/project/FS/data/28gusui&pizang/03/20/cell_1761646802839_912349010008_97841_0100.png,thumbs/cluster_16/087_cell_1761646802839_912349010008_97841_0100.jpg
16,/home/wangqianqian/project/FS/data/28gusui&pizang/03/12/cell_1761646346900_912349010008_59583_0000.png,thumbs/cluster_16/088_cell_1761646346900_912349010008_59583_0000.jpg
16,/home/wangqianqian/project/FS/data/28gusui&pizang/03/15/cell_1761646520584_912349010008_74531_0100.png,thumbs/cluster_16/089_cell_1761646520584_912349010008_74531_0100.jpg
16,/home/wangqianqian/project/FS/data/28gusui&pizang/03/04/cell_1761645865009_912349010008_20986_0100.png,thumbs/cluster_16/090_cell_1761645865009_912349010008_20986_0100.jpg
16,/home/wangqianqian/project/FS/data/28gusui&pizang/03/06/cell_1761645995082_912349010008_31301_0000.png,thumbs/cluster_16/091_cell_1761645995082_912349010008_31301_0000.jpg
16,/home/wangqianqian/project/FS/data/28gusui&pizang/03/14/cell_1761646459227_912349010008_68983_0000.png,thumbs/cluster_16/092_cell_1761646459227_912349010008_68983_0000.jpg
16,/home/wangqianqian/project/FS/data/28gusui&pizang/03/12/cell_1761646348300_912349010008_59675_0100.png,thumbs/cluster_16/093_cell_1761646348300_912349010008_59675_0100.jpg
16,/home/wangqianqian/project/FS/data/28gusui&pizang/03/11/cell_1761646314366_912349010008_56917_0000.png,thumbs/cluster_16/094_cell_1761646314366_912349010008_56917_0000.jpg
16,/home/wangqianqian/project/FS/data/28gusui&pizang/03/07/cell_1761646047910_912349010008_35882_0000.png,thumbs/cluster_16/095_cell_1761646047910_912349010008_35882_0000.jpg
16,/home/wangqianqian/project/FS/data/28gusui&pizang/03/01/cell_1761645699348_912349010008_8344_0100.png,thumbs/cluster_16/096_cell_1761645699348_912349010008_8344_0100.jpg
16,/home/wangqianqian/project/FS/data/28gusui&pizang/03/07/cell_1761646050669_912349010008_36169_0000.png,thumbs/cluster_16/097_cell_1761646050669_912349010008_36169_0000.jpg
16,/home/wangqianqian/project/FS/data/28gusui&pizang/03/20/cell_1761646838099_912349010008_100810_0100.png,thumbs/cluster_16/098_cell_1761646838099_912349010008_100810_0100.jpg
16,/home/wangqianqian/project/FS/data/28gusui&pizang/03/05/cell_1761645944851_912349010008_27202_0100.png,thumbs/cluster_16/099_cell_1761645944851_912349010008_27202_0100.jpg
17,/home/wangqianqian/project/FS/data/28gusui&pizang/03/17/cell_1761646672245_912349010008_87046_0100.png,thumbs/cluster_17/000_cell_1761646672245_912349010008_87046_0100.jpg
17,/home/wangqianqian/project/FS/data/28gusui&pizang/03/06/cell_1761645992794_912349010008_31112_0100.png,thumbs/cluster_17/001_cell_1761645992794_912349010008_31112_0100.jpg
17,/home/wangqianqian/project/FS/data/28gusui&pizang/03/18/cell_1761646682567_912349010008_87980_0000.png,thumbs/cluster_17/002_cell_1761646682567_912349010008_87980_0000.jpg
17,/home/wangqianqian/project/FS/data/28gusui&pizang/03/02/cell_1761645763788_912349010008_12917_0100.png,thumbs/cluster_17/003_cell_1761645763788_912349010008_12917_0100.jpg
17,/home/wangqianqian/project/FS/data/28gusui&pizang/03/13/cell_1761646410749_912349010008_64602_0000.png,thumbs/cluster_17/004_cell_1761646410749_912349010008_64602_0000.jpg
17,/home/wangqianqian/project/FS/data/28gusui&pizang/03/21/cell_1761646916421_912349010008_107353_0000.png,thumbs/cluster_17/005_cell_1761646916421_912349010008_107353_0000.jpg
17,/home/wangqianqian/project/FS/data/28gusui&pizang/03/20/cell_1761646821259_912349010008_99413_0100.png,thumbs/cluster_17/006_cell_1761646821259_912349010008_99413_0100.jpg
17,/home/wangqianqian/project/FS/data/28gusui&pizang/03/11/cell_1761646285199_912349010008_54347_0100.png,thumbs/cluster_17/007_cell_1761646285199_912349010008_54347_0100.jpg
17,/home/wangqianqian/project/FS/data/28gusui&pizang/03/10/cell_1761646235367_912349010008_50227_0000.png,thumbs/cluster_17/008_cell_1761646235367_912349010008_50227_0000.jpg
17,/home/wangqianqian/project/FS/data/28gusui&pizang/03/10/cell_1761646206940_912349010008_47852_0000.png,thumbs/cluster_17/009_cell_1761646206940_912349010008_47852_0000.jpg
17,/home/wangqianqian/project/FS/data/28gusui&pizang/03/03/cell_1761645823528_912349010008_17537_0100.png,thumbs/cluster_17/010_cell_1761645823528_912349010008_17537_0100.jpg
17,/home/wangqianqian/project/FS/data/28gusui&pizang/03/14/cell_1761646480710_912349010008_70905_0000.png,thumbs/cluster_17/011_cell_1761646480710_912349010008_70905_0000.jpg
17,/home/wangqianqian/project/FS/data/28gusui&pizang/03/01/cell_1761645712863_912349010008_9184_0000.png,thumbs/cluster_17/012_cell_1761645712863_912349010008_9184_0000.jpg
17,/home/wangqianqian/project/FS/data/28gusui&pizang/03/17/cell_1761646661776_912349010008_86090_0100.png,thumbs/cluster_17/013_cell_1761646661776_912349010008_86090_0100.jpg
17,/home/wangqianqian/project/FS/data/28gusui&pizang/03/14/cell_1761646476526_912349010008_70516_0000.png,thumbs/cluster_17/014_cell_1761646476526_912349010008_70516_0000.jpg
17,/home/wangqianqian/project/FS/data/28gusui&pizang/03/15/cell_1761646530695_912349010008_75330_0000.png,thumbs/cluster_17/015_cell_1761646530695_912349010008_75330_0000.jpg
17,/home/wangqianqian/project/FS/data/28gusui&pizang/03/02/cell_1761645735647_912349010008_10834_0000.png,thumbs/cluster_17/016_cell_1761645735647_912349010008_10834_0000.jpg
17,/home/wangqianqian/project/FS/data/28gusui&pizang/03/04/cell_1761645873508_912349010008_21709_0000.png,thumbs/cluster_17/017_cell_1761645873508_912349010008_21709_0000.jpg
17,/home/wangqianqian/project/FS/data/28gusui&pizang/03/03/cell_1761645794261_912349010008_15204_0000.png,thumbs/cluster_17/018_cell_1761645794261_912349010008_15204_0000.jpg
17,/home/wangqianqian/project/FS/data/28gusui&pizang/03/12/cell_1761646344064_912349010008_59320_0000.png,thumbs/cluster_17/019_cell_1761646344064_912349010008_59320_0000.jpg
17,/home/wangqianqian/project/FS/data/28gusui&pizang/03/09/cell_1761646147129_912349010008_43302_0000.png,thumbs/cluster_17/020_cell_1761646147129_912349010008_43302_0000.jpg
17,/home/wangqianqian/project/FS/data/28gusui&pizang/03/19/cell_1761646781414_912349010008_96009_0000.png,thumbs/cluster_17/021_cell_1761646781414_912349010008_96009_0000.jpg
17,/home/wangqianqian/project/FS/data/28gusui&pizang/03/16/cell_1761646585092_912349010008_79563_0000.png,thumbs/cluster_17/022_cell_1761646585092_912349010008_79563_0000.jpg
17,/home/wangqianqian/project/FS/data/28gusui&pizang/03/02/cell_1761645777086_912349010008_13881_0000.png,thumbs/cluster_17/023_cell_1761645777086_912349010008_13881_0000.jpg
17,/home/wangqianqian/project/FS/data/28gusui&pizang/03/08/cell_1761646092063_912349010008_39326_0100.png,thumbs/cluster_17/024_cell_1761646092063_912349010008_39326_0100.jpg
17,/home/wangqianqian/project/FS/data/28gusui&pizang/03/02/cell_1761645751637_912349010008_12033_0100.png,thumbs/cluster_17/025_cell_1761645751637_912349010008_12033_0100.jpg
17,/home/wangqianqian/project/FS/data/28gusui&pizang/03/16/cell_1761646567371_912349010008_78213_0100.png,thumbs/cluster_17/026_cell_1761646567371_912349010008_78213_0100.jpg
17,/home/wangqianqian/project/FS/data/28gusui&pizang/03/07/cell_1761646056359_912349010008_36658_0100.png,thumbs/cluster_17/027_cell_1761646056359_912349010008_36658_0100.jpg
17,/home/wangqianqian/project/FS/data/28gusui&pizang/03/18/cell_1761646728348_912349010008_91723_0100.png,thumbs/cluster_17/028_cell_1761646728348_912349010008_91723_0100.jpg
17,/home/wangqianqian/project/FS/data/28gusui&pizang/03/17/cell_1761646656170_912349010008_85599_0100.png,thumbs/cluster_17/029_cell_1761646656170_912349010008_85599_0100.jpg
17,/home/wangqianqian/project/FS/data/28gusui&pizang/03/09/cell_1761646150793_912349010008_43593_0000.png,thumbs/cluster_17/030_cell_1761646150793_912349010008_43593_0000.jpg
17,/home/wangqianqian/project/FS/data/28gusui&pizang/03/06/cell_1761645981395_912349010008_30205_0000.png,thumbs/cluster_17/031_cell_1761645981395_912349010008_30205_0000.jpg
17,/home/wangqianqian/project/FS/data/28gusui&pizang/03/15/cell_1761646511935_912349010008_73794_0000.png,thumbs/cluster_17/032_cell_1761646511935_912349010008_73794_0000.jpg
17,/home/wangqianqian/project/FS/data/28gusui&pizang/03/13/cell_1761646418243_912349010008_65227_0000.png,thumbs/cluster_17/033_cell_1761646418243_912349010008_65227_0000.jpg
17,/home/wangqianqian/project/FS/data/28gusui&pizang/03/19/cell_1761646770988_912349010008_95140_0000.png,thumbs/cluster_17/034_cell_1761646770988_912349010008_95140_0000.jpg
17,/home/wangqianqian/project/FS/data/28gusui&pizang/03/06/cell_1761645972779_912349010008_29428_0100.png,thumbs/cluster_17/035_cell_1761645972779_912349010008_29428_0100.jpg
17,/home/wangqianqian/project/FS/data/28gusui&pizang/03/06/cell_1761645977680_912349010008_29866_0100.png,thumbs/cluster_17/036_cell_1761645977680_912349010008_29866_0100.jpg
17,/home/wangqianqian/project/FS/data/28gusui&pizang/03/15/cell_1761646502647_912349010008_73051_0000.png,thumbs/cluster_17/037_cell_1761646502647_912349010008_73051_0000.jpg
17,/home/wangqianqian/project/FS/data/28gusui&pizang/03/21/cell_1761646862185_912349010008_102909_0000.png,thumbs/cluster_17/038_cell_1761646862185_912349010008_102909_0000.jpg
17,/home/wangqianqian/project/FS/data/28gusui&pizang/03/06/cell_1761645999822_912349010008_31679_0100.png,thumbs/cluster_17/039_cell_1761645999822_912349010008_31679_0100.jpg
17,/home/wangqianqian/project/FS/data/28gusui&pizang/03/07/cell_1761646072128_912349010008_37828_0000.png,thumbs/cluster_17/040_cell_1761646072128_912349010008_37828_0000.jpg
17,/home/wangqianqian/project/FS/data/28gusui&pizang/03/20/cell_1761646815751_912349010008_98956_0000.png,thumbs/cluster_17/041_cell_1761646815751_912349010008_98956_0000.jpg
17,/home/wangqianqian/project/FS/data/28gusui&pizang/03/11/cell_1761646264858_912349010008_52585_0100.png,thumbs/cluster_17/042_cell_1761646264858_912349010008_52585_0100.jpg
17,/home/wangqianqian/project/FS/data/28gusui&pizang/03/05/cell_1761645928035_912349010008_25872_0000.png,thumbs/cluster_17/043_cell_1761645928035_912349010008_25872_0000.jpg
17,/home/wangqianqian/project/FS/data/28gusui&pizang/03/16/cell_1761646619628_912349010008_82430_0100.png,thumbs/cluster_17/044_cell_1761646619628_912349010008_82430_0100.jpg
17,/home/wangqianqian/project/FS/data/28gusui&pizang/03/11/cell_1761646293104_912349010008_55082_0000.png,thumbs/cluster_17/045_cell_1761646293104_912349010008_55082_0000.jpg
17,/home/wangqianqian/project/FS/data/28gusui&pizang/03/14/cell_1761646445793_912349010008_67764_0100.png,thumbs/cluster_17/046_cell_1761646445793_912349010008_67764_0100.jpg
17,/home/wangqianqian/project/FS/data/28gusui&pizang/03/09/cell_1761646190547_912349010008_46596_0100.png,thumbs/cluster_17/047_cell_1761646190547_912349010008_46596_0100.jpg
17,/home/wangqianqian/project/FS/data/28gusui&pizang/03/20/cell_1761646846686_912349010008_101533_0100.png,thumbs/cluster_17/048_cell_1761646846686_912349010008_101533_0100.jpg
17,/home/wangqianqian/project/FS/data/28gusui&pizang/03/01/cell_1761645716561_912349010008_9488_0000.png,thumbs/cluster_17/049_cell_1761645716561_912349010008_9488_0000.jpg
17,/home/wangqianqian/project/FS/data/28gusui&pizang/03/02/cell_1761645748260_912349010008_11775_0000.png,thumbs/cluster_17/050_cell_1761645748260_912349010008_11775_0000.jpg
17,/home/wangqianqian/project/FS/data/28gusui&pizang/03/05/cell_1761645943578_912349010008_27079_0000.png,thumbs/cluster_17/051_cell_1761645943578_912349010008_27079_0000.jpg
17,/home/wangqianqian/project/FS/data/28gusui&pizang/03/14/cell_1761646464639_912349010008_69467_0100.png,thumbs/cluster_17/052_cell_1761646464639_912349010008_69467_0100.jpg
17,/home/wangqianqian/project/FS/data/28gusui&pizang/03/09/cell_1761646144449_912349010008_43110_0000.png,thumbs/cluster_17/053_cell_1761646144449_912349010008_43110_0000.jpg
17,/home/wangqianqian/project/FS/data/28gusui&pizang/03/17/cell_1761646624337_912349010008_82815_0000.png,thumbs/cluster_17/054_cell_1761646624337_912349010008_82815_0000.jpg
17,/home/wangqianqian/project/FS/data/28gusui&pizang/03/10/cell_1761646212947_912349010008_48353_0000.png,thumbs/cluster_17/055_cell_1761646212947_912349010008_48353_0000.jpg
17,/home/wangqianqian/project/FS/data/28gusui&pizang/03/19/cell_1761646788611_912349010008_96564_0000.png,thumbs/cluster_17/056_cell_1761646788611_912349010008_96564_0000.jpg
17,/home/wangqianqian/project/FS/data/28gusui&pizang/03/17/cell_1761646634077_912349010008_83682_0100.png,thumbs/cluster_17/057_cell_1761646634077_912349010008_83682_0100.jpg
17,/home/wangqianqian/project/FS/data/28gusui&pizang/03/20/cell_1761646821259_912349010008_99413_0000.png,thumbs/cluster_17/058_cell_1761646821259_912349010008_99413_0000.jpg
17,/home/wangqianqian/project/FS/data/28gusui&pizang/03/14/cell_1761646477777_912349010008_70622_0100.png,thumbs/cluster_17/059_cell_1761646477777_912349010008_70622_0100.jpg
17,/home/wangqianqian/project/FS/data/28gusui&pizang/03/12/cell_1761646354269_912349010008_60220_0000.png,thumbs/cluster_17/060_cell_1761646354269_912349010008_60220_0000.jpg
17,/home/wangqianqian/project/FS/data/28gusui&pizang/03/15/cell_1761646515293_912349010008_74086_0100.png,thumbs/cluster_17/061_cell_1761646515293_912349010008_74086_0100.jpg
17,/home/wangqianqian/project/FS/data/28gusui&pizang/03/13/cell_1761646414039_912349010008_64862_0000.png,thumbs/cluster_17/062_cell_1761646414039_912349010008_64862_0000.jpg
17,/home/wangqianqian/project/FS/data/28gusui&pizang/03/02/cell_1761645734241_912349010008_10741_0100.png,thumbs/cluster_17/063_cell_1761645734241_912349010008_10741_0100.jpg
17,/home/wangqianqian/project/FS/data/28gusui&pizang/03/02/cell_1761645741553_912349010008_11285_0100.png,thumbs/cluster_17/064_cell_1761645741553_912349010008_11285_0100.jpg
17,/home/wangqianqian/project/FS/data/28gusui&pizang/03/12/cell_1761646373538_912349010008_61794_0000.png,thumbs/cluster_17/065_cell_1761646373538_912349010008_61794_0000.jpg
17,/home/wangqianqian/project/FS/data/28gusui&pizang/03/06/cell_1761646013848_912349010008_32931_0000.png,thumbs/cluster_17/066_cell_1761646013848_912349010008_32931_0000.jpg
17,/home/wangqianqian/project/FS/data/28gusui&pizang/03/17/cell_1761646674492_912349010008_87252_0000.png,thumbs/cluster_17/067_cell_1761646674492_912349010008_87252_0000.jpg
17,/home/wangqianqian/project/FS/data/28gusui&pizang/03/18/cell_1761646691147_912349010008_88762_0000.png,thumbs/cluster_17/068_cell_1761646691147_912349010008_88762_0000.jpg
17,/home/wangqianqian/project/FS/data/28gusui&pizang/03/03/cell_1761645804527_912349010008_16015_0000.png,thumbs/cluster_17/069_cell_1761645804527_912349010008_16015_0000.jpg
17,/home/wangqianqian/project/FS/data/28gusui&pizang/03/21/cell_1761646911817_912349010008_106971_0100.png,thumbs/cluster_17/070_cell_1761646911817_912349010008_106971_0100.jpg
17,/home/wangqianqian/project/FS/data/28gusui&pizang/03/02/cell_1761645748263_912349010008_11776_0000.png,thumbs/cluster_17/071_cell_1761645748263_912349010008_11776_0000.jpg
17,/home/wangqianqian/project/FS/data/28gusui&pizang/03/02/cell_1761645769545_912349010008_13322_0000.png,thumbs/cluster_17/072_cell_1761645769545_912349010008_13322_0000.jpg
17,/home/wangqianqian/project/FS/data/28gusui&pizang/03/13/cell_1761646419236_912349010008_65318_0100.png,thumbs/cluster_17/073_cell_1761646419236_912349010008_65318_0100.jpg
17,/home/wangqianqian/project/FS/data/28gusui&pizang/03/09/cell_1761646175006_912349010008_45366_0100.png,thumbs/cluster_17/074_cell_1761646175006_912349010008_45366_0100.jpg
17,/home/wangqianqian/project/FS/data/28gusui&pizang/03/15/cell_1761646528310_912349010008_75148_0000.png,thumbs/cluster_17/075_cell_1761646528310_912349010008_75148_0000.jpg
17,/home/wangqianqian/project/FS/data/28gusui&pizang/03/12/cell_1761646368290_912349010008_61352_0100.png,thumbs/cluster_17/076_cell_1761646368290_912349010008_61352_0100.jpg
17,/home/wangqianqian/project/FS/data/28gusui&pizang/03/15/cell_1761646541763_912349010008_76242_0000.png,thumbs/cluster_17/077_cell_1761646541763_912349010008_76242_0000.jpg
17,/home/wangqianqian/project/FS/data/28gusui&pizang/03/17/cell_1761646645782_912349010008_84709_0000.png,thumbs/cluster_17/078_cell_1761646645782_912349010008_84709_0000.jpg
17,/home/wangqianqian/project/FS/data/28gusui&pizang/03/03/cell_1761645805186_912349010008_16072_0000.png,thumbs/cluster_17/079_cell_1761645805186_912349010008_16072_0000.jpg
17,/home/wangqianqian/project/FS/data/28gusui&pizang/03/20/cell_1761646831036_912349010008_100273_0000.png,thumbs/cluster_17/080_cell_1761646831036_912349010008_100273_0000.jpg
17,/home/wangqianqian/project/FS/data/28gusui&pizang/03/04/cell_1761645885638_912349010008_22721_0000.png,thumbs/cluster_17/081_cell_1761645885638_912349010008_22721_0000.jpg
17,/home/wangqianqian/project/FS/data/28gusui&pizang/03/21/cell_1761646875779_912349010008_104037_0100.png,thumbs/cluster_17/082_cell_1761646875779_912349010008_104037_0100.jpg
17,/home/wangqianqian/project/FS/data/28gusui&pizang/03/12/cell_1761646351045_912349010008_59936_0000.png,thumbs/cluster_17/083_cell_1761646351045_912349010008_59936_0000.jpg
17,/home/wangqianqian/project/FS/data/28gusui&pizang/03/17/cell_1761646626376_912349010008_83003_0100.png,thumbs/cluster_17/084_cell_1761646626376_912349010008_83003_0100.jpg
17,/home/wangqianqian/project/FS/data/28gusui&pizang/03/14/cell_1761646447745_912349010008_67963_0000.png,thumbs/cluster_17/085_cell_1761646447745_912349010008_67963_0000.jpg
17,/home/wangqianqian/project/FS/data/28gusui&pizang/03/08/cell_1761646088521_912349010008_39051_0000.png,thumbs/cluster_17/086_cell_1761646088521_912349010008_39051_0000.jpg
17,/home/wangqianqian/project/FS/data/28gusui&pizang/03/04/cell_1761645865139_912349010008_21008_0000.png,thumbs/cluster_17/087_cell_1761645865139_912349010008_21008_0000.jpg
17,/home/wangqianqian/project/FS/data/28gusui&pizang/03/02/cell_1761645722504_912349010008_9956_0100.png,thumbs/cluster_17/088_cell_1761645722504_912349010008_9956_0100.jpg
17,/home/wangqianqian/project/FS/data/28gusui&pizang/03/02/cell_1761645765060_912349010008_13016_0000.png,thumbs/cluster_17/089_cell_1761645765060_912349010008_13016_0000.jpg
17,/home/wangqianqian/project/FS/data/28gusui&pizang/03/14/cell_1761646491178_912349010008_71951_0000.png,thumbs/cluster_17/090_cell_1761646491178_912349010008_71951_0000.jpg
17,/home/wangqianqian/project/FS/data/28gusui&pizang/03/14/cell_1761646443365_912349010008_67539_0000.png,thumbs/cluster_17/091_cell_1761646443365_912349010008_67539_0000.jpg
17,/home/wangqianqian/project/FS/data/28gusui&pizang/03/03/cell_1761645788722_912349010008_14810_0000.png,thumbs/cluster_17/092_cell_1761645788722_912349010008_14810_0000.jpg
17,/home/wangqianqian/project/FS/data/28gusui&pizang/03/04/cell_1761645861707_912349010008_20675_0000.png,thumbs/cluster_17/093_cell_1761645861707_912349010008_20675_0000.jpg
17,/home/wangqianqian/project/FS/data/28gusui&pizang/03/15/cell_1761646545844_912349010008_76611_0100.png,thumbs/cluster_17/094_cell_1761646545844_912349010008_76611_0100.jpg
17,/home/wangqianqian/project/FS/data/28gusui&pizang/03/17/cell_1761646656889_912349010008_85675_0100.png,thumbs/cluster_17/095_cell_1761646656889_912349010008_85675_0100.jpg
17,/home/wangqianqian/project/FS/data/28gusui&pizang/03/09/cell_1761646178572_912349010008_45646_0000.png,thumbs/cluster_17/096_cell_1761646178572_912349010008_45646_0000.jpg
17,/home/wangqianqian/project/FS/data/28gusui&pizang/03/19/cell_1761646795370_912349010008_97121_0000.png,thumbs/cluster_17/097_cell_1761646795370_912349010008_97121_0000.jpg
17,/home/wangqianqian/project/FS/data/28gusui&pizang/03/05/cell_1761645955502_912349010008_28050_0100.png,thumbs/cluster_17/098_cell_1761645955502_912349010008_28050_0100.jpg
17,/home/wangqianqian/project/FS/data/28gusui&pizang/03/10/cell_1761646229010_912349010008_49705_0000.png,thumbs/cluster_17/099_cell_1761646229010_912349010008_49705_0000.jpg
18,/home/wangqianqian/project/FS/data/28gusui&pizang/03/04/cell_1761645863162_912349010008_20787_0000.png,thumbs/cluster_18/000_cell_1761645863162_912349010008_20787_0000.jpg
18,/home/wangqianqian/project/FS/data/28gusui&pizang/03/04/cell_1761645864564_912349010008_20949_0100.png,thumbs/cluster_18/001_cell_1761645864564_912349010008_20949_0100.jpg
18,/home/wangqianqian/project/FS/data/28gusui&pizang/03/17/cell_1761646629233_912349010008_83243_0100.png,thumbs/cluster_18/002_cell_1761646629233_912349010008_83243_0100.jpg
18,/home/wangqianqian/project/FS/data/28gusui&pizang/03/07/cell_1761646054589_912349010008_36516_0000.png,thumbs/cluster_18/003_cell_1761646054589_912349010008_36516_0000.jpg
18,/home/wangqianqian/project/FS/data/28gusui&pizang/03/14/cell_1761646473110_912349010008_70233_0000.png,thumbs/cluster_18/004_cell_1761646473110_912349010008_70233_0000.jpg
18,/home/wangqianqian/project/FS/data/28gusui&pizang/03/06/cell_1761646014856_912349010008_33032_0000.png,thumbs/cluster_18/005_cell_1761646014856_912349010008_33032_0000.jpg
18,/home/wangqianqian/project/FS/data/28gusui&pizang/03/10/cell_1761646234936_912349010008_50183_0000.png,thumbs/cluster_18/006_cell_1761646234936_912349010008_50183_0000.jpg
18,/home/wangqianqian/project/FS/data/28gusui&pizang/03/20/cell_1761646852696_912349010008_102044_0000.png,thumbs/cluster_18/007_cell_1761646852696_912349010008_102044_0000.jpg
18,/home/wangqianqian/project/FS/data/28gusui&pizang/03/11/cell_1761646316217_912349010008_57076_0000.png,thumbs/cluster_18/008_cell_1761646316217_912349010008_57076_0000.jpg
18,/home/wangqianqian/project/FS/data/28gusui&pizang/03/06/cell_1761645974842_912349010008_29657_0000.png,thumbs/cluster_18/009_cell_1761645974842_912349010008_29657_0000.jpg
18,/home/wangqianqian/project/FS/data/28gusui&pizang/03/09/cell_1761646152656_912349010008_43753_0100.png,thumbs/cluster_18/010_cell_1761646152656_912349010008_43753_0100.jpg
18,/home/wangqianqian/project/FS/data/28gusui&pizang/03/17/cell_1761646626225_912349010008_82985_0000.png,thumbs/cluster_18/011_cell_1761646626225_912349010008_82985_0000.jpg
18,/home/wangqianqian/project/FS/data/28gusui&pizang/03/19/cell_1761646796950_912349010008_97259_0000.png,thumbs/cluster_18/012_cell_1761646796950_912349010008_97259_0000.jpg
18,/home/wangqianqian/project/FS/data/28gusui&pizang/03/07/cell_1761646053380_912349010008_36420_0100.png,thumbs/cluster_18/013_cell_1761646053380_912349010008_36420_0100.jpg
18,/home/wangqianqian/project/FS/data/28gusui&pizang/03/17/cell_1761646670803_912349010008_86900_0000.png,thumbs/cluster_18/014_cell_1761646670803_912349010008_86900_0000.jpg
18,/home/wangqianqian/project/FS/data/28gusui&pizang/03/20/cell_1761646807225_912349010008_98231_0100.png,thumbs/cluster_18/015_cell_1761646807225_912349010008_98231_0100.jpg
18,/home/wangqianqian/project/FS/data/28gusui&pizang/03/21/cell_1761646890001_912349010008_105166_0000.png,thumbs/cluster_18/016_cell_1761646890001_912349010008_105166_0000.jpg
18,/home/wangqianqian/project/FS/data/28gusui&pizang/03/21/cell_1761646886802_912349010008_104902_0100.png,thumbs/cluster_18/017_cell_1761646886802_912349010008_104902_0100.jpg
18,/home/wangqianqian/project/FS/data/28gusui&pizang/03/18/cell_1761646681236_912349010008_87869_0000.png,thumbs/cluster_18/018_cell_1761646681236_912349010008_87869_0000.jpg
18,/home/wangqianqian/project/FS/data/28gusui&pizang/03/19/cell_1761646797088_912349010008_97266_0100.png,thumbs/cluster_18/019_cell_1761646797088_912349010008_97266_0100.jpg
18,/home/wangqianqian/project/FS/data/28gusui&pizang/03/08/cell_1761646091177_912349010008_39269_0100.png,thumbs/cluster_18/020_cell_1761646091177_912349010008_39269_0100.jpg
18,/home/wangqianqian/project/FS/data/28gusui&pizang/03/07/cell_1761646079761_912349010008_38367_0000.png,thumbs/cluster_18/021_cell_1761646079761_912349010008_38367_0000.jpg
18,/home/wangqianqian/project/FS/data/28gusui&pizang/03/02/cell_1761645772493_912349010008_13527_0000.png,thumbs/cluster_18/022_cell_1761645772493_912349010008_13527_0000.jpg
18,/home/wangqianqian/project/FS/data/28gusui&pizang/03/19/cell_1761646743204_912349010008_92945_0000.png,thumbs/cluster_18/023_cell_1761646743204_912349010008_92945_0000.jpg
18,/home/wangqianqian/project/FS/data/28gusui&pizang/03/13/cell_1761646438253_912349010008_67096_0100.png,thumbs/cluster_18/024_cell_1761646438253_912349010008_67096_0100.jpg
18,/home/wangqianqian/project/FS/data/28gusui&pizang/03/12/cell_1761646354286_912349010008_60223_0000.png,thumbs/cluster_18/025_cell_1761646354286_912349010008_60223_0000.jpg
18,/home/wangqianqian/project/FS/data/28gusui&pizang/03/10/cell_1761646204577_912349010008_47660_0100.png,thumbs/cluster_18/026_cell_1761646204577_912349010008_47660_0100.jpg
18,/home/wangqianqian/project/FS/data/28gusui&pizang/03/12/cell_1761646324695_912349010008_57779_0000.png,thumbs/cluster_18/027_cell_1761646324695_912349010008_57779_0000.jpg
18,/home/wangqianqian/project/FS/data/28gusui&pizang/03/17/cell_1761646666097_912349010008_86481_0100.png,thumbs/cluster_18/028_cell_1761646666097_912349010008_86481_0100.jpg
18,/home/wangqianqian/project/FS/data/28gusui&pizang/03/08/cell_1761646088084_912349010008_39003_0100.png,thumbs/cluster_18/029_cell_1761646088084_912349010008_39003_0100.jpg
18,/home/wangqianqian/project/FS/data/28gusui&pizang/03/21/cell_1761646919208_912349010008_107581_0000.png,thumbs/cluster_18/030_cell_1761646919208_912349010008_107581_0000.jpg
18,/home/wangqianqian/project/FS/data/28gusui&pizang/03/07/cell_1761646029398_912349010008_34287_0000.png,thumbs/cluster_18/031_cell_1761646029398_912349010008_34287_0000.jpg
18,/home/wangqianqian/project/FS/data/28gusui&pizang/03/03/cell_1761645791067_912349010008_14974_0000.png,thumbs/cluster_18/032_cell_1761645791067_912349010008_14974_0000.jpg
18,/home/wangqianqian/project/FS/data/28gusui&pizang/03/12/cell_1761646331584_912349010008_58339_0000.png,thumbs/cluster_18/033_cell_1761646331584_912349010008_58339_0000.jpg
18,/home/wangqianqian/project/FS/data/28gusui&pizang/03/14/cell_1761646468027_912349010008_69781_0100.png,thumbs/cluster_18/034_cell_1761646468027_912349010008_69781_0100.jpg
18,/home/wangqianqian/project/FS/data/28gusui&pizang/03/08/cell_1761646098751_912349010008_39835_0000.png,thumbs/cluster_18/035_cell_1761646098751_912349010008_39835_0000.jpg
18,/home/wangqianqian/project/FS/data/28gusui&pizang/03/15/cell_1761646553408_912349010008_77194_0000.png,thumbs/cluster_18/036_cell_1761646553408_912349010008_77194_0000.jpg
18,/home/wangqianqian/project/FS/data/28gusui&pizang/03/14/cell_1761646469645_912349010008_69927_0100.png,thumbs/cluster_18/037_cell_1761646469645_912349010008_69927_0100.jpg
18,/home/wangqianqian/project/FS/data/28gusui&pizang/03/21/cell_1761646877363_912349010008_104148_0100.png,thumbs/cluster_18/038_cell_1761646877363_912349010008_104148_0100.jpg
18,/home/wangqianqian/project/FS/data/28gusui&pizang/03/06/cell_1761645977857_912349010008_29887_0100.png,thumbs/cluster_18/039_cell_1761645977857_912349010008_29887_0100.jpg
18,/home/wangqianqian/project/FS/data/28gusui&pizang/03/16/cell_1761646576185_912349010008_78931_0000.png,thumbs/cluster_18/040_cell_1761646576185_912349010008_78931_0000.jpg
18,/home/wangqianqian/project/FS/data/28gusui&pizang/03/15/cell_1761646519914_912349010008_74465_0100.png,thumbs/cluster_18/041_cell_1761646519914_912349010008_74465_0100.jpg
18,/home/wangqianqian/project/FS/data/28gusui&pizang/03/20/cell_1761646843324_912349010008_101230_0000.png,thumbs/cluster_18/042_cell_1761646843324_912349010008_101230_0000.jpg
18,/home/wangqianqian/project/FS/data/28gusui&pizang/03/15/cell_1761646526907_912349010008_75049_0100.png,thumbs/cluster_18/043_cell_1761646526907_912349010008_75049_0100.jpg
18,/home/wangqianqian/project/FS/data/28gusui&pizang/03/04/cell_1761645852399_912349010008_19860_0100.png,thumbs/cluster_18/044_cell_1761645852399_912349010008_19860_0100.jpg
18,/home/wangqianqian/project/FS/data/28gusui&pizang/03/16/cell_1761646616780_912349010008_82179_0000.png,thumbs/cluster_18/045_cell_1761646616780_912349010008_82179_0000.jpg
18,/home/wangqianqian/project/FS/data/28gusui&pizang/03/13/cell_1761646427467_912349010008_66088_0000.png,thumbs/cluster_18/046_cell_1761646427467_912349010008_66088_0000.jpg
18,/home/wangqianqian/project/FS/data/28gusui&pizang/03/09/cell_1761646173235_912349010008_45258_0000.png,thumbs/cluster_18/047_cell_1761646173235_912349010008_45258_0000.jpg
18,/home/wangqianqian/project/FS/data/28gusui&pizang/03/16/cell_1761646560343_912349010008_77757_0100.png,thumbs/cluster_18/048_cell_1761646560343_912349010008_77757_0100.jpg
18,/home/wangqianqian/project/FS/data/28gusui&pizang/03/09/cell_1761646164883_912349010008_44666_0000.png,thumbs/cluster_18/049_cell_1761646164883_912349010008_44666_0000.jpg
18,/home/wangqianqian/project/FS/data/28gusui&pizang/03/16/cell_1761646618273_912349010008_82304_0000.png,thumbs/cluster_18/050_cell_1761646618273_912349010008_82304_0000.jpg
18,/home/wangqianqian/project/FS/data/28gusui&pizang/03/02/cell_1761645750636_912349010008_11956_0000.png,thumbs/cluster_18/051_cell_1761645750636_912349010008_11956_0000.jpg
18,/home/wangqianqian/project/FS/data/28gusui&pizang/03/14/cell_1761646476725_912349010008_70538_0100.png,thumbs/cluster_18/052_cell_1761646476725_912349010008_70538_0100.jpg
18,/home/wangqianqian/project/FS/data/28gusui&pizang/03/05/cell_1761645954597_912349010008_27979_0000.png,thumbs/cluster_18/053_cell_1761645954597_912349010008_27979_0000.jpg
18,/home/wangqianqian/project/FS/data/28gusui&pizang/03/19/cell_1761646799442_912349010008_97515_0000.png,thumbs/cluster_18/054_cell_1761646799442_912349010008_97515_0000.jpg
18,/home/wangqianqian/project/FS/data/28gusui&pizang/03/13/cell_1761646429921_912349010008_66340_0100.png,thumbs/cluster_18/055_cell_1761646429921_912349010008_66340_0100.jpg
18,/home/wangqianqian/project/FS/data/28gusui&pizang/03/17/cell_1761646637110_912349010008_83953_0000.png,thumbs/cluster_18/056_cell_1761646637110_912349010008_83953_0000.jpg
18,/home/wangqianqian/project/FS/data/28gusui&pizang/03/17/cell_1761646646327_912349010008_84766_0000.png,thumbs/cluster_18/057_cell_1761646646327_912349010008_84766_0000.jpg
18,/home/wangqianqian/project/FS/data/28gusui&pizang/03/13/cell_1761646414949_912349010008_64926_0000.png,thumbs/cluster_18/058_cell_1761646414949_912349010008_64926_0000.jpg
18,/home/wangqianqian/project/FS/data/28gusui&pizang/03/17/cell_1761646627123_912349010008_83072_0100.png,thumbs/cluster_18/059_cell_1761646627123_912349010008_83072_0100.jpg
18,/home/wangqianqian/project/FS/data/28gusui&pizang/03/15/cell_1761646556451_912349010008_77431_0100.png,thumbs/cluster_18/060_cell_1761646556451_912349010008_77431_0100.jpg
18,/home/wangqianqian/project/FS/data/28gusui&pizang/03/14/cell_1761646477117_912349010008_70577_0000.png,thumbs/cluster_18/061_cell_1761646477117_912349010008_70577_0000.jpg
18,/home/wangqianqian/project/FS/data/28gusui&pizang/03/05/cell_1761645946065_912349010008_27312_0000.png,thumbs/cluster_18/062_cell_1761645946065_912349010008_27312_0000.jpg
18,/home/wangqianqian/project/FS/data/28gusui&pizang/03/10/cell_1761646246736_912349010008_51198_0100.png,thumbs/cluster_18/063_cell_1761646246736_912349010008_51198_0100.jpg
18,/home/wangqianqian/project/FS/data/28gusui&pizang/03/19/cell_1761646747835_912349010008_93302_0100.png,thumbs/cluster_18/064_cell_1761646747835_912349010008_93302_0100.jpg
18,/home/wangqianqian/project/FS/data/28gusui&pizang/03/05/cell_1761645916188_912349010008_24954_0000.png,thumbs/cluster_18/065_cell_1761645916188_912349010008_24954_0000.jpg
18,/home/wangqianqian/project/FS/data/28gusui&pizang/03/05/cell_1761645903589_912349010008_24011_0000.png,thumbs/cluster_18/066_cell_1761645903589_912349010008_24011_0000.jpg
18,/home/wangqianqian/project/FS/data/28gusui&pizang/03/14/cell_1761646468532_912349010008_69835_0100.png,thumbs/cluster_18/067_cell_1761646468532_912349010008_69835_0100.jpg
18,/home/wangqianqian/project/FS/data/28gusui&pizang/03/08/cell_1761646090584_912349010008_39225_0000.png,thumbs/cluster_18/068_cell_1761646090584_912349010008_39225_0000.jpg
18,/home/wangqianqian/project/FS/data/28gusui&pizang/03/11/cell_1761646278230_912349010008_53723_0100.png,thumbs/cluster_18/069_cell_1761646278230_912349010008_53723_0100.jpg
18,/home/wangqianqian/project/FS/data/28gusui&pizang/03/17/cell_1761646627886_912349010008_83129_0000.png,thumbs/cluster_18/070_cell_1761646627886_912349010008_83129_0000.jpg
18,/home/wangqianqian/project/FS/data/28gusui&pizang/03/08/cell_1761646110743_912349010008_40700_0000.png,thumbs/cluster_18/071_cell_1761646110743_912349010008_40700_0000.jpg
18,/home/wangqianqian/project/FS/data/28gusui&pizang/03/21/cell_1761646878502_912349010008_104248_0000.png,thumbs/cluster_18/072_cell_1761646878502_912349010008_104248_0000.jpg
18,/home/wangqianqian/project/FS/data/28gusui&pizang/03/04/cell_1761645882530_912349010008_22505_0000.png,thumbs/cluster_18/073_cell_1761645882530_912349010008_22505_0000.jpg
18,/home/wangqianqian/project/FS/data/28gusui&pizang/03/11/cell_1761646271471_912349010008_53134_0100.png,thumbs/cluster_18/074_cell_1761646271471_912349010008_53134_0100.jpg
18,/home/wangqianqian/project/FS/data/28gusui&pizang/03/09/cell_1761646188177_912349010008_46419_0000.png,thumbs/cluster_18/075_cell_1761646188177_912349010008_46419_0000.jpg
18,/home/wangqianqian/project/FS/data/28gusui&pizang/03/11/cell_1761646285122_912349010008_54341_0100.png,thumbs/cluster_18/076_cell_1761646285122_912349010008_54341_0100.jpg
18,/home/wangqianqian/project/FS/data/28gusui&pizang/03/09/cell_1761646155844_912349010008_44001_0100.png,thumbs/cluster_18/077_cell_1761646155844_912349010008_44001_0100.jpg
18,/home/wangqianqian/project/FS/data/28gusui&pizang/03/19/cell_1761646764976_912349010008_94647_0100.png,thumbs/cluster_18/078_cell_1761646764976_912349010008_94647_0100.jpg
18,/home/wangqianqian/project/FS/data/28gusui&pizang/03/10/cell_1761646215636_912349010008_48594_0100.png,thumbs/cluster_18/079_cell_1761646215636_912349010008_48594_0100.jpg
18,/home/wangqianqian/project/FS/data/28gusui&pizang/03/17/cell_1761646627678_912349010008_83103_0100.png,thumbs/cluster_18/080_cell_1761646627678_912349010008_83103_0100.jpg
18,/home/wangqianqian/project/FS/data/28gusui&pizang/03/11/cell_1761646293814_912349010008_55151_0100.png,thumbs/cluster_18/081_cell_1761646293814_912349010008_55151_0100.jpg
18,/home/wangqianqian/project/FS/data/28gusui&pizang/03/12/cell_1761646358611_912349010008_60526_0100.png,thumbs/cluster_18/082_cell_1761646358611_912349010008_60526_0100.jpg
18,/home/wangqianqian/project/FS/data/28gusui&pizang/03/20/cell_1761646818372_912349010008_99171_0100.png,thumbs/cluster_18/083_cell_1761646818372_912349010008_99171_0100.jpg
18,/home/wangqianqian/project/FS/data/28gusui&pizang/03/14/cell_1761646451667_912349010008_68328_0000.png,thumbs/cluster_18/084_cell_1761646451667_912349010008_68328_0000.jpg
18,/home/wangqianqian/project/FS/data/28gusui&pizang/03/05/cell_1761645905320_912349010008_24153_0100.png,thumbs/cluster_18/085_cell_1761645905320_912349010008_24153_0100.jpg
18,/home/wangqianqian/project/FS/data/28gusui&pizang/03/16/cell_1761646609204_912349010008_81535_0000.png,thumbs/cluster_18/086_cell_1761646609204_912349010008_81535_0000.jpg
18,/home/wangqianqian/project/FS/data/28gusui&pizang/03/15/cell_1761646528754_912349010008_75175_0100.png,thumbs/cluster_18/087_cell_1761646528754_912349010008_75175_0100.jpg
18,/home/wangqianqian/project/FS/data/28gusui&pizang/03/17/cell_1761646655782_912349010008_85571_0000.png,thumbs/cluster_18/088_cell_1761646655782_912349010008_85571_0000.jpg
18,/home/wangqianqian/project/FS/data/28gusui&pizang/03/06/cell_1761646005491_912349010008_32135_0000.png,thumbs/cluster_18/089_cell_1761646005491_912349010008_32135_0000.jpg
18,/home/wangqianqian/project/FS/data/28gusui&pizang/03/09/cell_1761646147534_912349010008_43329_0100.png,thumbs/cluster_18/090_cell_1761646147534_912349010008_43329_0100.jpg
18,/home/wangqianqian/project/FS/data/28gusui&pizang/03/09/cell_1761646198817_912349010008_47235_0000.png,thumbs/cluster_18/091_cell_1761646198817_912349010008_47235_0000.jpg
18,/home/wangqianqian/project/FS/data/28gusui&pizang/03/05/cell_1761645912826_912349010008_24715_0100.png,thumbs/cluster_18/092_cell_1761645912826_912349010008_24715_0100.jpg
18,/home/wangqianqian/project/FS/data/28gusui&pizang/03/11/cell_1761646272973_912349010008_53252_0000.png,thumbs/cluster_18/093_cell_1761646272973_912349010008_53252_0000.jpg
18,/home/wangqianqian/project/FS/data/28gusui&pizang/03/15/cell_1761646501816_912349010008_72976_0000.png,thumbs/cluster_18/094_cell_1761646501816_912349010008_72976_0000.jpg
18,/home/wangqianqian/project/FS/data/28gusui&pizang/03/21/cell_1761646871601_912349010008_103724_0000.png,thumbs/cluster_18/095_cell_1761646871601_912349010008_103724_0000.jpg
18,/home/wangqianqian/project/FS/data/28gusui&pizang/03/16/cell_1761646591451_912349010008_80075_0000.png,thumbs/cluster_18/096_cell_1761646591451_912349010008_80075_0000.jpg
18,/home/wangqianqian/project/FS/data/28gusui&pizang/03/06/cell_1761645963567_912349010008_28676_0100.png,thumbs/cluster_18/097_cell_1761645963567_912349010008_28676_0100.jpg
18,/home/wangqianqian/project/FS/data/28gusui&pizang/03/18/cell_1761646731612_912349010008_91985_0100.png,thumbs/cluster_18/098_cell_1761646731612_912349010008_91985_0100.jpg
18,/home/wangqianqian/project/FS/data/28gusui&pizang/03/18/cell_1761646715989_912349010008_90675_0000.png,thumbs/cluster_18/099_cell_1761646715989_912349010008_90675_0000.jpg
19,/home/wangqianqian/project/FS/data/28gusui&pizang/03/19/cell_1761646780095_912349010008_95911_0100.png,thumbs/cluster_19/000_cell_1761646780095_912349010008_95911_0100.jpg
19,/home/wangqianqian/project/FS/data/28gusui&pizang/03/02/cell_1761645747074_912349010008_11692_0000.png,thumbs/cluster_19/001_cell_1761645747074_912349010008_11692_0000.jpg
19,/home/wangqianqian/project/FS/data/28gusui&pizang/03/20/cell_1761646837080_912349010008_100730_0000.png,thumbs/cluster_19/002_cell_1761646837080_912349010008_100730_0000.jpg
19,/home/wangqianqian/project/FS/data/28gusui&pizang/03/05/cell_1761645947268_912349010008_27406_0000.png,thumbs/cluster_19/003_cell_1761645947268_912349010008_27406_0000.jpg
19,/home/wangqianqian/project/FS/data/28gusui&pizang/03/07/cell_1761646048128_912349010008_35896_0000.png,thumbs/cluster_19/004_cell_1761646048128_912349010008_35896_0000.jpg
19,/home/wangqianqian/project/FS/data/28gusui&pizang/03/09/cell_1761646145010_912349010008_43145_0100.png,thumbs/cluster_19/005_cell_1761646145010_912349010008_43145_0100.jpg
19,/home/wangqianqian/project/FS/data/28gusui&pizang/03/17/cell_1761646654946_912349010008_85515_0000.png,thumbs/cluster_19/006_cell_1761646654946_912349010008_85515_0000.jpg
19,/home/wangqianqian/project/FS/data/28gusui&pizang/03/08/cell_1761646097368_912349010008_39714_0000.png,thumbs/cluster_19/007_cell_1761646097368_912349010008_39714_0000.jpg
19,/home/wangqianqian/project/FS/data/28gusui&pizang/03/14/cell_1761646464790_912349010008_69472_0100.png,thumbs/cluster_19/008_cell_1761646464790_912349010008_69472_0100.jpg
19,/home/wangqianqian/project/FS/data/28gusui&pizang/03/20/cell_1761646856032_912349010008_102364_0000.png,thumbs/cluster_19/009_cell_1761646856032_912349010008_102364_0000.jpg
19,/home/wangqianqian/project/FS/data/28gusui&pizang/03/15/cell_1761646535370_912349010008_75700_0000.png,thumbs/cluster_19/010_cell_1761646535370_912349010008_75700_0000.jpg
19,/home/wangqianqian/project/FS/data/28gusui&pizang/03/16/cell_1761646609112_912349010008_81530_0100.png,thumbs/cluster_19/011_cell_1761646609112_912349010008_81530_0100.jpg
19,/home/wangqianqian/project/FS/data/28gusui&pizang/03/08/cell_1761646089586_912349010008_39145_0000.png,thumbs/cluster_19/012_cell_1761646089586_912349010008_39145_0000.jpg
19,/home/wangqianqian/project/FS/data/28gusui&pizang/03/12/cell_1761646348570_912349010008_59707_0000.png,thumbs/cluster_19/013_cell_1761646348570_912349010008_59707_0000.jpg
19,/home/wangqianqian/project/FS/data/28gusui&pizang/03/04/cell_1761645863252_912349010008_20800_0100.png,thumbs/cluster_19/014_cell_1761645863252_912349010008_20800_0100.jpg
19,/home/wangqianqian/project/FS/data/28gusui&pizang/03/10/cell_1761646246993_912349010008_51223_0000.png,thumbs/cluster_19/015_cell_1761646246993_912349010008_51223_0000.jpg
19,/home/wangqianqian/project/FS/data/28gusui&pizang/03/05/cell_1761645934218_912349010008_26342_0100.png,thumbs/cluster_19/016_cell_1761645934218_912349010008_26342_0100.jpg
19,/home/wangqianqian/project/FS/data/28gusui&pizang/03/13/cell_1761646383637_912349010008_62575_0000.png,thumbs/cluster_19/017_cell_1761646383637_912349010008_62575_0000.jpg
19,/home/wangqianqian/project/FS/data/28gusui&pizang/03/05/cell_1761645941002_912349010008_26858_0100.png,thumbs/cluster_19/018_cell_1761645941002_912349010008_26858_0100.jpg
19,/home/wangqianqian/project/FS/data/28gusui&pizang/03/05/cell_1761645913607_912349010008_24780_0100.png,thumbs/cluster_19/019_cell_1761645913607_912349010008_24780_0100.jpg
19,/home/wangqianqian/project/FS/data/28gusui&pizang/03/04/cell_1761645845461_912349010008_19205_0100.png,thumbs/cluster_19/020_cell_1761645845461_912349010008_19205_0100.jpg
19,/home/wangqianqian/project/FS/data/28gusui&pizang/03/18/cell_1761646708719_912349010008_90112_0000.png,thumbs/cluster_19/021_cell_1761646708719_912349010008_90112_0000.jpg
19,/home/wangqianqian/project/FS/data/28gusui&pizang/03/07/cell_1761646057706_912349010008_36757_0000.png,thumbs/cluster_19/022_cell_1761646057706_912349010008_36757_0000.jpg
19,/home/wangqianqian/project/FS/data/28gusui&pizang/03/17/cell_1761646624418_912349010008_82822_0000.png,thumbs/cluster_19/023_cell_1761646624418_912349010008_82822_0000.jpg
19,/home/wangqianqian/project/FS/data/28gusui&pizang/03/03/cell_1761645806992_912349010008_16199_0100.png,thumbs/cluster_19/024_cell_1761645806992_912349010008_16199_0100.jpg
19,/home/wangqianqian/project/FS/data/28gusui&pizang/03/16/cell_1761646568520_912349010008_78299_0000.png,thumbs/cluster_19/025_cell_1761646568520_912349010008_78299_0000.jpg
19,/home/wangqianqian/project/FS/data/28gusui&pizang/03/09/cell_1761646184342_912349010008_46130_0000.png,thumbs/cluster_19/026_cell_1761646184342_912349010008_46130_0000.jpg
19,/home/wangqianqian/project/FS/data/28gusui&pizang/03/15/cell_1761646537406_912349010008_75885_0000.png,thumbs/cluster_19/027_cell_1761646537406_912349010008_75885_0000.jpg
19,/home/wangqianqian/project/FS/data/28gusui&pizang/03/03/cell_1761645832018_912349010008_18154_0100.png,thumbs/cluster_19/028_cell_1761645832018_912349010008_18154_0100.jpg
19,/home/wangqianqian/project/FS/data/28gusui&pizang/03/15/cell_1761646517472_912349010008_74262_0100.png,thumbs/cluster_19/029_cell_1761646517472_912349010008_74262_0100.jpg
19,/home/wangqianqian/project/FS/data/28gusui&pizang/03/02/cell_1761645770234_912349010008_13361_0100.png,thumbs/cluster_19/030_cell_1761645770234_912349010008_13361_0100.jpg
19,/home/wangqianqian/project/FS/data/28gusui&pizang/03/16/cell_1761646567440_912349010008_78216_0000.png,thumbs/cluster_19/031_cell_1761646567440_912349010008_78216_0000.jpg
19,/home/wangqianqian/project/FS/data/28gusui&pizang/03/01/cell_1761645698980_912349010008_8310_0000.png,thumbs/cluster_19/032_cell_1761645698980_912349010008_8310_0000.jpg
19,/home/wangqianqian/project/FS/data/28gusui&pizang/03/07/cell_1761646063885_912349010008_37257_0000.png,thumbs/cluster_19/033_cell_1761646063885_912349010008_37257_0000.jpg
19,/home/wangqianqian/project/FS/data/28gusui&pizang/03/09/cell_1761646178047_912349010008_45604_0100.png,thumbs/cluster_19/034_cell_1761646178047_912349010008_45604_0100.jpg
19,/home/wangqianqian/project/FS/data/28gusui&pizang/03/05/cell_1761645912826_912349010008_24715_0000.png,thumbs/cluster_19/035_cell_1761645912826_912349010008_24715_0000.jpg
19,/home/wangqianqian/project/FS/data/28gusui&pizang/03/21/cell_1761646862448_912349010008_102939_0000.png,thumbs/cluster_19/036_cell_1761646862448_912349010008_102939_0000.jpg
19,/home/wangqianqian/project/FS/data/28gusui&pizang/03/13/cell_1761646394287_912349010008_63336_0100.png,thumbs/cluster_19/037_cell_1761646394287_912349010008_63336_0100.jpg
19,/home/wangqianqian/project/FS/data/28gusui&pizang/03/20/cell_1761646848134_912349010008_101633_0100.png,thumbs/cluster_19/038_cell_1761646848134_912349010008_101633_0100.jpg
19,/home/wangqianqian/project/FS/data/28gusui&pizang/03/18/cell_1761646697266_912349010008_89234_0000.png,thumbs/cluster_19/039_cell_1761646697266_912349010008_89234_0000.jpg
19,/home/wangqianqian/project/FS/data/28gusui&pizang/03/13/cell_1761646436219_912349010008_66886_0000.png,thumbs/cluster_19/040_cell_1761646436219_912349010008_66886_0000.jpg
19,/home/wangqianqian/project/FS/data/28gusui&pizang/03/17/cell_1761646655437_912349010008_85546_0100.png,thumbs/cluster_19/041_cell_1761646655437_912349010008_85546_0100.jpg
19,/home/wangqianqian/project/FS/data/28gusui&pizang/03/21/cell_1761646863594_912349010008_103060_0000.png,thumbs/cluster_19/042_cell_1761646863594_912349010008_103060_0000.jpg
19,/home/wangqianqian/project/FS/data/28gusui&pizang/03/10/cell_1761646223450_912349010008_49261_0000.png,thumbs/cluster_19/043_cell_1761646223450_912349010008_49261_0000.jpg
19,/home/wangqianqian/project/FS/data/28gusui&pizang/03/01/cell_1761645707589_912349010008_8878_0000.png,thumbs/cluster_19/044_cell_1761645707589_912349010008_8878_0000.jpg
19,/home/wangqianqian/project/FS/data/28gusui&pizang/03/03/cell_1761645782387_912349010008_14290_0000.png,thumbs/cluster_19/045_cell_1761645782387_912349010008_14290_0000.jpg
19,/home/wangqianqian/project/FS/data/28gusui&pizang/03/13/cell_1761646389790_912349010008_63025_0000.png,thumbs/cluster_19/046_cell_1761646389790_912349010008_63025_0000.jpg
19,/home/wangqianqian/project/FS/data/28gusui&pizang/03/07/cell_1761646028267_912349010008_34191_0000.png,thumbs/cluster_19/047_cell_1761646028267_912349010008_34191_0000.jpg
19,/home/wangqianqian/project/FS/data/28gusui&pizang/03/04/cell_1761645848228_912349010008_19485_0100.png,thumbs/cluster_19/048_cell_1761645848228_912349010008_19485_0100.jpg
19,/home/wangqianqian/project/FS/data/28gusui&pizang/03/15/cell_1761646512839_912349010008_73869_0100.png,thumbs/cluster_19/049_cell_1761646512839_912349010008_73869_0100.jpg
19,/home/wangqianqian/project/FS/data/28gusui&pizang/03/05/cell_1761645938868_912349010008_26680_0000.png,thumbs/cluster_19/050_cell_1761645938868_912349010008_26680_0000.jpg
19,/home/wangqianqian/project/FS/data/28gusui&pizang/03/14/cell_1761646484691_912349010008_71286_0100.png,thumbs/cluster_19/051_cell_1761646484691_912349010008_71286_0100.jpg
19,/home/wangqianqian/project/FS/data/28gusui&pizang/03/03/cell_1761645825016_912349010008_17654_0100.png,thumbs/cluster_19/052_cell_1761645825016_912349010008_17654_0100.jpg
19,/home/wangqianqian/project/FS/data/28gusui&pizang/03/08/cell_1761646097194_912349010008_39701_0100.png,thumbs/cluster_19/053_cell_1761646097194_912349010008_39701_0100.jpg
19,/home/wangqianqian/project/FS/data/28gusui&pizang/03/20/cell_1761646812355_912349010008_98674_0100.png,thumbs/cluster_19/054_cell_1761646812355_912349010008_98674_0100.jpg
19,/home/wangqianqian/project/FS/data/28gusui&pizang/03/11/cell_1761646292981_912349010008_55075_0000.png,thumbs/cluster_19/055_cell_1761646292981_912349010008_55075_0000.jpg
19,/home/wangqianqian/project/FS/data/28gusui&pizang/03/20/cell_1761646841449_912349010008_101084_0100.png,thumbs/cluster_19/056_cell_1761646841449_912349010008_101084_0100.jpg
19,/home/wangqianqian/project/FS/data/28gusui&pizang/03/07/cell_1761646072180_912349010008_37833_0100.png,thumbs/cluster_19/057_cell_1761646072180_912349010008_37833_0100.jpg
19,/home/wangqianqian/project/FS/data/28gusui&pizang/03/15/cell_1761646537869_912349010008_75914_0000.png,thumbs/cluster_19/058_cell_1761646537869_912349010008_75914_0000.jpg
19,/home/wangqianqian/project/FS/data/28gusui&pizang/03/04/cell_1761645843106_912349010008_18990_0000.png,thumbs/cluster_19/059_cell_1761645843106_912349010008_18990_0000.jpg
19,/home/wangqianqian/project/FS/data/28gusui&pizang/03/16/cell_1761646597715_912349010008_80569_0000.png,thumbs/cluster_19/060_cell_1761646597715_912349010008_80569_0000.jpg
19,/home/wangqianqian/project/FS/data/28gusui&pizang/03/07/cell_1761646049861_912349010008_36072_0100.png,thumbs/cluster_19/061_cell_1761646049861_912349010008_36072_0100.jpg
19,/home/wangqianqian/project/FS/data/28gusui&pizang/03/19/cell_1761646769976_912349010008_95059_0100.png,thumbs/cluster_19/062_cell_1761646769976_912349010008_95059_0100.jpg
19,/home/wangqianqian/project/FS/data/28gusui&pizang/03/20/cell_1761646801904_912349010008_97749_0000.png,thumbs/cluster_19/063_cell_1761646801904_912349010008_97749_0000.jpg
19,/home/wangqianqian/project/FS/data/28gusui&pizang/03/09/cell_1761646149247_912349010008_43466_0000.png,thumbs/cluster_19/064_cell_1761646149247_912349010008_43466_0000.jpg
19,/home/wangqianqian/project/FS/data/28gusui&pizang/03/03/cell_1761645796740_912349010008_15414_0100.png,thumbs/cluster_19/065_cell_1761645796740_912349010008_15414_0100.jpg
19,/home/wangqianqian/project/FS/data/28gusui&pizang/03/09/cell_1761646183516_912349010008_46049_0100.png,thumbs/cluster_19/066_cell_1761646183516_912349010008_46049_0100.jpg
19,/home/wangqianqian/project/FS/data/28gusui&pizang/03/06/cell_1761646001146_912349010008_31773_0100.png,thumbs/cluster_19/067_cell_1761646001146_912349010008_31773_0100.jpg
19,/home/wangqianqian/project/FS/data/28gusui&pizang/03/08/cell_1761646088180_912349010008_39015_0000.png,thumbs/cluster_19/068_cell_1761646088180_912349010008_39015_0000.jpg
19,/home/wangqianqian/project/FS/data/28gusui&pizang/03/02/cell_1761645753494_912349010008_12183_0100.png,thumbs/cluster_19/069_cell_1761645753494_912349010008_12183_0100.jpg
19,/home/wangqianqian/project/FS/data/28gusui&pizang/03/16/cell_1761646562329_912349010008_77887_0100.png,thumbs/cluster_19/070_cell_1761646562329_912349010008_77887_0100.jpg
19,/home/wangqianqian/project/FS/data/28gusui&pizang/03/07/cell_1761646071805_912349010008_37801_0100.png,thumbs/cluster_19/071_cell_1761646071805_912349010008_37801_0100.jpg
19,/home/wangqianqian/project/FS/data/28gusui&pizang/03/18/cell_1761646686630_912349010008_88389_0000.png,thumbs/cluster_19/072_cell_1761646686630_912349010008_88389_0000.jpg
19,/home/wangqianqian/project/FS/data/28gusui&pizang/03/08/cell_1761646136075_912349010008_42534_0000.png,thumbs/cluster_19/073_cell_1761646136075_912349010008_42534_0000.jpg
19,/home/wangqianqian/project/FS/data/28gusui&pizang/03/15/cell_1761646530345_912349010008_75288_0000.png,thumbs/cluster_19/074_cell_1761646530345_912349010008_75288_0000.jpg
19,/home/wangqianqian/project/FS/data/28gusui&pizang/03/05/cell_1761645956805_912349010008_28146_0100.png,thumbs/cluster_19/075_cell_1761645956805_912349010008_28146_0100.jpg
19,/home/wangqianqian/project/FS/data/28gusui&pizang/03/14/cell_1761646471338_912349010008_70072_0100.png,thumbs/cluster_19/076_cell_1761646471338_912349010008_70072_0100.jpg
19,/home/wangqianqian/project/FS/data/28gusui&pizang/03/05/cell_1761645944865_912349010008_27205_0100.png,thumbs/cluster_19/077_cell_1761645944865_912349010008_27205_0100.jpg
19,/home/wangqianqian/project/FS/data/28gusui&pizang/03/06/cell_1761646009821_912349010008_32561_0100.png,thumbs/cluster_19/078_cell_1761646009821_912349010008_32561_0100.jpg
19,/home/wangqianqian/project/FS/data/28gusui&pizang/03/19/cell_1761646762172_912349010008_94413_0000.png,thumbs/cluster_19/079_cell_1761646762172_912349010008_94413_0000.jpg
19,/home/wangqianqian/project/FS/data/28gusui&pizang/03/13/cell_1761646432222_912349010008_66528_0000.png,thumbs/cluster_19/080_cell_1761646432222_912349010008_66528_0000.jpg
19,/home/wangqianqian/project/FS/data/28gusui&pizang/03/06/cell_1761646017383_912349010008_33247_0100.png,thumbs/cluster_19/081_cell_1761646017383_912349010008_33247_0100.jpg
19,/home/wangqianqian/project/FS/data/28gusui&pizang/03/11/cell_1761646264689_912349010008_52574_0000.png,thumbs/cluster_19/082_cell_1761646264689_912349010008_52574_0000.jpg
19,/home/wangqianqian/project/FS/data/28gusui&pizang/03/08/cell_1761646091024_912349010008_39254_0000.png,thumbs/cluster_19/083_cell_1761646091024_912349010008_39254_0000.jpg
19,/home/wangqianqian/project/FS/data/28gusui&pizang/03/03/cell_1761645827259_912349010008_17801_0000.png,thumbs/cluster_19/084_cell_1761645827259_912349010008_17801_0000.jpg
19,/home/wangqianqian/project/FS/data/28gusui&pizang/03/14/cell_1761646458461_912349010008_68919_0100.png,thumbs/cluster_19/085_cell_1761646458461_912349010008_68919_0100.jpg
19,/home/wangqianqian/project/FS/data/28gusui&pizang/03/19/cell_1761646745353_912349010008_93110_0000.png,thumbs/cluster_19/086_cell_1761646745353_912349010008_93110_0000.jpg
19,/home/wangqianqian/project/FS/data/28gusui&pizang/03/08/cell_1761646102037_912349010008_40080_0000.png,thumbs/cluster_19/087_cell_1761646102037_912349010008_40080_0000.jpg
19,/home/wangqianqian/project/FS/data/28gusui&pizang/03/20/cell_1761646841344_912349010008_101065_0000.png,thumbs/cluster_19/088_cell_1761646841344_912349010008_101065_0000.jpg
19,/home/wangqianqian/project/FS/data/28gusui&pizang/03/02/cell_1761645770511_912349010008_13391_0000.png,thumbs/cluster_19/089_cell_1761645770511_912349010008_13391_0000.jpg
19,/home/wangqianqian/project/FS/data/28gusui&pizang/03/19/cell_1761646749663_912349010008_93439_0100.png,thumbs/cluster_19/090_cell_1761646749663_912349010008_93439_0100.jpg
19,/home/wangqianqian/project/FS/data/28gusui&pizang/03/21/cell_1761646896559_912349010008_105705_0000.png,thumbs/cluster_19/091_cell_1761646896559_912349010008_105705_0000.jpg
19,/home/wangqianqian/project/FS/data/28gusui&pizang/03/16/cell_1761646592789_912349010008_80186_0000.png,thumbs/cluster_19/092_cell_1761646592789_912349010008_80186_0000.jpg
19,/home/wangqianqian/project/FS/data/28gusui&pizang/03/14/cell_1761646472755_912349010008_70204_0100.png,thumbs/cluster_19/093_cell_1761646472755_912349010008_70204_0100.jpg
19,/home/wangqianqian/project/FS/data/28gusui&pizang/03/11/cell_1761646308809_912349010008_56462_0100.png,thumbs/cluster_19/094_cell_1761646308809_912349010008_56462_0100.jpg
19,/home/wangqianqian/project/FS/data/28gusui&pizang/03/09/cell_1761646193786_912349010008_46812_0000.png,thumbs/cluster_19/095_cell_1761646193786_912349010008_46812_0000.jpg
19,/home/wangqianqian/project/FS/data/28gusui&pizang/03/02/cell_1761645778080_912349010008_13969_0000.png,thumbs/cluster_19/096_cell_1761645778080_912349010008_13969_0000.jpg
19,/home/wangqianqian/project/FS/data/28gusui&pizang/03/07/cell_1761646040470_912349010008_35232_0000.png,thumbs/cluster_19/097_cell_1761646040470_912349010008_35232_0000.jpg
19,/home/wangqianqian/project/FS/data/28gusui&pizang/03/20/cell_1761646811191_912349010008_98559_0000.png,thumbs/cluster_19/098_cell_1761646811191_912349010008_98559_0000.jpg
19,/home/wangqianqian/project/FS/data/28gusui&pizang/03/14/cell_1761646496123_912349010008_72452_0100.png,thumbs/cluster_19/099_cell_1761646496123_912349010008_72452_0100.jpg
20,/home/wangqianqian/project/FS/data/28gusui&pizang/03/08/cell_1761646121861_912349010008_41552_0000.png,thumbs/cluster_20/000_cell_1761646121861_912349010008_41552_0000.jpg
20,/home/wangqianqian/project/FS/data/28gusui&pizang/03/09/cell_1761646196540_912349010008_47031_0000.png,thumbs/cluster_20/001_cell_1761646196540_912349010008_47031_0000.jpg
20,/home/wangqianqian/project/FS/data/28gusui&pizang/03/02/cell_1761645731535_912349010008_10556_0000.png,thumbs/cluster_20/002_cell_1761645731535_912349010008_10556_0000.jpg
20,/home/wangqianqian/project/FS/data/28gusui&pizang/03/20/cell_1761646818747_912349010008_99202_0000.png,thumbs/cluster_20/003_cell_1761646818747_912349010008_99202_0000.jpg
20,/home/wangqianqian/project/FS/data/28gusui&pizang/03/09/cell_1761646172957_912349010008_45232_0000.png,thumbs/cluster_20/004_cell_1761646172957_912349010008_45232_0000.jpg
20,/home/wangqianqian/project/FS/data/28gusui&pizang/03/04/cell_1761645885735_912349010008_22730_0000.png,thumbs/cluster_20/005_cell_1761645885735_912349010008_22730_0000.jpg
20,/home/wangqianqian/project/FS/data/28gusui&pizang/03/14/cell_1761646448514_912349010008_68031_0000.png,thumbs/cluster_20/006_cell_1761646448514_912349010008_68031_0000.jpg
20,/home/wangqianqian/project/FS/data/28gusui&pizang/03/03/cell_1761645813008_912349010008_16677_0000.png,thumbs/cluster_20/007_cell_1761645813008_912349010008_16677_0000.jpg
20,/home/wangqianqian/project/FS/data/28gusui&pizang/03/18/cell_1761646715691_912349010008_90648_0000.png,thumbs/cluster_20/008_cell_1761646715691_912349010008_90648_0000.jpg
20,/home/wangqianqian/project/FS/data/28gusui&pizang/03/05/cell_1761645910507_912349010008_24549_0000.png,thumbs/cluster_20/009_cell_1761645910507_912349010008_24549_0000.jpg
20,/home/wangqianqian/project/FS/data/28gusui&pizang/03/06/cell_1761645974685_912349010008_29628_0000.png,thumbs/cluster_20/010_cell_1761645974685_912349010008_29628_0000.jpg
20,/home/wangqianqian/project/FS/data/28gusui&pizang/03/11/cell_1761646298602_912349010008_55587_0000.png,thumbs/cluster_20/011_cell_1761646298602_912349010008_55587_0000.jpg
20,/home/wangqianqian/project/FS/data/28gusui&pizang/03/06/cell_1761645987078_912349010008_30678_0100.png,thumbs/cluster_20/012_cell_1761645987078_912349010008_30678_0100.jpg
20,/home/wangqianqian/project/FS/data/28gusui&pizang/03/11/cell_1761646305626_912349010008_56189_0000.png,thumbs/cluster_20/013_cell_1761646305626_912349010008_56189_0000.jpg
20,/home/wangqianqian/project/FS/data/28gusui&pizang/03/11/cell_1761646272202_912349010008_53191_0100.png,thumbs/cluster_20/014_cell_1761646272202_912349010008_53191_0100.jpg
20,/home/wangqianqian/project/FS/data/28gusui&pizang/03/04/cell_1761645878854_912349010008_22176_0100.png,thumbs/cluster_20/015_cell_1761645878854_912349010008_22176_0100.jpg
20,/home/wangqianqian/project/FS/data/28gusui&pizang/03/10/cell_1761646238912_912349010008_50521_0100.png,thumbs/cluster_20/016_cell_1761646238912_912349010008_50521_0100.jpg
20,/home/wangqianqian/project/FS/data/28gusui&pizang/03/12/cell_1761646339743_912349010008_58980_0100.png,thumbs/cluster_20/017_cell_1761646339743_912349010008_58980_0100.jpg
20,/home/wangqianqian/project/FS/data/28gusui&pizang/03/20/cell_1761646800065_912349010008_97581_0000.png,thumbs/cluster_20/018_cell_1761646800065_912349010008_97581_0000.jpg
20,/home/wangqianqian/project/FS/data/28gusui&pizang/03/04/cell_1761645885091_912349010008_22687_0000.png,thumbs/cluster_20/019_cell_1761645885091_912349010008_22687_0000.jpg
20,/home/wangqianqian/project/FS/data/28gusui&pizang/03/18/cell_1761646682850_912349010008_88008_0000.png,thumbs/cluster_20/020_cell_1761646682850_912349010008_88008_0000.jpg
20,/home/wangqianqian/project/FS/data/28gusui&pizang/03/20/cell_1761646825101_912349010008_99740_0000.png,thumbs/cluster_20/021_cell_1761646825101_912349010008_99740_0000.jpg
20,/home/wangqianqian/project/FS/data/28gusui&pizang/03/03/cell_1761645786693_912349010008_14639_0000.png,thumbs/cluster_20/022_cell_1761645786693_912349010008_14639_0000.jpg
20,/home/wangqianqian/project/FS/data/28gusui&pizang/03/21/cell_1761646908599_912349010008_106678_0000.png,thumbs/cluster_20/023_cell_1761646908599_912349010008_106678_0000.jpg
20,/home/wangqianqian/project/FS/data/28gusui&pizang/03/20/cell_1761646816984_912349010008_99057_0100.png,thumbs/cluster_20/024_cell_1761646816984_912349010008_99057_0100.jpg
20,/home/wangqianqian/project/FS/data/28gusui&pizang/03/07/cell_1761646071243_912349010008_37761_0100.png,thumbs/cluster_20/025_cell_1761646071243_912349010008_37761_0100.jpg
20,/home/wangqianqian/project/FS/data/28gusui&pizang/03/05/cell_1761645939439_912349010008_26721_0000.png,thumbs/cluster_20/026_cell_1761645939439_912349010008_26721_0000.jpg
20,/home/wangqianqian/project/FS/data/28gusui&pizang/03/05/cell_1761645901036_912349010008_23817_0000.png,thumbs/cluster_20/027_cell_1761645901036_912349010008_23817_0000.jpg
20,/home/wangqianqian/project/FS/data/28gusui&pizang/03/05/cell_1761645916339_912349010008_24965_0100.png,thumbs/cluster_20/028_cell_1761645916339_912349010008_24965_0100.jpg
20,/home/wangqianqian/project/FS/data/28gusui&pizang/03/06/cell_1761645998683_912349010008_31585_0100.png,thumbs/cluster_20/029_cell_1761645998683_912349010008_31585_0100.jpg
20,/home/wangqianqian/project/FS/data/28gusui&pizang/03/21/cell_1761646878718_912349010008_104265_0100.png,thumbs/cluster_20/030_cell_1761646878718_912349010008_104265_0100.jpg
20,/home/wangqianqian/project/FS/data/28gusui&pizang/03/19/cell_1761646777701_912349010008_95734_0000.png,thumbs/cluster_20/031_cell_1761646777701_912349010008_95734_0000.jpg
20,/home/wangqianqian/project/FS/data/28gusui&pizang/03/09/cell_1761646186425_912349010008_46290_0000.png,thumbs/cluster_20/032_cell_1761646186425_912349010008_46290_0000.jpg
20,/home/wangqianqian/project/FS/data/28gusui&pizang/03/13/cell_1761646438422_912349010008_67112_0000.png,thumbs/cluster_20/033_cell_1761646438422_912349010008_67112_0000.jpg
20,/home/wangqianqian/project/FS/data/28gusui&pizang/03/12/cell_1761646366135_912349010008_61181_0000.png,thumbs/cluster_20/034_cell_1761646366135_912349010008_61181_0000.jpg
20,/home/wangqianqian/project/FS/data/28gusui&pizang/03/16/cell_1761646591921_912349010008_80110_0000.png,thumbs/cluster_20/035_cell_1761646591921_912349010008_80110_0000.jpg
20,/home/wangqianqian/project/FS/data/28gusui&pizang/03/18/cell_1761646713362_912349010008_90463_0100.png,thumbs/cluster_20/036_cell_1761646713362_912349010008_90463_0100.jpg
20,/home/wangqianqian/project/FS/data/28gusui&pizang/03/02/cell_1761645766262_912349010008_13089_0000.png,thumbs/cluster_20/037_cell_1761645766262_912349010008_13089_0000.jpg
20,/home/wangqianqian/project/FS/data/28gusui&pizang/03/19/cell_1761646749424_912349010008_93419_0000.png,thumbs/cluster_20/038_cell_1761646749424_912349010008_93419_0000.jpg
20,/home/wangqianqian/project/FS/data/28gusui&pizang/03/07/cell_1761646063609_912349010008_37228_0000.png,thumbs/cluster_20/039_cell_1761646063609_912349010008_37228_0000.jpg
20,/home/wangqianqian/project/FS/data/28gusui&pizang/03/18/cell_1761646729233_912349010008_91797_0100.png,thumbs/cluster_20/040_cell_1761646729233_912349010008_91797_0100.jpg
20,/home/wangqianqian/project/FS/data/28gusui&pizang/03/18/cell_1761646687446_912349010008_88456_0000.png,thumbs/cluster_20/041_cell_1761646687446_912349010008_88456_0000.jpg
20,/home/wangqianqian/project/FS/data/28gusui&pizang/03/07/cell_1761646064770_912349010008_37316_0100.png,thumbs/cluster_20/042_cell_1761646064770_912349010008_37316_0100.jpg
20,/home/wangqianqian/project/FS/data/28gusui&pizang/03/09/cell_1761646155308_912349010008_43961_0000.png,thumbs/cluster_20/043_cell_1761646155308_912349010008_43961_0000.jpg
20,/home/wangqianqian/project/FS/data/28gusui&pizang/03/19/cell_1761646758097_912349010008_94105_0000.png,thumbs/cluster_20/044_cell_1761646758097_912349010008_94105_0000.jpg
20,/home/wangqianqian/project/FS/data/28gusui&pizang/03/13/cell_1761646391717_912349010008_63169_0100.png,thumbs/cluster_20/045_cell_1761646391717_912349010008_63169_0100.jpg
20,/home/wangqianqian/project/FS/data/28gusui&pizang/03/21/cell_1761646878264_912349010008_104223_0000.png,thumbs/cluster_20/046_cell_1761646878264_912349010008_104223_0000.jpg
20,/home/wangqianqian/project/FS/data/28gusui&pizang/03/09/cell_1761646156827_912349010008_44077_0000.png,thumbs/cluster_20/047_cell_1761646156827_912349010008_44077_0000.jpg
20,/home/wangqianqian/project/FS/data/28gusui&pizang/03/10/cell_1761646202282_912349010008_47501_0000.png,thumbs/cluster_20/048_cell_1761646202282_912349010008_47501_0000.jpg
20,/home/wangqianqian/project/FS/data/28gusui&pizang/03/04/cell_1761645898172_912349010008_23597_0000.png,thumbs/cluster_20/049_cell_1761645898172_912349010008_23597_0000.jpg
20,/home/wangqianqian/project/FS/data/28gusui&pizang/03/04/cell_1761645851502_912349010008_19778_0100.png,thumbs/cluster_20/050_cell_1761645851502_912349010008_19778_0100.jpg
20,/home/wangqianqian/project/FS/data/28gusui&pizang/03/15/cell_1761646503277_912349010008_73107_0100.png,thumbs/cluster_20/051_cell_1761646503277_912349010008_73107_0100.jpg
20,/home/wangqianqian/project/FS/data/28gusui&pizang/03/05/cell_1761645938051_912349010008_26622_0000.png,thumbs/cluster_20/052_cell_1761645938051_912349010008_26622_0000.jpg
20,/home/wangqianqian/project/FS/data/28gusui&pizang/03/06/cell_1761645995347_912349010008_31316_0000.png,thumbs/cluster_20/053_cell_1761645995347_912349010008_31316_0000.jpg
20,/home/wangqianqian/project/FS/data/28gusui&pizang/03/18/cell_1761646706407_912349010008_89930_0100.png,thumbs/cluster_20/054_cell_1761646706407_912349010008_89930_0100.jpg
20,/home/wangqianqian/project/FS/data/28gusui&pizang/03/12/cell_1761646345542_912349010008_59458_0100.png,thumbs/cluster_20/055_cell_1761646345542_912349010008_59458_0100.jpg
20,/home/wangqianqian/project/FS/data/28gusui&pizang/03/21/cell_1761646863670_912349010008_103067_0100.png,thumbs/cluster_20/056_cell_1761646863670_912349010008_103067_0100.jpg
20,/home/wangqianqian/project/FS/data/28gusui&pizang/03/15/cell_1761646525570_912349010008_74963_0100.png,thumbs/cluster_20/057_cell_1761646525570_912349010008_74963_0100.jpg
20,/home/wangqianqian/project/FS/data/28gusui&pizang/03/17/cell_1761646672931_912349010008_87107_0100.png,thumbs/cluster_20/058_cell_1761646672931_912349010008_87107_0100.jpg
20,/home/wangqianqian/project/FS/data/28gusui&pizang/03/07/cell_1761646020828_912349010008_33539_0100.png,thumbs/cluster_20/059_cell_1761646020828_912349010008_33539_0100.jpg
20,/home/wangqianqian/project/FS/data/28gusui&pizang/03/19/cell_1761646779757_912349010008_95888_0100.png,thumbs/cluster_20/060_cell_1761646779757_912349010008_95888_0100.jpg
20,/home/wangqianqian/project/FS/data/28gusui&pizang/03/18/cell_1761646728578_912349010008_91735_0100.png,thumbs/cluster_20/061_cell_1761646728578_912349010008_91735_0100.jpg
20,/home/wangqianqian/project/FS/data/28gusui&pizang/03/02/cell_1761645726643_912349010008_10228_0000.png,thumbs/cluster_20/062_cell_1761645726643_912349010008_10228_0000.jpg
20,/home/wangqianqian/project/FS/data/28gusui&pizang/03/12/cell_1761646339935_912349010008_59001_0000.png,thumbs/cluster_20/063_cell_1761646339935_912349010008_59001_0000.jpg
20,/home/wangqianqian/project/FS/data/28gusui&pizang/03/20/cell_1761646831844_912349010008_100333_0000.png,thumbs/cluster_20/064_cell_1761646831844_912349010008_100333_0000.jpg
20,/home/wangqianqian/project/FS/data/28gusui&pizang/03/07/cell_1761646079137_912349010008_38326_0000.png,thumbs/cluster_20/065_cell_1761646079137_912349010008_38326_0000.jpg
20,/home/wangqianqian/project/FS/data/28gusui&pizang/03/08/cell_1761646089692_912349010008_39149_0100.png,thumbs/cluster_20/066_cell_1761646089692_912349010008_39149_0100.jpg
20,/home/wangqianqian/project/FS/data/28gusui&pizang/03/03/cell_1761645786922_912349010008_14649_0100.png,thumbs/cluster_20/067_cell_1761645786922_912349010008_14649_0100.jpg
20,/home/wangqianqian/project/FS/data/28gusui&pizang/03/14/cell_1761646468367_912349010008_69815_0000.png,thumbs/cluster_20/068_cell_1761646468367_912349010008_69815_0000.jpg
20,/home/wangqianqian/project/FS/data/28gusui&pizang/03/06/cell_1761646008703_912349010008_32410_0000.png,thumbs/cluster_20/069_cell_1761646008703_912349010008_32410_0000.jpg
20,/home/wangqianqian/project/FS/data/28gusui&pizang/03/13/cell_1761646427437_912349010008_66086_0000.png,thumbs/cluster_20/070_cell_1761646427437_912349010008_66086_0000.jpg
20,/home/wangqianqian/project/FS/data/28gusui&pizang/03/14/cell_1761646493500_912349010008_72175_0000.png,thumbs/cluster_20/071_cell_1761646493500_912349010008_72175_0000.jpg
20,/home/wangqianqian/project/FS/data/28gusui&pizang/03/06/cell_1761646017439_912349010008_33254_0000.png,thumbs/cluster_20/072_cell_1761646017439_912349010008_33254_0000.jpg
20,/home/wangqianqian/project/FS/data/28gusui&pizang/03/21/cell_1761646889928_912349010008_105156_0100.png,thumbs/cluster_20/073_cell_1761646889928_912349010008_105156_0100.jpg
20,/home/wangqianqian/project/FS/data/28gusui&pizang/03/10/cell_1761646208509_912349010008_47971_0100.png,thumbs/cluster_20/074_cell_1761646208509_912349010008_47971_0100.jpg
20,/home/wangqianqian/project/FS/data/28gusui&pizang/03/14/cell_1761646478732_912349010008_70711_0100.png,thumbs/cluster_20/075_cell_1761646478732_912349010008_70711_0100.jpg
20,/home/wangqianqian/project/FS/data/28gusui&pizang/03/02/cell_1761645759494_912349010008_12642_0000.png,thumbs/cluster_20/076_cell_1761645759494_912349010008_12642_0000.jpg
20,/home/wangqianqian/project/FS/data/28gusui&pizang/03/13/cell_1761646412990_912349010008_64784_0000.png,thumbs/cluster_20/077_cell_1761646412990_912349010008_64784_0000.jpg
20,/home/wangqianqian/project/FS/data/28gusui&pizang/03/05/cell_1761645927250_912349010008_25810_0100.png,thumbs/cluster_20/078_cell_1761645927250_912349010008_25810_0100.jpg
20,/home/wangqianqian/project/FS/data/28gusui&pizang/03/07/cell_1761646062214_912349010008_37123_0000.png,thumbs/cluster_20/079_cell_1761646062214_912349010008_37123_0000.jpg
20,/home/wangqianqian/project/FS/data/28gusui&pizang/03/13/cell_1761646412973_912349010008_64781_0100.png,thumbs/cluster_20/080_cell_1761646412973_912349010008_64781_0100.jpg
20,/home/wangqianqian/project/FS/data/28gusui&pizang/03/13/cell_1761646425945_912349010008_65912_0000.png,thumbs/cluster_20/081_cell_1761646425945_912349010008_65912_0000.jpg
20,/home/wangqianqian/project/FS/data/28gusui&pizang/03/03/cell_1761645829270_912349010008_17953_0100.png,thumbs/cluster_20/082_cell_1761645829270_912349010008_17953_0100.jpg
20,/home/wangqianqian/project/FS/data/28gusui&pizang/03/15/cell_1761646535816_912349010008_75737_0100.png,thumbs/cluster_20/083_cell_1761646535816_912349010008_75737_0100.jpg
20,/home/wangqianqian/project/FS/data/28gusui&pizang/03/17/cell_1761646658864_912349010008_85836_0000.png,thumbs/cluster_20/084_cell_1761646658864_912349010008_85836_0000.jpg
20,/home/wangqianqian/project/FS/data/28gusui&pizang/03/15/cell_1761646522714_912349010008_74725_0100.png,thumbs/cluster_20/085_cell_1761646522714_912349010008_74725_0100.jpg
20,/home/wangqianqian/project/FS/data/28gusui&pizang/03/12/cell_1761646335653_912349010008_58675_0100.png,thumbs/cluster_20/086_cell_1761646335653_912349010008_58675_0100.jpg
20,/home/wangqianqian/project/FS/data/28gusui&pizang/03/06/cell_1761646012648_912349010008_32812_0100.png,thumbs/cluster_20/087_cell_1761646012648_912349010008_32812_0100.jpg
20,/home/wangqianqian/project/FS/data/28gusui&pizang/03/10/cell_1761646230980_912349010008_49849_0100.png,thumbs/cluster_20/088_cell_1761646230980_912349010008_49849_0100.jpg
20,/home/wangqianqian/project/FS/data/28gusui&pizang/03/18/cell_1761646697400_912349010008_89249_0000.png,thumbs/cluster_20/089_cell_1761646697400_912349010008_89249_0000.jpg
20,/home/wangqianqian/project/FS/data/28gusui&pizang/03/20/cell_1761646813372_912349010008_98788_0100.png,thumbs/cluster_20/090_cell_1761646813372_912349010008_98788_0100.jpg
20,/home/wangqianqian/project/FS/data/28gusui&pizang/03/12/cell_1761646370728_912349010008_61557_0000.png,thumbs/cluster_20/091_cell_1761646370728_912349010008_61557_0000.jpg
20,/home/wangqianqian/project/FS/data/28gusui&pizang/03/11/cell_1761646295884_912349010008_55345_0100.png,thumbs/cluster_20/092_cell_1761646295884_912349010008_55345_0100.jpg
20,/home/wangqianqian/project/FS/data/28gusui&pizang/03/02/cell_1761645736546_912349010008_10890_0000.png,thumbs/cluster_20/093_cell_1761645736546_912349010008_10890_0000.jpg
20,/home/wangqianqian/project/FS/data/28gusui&pizang/03/13/cell_1761646396817_912349010008_63524_0000.png,thumbs/cluster_20/094_cell_1761646396817_912349010008_63524_0000.jpg
20,/home/wangqianqian/project/FS/data/28gusui&pizang/03/20/cell_1761646838985_912349010008_100884_0000.png,thumbs/cluster_20/095_cell_1761646838985_912349010008_100884_0000.jpg
20,/home/wangqianqian/project/FS/data/28gusui&pizang/03/08/cell_1761646088166_912349010008_39013_0100.png,thumbs/cluster_20/096_cell_1761646088166_912349010008_39013_0100.jpg
20,/home/wangqianqian/project/FS/data/28gusui&pizang/03/11/cell_1761646280303_912349010008_53901_0100.png,thumbs/cluster_20/097_cell_1761646280303_912349010008_53901_0100.jpg
20,/home/wangqianqian/project/FS/data/28gusui&pizang/03/03/cell_1761645818877_912349010008_17115_0100.png,thumbs/cluster_20/098_cell_1761645818877_912349010008_17115_0100.jpg
20,/home/wangqianqian/project/FS/data/28gusui&pizang/03/07/cell_1761646021158_912349010008_33578_0000.png,thumbs/cluster_20/099_cell_1761646021158_912349010008_33578_0000.jpg
21,/home/wangqianqian/project/FS/data/28gusui&pizang/03/09/cell_1761646160718_912349010008_44366_0100.png,thumbs/cluster_21/000_cell_1761646160718_912349010008_44366_0100.jpg
21,/home/wangqianqian/project/FS/data/28gusui&pizang/03/07/cell_1761646040142_912349010008_35200_0000.png,thumbs/cluster_21/001_cell_1761646040142_912349010008_35200_0000.jpg
21,/home/wangqianqian/project/FS/data/28gusui&pizang/03/14/cell_1761646458999_912349010008_68967_0000.png,thumbs/cluster_21/002_cell_1761646458999_912349010008_68967_0000.jpg
21,/home/wangqianqian/project/FS/data/28gusui&pizang/03/21/cell_1761646865912_912349010008_103274_0100.png,thumbs/cluster_21/003_cell_1761646865912_912349010008_103274_0100.jpg
21,/home/wangqianqian/project/FS/data/28gusui&pizang/03/07/cell_1761646062897_912349010008_37167_0000.png,thumbs/cluster_21/004_cell_1761646062897_912349010008_37167_0000.jpg
21,/home/wangqianqian/project/FS/data/28gusui&pizang/03/05/cell_1761645927804_912349010008_25846_0000.png,thumbs/cluster_21/005_cell_1761645927804_912349010008_25846_0000.jpg
21,/home/wangqianqian/project/FS/data/28gusui&pizang/03/02/cell_1761645728290_912349010008_10323_0100.png,thumbs/cluster_21/006_cell_1761645728290_912349010008_10323_0100.jpg
21,/home/wangqianqian/project/FS/data/28gusui&pizang/03/07/cell_1761646057159_912349010008_36722_0000.png,thumbs/cluster_21/007_cell_1761646057159_912349010008_36722_0000.jpg
21,/home/wangqianqian/project/FS/data/28gusui&pizang/03/15/cell_1761646513537_912349010008_73929_0000.png,thumbs/cluster_21/008_cell_1761646513537_912349010008_73929_0000.jpg
21,/home/wangqianqian/project/FS/data/28gusui&pizang/03/06/cell_1761645989849_912349010008_30879_0000.png,thumbs/cluster_21/009_cell_1761645989849_912349010008_30879_0000.jpg
21,/home/wangqianqian/project/FS/data/28gusui&pizang/03/20/cell_1761646829536_912349010008_100132_0000.png,thumbs/cluster_21/010_cell_1761646829536_912349010008_100132_0000.jpg
21,/home/wangqianqian/project/FS/data/28gusui&pizang/03/10/cell_1761646202193_912349010008_47495_0000.png,thumbs/cluster_21/011_cell_1761646202193_912349010008_47495_0000.jpg
21,/home/wangqianqian/project/FS/data/28gusui&pizang/03/02/cell_1761645740435_912349010008_11191_0000.png,thumbs/cluster_21/012_cell_1761645740435_912349010008_11191_0000.jpg
21,/home/wangqianqian/project/FS/data/28gusui&pizang/03/21/cell_1761646885255_912349010008_104806_0100.png,thumbs/cluster_21/013_cell_1761646885255_912349010008_104806_0100.jpg
21,/home/wangqianqian/project/FS/data/28gusui&pizang/03/11/cell_1761646312083_912349010008_56726_0000.png,thumbs/cluster_21/014_cell_1761646312083_912349010008_56726_0000.jpg
21,/home/wangqianqian/project/FS/data/28gusui&pizang/03/19/cell_1761646795393_912349010008_97123_0100.png,thumbs/cluster_21/015_cell_1761646795393_912349010008_97123_0100.jpg
21,/home/wangqianqian/project/FS/data/28gusui&pizang/03/06/cell_1761645972250_912349010008_29389_0000.png,thumbs/cluster_21/016_cell_1761645972250_912349010008_29389_0000.jpg
21,/home/wangqianqian/project/FS/data/28gusui&pizang/03/14/cell_1761646475938_912349010008_70475_0000.png,thumbs/cluster_21/017_cell_1761646475938_912349010008_70475_0000.jpg
21,/home/wangqianqian/project/FS/data/28gusui&pizang/03/20/cell_1761646859749_912349010008_102694_0000.png,thumbs/cluster_21/018_cell_1761646859749_912349010008_102694_0000.jpg
21,/home/wangqianqian/project/FS/data/28gusui&pizang/03/12/cell_1761646365738_912349010008_61147_0100.png,thumbs/cluster_21/019_cell_1761646365738_912349010008_61147_0100.jpg
21,/home/wangqianqian/project/FS/data/28gusui&pizang/03/18/cell_1761646700744_912349010008_89500_0000.png,thumbs/cluster_21/020_cell_1761646700744_912349010008_89500_0000.jpg
21,/home/wangqianqian/project/FS/data/28gusui&pizang/03/06/cell_1761646010756_912349010008_32649_0100.png,thumbs/cluster_21/021_cell_1761646010756_912349010008_32649_0100.jpg
21,/home/wangqianqian/project/FS/data/28gusui&pizang/03/14/cell_1761646487194_912349010008_71552_0000.png,thumbs/cluster_21/022_cell_1761646487194_912349010008_71552_0000.jpg
21,/home/wangqianqian/project/FS/data/28gusui&pizang/03/11/cell_1761646284943_912349010008_54328_0000.png,thumbs/cluster_21/023_cell_1761646284943_912349010008_54328_0000.jpg
21,/home/wangqianqian/project/FS/data/28gusui&pizang/03/12/cell_1761646359370_912349010008_60592_0100.png,thumbs/cluster_21/024_cell_1761646359370_912349010008_60592_0100.jpg
21,/home/wangqianqian/project/FS/data/28gusui&pizang/03/07/cell_1761646038715_912349010008_35095_0000.png,thumbs/cluster_21/025_cell_1761646038715_912349010008_35095_0000.jpg
21,/home/wangqianqian/project/FS/data/28gusui&pizang/03/21/cell_1761646882781_912349010008_104634_0000.png,thumbs/cluster_21/026_cell_1761646882781_912349010008_104634_0000.jpg
21,/home/wangqianqian/project/FS/data/28gusui&pizang/03/02/cell_1761645751077_912349010008_11993_0100.png,thumbs/cluster_21/027_cell_1761645751077_912349010008_11993_0100.jpg
21,/home/wangqianqian/project/FS/data/28gusui&pizang/03/02/cell_1761645729260_912349010008_10386_0100.png,thumbs/cluster_21/028_cell_1761645729260_912349010008_10386_0100.jpg
21,/home/wangqianqian/project/FS/data/28gusui&pizang/03/20/cell_1761646836436_912349010008_100661_0000.png,thumbs/cluster_21/029_cell_1761646836436_912349010008_100661_0000.jpg
21,/home/wangqianqian/project/FS/data/28gusui&pizang/03/16/cell_1761646564989_912349010008_78054_0000.png,thumbs/cluster_21/030_cell_1761646564989_912349010008_78054_0000.jpg
21,/home/wangqianqian/project/FS/data/28gusui&pizang/03/05/cell_1761645914820_912349010008_24874_0000.png,thumbs/cluster_21/031_cell_1761645914820_912349010008_24874_0000.jpg
21,/home/wangqianqian/project/FS/data/28gusui&pizang/03/17/cell_1761646671187_912349010008_86946_0000.png,thumbs/cluster_21/032_cell_1761646671187_912349010008_86946_0000.jpg
21,/home/wangqianqian/project/FS/data/28gusui&pizang/03/06/cell_1761645995915_912349010008_31371_0100.png,thumbs/cluster_21/033_cell_1761645995915_912349010008_31371_0100.jpg
21,/home/wangqianqian/project/FS/data/28gusui&pizang/03/05/cell_1761645925664_912349010008_25711_0100.png,thumbs/cluster_21/034_cell_1761645925664_912349010008_25711_0100.jpg
21,/home/wangqianqian/project/FS/data/28gusui&pizang/03/16/cell_1761646590424_912349010008_79985_0000.png,thumbs/cluster_21/035_cell_1761646590424_912349010008_79985_0000.jpg
21,/home/wangqianqian/project/FS/data/28gusui&pizang/03/04/cell_1761645844138_912349010008_19070_0000.png,thumbs/cluster_21/036_cell_1761645844138_912349010008_19070_0000.jpg
21,/home/wangqianqian/project/FS/data/28gusui&pizang/03/01/cell_1761645706424_912349010008_8775_0000.png,thumbs/cluster_21/037_cell_1761645706424_912349010008_8775_0000.jpg
21,/home/wangqianqian/project/FS/data/28gusui&pizang/03/04/cell_1761645882992_912349010008_22541_0000.png,thumbs/cluster_21/038_cell_1761645882992_912349010008_22541_0000.jpg
21,/home/wangqianqian/project/FS/data/28gusui&pizang/03/17/cell_1761646675515_912349010008_87340_0100.png,thumbs/cluster_21/039_cell_1761646675515_912349010008_87340_0100.jpg
21,/home/wangqianqian/project/FS/data/28gusui&pizang/03/09/cell_1761646196441_912349010008_47026_0100.png,thumbs/cluster_21/040_cell_1761646196441_912349010008_47026_0100.jpg
21,/home/wangqianqian/project/FS/data/28gusui&pizang/03/01/cell_1761645708398_912349010008_8928_0000.png,thumbs/cluster_21/041_cell_1761645708398_912349010008_8928_0000.jpg
21,/home/wangqianqian/project/FS/data/28gusui&pizang/03/18/cell_1761646706372_912349010008_89926_0000.png,thumbs/cluster_21/042_cell_1761646706372_912349010008_89926_0000.jpg
21,/home/wangqianqian/project/FS/data/28gusui&pizang/03/03/cell_1761645829924_912349010008_18006_0000.png,thumbs/cluster_21/043_cell_1761645829924_912349010008_18006_0000.jpg
21,/home/wangqianqian/project/FS/data/28gusui&pizang/03/03/cell_1761645824794_912349010008_17635_0000.png,thumbs/cluster_21/044_cell_1761645824794_912349010008_17635_0000.jpg
21,/home/wangqianqian/project/FS/data/28gusui&pizang/03/13/cell_1761646426308_912349010008_65954_0000.png,thumbs/cluster_21/045_cell_1761646426308_912349010008_65954_0000.jpg
21,/home/wangqianqian/project/FS/data/28gusui&pizang/03/07/cell_1761646022906_912349010008_33727_0000.png,thumbs/cluster_21/046_cell_1761646022906_912349010008_33727_0000.jpg
21,/home/wangqianqian/project/FS/data/28gusui&pizang/03/16/cell_1761646564989_912349010008_78054_0100.png,thumbs/cluster_21/047_cell_1761646564989_912349010008_78054_0100.jpg
21,/home/wangqianqian/project/FS/data/28gusui&pizang/03/17/cell_1761646657161_912349010008_85706_0100.png,thumbs/cluster_21/048_cell_1761646657161_912349010008_85706_0100.jpg
21,/home/wangqianqian/project/FS/data/28gusui&pizang/03/07/cell_1761646031022_912349010008_34442_0100.png,thumbs/cluster_21/049_cell_1761646031022_912349010008_34442_0100.jpg
21,/home/wangqianqian/project/FS/data/28gusui&pizang/03/02/cell_1761645733049_912349010008_10657_0100.png,thumbs/cluster_21/050_cell_1761645733049_912349010008_10657_0100.jpg
21,/home/wangqianqian/project/FS/data/28gusui&pizang/03/21/cell_1761646876632_912349010008_104103_0000.png,thumbs/cluster_21/051_cell_1761646876632_912349010008_104103_0000.jpg
21,/home/wangqianqian/project/FS/data/28gusui&pizang/03/01/cell_1761645715274_912349010008_9389_0000.png,thumbs/cluster_21/052_cell_1761645715274_912349010008_9389_0000.jpg
21,/home/wangqianqian/project/FS/data/28gusui&pizang/03/17/cell_1761646633792_912349010008_83657_0000.png,thumbs/cluster_21/053_cell_1761646633792_912349010008_83657_0000.jpg
21,/home/wangqianqian/project/FS/data/28gusui&pizang/03/15/cell_1761646543669_912349010008_76405_0100.png,thumbs/cluster_21/054_cell_1761646543669_912349010008_76405_0100.jpg
21,/home/wangqianqian/project/FS/data/28gusui&pizang/03/04/cell_1761645881984_912349010008_22453_0000.png,thumbs/cluster_21/055_cell_1761645881984_912349010008_22453_0000.jpg
21,/home/wangqianqian/project/FS/data/28gusui&pizang/03/14/cell_1761646490386_912349010008_71877_0000.png,thumbs/cluster_21/056_cell_1761646490386_912349010008_71877_0000.jpg
21,/home/wangqianqian/project/FS/data/28gusui&pizang/03/09/cell_1761646152633_912349010008_43752_0100.png,thumbs/cluster_21/057_cell_1761646152633_912349010008_43752_0100.jpg
21,/home/wangqianqian/project/FS/data/28gusui&pizang/03/17/cell_1761646663554_912349010008_86255_0000.png,thumbs/cluster_21/058_cell_1761646663554_912349010008_86255_0000.jpg
21,/home/wangqianqian/project/FS/data/28gusui&pizang/03/04/cell_1761645899879_912349010008_23724_0000.png,thumbs/cluster_21/059_cell_1761645899879_912349010008_23724_0000.jpg
21,/home/wangqianqian/project/FS/data/28gusui&pizang/03/01/cell_1761645704562_912349010008_8669_0000.png,thumbs/cluster_21/060_cell_1761645704562_912349010008_8669_0000.jpg
21,/home/wangqianqian/project/FS/data/28gusui&pizang/03/20/cell_1761646805651_912349010008_98090_0000.png,thumbs/cluster_21/061_cell_1761646805651_912349010008_98090_0000.jpg
21,/home/wangqianqian/project/FS/data/28gusui&pizang/03/20/cell_1761646805542_912349010008_98081_0100.png,thumbs/cluster_21/062_cell_1761646805542_912349010008_98081_0100.jpg
21,/home/wangqianqian/project/FS/data/28gusui&pizang/03/03/cell_1761645784431_912349010008_14464_0100.png,thumbs/cluster_21/063_cell_1761645784431_912349010008_14464_0100.jpg
21,/home/wangqianqian/project/FS/data/28gusui&pizang/03/05/cell_1761645930156_912349010008_26027_0000.png,thumbs/cluster_21/064_cell_1761645930156_912349010008_26027_0000.jpg
21,/home/wangqianqian/project/FS/data/28gusui&pizang/03/18/cell_1761646716108_912349010008_90686_0000.png,thumbs/cluster_21/065_cell_1761646716108_912349010008_90686_0000.jpg
21,/home/wangqianqian/project/FS/data/28gusui&pizang/03/02/cell_1761645739172_912349010008_11073_0100.png,thumbs/cluster_21/066_cell_1761645739172_912349010008_11073_0100.jpg
21,/home/wangqianqian/project/FS/data/28gusui&pizang/03/10/cell_1761646217826_912349010008_48774_0100.png,thumbs/cluster_21/067_cell_1761646217826_912349010008_48774_0100.jpg
21,/home/wangqianqian/project/FS/data/28gusui&pizang/03/09/cell_1761646195603_912349010008_46954_0000.png,thumbs/cluster_21/068_cell_1761646195603_912349010008_46954_0000.jpg
21,/home/wangqianqian/project/FS/data/28gusui&pizang/03/19/cell_1761646775739_912349010008_95556_0100.png,thumbs/cluster_21/069_cell_1761646775739_912349010008_95556_0100.jpg
21,/home/wangqianqian/project/FS/data/28gusui&pizang/03/04/cell_1761645884229_912349010008_22622_0100.png,thumbs/cluster_21/070_cell_1761645884229_912349010008_22622_0100.jpg
21,/home/wangqianqian/project/FS/data/28gusui&pizang/03/21/cell_1761646876892_912349010008_104123_0100.png,thumbs/cluster_21/071_cell_1761646876892_912349010008_104123_0100.jpg
21,/home/wangqianqian/project/FS/data/28gusui&pizang/03/11/cell_1761646293640_912349010008_55132_0000.png,thumbs/cluster_21/072_cell_1761646293640_912349010008_55132_0000.jpg
21,/home/wangqianqian/project/FS/data/28gusui&pizang/03/03/cell_1761645834385_912349010008_18313_0000.png,thumbs/cluster_21/073_cell_1761645834385_912349010008_18313_0000.jpg
21,/home/wangqianqian/project/FS/data/28gusui&pizang/03/08/cell_1761646087563_912349010008_38969_0000.png,thumbs/cluster_21/074_cell_1761646087563_912349010008_38969_0000.jpg
21,/home/wangqianqian/project/FS/data/28gusui&pizang/03/10/cell_1761646216706_912349010008_48675_0100.png,thumbs/cluster_21/075_cell_1761646216706_912349010008_48675_0100.jpg
21,/home/wangqianqian/project/FS/data/28gusui&pizang/03/16/cell_1761646618810_912349010008_82361_0100.png,thumbs/cluster_21/076_cell_1761646618810_912349010008_82361_0100.jpg
21,/home/wangqianqian/project/FS/data/28gusui&pizang/03/04/cell_1761645855159_912349010008_20098_0000.png,thumbs/cluster_21/077_cell_1761645855159_912349010008_20098_0000.jpg
21,/home/wangqianqian/project/FS/data/28gusui&pizang/03/05/cell_1761645950479_912349010008_27676_0000.png,thumbs/cluster_21/078_cell_1761645950479_912349010008_27676_0000.jpg
21,/home/wangqianqian/project/FS/data/28gusui&pizang/03/11/cell_1761646294861_912349010008_55239_0000.png,thumbs/cluster_21/079_cell_1761646294861_912349010008_55239_0000.jpg
21,/home/wangqianqian/project/FS/data/28gusui&pizang/03/13/cell_1761646398343_912349010008_63657_0000.png,thumbs/cluster_21/080_cell_1761646398343_912349010008_63657_0000.jpg
21,/home/wangqianqian/project/FS/data/28gusui&pizang/03/19/cell_1761646771057_912349010008_95147_0000.png,thumbs/cluster_21/081_cell_1761646771057_912349010008_95147_0000.jpg
21,/home/wangqianqian/project/FS/data/28gusui&pizang/03/17/cell_1761646655802_912349010008_85573_0000.png,thumbs/cluster_21/082_cell_1761646655802_912349010008_85573_0000.jpg
21,/home/wangqianqian/project/FS/data/28gusui&pizang/03/15/cell_1761646547474_912349010008_76740_0000.png,thumbs/cluster_21/083_cell_1761646547474_912349010008_76740_0000.jpg
21,/home/wangqianqian/project/FS/data/28gusui&pizang/03/05/cell_1761645942899_912349010008_27004_0100.png,thumbs/cluster_21/084_cell_1761645942899_912349010008_27004_0100.jpg
21,/home/wangqianqian/project/FS/data/28gusui&pizang/03/13/cell_1761646435675_912349010008_66842_0000.png,thumbs/cluster_21/085_cell_1761646435675_912349010008_66842_0000.jpg
21,/home/wangqianqian/project/FS/data/28gusui&pizang/03/05/cell_1761645908861_912349010008_24445_0000.png,thumbs/cluster_21/086_cell_1761645908861_912349010008_24445_0000.jpg
21,/home/wangqianqian/project/FS/data/28gusui&pizang/03/09/cell_1761646161516_912349010008_44447_0100.png,thumbs/cluster_21/087_cell_1761646161516_912349010008_44447_0100.jpg
21,/home/wangqianqian/project/FS/data/28gusui&pizang/03/10/cell_1761646228241_912349010008_49628_0000.png,thumbs/cluster_21/088_cell_1761646228241_912349010008_49628_0000.jpg
21,/home/wangqianqian/project/FS/data/28gusui&pizang/03/07/cell_1761646049145_912349010008_35997_0000.png,thumbs/cluster_21/089_cell_1761646049145_912349010008_35997_0000.jpg
21,/home/wangqianqian/project/FS/data/28gusui&pizang/03/18/cell_1761646719806_912349010008_90967_0000.png,thumbs/cluster_21/090_cell_1761646719806_912349010008_90967_0000.jpg
21,/home/wangqianqian/project/FS/data/28gusui&pizang/03/02/cell_1761645723565_912349010008_10034_0100.png,thumbs/cluster_21/091_cell_1761645723565_912349010008_10034_0100.jpg
21,/home/wangqianqian/project/FS/data/28gusui&pizang/03/14/cell_1761646480832_912349010008_70912_0000.png,thumbs/cluster_21/092_cell_1761646480832_912349010008_70912_0000.jpg
21,/home/wangqianqian/project/FS/data/28gusui&pizang/03/21/cell_1761646900960_912349010008_106093_0100.png,thumbs/cluster_21/093_cell_1761646900960_912349010008_106093_0100.jpg
21,/home/wangqianqian/project/FS/data/28gusui&pizang/03/11/cell_1761646297431_912349010008_55491_0000.png,thumbs/cluster_21/094_cell_1761646297431_912349010008_55491_0000.jpg
21,/home/wangqianqian/project/FS/data/28gusui&pizang/03/13/cell_1761646433088_912349010008_66595_0000.png,thumbs/cluster_21/095_cell_1761646433088_912349010008_66595_0000.jpg
21,/home/wangqianqian/project/FS/data/28gusui&pizang/03/19/cell_1761646740001_912349010008_92706_0000.png,thumbs/cluster_21/096_cell_1761646740001_912349010008_92706_0000.jpg
21,/home/wangqianqian/project/FS/data/28gusui&pizang/03/13/cell_1761646434149_912349010008_66695_0000.png,thumbs/cluster_21/097_cell_1761646434149_912349010008_66695_0000.jpg
21,/home/wangqianqian/project/FS/data/28gusui&pizang/03/03/cell_1761645836952_912349010008_18529_0100.png,thumbs/cluster_21/098_cell_1761645836952_912349010008_18529_0100.jpg
21,/home/wangqianqian/project/FS/data/28gusui&pizang/03/18/cell_1761646683292_912349010008_88048_0100.png,thumbs/cluster_21/099_cell_1761646683292_912349010008_88048_0100.jpg
22,/home/wangqianqian/project/FS/data/28gusui&pizang/03/03/cell_1761645780550_912349010008_14150_0100.png,thumbs/cluster_22/000_cell_1761645780550_912349010008_14150_0100.jpg
22,/home/wangqianqian/project/FS/data/28gusui&pizang/03/18/cell_1761646735170_912349010008_92304_0000.png,thumbs/cluster_22/001_cell_1761646735170_912349010008_92304_0000.jpg
22,/home/wangqianqian/project/FS/data/28gusui&pizang/03/21/cell_1761646863707_912349010008_103071_0100.png,thumbs/cluster_22/002_cell_1761646863707_912349010008_103071_0100.jpg
22,/home/wangqianqian/project/FS/data/28gusui&pizang/03/21/cell_1761646868565_912349010008_103471_0000.png,thumbs/cluster_22/003_cell_1761646868565_912349010008_103471_0000.jpg
22,/home/wangqianqian/project/FS/data/28gusui&pizang/03/02/cell_1761645775301_912349010008_13738_0100.png,thumbs/cluster_22/004_cell_1761645775301_912349010008_13738_0100.jpg
22,/home/wangqianqian/project/FS/data/28gusui&pizang/03/16/cell_1761646619354_912349010008_82404_0000.png,thumbs/cluster_22/005_cell_1761646619354_912349010008_82404_0000.jpg
22,/home/wangqianqian/project/FS/data/28gusui&pizang/03/20/cell_1761646856032_912349010008_102364_0100.png,thumbs/cluster_22/006_cell_1761646856032_912349010008_102364_0100.jpg
22,/home/wangqianqian/project/FS/data/28gusui&pizang/03/01/cell_1761645698477_912349010008_8287_0000.png,thumbs/cluster_22/007_cell_1761645698477_912349010008_8287_0000.jpg
22,/home/wangqianqian/project/FS/data/28gusui&pizang/03/13/cell_1761646383056_912349010008_62534_0000.png,thumbs/cluster_22/008_cell_1761646383056_912349010008_62534_0000.jpg
22,/home/wangqianqian/project/FS/data/28gusui&pizang/03/13/cell_1761646407029_912349010008_64314_0000.png,thumbs/cluster_22/009_cell_1761646407029_912349010008_64314_0000.jpg
22,/home/wangqianqian/project/FS/data/28gusui&pizang/03/15/cell_1761646532678_912349010008_75478_0000.png,thumbs/cluster_22/010_cell_1761646532678_912349010008_75478_0000.jpg
22,/home/wangqianqian/project/FS/data/28gusui&pizang/03/09/cell_1761646190689_912349010008_46609_0100.png,thumbs/cluster_22/011_cell_1761646190689_912349010008_46609_0100.jpg
22,/home/wangqianqian/project/FS/data/28gusui&pizang/03/20/cell_1761646845604_912349010008_101448_0100.png,thumbs/cluster_22/012_cell_1761646845604_912349010008_101448_0100.jpg
22,/home/wangqianqian/project/FS/data/28gusui&pizang/03/18/cell_1761646717492_912349010008_90801_0000.png,thumbs/cluster_22/013_cell_1761646717492_912349010008_90801_0000.jpg
22,/home/wangqianqian/project/FS/data/28gusui&pizang/03/15/cell_1761646530281_912349010008_75284_0000.png,thumbs/cluster_22/014_cell_1761646530281_912349010008_75284_0000.jpg
22,/home/wangqianqian/project/FS/data/28gusui&pizang/03/02/cell_1761645772370_912349010008_13514_0000.png,thumbs/cluster_22/015_cell_1761645772370_912349010008_13514_0000.jpg
22,/home/wangqianqian/project/FS/data/28gusui&pizang/03/08/cell_1761646082220_912349010008_38555_0000.png,thumbs/cluster_22/016_cell_1761646082220_912349010008_38555_0000.jpg
22,/home/wangqianqian/project/FS/data/28gusui&pizang/03/19/cell_1761646741776_912349010008_92829_0000.png,thumbs/cluster_22/017_cell_1761646741776_912349010008_92829_0000.jpg
22,/home/wangqianqian/project/FS/data/28gusui&pizang/03/14/cell_1761646450838_912349010008_68253_0000.png,thumbs/cluster_22/018_cell_1761646450838_912349010008_68253_0000.jpg
22,/home/wangqianqian/project/FS/data/28gusui&pizang/03/09/cell_1761646140712_912349010008_42859_0100.png,thumbs/cluster_22/019_cell_1761646140712_912349010008_42859_0100.jpg
22,/home/wangqianqian/project/FS/data/28gusui&pizang/03/04/cell_1761645871259_912349010008_21527_0000.png,thumbs/cluster_22/020_cell_1761645871259_912349010008_21527_0000.jpg
22,/home/wangqianqian/project/FS/data/28gusui&pizang/03/10/cell_1761646215637_912349010008_48595_0100.png,thumbs/cluster_22/021_cell_1761646215637_912349010008_48595_0100.jpg
22,/home/wangqianqian/project/FS/data/28gusui&pizang/03/21/cell_1761646909902_912349010008_106789_0100.png,thumbs/cluster_22/022_cell_1761646909902_912349010008_106789_0100.jpg
22,/home/wangqianqian/project/FS/data/28gusui&pizang/03/04/cell_1761645867427_912349010008_21204_0000.png,thumbs/cluster_22/023_cell_1761645867427_912349010008_21204_0000.jpg
22,/home/wangqianqian/project/FS/data/28gusui&pizang/03/18/cell_1761646726158_912349010008_91517_0100.png,thumbs/cluster_22/024_cell_1761646726158_912349010008_91517_0100.jpg
22,/home/wangqianqian/project/FS/data/28gusui&pizang/03/20/cell_1761646824256_912349010008_99678_0000.png,thumbs/cluster_22/025_cell_1761646824256_912349010008_99678_0000.jpg
22,/home/wangqianqian/project/FS/data/28gusui&pizang/03/20/cell_1761646816294_912349010008_99004_0000.png,thumbs/cluster_22/026_cell_1761646816294_912349010008_99004_0000.jpg
22,/home/wangqianqian/project/FS/data/28gusui&pizang/03/15/cell_1761646558725_912349010008_77624_0000.png,thumbs/cluster_22/027_cell_1761646558725_912349010008_77624_0000.jpg
22,/home/wangqianqian/project/FS/data/28gusui&pizang/03/06/cell_1761645971435_912349010008_29331_0000.png,thumbs/cluster_22/028_cell_1761645971435_912349010008_29331_0000.jpg
22,/home/wangqianqian/project/FS/data/28gusui&pizang/03/21/cell_1761646860955_912349010008_102808_0000.png,thumbs/cluster_22/029_cell_1761646860955_912349010008_102808_0000.jpg
22,/home/wangqianqian/project/FS/data/28gusui&pizang/03/11/cell_1761646289377_912349010008_54723_0000.png,thumbs/cluster_22/030_cell_1761646289377_912349010008_54723_0000.jpg
22,/home/wangqianqian/project/FS/data/28gusui&pizang/03/21/cell_1761646877400_912349010008_104157_0000.png,thumbs/cluster_22/031_cell_1761646877400_912349010008_104157_0000.jpg
22,/home/wangqianqian/project/FS/data/28gusui&pizang/03/08/cell_1761646112268_912349010008_40842_0100.png,thumbs/cluster_22/032_cell_1761646112268_912349010008_40842_0100.jpg
22,/home/wangqianqian/project/FS/data/28gusui&pizang/03/06/cell_1761646013105_912349010008_32855_0000.png,thumbs/cluster_22/033_cell_1761646013105_912349010008_32855_0000.jpg
22,/home/wangqianqian/project/FS/data/28gusui&pizang/03/14/cell_1761646463073_912349010008_69331_0100.png,thumbs/cluster_22/034_cell_1761646463073_912349010008_69331_0100.jpg
22,/home/wangqianqian/project/FS/data/28gusui&pizang/03/09/cell_1761646184248_912349010008_46116_0000.png,thumbs/cluster_22/035_cell_1761646184248_912349010008_46116_0000.jpg
22,/home/wangqianqian/project/FS/data/28gusui&pizang/03/05/cell_1761645951441_912349010008_27743_0000.png,thumbs/cluster_22/036_cell_1761645951441_912349010008_27743_0000.jpg
22,/home/wangqianqian/project/FS/data/28gusui&pizang/03/07/cell_1761646051402_912349010008_36240_0000.png,thumbs/cluster_22/037_cell_1761646051402_912349010008_36240_0000.jpg
22,/home/wangqianqian/project/FS/data/28gusui&pizang/03/12/cell_1761646331662_912349010008_58345_0100.png,thumbs/cluster_22/038_cell_1761646331662_912349010008_58345_0100.jpg
22,/home/wangqianqian/project/FS/data/28gusui&pizang/03/13/cell_1761646428652_912349010008_66226_0100.png,thumbs/cluster_22/039_cell_1761646428652_912349010008_66226_0100.jpg
22,/home/wangqianqian/project/FS/data/28gusui&pizang/03/11/cell_1761646314031_912349010008_56884_0000.png,thumbs/cluster_22/040_cell_1761646314031_912349010008_56884_0000.jpg
22,/home/wangqianqian/project/FS/data/28gusui&pizang/03/02/cell_1761645772563_912349010008_13531_0000.png,thumbs/cluster_22/041_cell_1761645772563_912349010008_13531_0000.jpg
22,/home/wangqianqian/project/FS/data/28gusui&pizang/03/13/cell_1761646411701_912349010008_64676_0100.png,thumbs/cluster_22/042_cell_1761646411701_912349010008_64676_0100.jpg
22,/home/wangqianqian/project/FS/data/28gusui&pizang/03/18/cell_1761646737980_912349010008_92536_0000.png,thumbs/cluster_22/043_cell_1761646737980_912349010008_92536_0000.jpg
22,/home/wangqianqian/project/FS/data/28gusui&pizang/03/03/cell_1761645803275_912349010008_15939_0100.png,thumbs/cluster_22/044_cell_1761645803275_912349010008_15939_0100.jpg
22,/home/wangqianqian/project/FS/data/28gusui&pizang/03/04/cell_1761645873757_912349010008_21733_0100.png,thumbs/cluster_22/045_cell_1761645873757_912349010008_21733_0100.jpg
22,/home/wangqianqian/project/FS/data/28gusui&pizang/03/17/cell_1761646625880_912349010008_82962_0100.png,thumbs/cluster_22/046_cell_1761646625880_912349010008_82962_0100.jpg
22,/home/wangqianqian/project/FS/data/28gusui&pizang/03/20/cell_1761646805527_912349010008_98079_0100.png,thumbs/cluster_22/047_cell_1761646805527_912349010008_98079_0100.jpg
22,/home/wangqianqian/project/FS/data/28gusui&pizang/03/01/cell_1761645696256_912349010008_8162_0000.png,thumbs/cluster_22/048_cell_1761645696256_912349010008_8162_0000.jpg
22,/home/wangqianqian/project/FS/data/28gusui&pizang/03/03/cell_1761645820838_912349010008_17263_0000.png,thumbs/cluster_22/049_cell_1761645820838_912349010008_17263_0000.jpg
22,/home/wangqianqian/project/FS/data/28gusui&pizang/03/09/cell_1761646176404_912349010008_45479_0000.png,thumbs/cluster_22/050_cell_1761646176404_912349010008_45479_0000.jpg
22,/home/wangqianqian/project/FS/data/28gusui&pizang/03/17/cell_1761646645055_912349010008_84633_0100.png,thumbs/cluster_22/051_cell_1761646645055_912349010008_84633_0100.jpg
22,/home/wangqianqian/project/FS/data/28gusui&pizang/03/10/cell_1761646245312_912349010008_51056_0100.png,thumbs/cluster_22/052_cell_1761646245312_912349010008_51056_0100.jpg
22,/home/wangqianqian/project/FS/data/28gusui&pizang/03/11/cell_1761646280848_912349010008_53957_0000.png,thumbs/cluster_22/053_cell_1761646280848_912349010008_53957_0000.jpg
22,/home/wangqianqian/project/FS/data/28gusui&pizang/03/01/cell_1761645688703_912349010008_7780_0000.png,thumbs/cluster_22/054_cell_1761645688703_912349010008_7780_0000.jpg
22,/home/wangqianqian/project/FS/data/28gusui&pizang/03/20/cell_1761646854452_912349010008_102219_0100.png,thumbs/cluster_22/055_cell_1761646854452_912349010008_102219_0100.jpg
22,/home/wangqianqian/project/FS/data/28gusui&pizang/03/01/cell_1761645687362_912349010008_7703_0100.png,thumbs/cluster_22/056_cell_1761645687362_912349010008_7703_0100.jpg
22,/home/wangqianqian/project/FS/data/28gusui&pizang/03/05/cell_1761645943911_912349010008_27108_0000.png,thumbs/cluster_22/057_cell_1761645943911_912349010008_27108_0000.jpg
22,/home/wangqianqian/project/FS/data/28gusui&pizang/03/10/cell_1761646242491_912349010008_50794_0000.png,thumbs/cluster_22/058_cell_1761646242491_912349010008_50794_0000.jpg
22,/home/wangqianqian/project/FS/data/28gusui&pizang/03/04/cell_1761645845010_912349010008_19161_0100.png,thumbs/cluster_22/059_cell_1761645845010_912349010008_19161_0100.jpg
22,/home/wangqianqian/project/FS/data/28gusui&pizang/03/09/cell_1761646183413_912349010008_46037_0100.png,thumbs/cluster_22/060_cell_1761646183413_912349010008_46037_0100.jpg
22,/home/wangqianqian/project/FS/data/28gusui&pizang/03/19/cell_1761646763749_912349010008_94549_0000.png,thumbs/cluster_22/061_cell_1761646763749_912349010008_94549_0000.jpg
22,/home/wangqianqian/project/FS/data/28gusui&pizang/03/20/cell_1761646802945_912349010008_97854_0000.png,thumbs/cluster_22/062_cell_1761646802945_912349010008_97854_0000.jpg
22,/home/wangqianqian/project/FS/data/28gusui&pizang/03/14/cell_1761646467343_912349010008_69728_0100.png,thumbs/cluster_22/063_cell_1761646467343_912349010008_69728_0100.jpg
22,/home/wangqianqian/project/FS/data/28gusui&pizang/03/05/cell_1761645946689_912349010008_27356_0000.png,thumbs/cluster_22/064_cell_1761645946689_912349010008_27356_0000.jpg
22,/home/wangqianqian/project/FS/data/28gusui&pizang/03/13/cell_1761646438550_912349010008_67127_0000.png,thumbs/cluster_22/065_cell_1761646438550_912349010008_67127_0000.jpg
22,/home/wangqianqian/project/FS/data/28gusui&pizang/03/09/cell_1761646155776_912349010008_43993_0000.png,thumbs/cluster_22/066_cell_1761646155776_912349010008_43993_0000.jpg
22,/home/wangqianqian/project/FS/data/28gusui&pizang/03/20/cell_1761646826339_912349010008_99857_0000.png,thumbs/cluster_22/067_cell_1761646826339_912349010008_99857_0000.jpg
22,/home/wangqianqian/project/FS/data/28gusui&pizang/03/06/cell_1761646013256_912349010008_32876_0000.png,thumbs/cluster_22/068_cell_1761646013256_912349010008_32876_0000.jpg
22,/home/wangqianqian/project/FS/data/28gusui&pizang/03/06/cell_1761645989684_912349010008_30876_0000.png,thumbs/cluster_22/069_cell_1761645989684_912349010008_30876_0000.jpg
22,/home/wangqianqian/project/FS/data/28gusui&pizang/03/10/cell_1761646202050_912349010008_47477_0000.png,thumbs/cluster_22/070_cell_1761646202050_912349010008_47477_0000.jpg
22,/home/wangqianqian/project/FS/data/28gusui&pizang/03/17/cell_1761646653661_912349010008_85403_0100.png,thumbs/cluster_22/071_cell_1761646653661_912349010008_85403_0100.jpg
22,/home/wangqianqian/project/FS/data/28gusui&pizang/03/18/cell_1761646682523_912349010008_87975_0100.png,thumbs/cluster_22/072_cell_1761646682523_912349010008_87975_0100.jpg
22,/home/wangqianqian/project/FS/data/28gusui&pizang/03/05/cell_1761645937633_912349010008_26577_0100.png,thumbs/cluster_22/073_cell_1761645937633_912349010008_26577_0100.jpg
22,/home/wangqianqian/project/FS/data/28gusui&pizang/03/20/cell_1761646849110_912349010008_101719_0000.png,thumbs/cluster_22/074_cell_1761646849110_912349010008_101719_0000.jpg
22,/home/wangqianqian/project/FS/data/28gusui&pizang/03/09/cell_1761646169674_912349010008_45002_0000.png,thumbs/cluster_22/075_cell_1761646169674_912349010008_45002_0000.jpg
22,/home/wangqianqian/project/FS/data/28gusui&pizang/03/05/cell_1761645931307_912349010008_26115_0000.png,thumbs/cluster_22/076_cell_1761645931307_912349010008_26115_0000.jpg
22,/home/wangqianqian/project/FS/data/28gusui&pizang/03/10/cell_1761646242553_912349010008_50797_0000.png,thumbs/cluster_22/077_cell_1761646242553_912349010008_50797_0000.jpg
22,/home/wangqianqian/project/FS/data/28gusui&pizang/03/02/cell_1761645731130_912349010008_10530_0000.png,thumbs/cluster_22/078_cell_1761645731130_912349010008_10530_0000.jpg
22,/home/wangqianqian/project/FS/data/28gusui&pizang/03/20/cell_1761646839310_912349010008_100907_0000.png,thumbs/cluster_22/079_cell_1761646839310_912349010008_100907_0000.jpg
22,/home/wangqianqian/project/FS/data/28gusui&pizang/03/14/cell_1761646461593_912349010008_69224_0000.png,thumbs/cluster_22/080_cell_1761646461593_912349010008_69224_0000.jpg
22,/home/wangqianqian/project/FS/data/28gusui&pizang/03/08/cell_1761646107648_912349010008_40496_0100.png,thumbs/cluster_22/081_cell_1761646107648_912349010008_40496_0100.jpg
22,/home/wangqianqian/project/FS/data/28gusui&pizang/03/03/cell_1761645831357_912349010008_18107_0100.png,thumbs/cluster_22/082_cell_1761645831357_912349010008_18107_0100.jpg
22,/home/wangqianqian/project/FS/data/28gusui&pizang/03/12/cell_1761646349217_912349010008_59770_0000.png,thumbs/cluster_22/083_cell_1761646349217_912349010008_59770_0000.jpg
22,/home/wangqianqian/project/FS/data/28gusui&pizang/03/02/cell_1761645746900_912349010008_11684_0000.png,thumbs/cluster_22/084_cell_1761645746900_912349010008_11684_0000.jpg
22,/home/wangqianqian/project/FS/data/28gusui&pizang/03/08/cell_1761646114470_912349010008_41033_0000.png,thumbs/cluster_22/085_cell_1761646114470_912349010008_41033_0000.jpg
22,/home/wangqianqian/project/FS/data/28gusui&pizang/03/09/cell_1761646164067_912349010008_44622_0100.png,thumbs/cluster_22/086_cell_1761646164067_912349010008_44622_0100.jpg
22,/home/wangqianqian/project/FS/data/28gusui&pizang/03/09/cell_1761646194970_912349010008_46901_0000.png,thumbs/cluster_22/087_cell_1761646194970_912349010008_46901_0000.jpg
22,/home/wangqianqian/project/FS/data/28gusui&pizang/03/15/cell_1761646517337_912349010008_74255_0000.png,thumbs/cluster_22/088_cell_1761646517337_912349010008_74255_0000.jpg
22,/home/wangqianqian/project/FS/data/28gusui&pizang/03/13/cell_1761646408643_912349010008_64422_0000.png,thumbs/cluster_22/089_cell_1761646408643_912349010008_64422_0000.jpg
22,/home/wangqianqian/project/FS/data/28gusui&pizang/03/11/cell_1761646272792_912349010008_53239_0100.png,thumbs/cluster_22/090_cell_1761646272792_912349010008_53239_0100.jpg
22,/home/wangqianqian/project/FS/data/28gusui&pizang/03/18/cell_1761646692573_912349010008_88888_0000.png,thumbs/cluster_22/091_cell_1761646692573_912349010008_88888_0000.jpg
22,/home/wangqianqian/project/FS/data/28gusui&pizang/03/06/cell_1761645991242_912349010008_30988_0000.png,thumbs/cluster_22/092_cell_1761645991242_912349010008_30988_0000.jpg
22,/home/wangqianqian/project/FS/data/28gusui&pizang/03/20/cell_1761646814228_912349010008_98843_0000.png,thumbs/cluster_22/093_cell_1761646814228_912349010008_98843_0000.jpg
22,/home/wangqianqian/project/FS/data/28gusui&pizang/03/12/cell_1761646379148_912349010008_62214_0000.png,thumbs/cluster_22/094_cell_1761646379148_912349010008_62214_0000.jpg
22,/home/wangqianqian/project/FS/data/28gusui&pizang/03/05/cell_1761645928484_912349010008_25899_0000.png,thumbs/cluster_22/095_cell_1761645928484_912349010008_25899_0000.jpg
22,/home/wangqianqian/project/FS/data/28gusui&pizang/03/13/cell_1761646415558_912349010008_64993_0000.png,thumbs/cluster_22/096_cell_1761646415558_912349010008_64993_0000.jpg
22,/home/wangqianqian/project/FS/data/28gusui&pizang/03/11/cell_1761646287275_912349010008_54542_0000.png,thumbs/cluster_22/097_cell_1761646287275_912349010008_54542_0000.jpg
22,/home/wangqianqian/project/FS/data/28gusui&pizang/03/04/cell_1761645886667_912349010008_22805_0000.png,thumbs/cluster_22/098_cell_1761645886667_912349010008_22805_0000.jpg
22,/home/wangqianqian/project/FS/data/28gusui&pizang/03/14/cell_1761646460860_912349010008_69163_0100.png,thumbs/cluster_22/099_cell_1761646460860_912349010008_69163_0100.jpg
23,/home/wangqianqian/project/FS/data/28gusui&pizang/03/11/cell_1761646271585_912349010008_53146_0000.png,thumbs/cluster_23/000_cell_1761646271585_912349010008_53146_0000.jpg
23,/home/wangqianqian/project/FS/data/28gusui&pizang/03/06/cell_1761645989413_912349010008_30859_0100.png,thumbs/cluster_23/001_cell_1761645989413_912349010008_30859_0100.jpg
23,/home/wangqianqian/project/FS/data/28gusui&pizang/03/15/cell_1761646513810_912349010008_73972_0000.png,thumbs/cluster_23/002_cell_1761646513810_912349010008_73972_0000.jpg
23,/home/wangqianqian/project/FS/data/28gusui&pizang/03/02/cell_1761645744689_912349010008_11544_0000.png,thumbs/cluster_23/003_cell_1761645744689_912349010008_11544_0000.jpg
23,/home/wangqianqian/project/FS/data/28gusui&pizang/03/11/cell_1761646298332_912349010008_55558_0100.png,thumbs/cluster_23/004_cell_1761646298332_912349010008_55558_0100.jpg
23,/home/wangqianqian/project/FS/data/28gusui&pizang/03/01/cell_1761645705089_912349010008_8693_0100.png,thumbs/cluster_23/005_cell_1761645705089_912349010008_8693_0100.jpg
23,/home/wangqianqian/project/FS/data/28gusui&pizang/03/05/cell_1761645911461_912349010008_24622_0000.png,thumbs/cluster_23/006_cell_1761645911461_912349010008_24622_0000.jpg
23,/home/wangqianqian/project/FS/data/28gusui&pizang/03/17/cell_1761646656841_912349010008_85668_0000.png,thumbs/cluster_23/007_cell_1761646656841_912349010008_85668_0000.jpg
23,/home/wangqianqian/project/FS/data/28gusui&pizang/03/07/cell_1761646032013_912349010008_34535_0100.png,thumbs/cluster_23/008_cell_1761646032013_912349010008_34535_0100.jpg
23,/home/wangqianqian/project/FS/data/28gusui&pizang/03/14/cell_1761646484360_912349010008_71234_0100.png,thumbs/cluster_23/009_cell_1761646484360_912349010008_71234_0100.jpg
23,/home/wangqianqian/project/FS/data/28gusui&pizang/03/10/cell_1761646213604_912349010008_48414_0100.png,thumbs/cluster_23/010_cell_1761646213604_912349010008_48414_0100.jpg
23,/home/wangqianqian/project/FS/data/28gusui&pizang/03/04/cell_1761645887025_912349010008_22834_0100.png,thumbs/cluster_23/011_cell_1761645887025_912349010008_22834_0100.jpg
23,/home/wangqianqian/project/FS/data/28gusui&pizang/03/08/cell_1761646106751_912349010008_40443_0100.png,thumbs/cluster_23/012_cell_1761646106751_912349010008_40443_0100.jpg
23,/home/wangqianqian/project/FS/data/28gusui&pizang/03/17/cell_1761646662316_912349010008_86127_0000.png,thumbs/cluster_23/013_cell_1761646662316_912349010008_86127_0000.jpg
23,/home/wangqianqian/project/FS/data/28gusui&pizang/03/05/cell_1761645921852_912349010008_25376_0000.png,thumbs/cluster_23/014_cell_1761645921852_912349010008_25376_0000.jpg
23,/home/wangqianqian/project/FS/data/28gusui&pizang/03/10/cell_1761646210482_912349010008_48132_0000.png,thumbs/cluster_23/015_cell_1761646210482_912349010008_48132_0000.jpg
23,/home/wangqianqian/project/FS/data/28gusui&pizang/03/20/cell_1761646809461_912349010008_98414_0000.png,thumbs/cluster_23/016_cell_1761646809461_912349010008_98414_0000.jpg
23,/home/wangqianqian/project/FS/data/28gusui&pizang/03/06/cell_1761646013542_912349010008_32912_0100.png,thumbs/cluster_23/017_cell_1761646013542_912349010008_32912_0100.jpg
23,/home/wangqianqian/project/FS/data/28gusui&pizang/03/10/cell_1761646240616_912349010008_50665_0100.png,thumbs/cluster_23/018_cell_1761646240616_912349010008_50665_0100.jpg
23,/home/wangqianqian/project/FS/data/28gusui&pizang/03/06/cell_1761645987365_912349010008_30710_0000.png,thumbs/cluster_23/019_cell_1761645987365_912349010008_30710_0000.jpg
23,/home/wangqianqian/project/FS/data/28gusui&pizang/03/18/cell_1761646735297_912349010008_92314_0000.png,thumbs/cluster_23/020_cell_1761646735297_912349010008_92314_0000.jpg
23,/home/wangqianqian/project/FS/data/28gusui&pizang/03/13/cell_1761646438304_912349010008_67099_0100.png,thumbs/cluster_23/021_cell_1761646438304_912349010008_67099_0100.jpg
23,/home/wangqianqian/project/FS/data/28gusui&pizang/03/17/cell_1761646635250_912349010008_83804_0000.png,thumbs/cluster_23/022_cell_1761646635250_912349010008_83804_0000.jpg
23,/home/wangqianqian/project/FS/data/28gusui&pizang/03/20/cell_1761646812697_912349010008_98712_0000.png,thumbs/cluster_23/023_cell_1761646812697_912349010008_98712_0000.jpg
23,/home/wangqianqian/project/FS/data/28gusui&pizang/03/13/cell_1761646410296_912349010008_64575_0000.png,thumbs/cluster_23/024_cell_1761646410296_912349010008_64575_0000.jpg
23,/home/wangqianqian/project/FS/data/28gusui&pizang/03/16/cell_1761646606475_912349010008_81338_0100.png,thumbs/cluster_23/025_cell_1761646606475_912349010008_81338_0100.jpg
23,/home/wangqianqian/project/FS/data/28gusui&pizang/03/10/cell_1761646211459_912349010008_48219_0100.png,thumbs/cluster_23/026_cell_1761646211459_912349010008_48219_0100.jpg
23,/home/wangqianqian/project/FS/data/28gusui&pizang/03/17/cell_1761646632937_912349010008_83583_0000.png,thumbs/cluster_23/027_cell_1761646632937_912349010008_83583_0000.jpg
23,/home/wangqianqian/project/FS/data/28gusui&pizang/03/11/cell_1761646311608_912349010008_56678_0000.png,thumbs/cluster_23/028_cell_1761646311608_912349010008_56678_0000.jpg
23,/home/wangqianqian/project/FS/data/28gusui&pizang/03/13/cell_1761646413312_912349010008_64809_0000.png,thumbs/cluster_23/029_cell_1761646413312_912349010008_64809_0000.jpg
23,/home/wangqianqian/project/FS/data/28gusui&pizang/03/12/cell_1761646350332_912349010008_59856_0000.png,thumbs/cluster_23/030_cell_1761646350332_912349010008_59856_0000.jpg
23,/home/wangqianqian/project/FS/data/28gusui&pizang/03/02/cell_1761645748683_912349010008_11821_0000.png,thumbs/cluster_23/031_cell_1761645748683_912349010008_11821_0000.jpg
23,/home/wangqianqian/project/FS/data/28gusui&pizang/03/05/cell_1761645941629_912349010008_26917_0000.png,thumbs/cluster_23/032_cell_1761645941629_912349010008_26917_0000.jpg
23,/home/wangqianqian/project/FS/data/28gusui&pizang/03/21/cell_1761646900749_912349010008_106078_0100.png,thumbs/cluster_23/033_cell_1761646900749_912349010008_106078_0100.jpg
23,/home/wangqianqian/project/FS/data/28gusui&pizang/03/07/cell_1761646026132_912349010008_33999_0000.png,thumbs/cluster_23/034_cell_1761646026132_912349010008_33999_0000.jpg
23,/home/wangqianqian/project/FS/data/28gusui&pizang/03/06/cell_1761646013542_912349010008_32912_0000.png,thumbs/cluster_23/035_cell_1761646013542_912349010008_32912_0000.jpg
23,/home/wangqianqian/project/FS/data/28gusui&pizang/03/07/cell_1761646026911_912349010008_34056_0100.png,thumbs/cluster_23/036_cell_1761646026911_912349010008_34056_0100.jpg
23,/home/wangqianqian/project/FS/data/28gusui&pizang/03/06/cell_1761645989868_912349010008_30880_0000.png,thumbs/cluster_23/037_cell_1761645989868_912349010008_30880_0000.jpg
23,/home/wangqianqian/project/FS/data/28gusui&pizang/03/10/cell_1761646217660_912349010008_48763_0000.png,thumbs/cluster_23/038_cell_1761646217660_912349010008_48763_0000.jpg
23,/home/wangqianqian/project/FS/data/28gusui&pizang/03/12/cell_1761646324481_912349010008_57760_0000.png,thumbs/cluster_23/039_cell_1761646324481_912349010008_57760_0000.jpg
23,/home/wangqianqian/project/FS/data/28gusui&pizang/03/12/cell_1761646325866_912349010008_57894_0000.png,thumbs/cluster_23/040_cell_1761646325866_912349010008_57894_0000.jpg
23,/home/wangqianqian/project/FS/data/28gusui&pizang/03/04/cell_1761645865136_912349010008_21005_0000.png,thumbs/cluster_23/041_cell_1761645865136_912349010008_21005_0000.jpg
23,/home/wangqianqian/project/FS/data/28gusui&pizang/03/10/cell_1761646211459_912349010008_48219_0000.png,thumbs/cluster_23/042_cell_1761646211459_912349010008_48219_0000.jpg
23,/home/wangqianqian/project/FS/data/28gusui&pizang/03/03/cell_1761645794277_912349010008_15212_0000.png,thumbs/cluster_23/043_cell_1761645794277_912349010008_15212_0000.jpg
23,/home/wangqianqian/project/FS/data/28gusui&pizang/03/03/cell_1761645791695_912349010008_15035_0000.png,thumbs/cluster_23/044_cell_1761645791695_912349010008_15035_0000.jpg
23,/home/wangqianqian/project/FS/data/28gusui&pizang/03/09/cell_1761646181485_912349010008_45899_0100.png,thumbs/cluster_23/045_cell_1761646181485_912349010008_45899_0100.jpg
23,/home/wangqianqian/project/FS/data/28gusui&pizang/03/03/cell_1761645819847_912349010008_17179_0000.png,thumbs/cluster_23/046_cell_1761645819847_912349010008_17179_0000.jpg
23,/home/wangqianqian/project/FS/data/28gusui&pizang/03/10/cell_1761646248139_912349010008_51315_0000.png,thumbs/cluster_23/047_cell_1761646248139_912349010008_51315_0000.jpg
23,/home/wangqianqian/project/FS/data/28gusui&pizang/03/02/cell_1761645754494_912349010008_12245_0000.png,thumbs/cluster_23/048_cell_1761645754494_912349010008_12245_0000.jpg
23,/home/wangqianqian/project/FS/data/28gusui&pizang/03/01/cell_1761645703754_912349010008_8619_0000.png,thumbs/cluster_23/049_cell_1761645703754_912349010008_8619_0000.jpg
23,/home/wangqianqian/project/FS/data/28gusui&pizang/03/19/cell_1761646757940_912349010008_94092_0100.png,thumbs/cluster_23/050_cell_1761646757940_912349010008_94092_0100.jpg
23,/home/wangqianqian/project/FS/data/28gusui&pizang/03/16/cell_1761646570959_912349010008_78514_0000.png,thumbs/cluster_23/051_cell_1761646570959_912349010008_78514_0000.jpg
23,/home/wangqianqian/project/FS/data/28gusui&pizang/03/05/cell_1761645953128_912349010008_27872_0000.png,thumbs/cluster_23/052_cell_1761645953128_912349010008_27872_0000.jpg
23,/home/wangqianqian/project/FS/data/28gusui&pizang/03/11/cell_1761646314465_912349010008_56925_0000.png,thumbs/cluster_23/053_cell_1761646314465_912349010008_56925_0000.jpg
23,/home/wangqianqian/project/FS/data/28gusui&pizang/03/03/cell_1761645822420_912349010008_17422_0000.png,thumbs/cluster_23/054_cell_1761645822420_912349010008_17422_0000.jpg
23,/home/wangqianqian/project/FS/data/28gusui&pizang/03/13/cell_1761646391394_912349010008_63143_0000.png,thumbs/cluster_23/055_cell_1761646391394_912349010008_63143_0000.jpg
23,/home/wangqianqian/project/FS/data/28gusui&pizang/03/05/cell_1761645946366_912349010008_27330_0000.png,thumbs/cluster_23/056_cell_1761645946366_912349010008_27330_0000.jpg
23,/home/wangqianqian/project/FS/data/28gusui&pizang/03/18/cell_1761646687974_912349010008_88509_0000.png,thumbs/cluster_23/057_cell_1761646687974_912349010008_88509_0000.jpg
23,/home/wangqianqian/project/FS/data/28gusui&pizang/03/11/cell_1761646263260_912349010008_52477_0000.png,thumbs/cluster_23/058_cell_1761646263260_912349010008_52477_0000.jpg
23,/home/wangqianqian/project/FS/data/28gusui&pizang/03/15/cell_1761646557165_912349010008_77498_0000.png,thumbs/cluster_23/059_cell_1761646557165_912349010008_77498_0000.jpg
23,/home/wangqianqian/project/FS/data/28gusui&pizang/03/18/cell_1761646705771_912349010008_89885_0000.png,thumbs/cluster_23/060_cell_1761646705771_912349010008_89885_0000.jpg
23,/home/wangqianqian/project/FS/data/28gusui&pizang/03/20/cell_1761646851949_912349010008_101976_0000.png,thumbs/cluster_23/061_cell_1761646851949_912349010008_101976_0000.jpg
23,/home/wangqianqian/project/FS/data/28gusui&pizang/03/19/cell_1761646761037_912349010008_94334_0000.png,thumbs/cluster_23/062_cell_1761646761037_912349010008_94334_0000.jpg
23,/home/wangqianqian/project/FS/data/28gusui&pizang/03/19/cell_1761646743001_912349010008_92924_0000.png,thumbs/cluster_23/063_cell_1761646743001_912349010008_92924_0000.jpg
23,/home/wangqianqian/project/FS/data/28gusui&pizang/03/21/cell_1761646870814_912349010008_103652_0000.png,thumbs/cluster_23/064_cell_1761646870814_912349010008_103652_0000.jpg
23,/home/wangqianqian/project/FS/data/28gusui&pizang/03/09/cell_1761646187849_912349010008_46404_0000.png,thumbs/cluster_23/065_cell_1761646187849_912349010008_46404_0000.jpg
23,/home/wangqianqian/project/FS/data/28gusui&pizang/03/19/cell_1761646747561_912349010008_93284_0100.png,thumbs/cluster_23/066_cell_1761646747561_912349010008_93284_0100.jpg
23,/home/wangqianqian/project/FS/data/28gusui&pizang/03/08/cell_1761646130398_912349010008_42139_0000.png,thumbs/cluster_23/067_cell_1761646130398_912349010008_42139_0000.jpg
23,/home/wangqianqian/project/FS/data/28gusui&pizang/03/10/cell_1761646249476_912349010008_51417_0000.png,thumbs/cluster_23/068_cell_1761646249476_912349010008_51417_0000.jpg
23,/home/wangqianqian/project/FS/data/28gusui&pizang/03/15/cell_1761646526698_912349010008_75034_0000.png,thumbs/cluster_23/069_cell_1761646526698_912349010008_75034_0000.jpg
23,/home/wangqianqian/project/FS/data/28gusui&pizang/03/04/cell_1761645844091_912349010008_19062_0000.png,thumbs/cluster_23/070_cell_1761645844091_912349010008_19062_0000.jpg
23,/home/wangqianqian/project/FS/data/28gusui&pizang/03/21/cell_1761646864979_912349010008_103176_0000.png,thumbs/cluster_23/071_cell_1761646864979_912349010008_103176_0000.jpg
23,/home/wangqianqian/project/FS/data/28gusui&pizang/03/11/cell_1761646314259_912349010008_56912_0000.png,thumbs/cluster_23/072_cell_1761646314259_912349010008_56912_0000.jpg
23,/home/wangqianqian/project/FS/data/28gusui&pizang/03/21/cell_1761646892768_912349010008_105390_0000.png,thumbs/cluster_23/073_cell_1761646892768_912349010008_105390_0000.jpg
23,/home/wangqianqian/project/FS/data/28gusui&pizang/03/05/cell_1761645933153_912349010008_26258_0000.png,thumbs/cluster_23/074_cell_1761645933153_912349010008_26258_0000.jpg
23,/home/wangqianqian/project/FS/data/28gusui&pizang/03/16/cell_1761646612066_912349010008_81773_0000.png,thumbs/cluster_23/075_cell_1761646612066_912349010008_81773_0000.jpg
23,/home/wangqianqian/project/FS/data/28gusui&pizang/03/08/cell_1761646123332_912349010008_41656_0000.png,thumbs/cluster_23/076_cell_1761646123332_912349010008_41656_0000.jpg
23,/home/wangqianqian/project/FS/data/28gusui&pizang/03/20/cell_1761646824119_912349010008_99665_0100.png,thumbs/cluster_23/077_cell_1761646824119_912349010008_99665_0100.jpg
23,/home/wangqianqian/project/FS/data/28gusui&pizang/03/16/cell_1761646601446_912349010008_80899_0100.png,thumbs/cluster_23/078_cell_1761646601446_912349010008_80899_0100.jpg
23,/home/wangqianqian/project/FS/data/28gusui&pizang/03/13/cell_1761646404283_912349010008_64098_0000.png,thumbs/cluster_23/079_cell_1761646404283_912349010008_64098_0000.jpg
23,/home/wangqianqian/project/FS/data/28gusui&pizang/03/20/cell_1761646801610_912349010008_97727_0000.png,thumbs/cluster_23/080_cell_1761646801610_912349010008_97727_0000.jpg
23,/home/wangqianqian/project/FS/data/28gusui&pizang/03/10/cell_1761646210482_912349010008_48132_0100.png,thumbs/cluster_23/081_cell_1761646210482_912349010008_48132_0100.jpg
23,/home/wangqianqian/project/FS/data/28gusui&pizang/03/20/cell_1761646844316_912349010008_101326_0000.png,thumbs/cluster_23/082_cell_1761646844316_912349010008_101326_0000.jpg
23,/home/wangqianqian/project/FS/data/28gusui&pizang/03/18/cell_1761646700234_912349010008_89456_0000.png,thumbs/cluster_23/083_cell_1761646700234_912349010008_89456_0000.jpg
23,/home/wangqianqian/project/FS/data/28gusui&pizang/03/12/cell_1761646345078_912349010008_59429_0000.png,thumbs/cluster_23/084_cell_1761646345078_912349010008_59429_0000.jpg
23,/home/wangqianqian/project/FS/data/28gusui&pizang/03/07/cell_1761646058466_912349010008_36815_0000.png,thumbs/cluster_23/085_cell_1761646058466_912349010008_36815_0000.jpg
23,/home/wangqianqian/project/FS/data/28gusui&pizang/03/06/cell_1761645981841_912349010008_30237_0000.png,thumbs/cluster_23/086_cell_1761645981841_912349010008_30237_0000.jpg
23,/home/wangqianqian/project/FS/data/28gusui&pizang/03/13/cell_1761646416745_912349010008_65101_0000.png,thumbs/cluster_23/087_cell_1761646416745_912349010008_65101_0000.jpg
23,/home/wangqianqian/project/FS/data/28gusui&pizang/03/12/cell_1761646377435_912349010008_62089_0100.png,thumbs/cluster_23/088_cell_1761646377435_912349010008_62089_0100.jpg
23,/home/wangqianqian/project/FS/data/28gusui&pizang/03/06/cell_1761645995640_912349010008_31344_0000.png,thumbs/cluster_23/089_cell_1761645995640_912349010008_31344_0000.jpg
23,/home/wangqianqian/project/FS/data/28gusui&pizang/03/06/cell_1761645964961_912349010008_28803_0000.png,thumbs/cluster_23/090_cell_1761645964961_912349010008_28803_0000.jpg
23,/home/wangqianqian/project/FS/data/28gusui&pizang/03/11/cell_1761646308751_912349010008_56457_0100.png,thumbs/cluster_23/091_cell_1761646308751_912349010008_56457_0100.jpg
23,/home/wangqianqian/project/FS/data/28gusui&pizang/03/13/cell_1761646405299_912349010008_64171_0000.png,thumbs/cluster_23/092_cell_1761646405299_912349010008_64171_0000.jpg
23,/home/wangqianqian/project/FS/data/28gusui&pizang/03/17/cell_1761646634519_912349010008_83737_0000.png,thumbs/cluster_23/093_cell_1761646634519_912349010008_83737_0000.jpg
23,/home/wangqianqian/project/FS/data/28gusui&pizang/03/12/cell_1761646357052_912349010008_60428_0000.png,thumbs/cluster_23/094_cell_1761646357052_912349010008_60428_0000.jpg
23,/home/wangqianqian/project/FS/data/28gusui&pizang/03/08/cell_1761646111957_912349010008_40817_0000.png,thumbs/cluster_23/095_cell_1761646111957_912349010008_40817_0000.jpg
23,/home/wangqianqian/project/FS/data/28gusui&pizang/03/05/cell_1761645955655_912349010008_28061_0000.png,thumbs/cluster_23/096_cell_1761645955655_912349010008_28061_0000.jpg
23,/home/wangqianqian/project/FS/data/28gusui&pizang/03/21/cell_1761646917233_912349010008_107424_0000.png,thumbs/cluster_23/097_cell_1761646917233_912349010008_107424_0000.jpg
23,/home/wangqianqian/project/FS/data/28gusui&pizang/03/04/cell_1761645898987_912349010008_23654_0100.png,thumbs/cluster_23/098_cell_1761645898987_912349010008_23654_0100.jpg
23,/home/wangqianqian/project/FS/data/28gusui&pizang/03/10/cell_1761646208078_912349010008_47919_0000.png,thumbs/cluster_23/099_cell_1761646208078_912349010008_47919_0000.jpg
24,/home/wangqianqian/project/FS/data/28gusui&pizang/03/01/cell_1761645706197_912349010008_8767_0100.png,thumbs/cluster_24/000_cell_1761645706197_912349010008_8767_0100.jpg
24,/home/wangqianqian/project/FS/data/28gusui&pizang/03/14/cell_1761646480036_912349010008_70835_0000.png,thumbs/cluster_24/001_cell_1761646480036_912349010008_70835_0000.jpg
24,/home/wangqianqian/project/FS/data/28gusui&pizang/03/02/cell_1761645776318_912349010008_13829_0000.png,thumbs/cluster_24/002_cell_1761645776318_912349010008_13829_0000.jpg
24,/home/wangqianqian/project/FS/data/28gusui&pizang/03/10/cell_1761646241832_912349010008_50749_0100.png,thumbs/cluster_24/003_cell_1761646241832_912349010008_50749_0100.jpg
24,/home/wangqianqian/project/FS/data/28gusui&pizang/03/20/cell_1761646847993_912349010008_101623_0000.png,thumbs/cluster_24/004_cell_1761646847993_912349010008_101623_0000.jpg
24,/home/wangqianqian/project/FS/data/28gusui&pizang/03/07/cell_1761646061568_912349010008_37076_0000.png,thumbs/cluster_24/005_cell_1761646061568_912349010008_37076_0000.jpg
24,/home/wangqianqian/project/FS/data/28gusui&pizang/03/06/cell_1761645963950_912349010008_28708_0000.png,thumbs/cluster_24/006_cell_1761645963950_912349010008_28708_0000.jpg
24,/home/wangqianqian/project/FS/data/28gusui&pizang/03/06/cell_1761646000265_912349010008_31713_0000.png,thumbs/cluster_24/007_cell_1761646000265_912349010008_31713_0000.jpg
24,/home/wangqianqian/project/FS/data/28gusui&pizang/03/05/cell_1761645905924_912349010008_24212_0100.png,thumbs/cluster_24/008_cell_1761645905924_912349010008_24212_0100.jpg
24,/home/wangqianqian/project/FS/data/28gusui&pizang/03/19/cell_1761646773781_912349010008_95386_0000.png,thumbs/cluster_24/009_cell_1761646773781_912349010008_95386_0000.jpg
24,/home/wangqianqian/project/FS/data/28gusui&pizang/03/13/cell_1761646401625_912349010008_63890_0000.png,thumbs/cluster_24/010_cell_1761646401625_912349010008_63890_0000.jpg
24,/home/wangqianqian/project/FS/data/28gusui&pizang/03/15/cell_1761646524378_912349010008_74863_0000.png,thumbs/cluster_24/011_cell_1761646524378_912349010008_74863_0000.jpg
24,/home/wangqianqian/project/FS/data/28gusui&pizang/03/06/cell_1761645970508_912349010008_29249_0100.png,thumbs/cluster_24/012_cell_1761645970508_912349010008_29249_0100.jpg
24,/home/wangqianqian/project/FS/data/28gusui&pizang/03/04/cell_1761645862310_912349010008_20711_0000.png,thumbs/cluster_24/013_cell_1761645862310_912349010008_20711_0000.jpg
24,/home/wangqianqian/project/FS/data/28gusui&pizang/03/17/cell_1761646647095_912349010008_84850_0100.png,thumbs/cluster_24/014_cell_1761646647095_912349010008_84850_0100.jpg
24,/home/wangqianqian/project/FS/data/28gusui&pizang/03/20/cell_1761646807401_912349010008_98240_0000.png,thumbs/cluster_24/015_cell_1761646807401_912349010008_98240_0000.jpg
24,/home/wangqianqian/project/FS/data/28gusui&pizang/03/21/cell_1761646862574_912349010008_102953_0000.png,thumbs/cluster_24/016_cell_1761646862574_912349010008_102953_0000.jpg
24,/home/wangqianqian/project/FS/data/28gusui&pizang/03/18/cell_1761646692899_912349010008_88906_0100.png,thumbs/cluster_24/017_cell_1761646692899_912349010008_88906_0100.jpg
24,/home/wangqianqian/project/FS/data/28gusui&pizang/03/08/cell_1761646093008_912349010008_39405_0000.png,thumbs/cluster_24/018_cell_1761646093008_912349010008_39405_0000.jpg
24,/home/wangqianqian/project/FS/data/28gusui&pizang/03/03/cell_1761645831936_912349010008_18148_0000.png,thumbs/cluster_24/019_cell_1761645831936_912349010008_18148_0000.jpg
24,/home/wangqianqian/project/FS/data/28gusui&pizang/03/14/cell_1761646446485_912349010008_67846_0100.png,thumbs/cluster_24/020_cell_1761646446485_912349010008_67846_0100.jpg
24,/home/wangqianqian/project/FS/data/28gusui&pizang/03/02/cell_1761645743464_912349010008_11443_0000.png,thumbs/cluster_24/021_cell_1761645743464_912349010008_11443_0000.jpg
24,/home/wangqianqian/project/FS/data/28gusui&pizang/03/17/cell_1761646630193_912349010008_83331_0000.png,thumbs/cluster_24/022_cell_1761646630193_912349010008_83331_0000.jpg
24,/home/wangqianqian/project/FS/data/28gusui&pizang/03/01/cell_1761645703415_912349010008_8596_0000.png,thumbs/cluster_24/023_cell_1761645703415_912349010008_8596_0000.jpg
24,/home/wangqianqian/project/FS/data/28gusui&pizang/03/16/cell_1761646586570_912349010008_79669_0000.png,thumbs/cluster_24/024_cell_1761646586570_912349010008_79669_0000.jpg
24,/home/wangqianqian/project/FS/data/28gusui&pizang/03/06/cell_1761646014943_912349010008_33043_0000.png,thumbs/cluster_24/025_cell_1761646014943_912349010008_33043_0000.jpg
24,/home/wangqianqian/project/FS/data/28gusui&pizang/03/16/cell_1761646614842_912349010008_81998_0000.png,thumbs/cluster_24/026_cell_1761646614842_912349010008_81998_0000.jpg
24,/home/wangqianqian/project/FS/data/28gusui&pizang/03/13/cell_1761646414385_912349010008_64890_0000.png,thumbs/cluster_24/027_cell_1761646414385_912349010008_64890_0000.jpg
24,/home/wangqianqian/project/FS/data/28gusui&pizang/03/10/cell_1761646256308_912349010008_51918_0100.png,thumbs/cluster_24/028_cell_1761646256308_912349010008_51918_0100.jpg
24,/home/wangqianqian/project/FS/data/28gusui&pizang/03/20/cell_1761646827057_912349010008_99928_0100.png,thumbs/cluster_24/029_cell_1761646827057_912349010008_99928_0100.jpg
24,/home/wangqianqian/project/FS/data/28gusui&pizang/03/09/cell_1761646182461_912349010008_45972_0100.png,thumbs/cluster_24/030_cell_1761646182461_912349010008_45972_0100.jpg
24,/home/wangqianqian/project/FS/data/28gusui&pizang/03/01/cell_1761645710868_912349010008_9071_0000.png,thumbs/cluster_24/031_cell_1761645710868_912349010008_9071_0000.jpg
24,/home/wangqianqian/project/FS/data/28gusui&pizang/03/16/cell_1761646587245_912349010008_79720_0000.png,thumbs/cluster_24/032_cell_1761646587245_912349010008_79720_0000.jpg
24,/home/wangqianqian/project/FS/data/28gusui&pizang/03/10/cell_1761646211806_912349010008_48260_0100.png,thumbs/cluster_24/033_cell_1761646211806_912349010008_48260_0100.jpg
24,/home/wangqianqian/project/FS/data/28gusui&pizang/03/02/cell_1761645739164_912349010008_11070_0100.png,thumbs/cluster_24/034_cell_1761645739164_912349010008_11070_0100.jpg
24,/home/wangqianqian/project/FS/data/28gusui&pizang/03/15/cell_1761646547889_912349010008_76771_0100.png,thumbs/cluster_24/035_cell_1761646547889_912349010008_76771_0100.jpg
24,/home/wangqianqian/project/FS/data/28gusui&pizang/03/15/cell_1761646550249_912349010008_76955_0100.png,thumbs/cluster_24/036_cell_1761646550249_912349010008_76955_0100.jpg
24,/home/wangqianqian/project/FS/data/28gusui&pizang/03/12/cell_1761646332240_912349010008_58393_0000.png,thumbs/cluster_24/037_cell_1761646332240_912349010008_58393_0000.jpg
24,/home/wangqianqian/project/FS/data/28gusui&pizang/03/04/cell_1761645858817_912349010008_20433_0000.png,thumbs/cluster_24/038_cell_1761645858817_912349010008_20433_0000.jpg
24,/home/wangqianqian/project/FS/data/28gusui&pizang/03/02/cell_1761645752692_912349010008_12106_0000.png,thumbs/cluster_24/039_cell_1761645752692_912349010008_12106_0000.jpg
24,/home/wangqianqian/project/FS/data/28gusui&pizang/03/06/cell_1761646005385_912349010008_32126_0100.png,thumbs/cluster_24/040_cell_1761646005385_912349010008_32126_0100.jpg
24,/home/wangqianqian/project/FS/data/28gusui&pizang/03/12/cell_1761646371150_912349010008_61595_0000.png,thumbs/cluster_24/041_cell_1761646371150_912349010008_61595_0000.jpg
24,/home/wangqianqian/project/FS/data/28gusui&pizang/03/01/cell_1761645707056_912349010008_8832_0000.png,thumbs/cluster_24/042_cell_1761645707056_912349010008_8832_0000.jpg
24,/home/wangqianqian/project/FS/data/28gusui&pizang/03/01/cell_1761645694465_912349010008_8063_0100.png,thumbs/cluster_24/043_cell_1761645694465_912349010008_8063_0100.jpg
24,/home/wangqianqian/project/FS/data/28gusui&pizang/03/05/cell_1761645950378_912349010008_27669_0100.png,thumbs/cluster_24/044_cell_1761645950378_912349010008_27669_0100.jpg
24,/home/wangqianqian/project/FS/data/28gusui&pizang/03/21/cell_1761646870440_912349010008_103618_0100.png,thumbs/cluster_24/045_cell_1761646870440_912349010008_103618_0100.jpg
24,/home/wangqianqian/project/FS/data/28gusui&pizang/03/03/cell_1761645788499_912349010008_14794_0000.png,thumbs/cluster_24/046_cell_1761645788499_912349010008_14794_0000.jpg
24,/home/wangqianqian/project/FS/data/28gusui&pizang/03/16/cell_1761646585395_912349010008_79587_0000.png,thumbs/cluster_24/047_cell_1761646585395_912349010008_79587_0000.jpg
24,/home/wangqianqian/project/FS/data/28gusui&pizang/03/20/cell_1761646809176_912349010008_98393_0000.png,thumbs/cluster_24/048_cell_1761646809176_912349010008_98393_0000.jpg
24,/home/wangqianqian/project/FS/data/28gusui&pizang/03/07/cell_1761646038356_912349010008_35057_0000.png,thumbs/cluster_24/049_cell_1761646038356_912349010008_35057_0000.jpg
24,/home/wangqianqian/project/FS/data/28gusui&pizang/03/12/cell_1761646370934_912349010008_61578_0100.png,thumbs/cluster_24/050_cell_1761646370934_912349010008_61578_0100.jpg
24,/home/wangqianqian/project/FS/data/28gusui&pizang/03/20/cell_1761646811192_912349010008_98561_0000.png,thumbs/cluster_24/051_cell_1761646811192_912349010008_98561_0000.jpg
24,/home/wangqianqian/project/FS/data/28gusui&pizang/03/14/cell_1761646487606_912349010008_71607_0100.png,thumbs/cluster_24/052_cell_1761646487606_912349010008_71607_0100.jpg
24,/home/wangqianqian/project/FS/data/28gusui&pizang/03/02/cell_1761645765352_912349010008_13035_0000.png,thumbs/cluster_24/053_cell_1761645765352_912349010008_13035_0000.jpg
24,/home/wangqianqian/project/FS/data/28gusui&pizang/03/18/cell_1761646712455_912349010008_90393_0000.png,thumbs/cluster_24/054_cell_1761646712455_912349010008_90393_0000.jpg
24,/home/wangqianqian/project/FS/data/28gusui&pizang/03/10/cell_1761646204315_912349010008_47638_0000.png,thumbs/cluster_24/055_cell_1761646204315_912349010008_47638_0000.jpg
24,/home/wangqianqian/project/FS/data/28gusui&pizang/03/07/cell_1761646025182_912349010008_33908_0000.png,thumbs/cluster_24/056_cell_1761646025182_912349010008_33908_0000.jpg
24,/home/wangqianqian/project/FS/data/28gusui&pizang/03/04/cell_1761645898410_912349010008_23617_0000.png,thumbs/cluster_24/057_cell_1761645898410_912349010008_23617_0000.jpg
24,/home/wangqianqian/project/FS/data/28gusui&pizang/03/13/cell_1761646380340_912349010008_62320_0000.png,thumbs/cluster_24/058_cell_1761646380340_912349010008_62320_0000.jpg
24,/home/wangqianqian/project/FS/data/28gusui&pizang/03/11/cell_1761646297892_912349010008_55533_0000.png,thumbs/cluster_24/059_cell_1761646297892_912349010008_55533_0000.jpg
24,/home/wangqianqian/project/FS/data/28gusui&pizang/03/19/cell_1761646798139_912349010008_97381_0000.png,thumbs/cluster_24/060_cell_1761646798139_912349010008_97381_0000.jpg
24,/home/wangqianqian/project/FS/data/28gusui&pizang/03/10/cell_1761646251750_912349010008_51565_0100.png,thumbs/cluster_24/061_cell_1761646251750_912349010008_51565_0100.jpg
24,/home/wangqianqian/project/FS/data/28gusui&pizang/03/02/cell_1761645735000_912349010008_10795_0000.png,thumbs/cluster_24/062_cell_1761645735000_912349010008_10795_0000.jpg
24,/home/wangqianqian/project/FS/data/28gusui&pizang/03/01/cell_1761645699314_912349010008_8342_0000.png,thumbs/cluster_24/063_cell_1761645699314_912349010008_8342_0000.jpg
24,/home/wangqianqian/project/FS/data/28gusui&pizang/03/07/cell_1761646054610_912349010008_36525_0100.png,thumbs/cluster_24/064_cell_1761646054610_912349010008_36525_0100.jpg
24,/home/wangqianqian/project/FS/data/28gusui&pizang/03/04/cell_1761645853114_912349010008_19920_0000.png,thumbs/cluster_24/065_cell_1761645853114_912349010008_19920_0000.jpg
24,/home/wangqianqian/project/FS/data/28gusui&pizang/03/08/cell_1761646126143_912349010008_41851_0000.png,thumbs/cluster_24/066_cell_1761646126143_912349010008_41851_0000.jpg
24,/home/wangqianqian/project/FS/data/28gusui&pizang/03/11/cell_1761646273877_912349010008_53319_0100.png,thumbs/cluster_24/067_cell_1761646273877_912349010008_53319_0100.jpg
24,/home/wangqianqian/project/FS/data/28gusui&pizang/03/05/cell_1761645937707_912349010008_26583_0100.png,thumbs/cluster_24/068_cell_1761645937707_912349010008_26583_0100.jpg
24,/home/wangqianqian/project/FS/data/28gusui&pizang/03/03/cell_1761645812218_912349010008_16593_0100.png,thumbs/cluster_24/069_cell_1761645812218_912349010008_16593_0100.jpg
24,/home/wangqianqian/project/FS/data/28gusui&pizang/03/08/cell_1761646099252_912349010008_39877_0100.png,thumbs/cluster_24/070_cell_1761646099252_912349010008_39877_0100.jpg
24,/home/wangqianqian/project/FS/data/28gusui&pizang/03/20/cell_1761646813591_912349010008_98801_0100.png,thumbs/cluster_24/071_cell_1761646813591_912349010008_98801_0100.jpg
24,/home/wangqianqian/project/FS/data/28gusui&pizang/03/19/cell_1761646772635_912349010008_95266_0000.png,thumbs/cluster_24/072_cell_1761646772635_912349010008_95266_0000.jpg
24,/home/wangqianqian/project/FS/data/28gusui&pizang/03/21/cell_1761646905182_912349010008_106393_0100.png,thumbs/cluster_24/073_cell_1761646905182_912349010008_106393_0100.jpg
24,/home/wangqianqian/project/FS/data/28gusui&pizang/03/09/cell_1761646197721_912349010008_47141_0000.png,thumbs/cluster_24/074_cell_1761646197721_912349010008_47141_0000.jpg
24,/home/wangqianqian/project/FS/data/28gusui&pizang/03/03/cell_1761645804402_912349010008_16000_0100.png,thumbs/cluster_24/075_cell_1761645804402_912349010008_16000_0100.jpg
24,/home/wangqianqian/project/FS/data/28gusui&pizang/03/03/cell_1761645794064_912349010008_15189_0000.png,thumbs/cluster_24/076_cell_1761645794064_912349010008_15189_0000.jpg
24,/home/wangqianqian/project/FS/data/28gusui&pizang/03/07/cell_1761646025395_912349010008_33928_0000.png,thumbs/cluster_24/077_cell_1761646025395_912349010008_33928_0000.jpg
24,/home/wangqianqian/project/FS/data/28gusui&pizang/03/14/cell_1761646440164_912349010008_67246_0100.png,thumbs/cluster_24/078_cell_1761646440164_912349010008_67246_0100.jpg
24,/home/wangqianqian/project/FS/data/28gusui&pizang/03/17/cell_1761646664926_912349010008_86364_0100.png,thumbs/cluster_24/079_cell_1761646664926_912349010008_86364_0100.jpg
24,/home/wangqianqian/project/FS/data/28gusui&pizang/03/10/cell_1761646205828_912349010008_47770_0000.png,thumbs/cluster_24/080_cell_1761646205828_912349010008_47770_0000.jpg
24,/home/wangqianqian/project/FS/data/28gusui&pizang/03/20/cell_1761646831621_912349010008_100314_0000.png,thumbs/cluster_24/081_cell_1761646831621_912349010008_100314_0000.jpg
24,/home/wangqianqian/project/FS/data/28gusui&pizang/03/14/cell_1761646489377_912349010008_71791_0000.png,thumbs/cluster_24/082_cell_1761646489377_912349010008_71791_0000.jpg
24,/home/wangqianqian/project/FS/data/28gusui&pizang/03/09/cell_1761646170585_912349010008_45072_0000.png,thumbs/cluster_24/083_cell_1761646170585_912349010008_45072_0000.jpg
24,/home/wangqianqian/project/FS/data/28gusui&pizang/03/17/cell_1761646667232_912349010008_86590_0000.png,thumbs/cluster_24/084_cell_1761646667232_912349010008_86590_0000.jpg
24,/home/wangqianqian/project/FS/data/28gusui&pizang/03/01/cell_1761645695661_912349010008_8140_0000.png,thumbs/cluster_24/085_cell_1761645695661_912349010008_8140_0000.jpg
24,/home/wangqianqian/project/FS/data/28gusui&pizang/03/19/cell_1761646793217_912349010008_96939_0000.png,thumbs/cluster_24/086_cell_1761646793217_912349010008_96939_0000.jpg
24,/home/wangqianqian/project/FS/data/28gusui&pizang/03/14/cell_1761646485925_912349010008_71421_0100.png,thumbs/cluster_24/087_cell_1761646485925_912349010008_71421_0100.jpg
24,/home/wangqianqian/project/FS/data/28gusui&pizang/03/20/cell_1761646810745_912349010008_98512_0000.png,thumbs/cluster_24/088_cell_1761646810745_912349010008_98512_0000.jpg
24,/home/wangqianqian/project/FS/data/28gusui&pizang/03/11/cell_1761646300818_912349010008_55800_0100.png,thumbs/cluster_24/089_cell_1761646300818_912349010008_55800_0100.jpg
24,/home/wangqianqian/project/FS/data/28gusui&pizang/03/06/cell_1761645972115_912349010008_29381_0100.png,thumbs/cluster_24/090_cell_1761645972115_912349010008_29381_0100.jpg
24,/home/wangqianqian/project/FS/data/28gusui&pizang/03/07/cell_1761646023146_912349010008_33744_0000.png,thumbs/cluster_24/091_cell_1761646023146_912349010008_33744_0000.jpg
24,/home/wangqianqian/project/FS/data/28gusui&pizang/03/13/cell_1761646421310_912349010008_65497_0100.png,thumbs/cluster_24/092_cell_1761646421310_912349010008_65497_0100.jpg
24,/home/wangqianqian/project/FS/data/28gusui&pizang/03/02/cell_1761645753965_912349010008_12214_0000.png,thumbs/cluster_24/093_cell_1761645753965_912349010008_12214_0000.jpg
24,/home/wangqianqian/project/FS/data/28gusui&pizang/03/01/cell_1761645699722_912349010008_8383_0100.png,thumbs/cluster_24/094_cell_1761645699722_912349010008_8383_0100.jpg
24,/home/wangqianqian/project/FS/data/28gusui&pizang/03/05/cell_1761645903686_912349010008_24028_0000.png,thumbs/cluster_24/095_cell_1761645903686_912349010008_24028_0000.jpg
24,/home/wangqianqian/project/FS/data/28gusui&pizang/03/17/cell_1761646650052_912349010008_85096_0100.png,thumbs/cluster_24/096_cell_1761646650052_912349010008_85096_0100.jpg
24,/home/wangqianqian/project/FS/data/28gusui&pizang/03/06/cell_1761645980867_912349010008_30162_0000.png,thumbs/cluster_24/097_cell_1761645980867_912349010008_30162_0000.jpg
24,/home/wangqianqian/project/FS/data/28gusui&pizang/03/12/cell_1761646360917_912349010008_60737_0000.png,thumbs/cluster_24/098_cell_1761646360917_912349010008_60737_0000.jpg
24,/home/wangqianqian/project/FS/data/28gusui&pizang/03/16/cell_1761646615162_912349010008_82028_0000.png,thumbs/cluster_24/099_cell_1761646615162_912349010008_82028_0000.jpg
25,/home/wangqianqian/project/FS/data/28gusui&pizang/03/05/cell_1761645900306_912349010008_23767_0000.png,thumbs/cluster_25/000_cell_1761645900306_912349010008_23767_0000.jpg
25,/home/wangqianqian/project/FS/data/28gusui&pizang/03/03/cell_1761645790863_912349010008_14961_0000.png,thumbs/cluster_25/001_cell_1761645790863_912349010008_14961_0000.jpg
25,/home/wangqianqian/project/FS/data/28gusui&pizang/03/08/cell_1761646088201_912349010008_39019_0000.png,thumbs/cluster_25/002_cell_1761646088201_912349010008_39019_0000.jpg
25,/home/wangqianqian/project/FS/data/28gusui&pizang/03/09/cell_1761646175124_912349010008_45375_0000.png,thumbs/cluster_25/003_cell_1761646175124_912349010008_45375_0000.jpg
25,/home/wangqianqian/project/FS/data/28gusui&pizang/03/14/cell_1761646478149_912349010008_70664_0000.png,thumbs/cluster_25/004_cell_1761646478149_912349010008_70664_0000.jpg
25,/home/wangqianqian/project/FS/data/28gusui&pizang/03/02/cell_1761645753909_912349010008_12211_0100.png,thumbs/cluster_25/005_cell_1761645753909_912349010008_12211_0100.jpg
25,/home/wangqianqian/project/FS/data/28gusui&pizang/03/18/cell_1761646735165_912349010008_92303_0000.png,thumbs/cluster_25/006_cell_1761646735165_912349010008_92303_0000.jpg
25,/home/wangqianqian/project/FS/data/28gusui&pizang/03/12/cell_1761646347084_912349010008_59594_0100.png,thumbs/cluster_25/007_cell_1761646347084_912349010008_59594_0100.jpg
25,/home/wangqianqian/project/FS/data/28gusui&pizang/03/13/cell_1761646436785_912349010008_66934_0100.png,thumbs/cluster_25/008_cell_1761646436785_912349010008_66934_0100.jpg
25,/home/wangqianqian/project/FS/data/28gusui&pizang/03/04/cell_1761645888017_912349010008_22903_0000.png,thumbs/cluster_25/009_cell_1761645888017_912349010008_22903_0000.jpg
25,/home/wangqianqian/project/FS/data/28gusui&pizang/03/04/cell_1761645863614_912349010008_20832_0100.png,thumbs/cluster_25/010_cell_1761645863614_912349010008_20832_0100.jpg
25,/home/wangqianqian/project/FS/data/28gusui&pizang/03/12/cell_1761646330595_912349010008_58273_0000.png,thumbs/cluster_25/011_cell_1761646330595_912349010008_58273_0000.jpg
25,/home/wangqianqian/project/FS/data/28gusui&pizang/03/02/cell_1761645767898_912349010008_13203_0100.png,thumbs/cluster_25/012_cell_1761645767898_912349010008_13203_0100.jpg
25,/home/wangqianqian/project/FS/data/28gusui&pizang/03/07/cell_1761646079730_912349010008_38364_0000.png,thumbs/cluster_25/013_cell_1761646079730_912349010008_38364_0000.jpg
25,/home/wangqianqian/project/FS/data/28gusui&pizang/03/14/cell_1761646472932_912349010008_70213_0000.png,thumbs/cluster_25/014_cell_1761646472932_912349010008_70213_0000.jpg
25,/home/wangqianqian/project/FS/data/28gusui&pizang/03/20/cell_1761646811572_912349010008_98603_0000.png,thumbs/cluster_25/015_cell_1761646811572_912349010008_98603_0000.jpg
25,/home/wangqianqian/project/FS/data/28gusui&pizang/03/13/cell_1761646402603_912349010008_63961_0100.png,thumbs/cluster_25/016_cell_1761646402603_912349010008_63961_0100.jpg
25,/home/wangqianqian/project/FS/data/28gusui&pizang/03/05/cell_1761645945723_912349010008_27277_0000.png,thumbs/cluster_25/017_cell_1761645945723_912349010008_27277_0000.jpg
25,/home/wangqianqian/project/FS/data/28gusui&pizang/03/01/cell_1761645711633_912349010008_9120_0000.png,thumbs/cluster_25/018_cell_1761645711633_912349010008_9120_0000.jpg
25,/home/wangqianqian/project/FS/data/28gusui&pizang/03/17/cell_1761646664024_912349010008_86295_0100.png,thumbs/cluster_25/019_cell_1761646664024_912349010008_86295_0100.jpg
25,/home/wangqianqian/project/FS/data/28gusui&pizang/03/10/cell_1761646220152_912349010008_48968_0000.png,thumbs/cluster_25/020_cell_1761646220152_912349010008_48968_0000.jpg
25,/home/wangqianqian/project/FS/data/28gusui&pizang/03/07/cell_1761646029616_912349010008_34310_0000.png,thumbs/cluster_25/021_cell_1761646029616_912349010008_34310_0000.jpg
25,/home/wangqianqian/project/FS/data/28gusui&pizang/03/03/cell_1761645808802_912349010008_16349_0000.png,thumbs/cluster_25/022_cell_1761645808802_912349010008_16349_0000.jpg
25,/home/wangqianqian/project/FS/data/28gusui&pizang/03/15/cell_1761646513585_912349010008_73936_0100.png,thumbs/cluster_25/023_cell_1761646513585_912349010008_73936_0100.jpg
25,/home/wangqianqian/project/FS/data/28gusui&pizang/03/14/cell_1761646440182_912349010008_67248_0100.png,thumbs/cluster_25/024_cell_1761646440182_912349010008_67248_0100.jpg
25,/home/wangqianqian/project/FS/data/28gusui&pizang/03/21/cell_1761646916750_912349010008_107385_0100.png,thumbs/cluster_25/025_cell_1761646916750_912349010008_107385_0100.jpg
25,/home/wangqianqian/project/FS/data/28gusui&pizang/03/07/cell_1761646075211_912349010008_38025_0000.png,thumbs/cluster_25/026_cell_1761646075211_912349010008_38025_0000.jpg
25,/home/wangqianqian/project/FS/data/28gusui&pizang/03/02/cell_1761645721571_912349010008_9879_0000.png,thumbs/cluster_25/027_cell_1761645721571_912349010008_9879_0000.jpg
25,/home/wangqianqian/project/FS/data/28gusui&pizang/03/19/cell_1761646772749_912349010008_95280_0100.png,thumbs/cluster_25/028_cell_1761646772749_912349010008_95280_0100.jpg
25,/home/wangqianqian/project/FS/data/28gusui&pizang/03/02/cell_1761645754780_912349010008_12267_0000.png,thumbs/cluster_25/029_cell_1761645754780_912349010008_12267_0000.jpg
25,/home/wangqianqian/project/FS/data/28gusui&pizang/03/18/cell_1761646738673_912349010008_92589_0100.png,thumbs/cluster_25/030_cell_1761646738673_912349010008_92589_0100.jpg
25,/home/wangqianqian/project/FS/data/28gusui&pizang/03/20/cell_1761646857551_912349010008_102500_0000.png,thumbs/cluster_25/031_cell_1761646857551_912349010008_102500_0000.jpg
25,/home/wangqianqian/project/FS/data/28gusui&pizang/03/09/cell_1761646160507_912349010008_44355_0100.png,thumbs/cluster_25/032_cell_1761646160507_912349010008_44355_0100.jpg
25,/home/wangqianqian/project/FS/data/28gusui&pizang/03/16/cell_1761646602587_912349010008_81011_0100.png,thumbs/cluster_25/033_cell_1761646602587_912349010008_81011_0100.jpg
25,/home/wangqianqian/project/FS/data/28gusui&pizang/03/03/cell_1761645785284_912349010008_14525_0000.png,thumbs/cluster_25/034_cell_1761645785284_912349010008_14525_0000.jpg
25,/home/wangqianqian/project/FS/data/28gusui&pizang/03/04/cell_1761645871914_912349010008_21568_0100.png,thumbs/cluster_25/035_cell_1761645871914_912349010008_21568_0100.jpg
25,/home/wangqianqian/project/FS/data/28gusui&pizang/03/16/cell_1761646575515_912349010008_78878_0100.png,thumbs/cluster_25/036_cell_1761646575515_912349010008_78878_0100.jpg
25,/home/wangqianqian/project/FS/data/28gusui&pizang/03/04/cell_1761645858847_912349010008_20437_0100.png,thumbs/cluster_25/037_cell_1761645858847_912349010008_20437_0100.jpg
25,/home/wangqianqian/project/FS/data/28gusui&pizang/03/09/cell_1761646170155_912349010008_45042_0100.png,thumbs/cluster_25/038_cell_1761646170155_912349010008_45042_0100.jpg
25,/home/wangqianqian/project/FS/data/28gusui&pizang/03/03/cell_1761645800006_912349010008_15658_0000.png,thumbs/cluster_25/039_cell_1761645800006_912349010008_15658_0000.jpg
25,/home/wangqianqian/project/FS/data/28gusui&pizang/03/02/cell_1761645728821_912349010008_10362_0100.png,thumbs/cluster_25/040_cell_1761645728821_912349010008_10362_0100.jpg
25,/home/wangqianqian/project/FS/data/28gusui&pizang/03/05/cell_1761645912056_912349010008_24668_0100.png,thumbs/cluster_25/041_cell_1761645912056_912349010008_24668_0100.jpg
25,/home/wangqianqian/project/FS/data/28gusui&pizang/03/16/cell_1761646614501_912349010008_81958_0100.png,thumbs/cluster_25/042_cell_1761646614501_912349010008_81958_0100.jpg
25,/home/wangqianqian/project/FS/data/28gusui&pizang/03/10/cell_1761646244844_912349010008_51010_0000.png,thumbs/cluster_25/043_cell_1761646244844_912349010008_51010_0000.jpg
25,/home/wangqianqian/project/FS/data/28gusui&pizang/03/01/cell_1761645701030_912349010008_8460_0000.png,thumbs/cluster_25/044_cell_1761645701030_912349010008_8460_0000.jpg
25,/home/wangqianqian/project/FS/data/28gusui&pizang/03/04/cell_1761645865227_912349010008_21023_0000.png,thumbs/cluster_25/045_cell_1761645865227_912349010008_21023_0000.jpg
25,/home/wangqianqian/project/FS/data/28gusui&pizang/03/15/cell_1761646512535_912349010008_73851_0000.png,thumbs/cluster_25/046_cell_1761646512535_912349010008_73851_0000.jpg
25,/home/wangqianqian/project/FS/data/28gusui&pizang/03/07/cell_1761646038700_912349010008_35091_0000.png,thumbs/cluster_25/047_cell_1761646038700_912349010008_35091_0000.jpg
25,/home/wangqianqian/project/FS/data/28gusui&pizang/03/04/cell_1761645842402_912349010008_18935_0100.png,thumbs/cluster_25/048_cell_1761645842402_912349010008_18935_0100.jpg
25,/home/wangqianqian/project/FS/data/28gusui&pizang/03/14/cell_1761646495989_912349010008_72440_0000.png,thumbs/cluster_25/049_cell_1761646495989_912349010008_72440_0000.jpg
25,/home/wangqianqian/project/FS/data/28gusui&pizang/03/19/cell_1761646746614_912349010008_93228_0100.png,thumbs/cluster_25/050_cell_1761646746614_912349010008_93228_0100.jpg
25,/home/wangqianqian/project/FS/data/28gusui&pizang/03/09/cell_1761646161514_912349010008_44445_0000.png,thumbs/cluster_25/051_cell_1761646161514_912349010008_44445_0000.jpg
25,/home/wangqianqian/project/FS/data/28gusui&pizang/03/16/cell_1761646560006_912349010008_77728_0000.png,thumbs/cluster_25/052_cell_1761646560006_912349010008_77728_0000.jpg
25,/home/wangqianqian/project/FS/data/28gusui&pizang/03/13/cell_1761646407277_912349010008_64332_0000.png,thumbs/cluster_25/053_cell_1761646407277_912349010008_64332_0000.jpg
25,/home/wangqianqian/project/FS/data/28gusui&pizang/03/17/cell_1761646670994_912349010008_86929_0000.png,thumbs/cluster_25/054_cell_1761646670994_912349010008_86929_0000.jpg
25,/home/wangqianqian/project/FS/data/28gusui&pizang/03/14/cell_1761646489779_912349010008_71826_0100.png,thumbs/cluster_25/055_cell_1761646489779_912349010008_71826_0100.jpg
25,/home/wangqianqian/project/FS/data/28gusui&pizang/03/14/cell_1761646450982_912349010008_68272_0100.png,thumbs/cluster_25/056_cell_1761646450982_912349010008_68272_0100.jpg
25,/home/wangqianqian/project/FS/data/28gusui&pizang/03/08/cell_1761646112396_912349010008_40855_0100.png,thumbs/cluster_25/057_cell_1761646112396_912349010008_40855_0100.jpg
25,/home/wangqianqian/project/FS/data/28gusui&pizang/03/05/cell_1761645936204_912349010008_26488_0000.png,thumbs/cluster_25/058_cell_1761645936204_912349010008_26488_0000.jpg
25,/home/wangqianqian/project/FS/data/28gusui&pizang/03/03/cell_1761645834936_912349010008_18363_0000.png,thumbs/cluster_25/059_cell_1761645834936_912349010008_18363_0000.jpg
25,/home/wangqianqian/project/FS/data/28gusui&pizang/03/03/cell_1761645785836_912349010008_14584_0100.png,thumbs/cluster_25/060_cell_1761645785836_912349010008_14584_0100.jpg
25,/home/wangqianqian/project/FS/data/28gusui&pizang/03/07/cell_1761646026750_912349010008_34045_0000.png,thumbs/cluster_25/061_cell_1761646026750_912349010008_34045_0000.jpg
25,/home/wangqianqian/project/FS/data/28gusui&pizang/03/01/cell_1761645716082_912349010008_9451_0000.png,thumbs/cluster_25/062_cell_1761645716082_912349010008_9451_0000.jpg
25,/home/wangqianqian/project/FS/data/28gusui&pizang/03/01/cell_1761645717308_912349010008_9549_0000.png,thumbs/cluster_25/063_cell_1761645717308_912349010008_9549_0000.jpg
25,/home/wangqianqian/project/FS/data/28gusui&pizang/03/18/cell_1761646713884_912349010008_90498_0100.png,thumbs/cluster_25/064_cell_1761646713884_912349010008_90498_0100.jpg
25,/home/wangqianqian/project/FS/data/28gusui&pizang/03/18/cell_1761646682233_912349010008_87942_0100.png,thumbs/cluster_25/065_cell_1761646682233_912349010008_87942_0100.jpg
25,/home/wangqianqian/project/FS/data/28gusui&pizang/03/12/cell_1761646346684_912349010008_59563_0000.png,thumbs/cluster_25/066_cell_1761646346684_912349010008_59563_0000.jpg
25,/home/wangqianqian/project/FS/data/28gusui&pizang/03/12/cell_1761646353701_912349010008_60183_0000.png,thumbs/cluster_25/067_cell_1761646353701_912349010008_60183_0000.jpg
25,/home/wangqianqian/project/FS/data/28gusui&pizang/03/08/cell_1761646080619_912349010008_38432_0000.png,thumbs/cluster_25/068_cell_1761646080619_912349010008_38432_0000.jpg
25,/home/wangqianqian/project/FS/data/28gusui&pizang/03/04/cell_1761645874713_912349010008_21823_0100.png,thumbs/cluster_25/069_cell_1761645874713_912349010008_21823_0100.jpg
25,/home/wangqianqian/project/FS/data/28gusui&pizang/03/11/cell_1761646282668_912349010008_54121_0100.png,thumbs/cluster_25/070_cell_1761646282668_912349010008_54121_0100.jpg
25,/home/wangqianqian/project/FS/data/28gusui&pizang/03/21/cell_1761646886642_912349010008_104889_0100.png,thumbs/cluster_25/071_cell_1761646886642_912349010008_104889_0100.jpg
25,/home/wangqianqian/project/FS/data/28gusui&pizang/03/18/cell_1761646721663_912349010008_91116_0000.png,thumbs/cluster_25/072_cell_1761646721663_912349010008_91116_0000.jpg
25,/home/wangqianqian/project/FS/data/28gusui&pizang/03/11/cell_1761646299795_912349010008_55695_0000.png,thumbs/cluster_25/073_cell_1761646299795_912349010008_55695_0000.jpg
25,/home/wangqianqian/project/FS/data/28gusui&pizang/03/10/cell_1761646224177_912349010008_49308_0000.png,thumbs/cluster_25/074_cell_1761646224177_912349010008_49308_0000.jpg
25,/home/wangqianqian/project/FS/data/28gusui&pizang/03/03/cell_1761645812325_912349010008_16613_0100.png,thumbs/cluster_25/075_cell_1761645812325_912349010008_16613_0100.jpg
25,/home/wangqianqian/project/FS/data/28gusui&pizang/03/11/cell_1761646285670_912349010008_54380_0000.png,thumbs/cluster_25/076_cell_1761646285670_912349010008_54380_0000.jpg
25,/home/wangqianqian/project/FS/data/28gusui&pizang/03/08/cell_1761646104194_912349010008_40250_0000.png,thumbs/cluster_25/077_cell_1761646104194_912349010008_40250_0000.jpg
25,/home/wangqianqian/project/FS/data/28gusui&pizang/03/20/cell_1761646823154_912349010008_99592_0100.png,thumbs/cluster_25/078_cell_1761646823154_912349010008_99592_0100.jpg
25,/home/wangqianqian/project/FS/data/28gusui&pizang/03/18/cell_1761646692573_912349010008_88886_0100.png,thumbs/cluster_25/079_cell_1761646692573_912349010008_88886_0100.jpg
25,/home/wangqianqian/project/FS/data/28gusui&pizang/03/08/cell_1761646120427_912349010008_41445_0000.png,thumbs/cluster_25/080_cell_1761646120427_912349010008_41445_0000.jpg
25,/home/wangqianqian/project/FS/data/28gusui&pizang/03/03/cell_1761645786343_912349010008_14621_0000.png,thumbs/cluster_25/081_cell_1761645786343_912349010008_14621_0000.jpg
25,/home/wangqianqian/project/FS/data/28gusui&pizang/03/07/cell_1761646061518_912349010008_37068_0100.png,thumbs/cluster_25/082_cell_1761646061518_912349010008_37068_0100.jpg
25,/home/wangqianqian/project/FS/data/28gusui&pizang/03/20/cell_1761646823989_912349010008_99654_0100.png,thumbs/cluster_25/083_cell_1761646823989_912349010008_99654_0100.jpg
25,/home/wangqianqian/project/FS/data/28gusui&pizang/03/17/cell_1761646656889_912349010008_85674_0000.png,thumbs/cluster_25/084_cell_1761646656889_912349010008_85674_0000.jpg
25,/home/wangqianqian/project/FS/data/28gusui&pizang/03/21/cell_1761646897701_912349010008_105804_0000.png,thumbs/cluster_25/085_cell_1761646897701_912349010008_105804_0000.jpg
25,/home/wangqianqian/project/FS/data/28gusui&pizang/03/18/cell_1761646736658_912349010008_92415_0000.png,thumbs/cluster_25/086_cell_1761646736658_912349010008_92415_0000.jpg
25,/home/wangqianqian/project/FS/data/28gusui&pizang/03/11/cell_1761646275269_912349010008_53444_0100.png,thumbs/cluster_25/087_cell_1761646275269_912349010008_53444_0100.jpg
25,/home/wangqianqian/project/FS/data/28gusui&pizang/03/19/cell_1761646791779_912349010008_96822_0000.png,thumbs/cluster_25/088_cell_1761646791779_912349010008_96822_0000.jpg
25,/home/wangqianqian/project/FS/data/28gusui&pizang/03/12/cell_1761646361723_912349010008_60822_0000.png,thumbs/cluster_25/089_cell_1761646361723_912349010008_60822_0000.jpg
25,/home/wangqianqian/project/FS/data/28gusui&pizang/03/01/cell_1761645705285_912349010008_8705_0000.png,thumbs/cluster_25/090_cell_1761645705285_912349010008_8705_0000.jpg
25,/home/wangqianqian/project/FS/data/28gusui&pizang/03/09/cell_1761646174936_912349010008_45360_0000.png,thumbs/cluster_25/091_cell_1761646174936_912349010008_45360_0000.jpg
25,/home/wangqianqian/project/FS/data/28gusui&pizang/03/15/cell_1761646513234_912349010008_73901_0000.png,thumbs/cluster_25/092_cell_1761646513234_912349010008_73901_0000.jpg
25,/home/wangqianqian/project/FS/data/28gusui&pizang/03/02/cell_1761645732385_912349010008_10610_0000.png,thumbs/cluster_25/093_cell_1761645732385_912349010008_10610_0000.jpg
25,/home/wangqianqian/project/FS/data/28gusui&pizang/03/03/cell_1761645782207_912349010008_14273_0000.png,thumbs/cluster_25/094_cell_1761645782207_912349010008_14273_0000.jpg
25,/home/wangqianqian/project/FS/data/28gusui&pizang/03/16/cell_1761646611002_912349010008_81671_0000.png,thumbs/cluster_25/095_cell_1761646611002_912349010008_81671_0000.jpg
25,/home/wangqianqian/project/FS/data/28gusui&pizang/03/02/cell_1761645770467_912349010008_13386_0000.png,thumbs/cluster_25/096_cell_1761645770467_912349010008_13386_0000.jpg
25,/home/wangqianqian/project/FS/data/28gusui&pizang/03/09/cell_1761646145196_912349010008_43160_0100.png,thumbs/cluster_25/097_cell_1761646145196_912349010008_43160_0100.jpg
25,/home/wangqianqian/project/FS/data/28gusui&pizang/03/14/cell_1761646499398_912349010008_72773_0000.png,thumbs/cluster_25/098_cell_1761646499398_912349010008_72773_0000.jpg
25,/home/wangqianqian/project/FS/data/28gusui&pizang/03/16/cell_1761646570828_912349010008_78504_0100.png,thumbs/cluster_25/099_cell_1761646570828_912349010008_78504_0100.jpg
26,/home/wangqianqian/project/FS/data/28gusui&pizang/03/02/cell_1761645755567_912349010008_12343_0100.png,thumbs/cluster_26/000_cell_1761645755567_912349010008_12343_0100.jpg
26,/home/wangqianqian/project/FS/data/28gusui&pizang/03/14/cell_1761646449599_912349010008_68145_0100.png,thumbs/cluster_26/001_cell_1761646449599_912349010008_68145_0100.jpg
26,/home/wangqianqian/project/FS/data/28gusui&pizang/03/06/cell_1761645985638_912349010008_30554_0000.png,thumbs/cluster_26/002_cell_1761645985638_912349010008_30554_0000.jpg
26,/home/wangqianqian/project/FS/data/28gusui&pizang/03/17/cell_1761646675210_912349010008_87319_0100.png,thumbs/cluster_26/003_cell_1761646675210_912349010008_87319_0100.jpg
26,/home/wangqianqian/project/FS/data/28gusui&pizang/03/02/cell_1761645764267_912349010008_12953_0100.png,thumbs/cluster_26/004_cell_1761645764267_912349010008_12953_0100.jpg
26,/home/wangqianqian/project/FS/data/28gusui&pizang/03/17/cell_1761646635619_912349010008_83836_0100.png,thumbs/cluster_26/005_cell_1761646635619_912349010008_83836_0100.jpg
26,/home/wangqianqian/project/FS/data/28gusui&pizang/03/06/cell_1761645970794_912349010008_29270_0100.png,thumbs/cluster_26/006_cell_1761645970794_912349010008_29270_0100.jpg
26,/home/wangqianqian/project/FS/data/28gusui&pizang/03/15/cell_1761646556849_912349010008_77465_0000.png,thumbs/cluster_26/007_cell_1761646556849_912349010008_77465_0000.jpg
26,/home/wangqianqian/project/FS/data/28gusui&pizang/03/19/cell_1761646745302_912349010008_93106_0100.png,thumbs/cluster_26/008_cell_1761646745302_912349010008_93106_0100.jpg
26,/home/wangqianqian/project/FS/data/28gusui&pizang/03/21/cell_1761646897931_912349010008_105821_0000.png,thumbs/cluster_26/009_cell_1761646897931_912349010008_105821_0000.jpg
26,/home/wangqianqian/project/FS/data/28gusui&pizang/03/19/cell_1761646792536_912349010008_96880_0000.png,thumbs/cluster_26/010_cell_1761646792536_912349010008_96880_0000.jpg
26,/home/wangqianqian/project/FS/data/28gusui&pizang/03/06/cell_1761645968217_912349010008_29065_0100.png,thumbs/cluster_26/011_cell_1761645968217_912349010008_29065_0100.jpg
26,/home/wangqianqian/project/FS/data/28gusui&pizang/03/16/cell_1761646602373_912349010008_80988_0000.png,thumbs/cluster_26/012_cell_1761646602373_912349010008_80988_0000.jpg
26,/home/wangqianqian/project/FS/data/28gusui&pizang/03/08/cell_1761646087546_912349010008_38968_0100.png,thumbs/cluster_26/013_cell_1761646087546_912349010008_38968_0100.jpg
26,/home/wangqianqian/project/FS/data/28gusui&pizang/03/13/cell_1761646386750_912349010008_62791_0100.png,thumbs/cluster_26/014_cell_1761646386750_912349010008_62791_0100.jpg
26,/home/wangqianqian/project/FS/data/28gusui&pizang/03/14/cell_1761646476469_912349010008_70511_0000.png,thumbs/cluster_26/015_cell_1761646476469_912349010008_70511_0000.jpg
26,/home/wangqianqian/project/FS/data/28gusui&pizang/03/20/cell_1761646802826_912349010008_97833_0000.png,thumbs/cluster_26/016_cell_1761646802826_912349010008_97833_0000.jpg
26,/home/wangqianqian/project/FS/data/28gusui&pizang/03/18/cell_1761646725410_912349010008_91449_0100.png,thumbs/cluster_26/017_cell_1761646725410_912349010008_91449_0100.jpg
26,/home/wangqianqian/project/FS/data/28gusui&pizang/03/07/cell_1761646052166_912349010008_36319_0000.png,thumbs/cluster_26/018_cell_1761646052166_912349010008_36319_0000.jpg
26,/home/wangqianqian/project/FS/data/28gusui&pizang/03/17/cell_1761646627878_912349010008_83128_0000.png,thumbs/cluster_26/019_cell_1761646627878_912349010008_83128_0000.jpg
26,/home/wangqianqian/project/FS/data/28gusui&pizang/03/08/cell_1761646100902_912349010008_39995_0100.png,thumbs/cluster_26/020_cell_1761646100902_912349010008_39995_0100.jpg
26,/home/wangqianqian/project/FS/data/28gusui&pizang/03/10/cell_1761646255772_912349010008_51876_0100.png,thumbs/cluster_26/021_cell_1761646255772_912349010008_51876_0100.jpg
26,/home/wangqianqian/project/FS/data/28gusui&pizang/03/15/cell_1761646531232_912349010008_75379_0000.png,thumbs/cluster_26/022_cell_1761646531232_912349010008_75379_0000.jpg
26,/home/wangqianqian/project/FS/data/28gusui&pizang/03/12/cell_1761646364949_912349010008_61093_0000.png,thumbs/cluster_26/023_cell_1761646364949_912349010008_61093_0000.jpg
26,/home/wangqianqian/project/FS/data/28gusui&pizang/03/04/cell_1761645863045_912349010008_20772_0100.png,thumbs/cluster_26/024_cell_1761645863045_912349010008_20772_0100.jpg
26,/home/wangqianqian/project/FS/data/28gusui&pizang/03/19/cell_1761646792026_912349010008_96838_0100.png,thumbs/cluster_26/025_cell_1761646792026_912349010008_96838_0100.jpg
26,/home/wangqianqian/project/FS/data/28gusui&pizang/03/18/cell_1761646725306_912349010008_91435_0000.png,thumbs/cluster_26/026_cell_1761646725306_912349010008_91435_0000.jpg
26,/home/wangqianqian/project/FS/data/28gusui&pizang/03/03/cell_1761645784398_912349010008_14459_0100.png,thumbs/cluster_26/027_cell_1761645784398_912349010008_14459_0100.jpg
26,/home/wangqianqian/project/FS/data/28gusui&pizang/03/15/cell_1761646509232_912349010008_73564_0000.png,thumbs/cluster_26/028_cell_1761646509232_912349010008_73564_0000.jpg
26,/home/wangqianqian/project/FS/data/28gusui&pizang/03/04/cell_1761645882980_912349010008_22539_0000.png,thumbs/cluster_26/029_cell_1761645882980_912349010008_22539_0000.jpg
26,/home/wangqianqian/project/FS/data/28gusui&pizang/03/03/cell_1761645823737_912349010008_17554_0000.png,thumbs/cluster_26/030_cell_1761645823737_912349010008_17554_0000.jpg
26,/home/wangqianqian/project/FS/data/28gusui&pizang/03/19/cell_1761646767437_912349010008_94851_0000.png,thumbs/cluster_26/031_cell_1761646767437_912349010008_94851_0000.jpg
26,/home/wangqianqian/project/FS/data/28gusui&pizang/03/02/cell_1761645764504_912349010008_12972_0100.png,thumbs/cluster_26/032_cell_1761645764504_912349010008_12972_0100.jpg
26,/home/wangqianqian/project/FS/data/28gusui&pizang/03/12/cell_1761646338170_912349010008_58851_0000.png,thumbs/cluster_26/033_cell_1761646338170_912349010008_58851_0000.jpg
26,/home/wangqianqian/project/FS/data/28gusui&pizang/03/15/cell_1761646558933_912349010008_77643_0000.png,thumbs/cluster_26/034_cell_1761646558933_912349010008_77643_0000.jpg
26,/home/wangqianqian/project/FS/data/28gusui&pizang/03/17/cell_1761646641784_912349010008_84351_0000.png,thumbs/cluster_26/035_cell_1761646641784_912349010008_84351_0000.jpg
26,/home/wangqianqian/project/FS/data/28gusui&pizang/03/16/cell_1761646614296_912349010008_81949_0000.png,thumbs/cluster_26/036_cell_1761646614296_912349010008_81949_0000.jpg
26,/home/wangqianqian/project/FS/data/28gusui&pizang/03/06/cell_1761645969656_912349010008_29180_0000.png,thumbs/cluster_26/037_cell_1761645969656_912349010008_29180_0000.jpg
26,/home/wangqianqian/project/FS/data/28gusui&pizang/03/14/cell_1761646454098_912349010008_68533_0100.png,thumbs/cluster_26/038_cell_1761646454098_912349010008_68533_0100.jpg
26,/home/wangqianqian/project/FS/data/28gusui&pizang/03/02/cell_1761645764899_912349010008_13005_0100.png,thumbs/cluster_26/039_cell_1761645764899_912349010008_13005_0100.jpg
26,/home/wangqianqian/project/FS/data/28gusui&pizang/03/18/cell_1761646727710_912349010008_91668_0000.png,thumbs/cluster_26/040_cell_1761646727710_912349010008_91668_0000.jpg
26,/home/wangqianqian/project/FS/data/28gusui&pizang/03/12/cell_1761646353510_912349010008_60164_0000.png,thumbs/cluster_26/041_cell_1761646353510_912349010008_60164_0000.jpg
26,/home/wangqianqian/project/FS/data/28gusui&pizang/03/06/cell_1761645994949_912349010008_31291_0000.png,thumbs/cluster_26/042_cell_1761645994949_912349010008_31291_0000.jpg
26,/home/wangqianqian/project/FS/data/28gusui&pizang/03/02/cell_1761645754494_912349010008_12247_0000.png,thumbs/cluster_26/043_cell_1761645754494_912349010008_12247_0000.jpg
26,/home/wangqianqian/project/FS/data/28gusui&pizang/03/20/cell_1761646856122_912349010008_102372_0100.png,thumbs/cluster_26/044_cell_1761646856122_912349010008_102372_0100.jpg
26,/home/wangqianqian/project/FS/data/28gusui&pizang/03/02/cell_1761645735203_912349010008_10806_0000.png,thumbs/cluster_26/045_cell_1761645735203_912349010008_10806_0000.jpg
26,/home/wangqianqian/project/FS/data/28gusui&pizang/03/02/cell_1761645743536_912349010008_11453_0100.png,thumbs/cluster_26/046_cell_1761645743536_912349010008_11453_0100.jpg
26,/home/wangqianqian/project/FS/data/28gusui&pizang/03/03/cell_1761645818877_912349010008_17113_0000.png,thumbs/cluster_26/047_cell_1761645818877_912349010008_17113_0000.jpg
26,/home/wangqianqian/project/FS/data/28gusui&pizang/03/14/cell_1761646498412_912349010008_72677_0000.png,thumbs/cluster_26/048_cell_1761646498412_912349010008_72677_0000.jpg
26,/home/wangqianqian/project/FS/data/28gusui&pizang/03/13/cell_1761646391637_912349010008_63160_0100.png,thumbs/cluster_26/049_cell_1761646391637_912349010008_63160_0100.jpg
26,/home/wangqianqian/project/FS/data/28gusui&pizang/03/14/cell_1761646482487_912349010008_71077_0000.png,thumbs/cluster_26/050_cell_1761646482487_912349010008_71077_0000.jpg
26,/home/wangqianqian/project/FS/data/28gusui&pizang/03/14/cell_1761646497100_912349010008_72564_0000.png,thumbs/cluster_26/051_cell_1761646497100_912349010008_72564_0000.jpg
26,/home/wangqianqian/project/FS/data/28gusui&pizang/03/19/cell_1761646760746_912349010008_94311_0100.png,thumbs/cluster_26/052_cell_1761646760746_912349010008_94311_0100.jpg
26,/home/wangqianqian/project/FS/data/28gusui&pizang/03/17/cell_1761646625545_912349010008_82924_0000.png,thumbs/cluster_26/053_cell_1761646625545_912349010008_82924_0000.jpg
26,/home/wangqianqian/project/FS/data/28gusui&pizang/03/15/cell_1761646505529_912349010008_73279_0000.png,thumbs/cluster_26/054_cell_1761646505529_912349010008_73279_0000.jpg
26,/home/wangqianqian/project/FS/data/28gusui&pizang/03/05/cell_1761645953905_912349010008_27919_0000.png,thumbs/cluster_26/055_cell_1761645953905_912349010008_27919_0000.jpg
26,/home/wangqianqian/project/FS/data/28gusui&pizang/03/15/cell_1761646551100_912349010008_77020_0000.png,thumbs/cluster_26/056_cell_1761646551100_912349010008_77020_0000.jpg
26,/home/wangqianqian/project/FS/data/28gusui&pizang/03/18/cell_1761646708133_912349010008_90053_0000.png,thumbs/cluster_26/057_cell_1761646708133_912349010008_90053_0000.jpg
26,/home/wangqianqian/project/FS/data/28gusui&pizang/03/21/cell_1761646864541_912349010008_103135_0100.png,thumbs/cluster_26/058_cell_1761646864541_912349010008_103135_0100.jpg
26,/home/wangqianqian/project/FS/data/28gusui&pizang/03/14/cell_1761646496448_912349010008_72492_0000.png,thumbs/cluster_26/059_cell_1761646496448_912349010008_72492_0000.jpg
26,/home/wangqianqian/project/FS/data/28gusui&pizang/03/16/cell_1761646573035_912349010008_78677_0000.png,thumbs/cluster_26/060_cell_1761646573035_912349010008_78677_0000.jpg
26,/home/wangqianqian/project/FS/data/28gusui&pizang/03/14/cell_1761646482054_912349010008_71030_0000.png,thumbs/cluster_26/061_cell_1761646482054_912349010008_71030_0000.jpg
26,/home/wangqianqian/project/FS/data/28gusui&pizang/03/04/cell_1761645884357_912349010008_22629_0000.png,thumbs/cluster_26/062_cell_1761645884357_912349010008_22629_0000.jpg
26,/home/wangqianqian/project/FS/data/28gusui&pizang/03/20/cell_1761646828045_912349010008_100005_0000.png,thumbs/cluster_26/063_cell_1761646828045_912349010008_100005_0000.jpg
26,/home/wangqianqian/project/FS/data/28gusui&pizang/03/05/cell_1761645905917_912349010008_24209_0100.png,thumbs/cluster_26/064_cell_1761645905917_912349010008_24209_0100.jpg
26,/home/wangqianqian/project/FS/data/28gusui&pizang/03/07/cell_1761646048369_912349010008_35917_0000.png,thumbs/cluster_26/065_cell_1761646048369_912349010008_35917_0000.jpg
26,/home/wangqianqian/project/FS/data/28gusui&pizang/03/13/cell_1761646420637_912349010008_65456_0100.png,thumbs/cluster_26/066_cell_1761646420637_912349010008_65456_0100.jpg
26,/home/wangqianqian/project/FS/data/28gusui&pizang/03/19/cell_1761646743601_912349010008_92976_0000.png,thumbs/cluster_26/067_cell_1761646743601_912349010008_92976_0000.jpg
26,/home/wangqianqian/project/FS/data/28gusui&pizang/03/06/cell_1761646001896_912349010008_31846_0000.png,thumbs/cluster_26/068_cell_1761646001896_912349010008_31846_0000.jpg
26,/home/wangqianqian/project/FS/data/28gusui&pizang/03/11/cell_1761646271428_912349010008_53125_0100.png,thumbs/cluster_26/069_cell_1761646271428_912349010008_53125_0100.jpg
26,/home/wangqianqian/project/FS/data/28gusui&pizang/03/18/cell_1761646706930_912349010008_89955_0000.png,thumbs/cluster_26/070_cell_1761646706930_912349010008_89955_0000.jpg
26,/home/wangqianqian/project/FS/data/28gusui&pizang/03/10/cell_1761646234108_912349010008_50112_0000.png,thumbs/cluster_26/071_cell_1761646234108_912349010008_50112_0000.jpg
26,/home/wangqianqian/project/FS/data/28gusui&pizang/03/17/cell_1761646641249_912349010008_84304_0100.png,thumbs/cluster_26/072_cell_1761646641249_912349010008_84304_0100.jpg
26,/home/wangqianqian/project/FS/data/28gusui&pizang/03/18/cell_1761646693360_912349010008_88949_0100.png,thumbs/cluster_26/073_cell_1761646693360_912349010008_88949_0100.jpg
26,/home/wangqianqian/project/FS/data/28gusui&pizang/03/11/cell_1761646274362_912349010008_53368_0000.png,thumbs/cluster_26/074_cell_1761646274362_912349010008_53368_0000.jpg
26,/home/wangqianqian/project/FS/data/28gusui&pizang/03/20/cell_1761646806533_912349010008_98171_0100.png,thumbs/cluster_26/075_cell_1761646806533_912349010008_98171_0100.jpg
26,/home/wangqianqian/project/FS/data/28gusui&pizang/03/08/cell_1761646097505_912349010008_39727_0000.png,thumbs/cluster_26/076_cell_1761646097505_912349010008_39727_0000.jpg
26,/home/wangqianqian/project/FS/data/28gusui&pizang/03/04/cell_1761645857128_912349010008_20292_0000.png,thumbs/cluster_26/077_cell_1761645857128_912349010008_20292_0000.jpg
26,/home/wangqianqian/project/FS/data/28gusui&pizang/03/16/cell_1761646570845_912349010008_78505_0100.png,thumbs/cluster_26/078_cell_1761646570845_912349010008_78505_0100.jpg
26,/home/wangqianqian/project/FS/data/28gusui&pizang/03/14/cell_1761646446970_912349010008_67893_0100.png,thumbs/cluster_26/079_cell_1761646446970_912349010008_67893_0100.jpg
26,/home/wangqianqian/project/FS/data/28gusui&pizang/03/13/cell_1761646424808_912349010008_65802_0100.png,thumbs/cluster_26/080_cell_1761646424808_912349010008_65802_0100.jpg
26,/home/wangqianqian/project/FS/data/28gusui&pizang/03/10/cell_1761646234648_912349010008_50154_0100.png,thumbs/cluster_26/081_cell_1761646234648_912349010008_50154_0100.jpg
26,/home/wangqianqian/project/FS/data/28gusui&pizang/03/17/cell_1761646648940_912349010008_85000_0000.png,thumbs/cluster_26/082_cell_1761646648940_912349010008_85000_0000.jpg
26,/home/wangqianqian/project/FS/data/28gusui&pizang/03/18/cell_1761646703793_912349010008_89725_0000.png,thumbs/cluster_26/083_cell_1761646703793_912349010008_89725_0000.jpg
26,/home/wangqianqian/project/FS/data/28gusui&pizang/03/03/cell_1761645794729_912349010008_15249_0000.png,thumbs/cluster_26/084_cell_1761645794729_912349010008_15249_0000.jpg
26,/home/wangqianqian/project/FS/data/28gusui&pizang/03/03/cell_1761645812568_912349010008_16640_0100.png,thumbs/cluster_26/085_cell_1761645812568_912349010008_16640_0100.jpg
26,/home/wangqianqian/project/FS/data/28gusui&pizang/03/02/cell_1761645753241_912349010008_12151_0000.png,thumbs/cluster_26/086_cell_1761645753241_912349010008_12151_0000.jpg
26,/home/wangqianqian/project/FS/data/28gusui&pizang/03/16/cell_1761646610113_912349010008_81599_0000.png,thumbs/cluster_26/087_cell_1761646610113_912349010008_81599_0000.jpg
26,/home/wangqianqian/project/FS/data/28gusui&pizang/03/12/cell_1761646378823_912349010008_62194_0100.png,thumbs/cluster_26/088_cell_1761646378823_912349010008_62194_0100.jpg
26,/home/wangqianqian/project/FS/data/28gusui&pizang/03/21/cell_1761646861471_912349010008_102857_0000.png,thumbs/cluster_26/089_cell_1761646861471_912349010008_102857_0000.jpg
26,/home/wangqianqian/project/FS/data/28gusui&pizang/03/05/cell_1761645949409_912349010008_27593_0000.png,thumbs/cluster_26/090_cell_1761645949409_912349010008_27593_0000.jpg
26,/home/wangqianqian/project/FS/data/28gusui&pizang/03/15/cell_1761646548991_912349010008_76850_0000.png,thumbs/cluster_26/091_cell_1761646548991_912349010008_76850_0000.jpg
26,/home/wangqianqian/project/FS/data/28gusui&pizang/03/21/cell_1761646894618_912349010008_105541_0100.png,thumbs/cluster_26/092_cell_1761646894618_912349010008_105541_0100.jpg
26,/home/wangqianqian/project/FS/data/28gusui&pizang/03/20/cell_1761646820021_912349010008_99307_0100.png,thumbs/cluster_26/093_cell_1761646820021_912349010008_99307_0100.jpg
26,/home/wangqianqian/project/FS/data/28gusui&pizang/03/21/cell_1761646885542_912349010008_104826_0000.png,thumbs/cluster_26/094_cell_1761646885542_912349010008_104826_0000.jpg
26,/home/wangqianqian/project/FS/data/28gusui&pizang/03/15/cell_1761646502448_912349010008_73033_0100.png,thumbs/cluster_26/095_cell_1761646502448_912349010008_73033_0100.jpg
26,/home/wangqianqian/project/FS/data/28gusui&pizang/03/21/cell_1761646870103_912349010008_103599_0000.png,thumbs/cluster_26/096_cell_1761646870103_912349010008_103599_0000.jpg
26,/home/wangqianqian/project/FS/data/28gusui&pizang/03/03/cell_1761645815219_912349010008_16856_0100.png,thumbs/cluster_26/097_cell_1761645815219_912349010008_16856_0100.jpg
26,/home/wangqianqian/project/FS/data/28gusui&pizang/03/10/cell_1761646243602_912349010008_50898_0000.png,thumbs/cluster_26/098_cell_1761646243602_912349010008_50898_0000.jpg
26,/home/wangqianqian/project/FS/data/28gusui&pizang/03/18/cell_1761646735837_912349010008_92354_0100.png,thumbs/cluster_26/099_cell_1761646735837_912349010008_92354_0100.jpg
27,/home/wangqianqian/project/FS/data/28gusui&pizang/03/16/cell_1761646607010_912349010008_81382_0000.png,thumbs/cluster_27/000_cell_1761646607010_912349010008_81382_0000.jpg
27,/home/wangqianqian/project/FS/data/28gusui&pizang/03/12/cell_1761646345598_912349010008_59464_0100.png,thumbs/cluster_27/001_cell_1761646345598_912349010008_59464_0100.jpg
27,/home/wangqianqian/project/FS/data/28gusui&pizang/03/12/cell_1761646357650_912349010008_60468_0000.png,thumbs/cluster_27/002_cell_1761646357650_912349010008_60468_0000.jpg
27,/home/wangqianqian/project/FS/data/28gusui&pizang/03/08/cell_1761646093001_912349010008_39403_0100.png,thumbs/cluster_27/003_cell_1761646093001_912349010008_39403_0100.jpg
27,/home/wangqianqian/project/FS/data/28gusui&pizang/03/11/cell_1761646303974_912349010008_56051_0000.png,thumbs/cluster_27/004_cell_1761646303974_912349010008_56051_0000.jpg
27,/home/wangqianqian/project/FS/data/28gusui&pizang/03/09/cell_1761646184248_912349010008_46116_0100.png,thumbs/cluster_27/005_cell_1761646184248_912349010008_46116_0100.jpg
27,/home/wangqianqian/project/FS/data/28gusui&pizang/03/02/cell_1761645776348_912349010008_13831_0000.png,thumbs/cluster_27/006_cell_1761645776348_912349010008_13831_0000.jpg
27,/home/wangqianqian/project/FS/data/28gusui&pizang/03/17/cell_1761646674112_912349010008_87211_0000.png,thumbs/cluster_27/007_cell_1761646674112_912349010008_87211_0000.jpg
27,/home/wangqianqian/project/FS/data/28gusui&pizang/03/19/cell_1761646763196_912349010008_94502_0000.png,thumbs/cluster_27/008_cell_1761646763196_912349010008_94502_0000.jpg
27,/home/wangqianqian/project/FS/data/28gusui&pizang/03/03/cell_1761645834790_912349010008_18349_0000.png,thumbs/cluster_27/009_cell_1761645834790_912349010008_18349_0000.jpg
27,/home/wangqianqian/project/FS/data/28gusui&pizang/03/05/cell_1761645938431_912349010008_26649_0000.png,thumbs/cluster_27/010_cell_1761645938431_912349010008_26649_0000.jpg
27,/home/wangqianqian/project/FS/data/28gusui&pizang/03/07/cell_1761646070514_912349010008_37715_0100.png,thumbs/cluster_27/011_cell_1761646070514_912349010008_37715_0100.jpg
27,/home/wangqianqian/project/FS/data/28gusui&pizang/03/12/cell_1761646330480_912349010008_58263_0100.png,thumbs/cluster_27/012_cell_1761646330480_912349010008_58263_0100.jpg
27,/home/wangqianqian/project/FS/data/28gusui&pizang/03/09/cell_1761646144381_912349010008_43106_0000.png,thumbs/cluster_27/013_cell_1761646144381_912349010008_43106_0000.jpg
27,/home/wangqianqian/project/FS/data/28gusui&pizang/03/04/cell_1761645890683_912349010008_23072_0000.png,thumbs/cluster_27/014_cell_1761645890683_912349010008_23072_0000.jpg
27,/home/wangqianqian/project/FS/data/28gusui&pizang/03/10/cell_1761646202089_912349010008_47478_0000.png,thumbs/cluster_27/015_cell_1761646202089_912349010008_47478_0000.jpg
27,/home/wangqianqian/project/FS/data/28gusui&pizang/03/14/cell_1761646481988_912349010008_71025_0100.png,thumbs/cluster_27/016_cell_1761646481988_912349010008_71025_0100.jpg
27,/home/wangqianqian/project/FS/data/28gusui&pizang/03/05/cell_1761645939776_912349010008_26755_0000.png,thumbs/cluster_27/017_cell_1761645939776_912349010008_26755_0000.jpg
27,/home/wangqianqian/project/FS/data/28gusui&pizang/03/10/cell_1761646245779_912349010008_51094_0100.png,thumbs/cluster_27/018_cell_1761646245779_912349010008_51094_0100.jpg
27,/home/wangqianqian/project/FS/data/28gusui&pizang/03/09/cell_1761646152052_912349010008_43707_0100.png,thumbs/cluster_27/019_cell_1761646152052_912349010008_43707_0100.jpg
27,/home/wangqianqian/project/FS/data/28gusui&pizang/03/02/cell_1761645761226_912349010008_12765_0100.png,thumbs/cluster_27/020_cell_1761645761226_912349010008_12765_0100.jpg
27,/home/wangqianqian/project/FS/data/28gusui&pizang/03/12/cell_1761646346211_912349010008_59512_0000.png,thumbs/cluster_27/021_cell_1761646346211_912349010008_59512_0000.jpg
27,/home/wangqianqian/project/FS/data/28gusui&pizang/03/02/cell_1761645761956_912349010008_12812_0000.png,thumbs/cluster_27/022_cell_1761645761956_912349010008_12812_0000.jpg
27,/home/wangqianqian/project/FS/data/28gusui&pizang/03/15/cell_1761646554228_912349010008_77263_0100.png,thumbs/cluster_27/023_cell_1761646554228_912349010008_77263_0100.jpg
27,/home/wangqianqian/project/FS/data/28gusui&pizang/03/11/cell_1761646319640_912349010008_57389_0000.png,thumbs/cluster_27/024_cell_1761646319640_912349010008_57389_0000.jpg
27,/home/wangqianqian/project/FS/data/28gusui&pizang/03/19/cell_1761646799744_912349010008_97546_0000.png,thumbs/cluster_27/025_cell_1761646799744_912349010008_97546_0000.jpg
27,/home/wangqianqian/project/FS/data/28gusui&pizang/03/02/cell_1761645758402_912349010008_12563_0100.png,thumbs/cluster_27/026_cell_1761645758402_912349010008_12563_0100.jpg
27,/home/wangqianqian/project/FS/data/28gusui&pizang/03/02/cell_1761645740802_912349010008_11221_0000.png,thumbs/cluster_27/027_cell_1761645740802_912349010008_11221_0000.jpg
27,/home/wangqianqian/project/FS/data/28gusui&pizang/03/08/cell_1761646094964_912349010008_39539_0000.png,thumbs/cluster_27/028_cell_1761646094964_912349010008_39539_0000.jpg
27,/home/wangqianqian/project/FS/data/28gusui&pizang/03/18/cell_1761646729397_912349010008_91809_0000.png,thumbs/cluster_27/029_cell_1761646729397_912349010008_91809_0000.jpg
27,/home/wangqianqian/project/FS/data/28gusui&pizang/03/04/cell_1761645888635_912349010008_22955_0100.png,thumbs/cluster_27/030_cell_1761645888635_912349010008_22955_0100.jpg
27,/home/wangqianqian/project/FS/data/28gusui&pizang/03/17/cell_1761646627373_912349010008_83086_0100.png,thumbs/cluster_27/031_cell_1761646627373_912349010008_83086_0100.jpg
27,/home/wangqianqian/project/FS/data/28gusui&pizang/03/10/cell_1761646248167_912349010008_51318_0100.png,thumbs/cluster_27/032_cell_1761646248167_912349010008_51318_0100.jpg
27,/home/wangqianqian/project/FS/data/28gusui&pizang/03/21/cell_1761646875082_912349010008_103985_0000.png,thumbs/cluster_27/033_cell_1761646875082_912349010008_103985_0000.jpg
27,/home/wangqianqian/project/FS/data/28gusui&pizang/03/07/cell_1761646048235_912349010008_35905_0100.png,thumbs/cluster_27/034_cell_1761646048235_912349010008_35905_0100.jpg
27,/home/wangqianqian/project/FS/data/28gusui&pizang/03/18/cell_1761646713808_912349010008_90492_0000.png,thumbs/cluster_27/035_cell_1761646713808_912349010008_90492_0000.jpg
27,/home/wangqianqian/project/FS/data/28gusui&pizang/03/15/cell_1761646509705_912349010008_73607_0000.png,thumbs/cluster_27/036_cell_1761646509705_912349010008_73607_0000.jpg
27,/home/wangqianqian/project/FS/data/28gusui&pizang/03/17/cell_1761646658844_912349010008_85835_0000.png,thumbs/cluster_27/037_cell_1761646658844_912349010008_85835_0000.jpg
27,/home/wangqianqian/project/FS/data/28gusui&pizang/03/17/cell_1761646623260_912349010008_82738_0100.png,thumbs/cluster_27/038_cell_1761646623260_912349010008_82738_0100.jpg
27,/home/wangqianqian/project/FS/data/28gusui&pizang/03/03/cell_1761645808069_912349010008_16285_0100.png,thumbs/cluster_27/039_cell_1761645808069_912349010008_16285_0100.jpg
27,/home/wangqianqian/project/FS/data/28gusui&pizang/03/16/cell_1761646613534_912349010008_81878_0000.png,thumbs/cluster_27/040_cell_1761646613534_912349010008_81878_0000.jpg
27,/home/wangqianqian/project/FS/data/28gusui&pizang/03/04/cell_1761645868091_912349010008_21264_0000.png,thumbs/cluster_27/041_cell_1761645868091_912349010008_21264_0000.jpg
27,/home/wangqianqian/project/FS/data/28gusui&pizang/03/02/cell_1761645765749_912349010008_13054_0000.png,thumbs/cluster_27/042_cell_1761645765749_912349010008_13054_0000.jpg
27,/home/wangqianqian/project/FS/data/28gusui&pizang/03/03/cell_1761645786057_912349010008_14594_0100.png,thumbs/cluster_27/043_cell_1761645786057_912349010008_14594_0100.jpg
27,/home/wangqianqian/project/FS/data/28gusui&pizang/03/03/cell_1761645786790_912349010008_14644_0000.png,thumbs/cluster_27/044_cell_1761645786790_912349010008_14644_0000.jpg
27,/home/wangqianqian/project/FS/data/28gusui&pizang/03/04/cell_1761645876457_912349010008_21973_0000.png,thumbs/cluster_27/045_cell_1761645876457_912349010008_21973_0000.jpg
27,/home/wangqianqian/project/FS/data/28gusui&pizang/03/10/cell_1761646204424_912349010008_47648_0000.png,thumbs/cluster_27/046_cell_1761646204424_912349010008_47648_0000.jpg
27,/home/wangqianqian/project/FS/data/28gusui&pizang/03/05/cell_1761645954914_912349010008_28004_0000.png,thumbs/cluster_27/047_cell_1761645954914_912349010008_28004_0000.jpg
27,/home/wangqianqian/project/FS/data/28gusui&pizang/03/14/cell_1761646479423_912349010008_70773_0000.png,thumbs/cluster_27/048_cell_1761646479423_912349010008_70773_0000.jpg
27,/home/wangqianqian/project/FS/data/28gusui&pizang/03/10/cell_1761646233231_912349010008_50042_0100.png,thumbs/cluster_27/049_cell_1761646233231_912349010008_50042_0100.jpg
27,/home/wangqianqian/project/FS/data/28gusui&pizang/03/10/cell_1761646223795_912349010008_49286_0000.png,thumbs/cluster_27/050_cell_1761646223795_912349010008_49286_0000.jpg
27,/home/wangqianqian/project/FS/data/28gusui&pizang/03/18/cell_1761646688111_912349010008_88525_0000.png,thumbs/cluster_27/051_cell_1761646688111_912349010008_88525_0000.jpg
27,/home/wangqianqian/project/FS/data/28gusui&pizang/03/15/cell_1761646551457_912349010008_77044_0100.png,thumbs/cluster_27/052_cell_1761646551457_912349010008_77044_0100.jpg
27,/home/wangqianqian/project/FS/data/28gusui&pizang/03/11/cell_1761646269156_912349010008_52930_0100.png,thumbs/cluster_27/053_cell_1761646269156_912349010008_52930_0100.jpg
27,/home/wangqianqian/project/FS/data/28gusui&pizang/03/07/cell_1761646021142_912349010008_33575_0000.png,thumbs/cluster_27/054_cell_1761646021142_912349010008_33575_0000.jpg
27,/home/wangqianqian/project/FS/data/28gusui&pizang/03/02/cell_1761645775190_912349010008_13724_0000.png,thumbs/cluster_27/055_cell_1761645775190_912349010008_13724_0000.jpg
27,/home/wangqianqian/project/FS/data/28gusui&pizang/03/20/cell_1761646820993_912349010008_99389_0100.png,thumbs/cluster_27/056_cell_1761646820993_912349010008_99389_0100.jpg
27,/home/wangqianqian/project/FS/data/28gusui&pizang/03/09/cell_1761646195104_912349010008_46912_0100.png,thumbs/cluster_27/057_cell_1761646195104_912349010008_46912_0100.jpg
27,/home/wangqianqian/project/FS/data/28gusui&pizang/03/17/cell_1761646620049_912349010008_82464_0000.png,thumbs/cluster_27/058_cell_1761646620049_912349010008_82464_0000.jpg
27,/home/wangqianqian/project/FS/data/28gusui&pizang/03/02/cell_1761645779161_912349010008_14043_0100.png,thumbs/cluster_27/059_cell_1761645779161_912349010008_14043_0100.jpg
27,/home/wangqianqian/project/FS/data/28gusui&pizang/03/18/cell_1761646721398_912349010008_91097_0000.png,thumbs/cluster_27/060_cell_1761646721398_912349010008_91097_0000.jpg
27,/home/wangqianqian/project/FS/data/28gusui&pizang/03/20/cell_1761646825666_912349010008_99803_0100.png,thumbs/cluster_27/061_cell_1761646825666_912349010008_99803_0100.jpg
27,/home/wangqianqian/project/FS/data/28gusui&pizang/03/12/cell_1761646342248_912349010008_59174_0100.png,thumbs/cluster_27/062_cell_1761646342248_912349010008_59174_0100.jpg
27,/home/wangqianqian/project/FS/data/28gusui&pizang/03/12/cell_1761646327600_912349010008_58017_0000.png,thumbs/cluster_27/063_cell_1761646327600_912349010008_58017_0000.jpg
27,/home/wangqianqian/project/FS/data/28gusui&pizang/03/11/cell_1761646264904_912349010008_52591_0000.png,thumbs/cluster_27/064_cell_1761646264904_912349010008_52591_0000.jpg
27,/home/wangqianqian/project/FS/data/28gusui&pizang/03/19/cell_1761646797242_912349010008_97277_0000.png,thumbs/cluster_27/065_cell_1761646797242_912349010008_97277_0000.jpg
27,/home/wangqianqian/project/FS/data/28gusui&pizang/03/10/cell_1761646251806_912349010008_51568_0000.png,thumbs/cluster_27/066_cell_1761646251806_912349010008_51568_0000.jpg
27,/home/wangqianqian/project/FS/data/28gusui&pizang/03/10/cell_1761646235831_912349010008_50256_0100.png,thumbs/cluster_27/067_cell_1761646235831_912349010008_50256_0100.jpg
27,/home/wangqianqian/project/FS/data/28gusui&pizang/03/08/cell_1761646093597_912349010008_39445_0100.png,thumbs/cluster_27/068_cell_1761646093597_912349010008_39445_0100.jpg
27,/home/wangqianqian/project/FS/data/28gusui&pizang/03/13/cell_1761646409978_912349010008_64547_0100.png,thumbs/cluster_27/069_cell_1761646409978_912349010008_64547_0100.jpg
27,/home/wangqianqian/project/FS/data/28gusui&pizang/03/06/cell_1761645971046_912349010008_29299_0100.png,thumbs/cluster_27/070_cell_1761645971046_912349010008_29299_0100.jpg
27,/home/wangqianqian/project/FS/data/28gusui&pizang/03/07/cell_1761646061096_912349010008_37031_0000.png,thumbs/cluster_27/071_cell_1761646061096_912349010008_37031_0000.jpg
27,/home/wangqianqian/project/FS/data/28gusui&pizang/03/05/cell_1761645932993_912349010008_26242_0100.png,thumbs/cluster_27/072_cell_1761645932993_912349010008_26242_0100.jpg
27,/home/wangqianqian/project/FS/data/28gusui&pizang/03/11/cell_1761646276225_912349010008_53550_0000.png,thumbs/cluster_27/073_cell_1761646276225_912349010008_53550_0000.jpg
27,/home/wangqianqian/project/FS/data/28gusui&pizang/03/19/cell_1761646753377_912349010008_93737_0100.png,thumbs/cluster_27/074_cell_1761646753377_912349010008_93737_0100.jpg
27,/home/wangqianqian/project/FS/data/28gusui&pizang/03/07/cell_1761646041320_912349010008_35296_0000.png,thumbs/cluster_27/075_cell_1761646041320_912349010008_35296_0000.jpg
27,/home/wangqianqian/project/FS/data/28gusui&pizang/03/07/cell_1761646028301_912349010008_34194_0100.png,thumbs/cluster_27/076_cell_1761646028301_912349010008_34194_0100.jpg
27,/home/wangqianqian/project/FS/data/28gusui&pizang/03/18/cell_1761646701064_912349010008_89516_0000.png,thumbs/cluster_27/077_cell_1761646701064_912349010008_89516_0000.jpg
27,/home/wangqianqian/project/FS/data/28gusui&pizang/03/04/cell_1761645849814_912349010008_19625_0100.png,thumbs/cluster_27/078_cell_1761645849814_912349010008_19625_0100.jpg
27,/home/wangqianqian/project/FS/data/28gusui&pizang/03/20/cell_1761646854568_912349010008_102237_0000.png,thumbs/cluster_27/079_cell_1761646854568_912349010008_102237_0000.jpg
27,/home/wangqianqian/project/FS/data/28gusui&pizang/03/10/cell_1761646255078_912349010008_51808_0000.png,thumbs/cluster_27/080_cell_1761646255078_912349010008_51808_0000.jpg
27,/home/wangqianqian/project/FS/data/28gusui&pizang/03/16/cell_1761646565008_912349010008_78055_0100.png,thumbs/cluster_27/081_cell_1761646565008_912349010008_78055_0100.jpg
27,/home/wangqianqian/project/FS/data/28gusui&pizang/03/08/cell_1761646105873_912349010008_40384_0000.png,thumbs/cluster_27/082_cell_1761646105873_912349010008_40384_0000.jpg
27,/home/wangqianqian/project/FS/data/28gusui&pizang/03/03/cell_1761645805938_912349010008_16123_0000.png,thumbs/cluster_27/083_cell_1761645805938_912349010008_16123_0000.jpg
27,/home/wangqianqian/project/FS/data/28gusui&pizang/03/16/cell_1761646601352_912349010008_80893_0000.png,thumbs/cluster_27/084_cell_1761646601352_912349010008_80893_0000.jpg
27,/home/wangqianqian/project/FS/data/28gusui&pizang/03/18/cell_1761646720976_912349010008_91063_0000.png,thumbs/cluster_27/085_cell_1761646720976_912349010008_91063_0000.jpg
27,/home/wangqianqian/project/FS/data/28gusui&pizang/03/13/cell_1761646416387_912349010008_65066_0100.png,thumbs/cluster_27/086_cell_1761646416387_912349010008_65066_0100.jpg
27,/home/wangqianqian/project/FS/data/28gusui&pizang/03/06/cell_1761646019592_912349010008_33437_0000.png,thumbs/cluster_27/087_cell_1761646019592_912349010008_33437_0000.jpg
27,/home/wangqianqian/project/FS/data/28gusui&pizang/03/09/cell_1761646144203_912349010008_43091_0000.png,thumbs/cluster_27/088_cell_1761646144203_912349010008_43091_0000.jpg
27,/home/wangqianqian/project/FS/data/28gusui&pizang/03/16/cell_1761646575411_912349010008_78865_0000.png,thumbs/cluster_27/089_cell_1761646575411_912349010008_78865_0000.jpg
27,/home/wangqianqian/project/FS/data/28gusui&pizang/03/09/cell_1761646189596_912349010008_46530_0100.png,thumbs/cluster_27/090_cell_1761646189596_912349010008_46530_0100.jpg
27,/home/wangqianqian/project/FS/data/28gusui&pizang/03/03/cell_1761645795875_912349010008_15340_0000.png,thumbs/cluster_27/091_cell_1761645795875_912349010008_15340_0000.jpg
27,/home/wangqianqian/project/FS/data/28gusui&pizang/03/18/cell_1761646696357_912349010008_89168_0100.png,thumbs/cluster_27/092_cell_1761646696357_912349010008_89168_0100.jpg
27,/home/wangqianqian/project/FS/data/28gusui&pizang/03/06/cell_1761646008641_912349010008_32402_0100.png,thumbs/cluster_27/093_cell_1761646008641_912349010008_32402_0100.jpg
27,/home/wangqianqian/project/FS/data/28gusui&pizang/03/08/cell_1761646113231_912349010008_40919_0000.png,thumbs/cluster_27/094_cell_1761646113231_912349010008_40919_0000.jpg
27,/home/wangqianqian/project/FS/data/28gusui&pizang/03/20/cell_1761646827469_912349010008_99962_0000.png,thumbs/cluster_27/095_cell_1761646827469_912349010008_99962_0000.jpg
27,/home/wangqianqian/project/FS/data/28gusui&pizang/03/17/cell_1761646671347_912349010008_86965_0000.png,thumbs/cluster_27/096_cell_1761646671347_912349010008_86965_0000.jpg
27,/home/wangqianqian/project/FS/data/28gusui&pizang/03/20/cell_1761646810006_912349010008_98452_0100.png,thumbs/cluster_27/097_cell_1761646810006_912349010008_98452_0100.jpg
27,/home/wangqianqian/project/FS/data/28gusui&pizang/03/20/cell_1761646831676_912349010008_100319_0100.png,thumbs/cluster_27/098_cell_1761646831676_912349010008_100319_0100.jpg
27,/home/wangqianqian/project/FS/data/28gusui&pizang/03/04/cell_1761645899799_912349010008_23714_0100.png,thumbs/cluster_27/099_cell_1761645899799_912349010008_23714_0100.jpg
28,/home/wangqianqian/project/FS/data/28gusui&pizang/03/08/cell_1761646126998_912349010008_41914_0000.png,thumbs/cluster_28/000_cell_1761646126998_912349010008_41914_0000.jpg
28,/home/wangqianqian/project/FS/data/28gusui&pizang/03/10/cell_1761646245643_912349010008_51085_0000.png,thumbs/cluster_28/001_cell_1761646245643_912349010008_51085_0000.jpg
28,/home/wangqianqian/project/FS/data/28gusui&pizang/03/02/cell_1761645759037_912349010008_12609_0000.png,thumbs/cluster_28/002_cell_1761645759037_912349010008_12609_0000.jpg
28,/home/wangqianqian/project/FS/data/28gusui&pizang/03/16/cell_1761646577302_912349010008_79021_0000.png,thumbs/cluster_28/003_cell_1761646577302_912349010008_79021_0000.jpg
28,/home/wangqianqian/project/FS/data/28gusui&pizang/03/15/cell_1761646507553_912349010008_73446_0100.png,thumbs/cluster_28/004_cell_1761646507553_912349010008_73446_0100.jpg
28,/home/wangqianqian/project/FS/data/28gusui&pizang/03/15/cell_1761646519626_912349010008_74432_0100.png,thumbs/cluster_28/005_cell_1761646519626_912349010008_74432_0100.jpg
28,/home/wangqianqian/project/FS/data/28gusui&pizang/03/10/cell_1761646246202_912349010008_51141_0100.png,thumbs/cluster_28/006_cell_1761646246202_912349010008_51141_0100.jpg
28,/home/wangqianqian/project/FS/data/28gusui&pizang/03/15/cell_1761646533794_912349010008_75569_0100.png,thumbs/cluster_28/007_cell_1761646533794_912349010008_75569_0100.jpg
28,/home/wangqianqian/project/FS/data/28gusui&pizang/03/09/cell_1761646199094_912349010008_47246_0100.png,thumbs/cluster_28/008_cell_1761646199094_912349010008_47246_0100.jpg
28,/home/wangqianqian/project/FS/data/28gusui&pizang/03/03/cell_1761645785336_912349010008_14531_0000.png,thumbs/cluster_28/009_cell_1761645785336_912349010008_14531_0000.jpg
28,/home/wangqianqian/project/FS/data/28gusui&pizang/03/11/cell_1761646283223_912349010008_54174_0000.png,thumbs/cluster_28/010_cell_1761646283223_912349010008_54174_0000.jpg
28,/home/wangqianqian/project/FS/data/28gusui&pizang/03/08/cell_1761646126990_912349010008_41913_0000.png,thumbs/cluster_28/011_cell_1761646126990_912349010008_41913_0000.jpg
28,/home/wangqianqian/project/FS/data/28gusui&pizang/03/16/cell_1761646608717_912349010008_81498_0000.png,thumbs/cluster_28/012_cell_1761646608717_912349010008_81498_0000.jpg
28,/home/wangqianqian/project/FS/data/28gusui&pizang/03/07/cell_1761646052379_912349010008_36340_0000.png,thumbs/cluster_28/013_cell_1761646052379_912349010008_36340_0000.jpg
28,/home/wangqianqian/project/FS/data/28gusui&pizang/03/05/cell_1761645948454_912349010008_27499_0000.png,thumbs/cluster_28/014_cell_1761645948454_912349010008_27499_0000.jpg
28,/home/wangqianqian/project/FS/data/28gusui&pizang/03/14/cell_1761646473986_912349010008_70313_0000.png,thumbs/cluster_28/015_cell_1761646473986_912349010008_70313_0000.jpg
28,/home/wangqianqian/project/FS/data/28gusui&pizang/03/19/cell_1761646763697_912349010008_94542_0100.png,thumbs/cluster_28/016_cell_1761646763697_912349010008_94542_0100.jpg
28,/home/wangqianqian/project/FS/data/28gusui&pizang/03/21/cell_1761646875183_912349010008_103995_0100.png,thumbs/cluster_28/017_cell_1761646875183_912349010008_103995_0100.jpg
28,/home/wangqianqian/project/FS/data/28gusui&pizang/03/20/cell_1761646801423_912349010008_97695_0100.png,thumbs/cluster_28/018_cell_1761646801423_912349010008_97695_0100.jpg
28,/home/wangqianqian/project/FS/data/28gusui&pizang/03/17/cell_1761646649041_912349010008_85013_0000.png,thumbs/cluster_28/019_cell_1761646649041_912349010008_85013_0000.jpg
28,/home/wangqianqian/project/FS/data/28gusui&pizang/03/17/cell_1761646626982_912349010008_83064_0100.png,thumbs/cluster_28/020_cell_1761646626982_912349010008_83064_0100.jpg
28,/home/wangqianqian/project/FS/data/28gusui&pizang/03/14/cell_1761646476602_912349010008_70525_0100.png,thumbs/cluster_28/021_cell_1761646476602_912349010008_70525_0100.jpg
28,/home/wangqianqian/project/FS/data/28gusui&pizang/03/19/cell_1761646754569_912349010008_93837_0000.png,thumbs/cluster_28/022_cell_1761646754569_912349010008_93837_0000.jpg
28,/home/wangqianqian/project/FS/data/28gusui&pizang/03/04/cell_1761645899266_912349010008_23684_0000.png,thumbs/cluster_28/023_cell_1761645899266_912349010008_23684_0000.jpg
28,/home/wangqianqian/project/FS/data/28gusui&pizang/03/08/cell_1761646128382_912349010008_42023_0000.png,thumbs/cluster_28/024_cell_1761646128382_912349010008_42023_0000.jpg
28,/home/wangqianqian/project/FS/data/28gusui&pizang/03/14/cell_1761646445865_912349010008_67772_0000.png,thumbs/cluster_28/025_cell_1761646445865_912349010008_67772_0000.jpg
28,/home/wangqianqian/project/FS/data/28gusui&pizang/03/09/cell_1761646163940_912349010008_44613_0000.png,thumbs/cluster_28/026_cell_1761646163940_912349010008_44613_0000.jpg
28,/home/wangqianqian/project/FS/data/28gusui&pizang/03/02/cell_1761645753588_912349010008_12189_0000.png,thumbs/cluster_28/027_cell_1761645753588_912349010008_12189_0000.jpg
28,/home/wangqianqian/project/FS/data/28gusui&pizang/03/12/cell_1761646364989_912349010008_61095_0100.png,thumbs/cluster_28/028_cell_1761646364989_912349010008_61095_0100.jpg
28,/home/wangqianqian/project/FS/data/28gusui&pizang/03/06/cell_1761646018227_912349010008_33318_0100.png,thumbs/cluster_28/029_cell_1761646018227_912349010008_33318_0100.jpg
28,/home/wangqianqian/project/FS/data/28gusui&pizang/03/12/cell_1761646350346_912349010008_59861_0100.png,thumbs/cluster_28/030_cell_1761646350346_912349010008_59861_0100.jpg
28,/home/wangqianqian/project/FS/data/28gusui&pizang/03/21/cell_1761646898881_912349010008_105912_0000.png,thumbs/cluster_28/031_cell_1761646898881_912349010008_105912_0000.jpg
28,/home/wangqianqian/project/FS/data/28gusui&pizang/03/16/cell_1761646584983_912349010008_79547_0100.png,thumbs/cluster_28/032_cell_1761646584983_912349010008_79547_0100.jpg
28,/home/wangqianqian/project/FS/data/28gusui&pizang/03/06/cell_1761646017225_912349010008_33237_0100.png,thumbs/cluster_28/033_cell_1761646017225_912349010008_33237_0100.jpg
28,/home/wangqianqian/project/FS/data/28gusui&pizang/03/17/cell_1761646649214_912349010008_85037_0100.png,thumbs/cluster_28/034_cell_1761646649214_912349010008_85037_0100.jpg
28,/home/wangqianqian/project/FS/data/28gusui&pizang/03/21/cell_1761646873630_912349010008_103868_0100.png,thumbs/cluster_28/035_cell_1761646873630_912349010008_103868_0100.jpg
28,/home/wangqianqian/project/FS/data/28gusui&pizang/03/08/cell_1761646133556_912349010008_42369_0100.png,thumbs/cluster_28/036_cell_1761646133556_912349010008_42369_0100.jpg
28,/home/wangqianqian/project/FS/data/28gusui&pizang/03/13/cell_1761646405873_912349010008_64223_0100.png,thumbs/cluster_28/037_cell_1761646405873_912349010008_64223_0100.jpg
28,/home/wangqianqian/project/FS/data/28gusui&pizang/03/17/cell_1761646634108_912349010008_83686_0000.png,thumbs/cluster_28/038_cell_1761646634108_912349010008_83686_0000.jpg
28,/home/wangqianqian/project/FS/data/28gusui&pizang/03/10/cell_1761646233774_912349010008_50090_0100.png,thumbs/cluster_28/039_cell_1761646233774_912349010008_50090_0100.jpg
28,/home/wangqianqian/project/FS/data/28gusui&pizang/03/10/cell_1761646244926_912349010008_51021_0100.png,thumbs/cluster_28/040_cell_1761646244926_912349010008_51021_0100.jpg
28,/home/wangqianqian/project/FS/data/28gusui&pizang/03/15/cell_1761646508552_912349010008_73521_0100.png,thumbs/cluster_28/041_cell_1761646508552_912349010008_73521_0100.jpg
28,/home/wangqianqian/project/FS/data/28gusui&pizang/03/18/cell_1761646682107_912349010008_87928_0000.png,thumbs/cluster_28/042_cell_1761646682107_912349010008_87928_0000.jpg
28,/home/wangqianqian/project/FS/data/28gusui&pizang/03/16/cell_1761646602189_912349010008_80964_0000.png,thumbs/cluster_28/043_cell_1761646602189_912349010008_80964_0000.jpg
28,/home/wangqianqian/project/FS/data/28gusui&pizang/03/07/cell_1761646070688_912349010008_37729_0100.png,thumbs/cluster_28/044_cell_1761646070688_912349010008_37729_0100.jpg
28,/home/wangqianqian/project/FS/data/28gusui&pizang/03/11/cell_1761646291998_912349010008_54978_0000.png,thumbs/cluster_28/045_cell_1761646291998_912349010008_54978_0000.jpg
28,/home/wangqianqian/project/FS/data/28gusui&pizang/03/09/cell_1761646177239_912349010008_45548_0000.png,thumbs/cluster_28/046_cell_1761646177239_912349010008_45548_0000.jpg
28,/home/wangqianqian/project/FS/data/28gusui&pizang/03/12/cell_1761646351946_912349010008_60035_0000.png,thumbs/cluster_28/047_cell_1761646351946_912349010008_60035_0000.jpg
28,/home/wangqianqian/project/FS/data/28gusui&pizang/03/06/cell_1761645960606_912349010008_28433_0000.png,thumbs/cluster_28/048_cell_1761645960606_912349010008_28433_0000.jpg
28,/home/wangqianqian/project/FS/data/28gusui&pizang/03/04/cell_1761645876610_912349010008_21989_0100.png,thumbs/cluster_28/049_cell_1761645876610_912349010008_21989_0100.jpg
28,/home/wangqianqian/project/FS/data/28gusui&pizang/03/13/cell_1761646391998_912349010008_63185_0000.png,thumbs/cluster_28/050_cell_1761646391998_912349010008_63185_0000.jpg
28,/home/wangqianqian/project/FS/data/28gusui&pizang/03/07/cell_1761646041927_912349010008_35361_0000.png,thumbs/cluster_28/051_cell_1761646041927_912349010008_35361_0000.jpg
28,/home/wangqianqian/project/FS/data/28gusui&pizang/03/09/cell_1761646176629_912349010008_45496_0000.png,thumbs/cluster_28/052_cell_1761646176629_912349010008_45496_0000.jpg
28,/home/wangqianqian/project/FS/data/28gusui&pizang/03/11/cell_1761646265121_912349010008_52601_0000.png,thumbs/cluster_28/053_cell_1761646265121_912349010008_52601_0000.jpg
28,/home/wangqianqian/project/FS/data/28gusui&pizang/03/15/cell_1761646506602_912349010008_73372_0000.png,thumbs/cluster_28/054_cell_1761646506602_912349010008_73372_0000.jpg
28,/home/wangqianqian/project/FS/data/28gusui&pizang/03/21/cell_1761646877190_912349010008_104139_0000.png,thumbs/cluster_28/055_cell_1761646877190_912349010008_104139_0000.jpg
28,/home/wangqianqian/project/FS/data/28gusui&pizang/03/15/cell_1761646526801_912349010008_75043_0000.png,thumbs/cluster_28/056_cell_1761646526801_912349010008_75043_0000.jpg
28,/home/wangqianqian/project/FS/data/28gusui&pizang/03/17/cell_1761646627515_912349010008_83091_0100.png,thumbs/cluster_28/057_cell_1761646627515_912349010008_83091_0100.jpg
28,/home/wangqianqian/project/FS/data/28gusui&pizang/03/20/cell_1761646837416_912349010008_100752_0100.png,thumbs/cluster_28/058_cell_1761646837416_912349010008_100752_0100.jpg
28,/home/wangqianqian/project/FS/data/28gusui&pizang/03/17/cell_1761646622568_912349010008_82682_0000.png,thumbs/cluster_28/059_cell_1761646622568_912349010008_82682_0000.jpg
28,/home/wangqianqian/project/FS/data/28gusui&pizang/03/05/cell_1761645935249_912349010008_26413_0100.png,thumbs/cluster_28/060_cell_1761645935249_912349010008_26413_0100.jpg
28,/home/wangqianqian/project/FS/data/28gusui&pizang/03/04/cell_1761645852351_912349010008_19855_0000.png,thumbs/cluster_28/061_cell_1761645852351_912349010008_19855_0000.jpg
28,/home/wangqianqian/project/FS/data/28gusui&pizang/03/05/cell_1761645902980_912349010008_23957_0000.png,thumbs/cluster_28/062_cell_1761645902980_912349010008_23957_0000.jpg
28,/home/wangqianqian/project/FS/data/28gusui&pizang/03/15/cell_1761646521531_912349010008_74613_0100.png,thumbs/cluster_28/063_cell_1761646521531_912349010008_74613_0100.jpg
28,/home/wangqianqian/project/FS/data/28gusui&pizang/03/14/cell_1761646443206_912349010008_67525_0100.png,thumbs/cluster_28/064_cell_1761646443206_912349010008_67525_0100.jpg
28,/home/wangqianqian/project/FS/data/28gusui&pizang/03/17/cell_1761646660787_912349010008_86012_0000.png,thumbs/cluster_28/065_cell_1761646660787_912349010008_86012_0000.jpg
28,/home/wangqianqian/project/FS/data/28gusui&pizang/03/03/cell_1761645793408_912349010008_15153_0000.png,thumbs/cluster_28/066_cell_1761645793408_912349010008_15153_0000.jpg
28,/home/wangqianqian/project/FS/data/28gusui&pizang/03/09/cell_1761646153916_912349010008_43855_0000.png,thumbs/cluster_28/067_cell_1761646153916_912349010008_43855_0000.jpg
28,/home/wangqianqian/project/FS/data/28gusui&pizang/03/19/cell_1761646746953_912349010008_93242_0000.png,thumbs/cluster_28/068_cell_1761646746953_912349010008_93242_0000.jpg
28,/home/wangqianqian/project/FS/data/28gusui&pizang/03/19/cell_1761646742390_912349010008_92869_0000.png,thumbs/cluster_28/069_cell_1761646742390_912349010008_92869_0000.jpg
28,/home/wangqianqian/project/FS/data/28gusui&pizang/03/20/cell_1761646808351_912349010008_98316_0000.png,thumbs/cluster_28/070_cell_1761646808351_912349010008_98316_0000.jpg
28,/home/wangqianqian/project/FS/data/28gusui&pizang/03/01/cell_1761645697306_912349010008_8230_0100.png,thumbs/cluster_28/071_cell_1761645697306_912349010008_8230_0100.jpg
28,/home/wangqianqian/project/FS/data/28gusui&pizang/03/07/cell_1761646054901_912349010008_36546_0000.png,thumbs/cluster_28/072_cell_1761646054901_912349010008_36546_0000.jpg
28,/home/wangqianqian/project/FS/data/28gusui&pizang/03/06/cell_1761645980249_912349010008_30108_0100.png,thumbs/cluster_28/073_cell_1761645980249_912349010008_30108_0100.jpg
28,/home/wangqianqian/project/FS/data/28gusui&pizang/03/06/cell_1761645984759_912349010008_30486_0000.png,thumbs/cluster_28/074_cell_1761645984759_912349010008_30486_0000.jpg
28,/home/wangqianqian/project/FS/data/28gusui&pizang/03/11/cell_1761646294786_912349010008_55226_0000.png,thumbs/cluster_28/075_cell_1761646294786_912349010008_55226_0000.jpg
28,/home/wangqianqian/project/FS/data/28gusui&pizang/03/15/cell_1761646500104_912349010008_72830_0100.png,thumbs/cluster_28/076_cell_1761646500104_912349010008_72830_0100.jpg
28,/home/wangqianqian/project/FS/data/28gusui&pizang/03/17/cell_1761646668943_912349010008_86734_0000.png,thumbs/cluster_28/077_cell_1761646668943_912349010008_86734_0000.jpg
28,/home/wangqianqian/project/FS/data/28gusui&pizang/03/05/cell_1761645921027_912349010008_25289_0000.png,thumbs/cluster_28/078_cell_1761645921027_912349010008_25289_0000.jpg
28,/home/wangqianqian/project/FS/data/28gusui&pizang/03/12/cell_1761646324789_912349010008_57785_0000.png,thumbs/cluster_28/079_cell_1761646324789_912349010008_57785_0000.jpg
28,/home/wangqianqian/project/FS/data/28gusui&pizang/03/13/cell_1761646425367_912349010008_65865_0100.png,thumbs/cluster_28/080_cell_1761646425367_912349010008_65865_0100.jpg
28,/home/wangqianqian/project/FS/data/28gusui&pizang/03/07/cell_1761646023187_912349010008_33746_0000.png,thumbs/cluster_28/081_cell_1761646023187_912349010008_33746_0000.jpg
28,/home/wangqianqian/project/FS/data/28gusui&pizang/03/03/cell_1761645828042_912349010008_17868_0000.png,thumbs/cluster_28/082_cell_1761645828042_912349010008_17868_0000.jpg
28,/home/wangqianqian/project/FS/data/28gusui&pizang/03/21/cell_1761646889353_912349010008_105107_0100.png,thumbs/cluster_28/083_cell_1761646889353_912349010008_105107_0100.jpg
28,/home/wangqianqian/project/FS/data/28gusui&pizang/03/04/cell_1761645877442_912349010008_22064_0000.png,thumbs/cluster_28/084_cell_1761645877442_912349010008_22064_0000.jpg
28,/home/wangqianqian/project/FS/data/28gusui&pizang/03/08/cell_1761646134648_912349010008_42448_0100.png,thumbs/cluster_28/085_cell_1761646134648_912349010008_42448_0100.jpg
28,/home/wangqianqian/project/FS/data/28gusui&pizang/03/18/cell_1761646729727_912349010008_91832_0100.png,thumbs/cluster_28/086_cell_1761646729727_912349010008_91832_0100.jpg
28,/home/wangqianqian/project/FS/data/28gusui&pizang/03/12/cell_1761646366923_912349010008_61242_0000.png,thumbs/cluster_28/087_cell_1761646366923_912349010008_61242_0000.jpg
28,/home/wangqianqian/project/FS/data/28gusui&pizang/03/10/cell_1761646239487_912349010008_50563_0000.png,thumbs/cluster_28/088_cell_1761646239487_912349010008_50563_0000.jpg
28,/home/wangqianqian/project/FS/data/28gusui&pizang/03/10/cell_1761646249245_912349010008_51395_0000.png,thumbs/cluster_28/089_cell_1761646249245_912349010008_51395_0000.jpg
28,/home/wangqianqian/project/FS/data/28gusui&pizang/03/16/cell_1761646578079_912349010008_79081_0100.png,thumbs/cluster_28/090_cell_1761646578079_912349010008_79081_0100.jpg
28,/home/wangqianqian/project/FS/data/28gusui&pizang/03/08/cell_1761646098929_912349010008_39849_0000.png,thumbs/cluster_28/091_cell_1761646098929_912349010008_39849_0000.jpg
28,/home/wangqianqian/project/FS/data/28gusui&pizang/03/05/cell_1761645949338_912349010008_27584_0100.png,thumbs/cluster_28/092_cell_1761645949338_912349010008_27584_0100.jpg
28,/home/wangqianqian/project/FS/data/28gusui&pizang/03/11/cell_1761646291669_912349010008_54942_0000.png,thumbs/cluster_28/093_cell_1761646291669_912349010008_54942_0000.jpg
28,/home/wangqianqian/project/FS/data/28gusui&pizang/03/15/cell_1761646557175_912349010008_77499_0100.png,thumbs/cluster_28/094_cell_1761646557175_912349010008_77499_0100.jpg
28,/home/wangqianqian/project/FS/data/28gusui&pizang/03/14/cell_1761646485401_912349010008_71352_0000.png,thumbs/cluster_28/095_cell_1761646485401_912349010008_71352_0000.jpg
28,/home/wangqianqian/project/FS/data/28gusui&pizang/03/19/cell_1761646767693_912349010008_94868_0100.png,thumbs/cluster_28/096_cell_1761646767693_912349010008_94868_0100.jpg
28,/home/wangqianqian/project/FS/data/28gusui&pizang/03/10/cell_1761646258104_912349010008_52048_0000.png,thumbs/cluster_28/097_cell_1761646258104_912349010008_52048_0000.jpg
28,/home/wangqianqian/project/FS/data/28gusui&pizang/03/16/cell_1761646607080_912349010008_81390_0100.png,thumbs/cluster_28/098_cell_1761646607080_912349010008_81390_0100.jpg
28,/home/wangqianqian/project/FS/data/28gusui&pizang/03/02/cell_1761645753799_912349010008_12198_0100.png,thumbs/cluster_28/099_cell_1761645753799_912349010008_12198_0100.jpg
29,/home/wangqianqian/project/FS/data/28gusui&pizang/03/07/cell_1761646060062_912349010008_36951_0000.png,thumbs/cluster_29/000_cell_1761646060062_912349010008_36951_0000.jpg
29,/home/wangqianqian/project/FS/data/28gusui&pizang/03/02/cell_1761645778180_912349010008_13981_0100.png,thumbs/cluster_29/001_cell_1761645778180_912349010008_13981_0100.jpg
29,/home/wangqianqian/project/FS/data/28gusui&pizang/03/02/cell_1761645733277_912349010008_10670_0100.png,thumbs/cluster_29/002_cell_1761645733277_912349010008_10670_0100.jpg
29,/home/wangqianqian/project/FS/data/28gusui&pizang/03/17/cell_1761646635670_912349010008_83844_0100.png,thumbs/cluster_29/003_cell_1761646635670_912349010008_83844_0100.jpg
29,/home/wangqianqian/project/FS/data/28gusui&pizang/03/17/cell_1761646630007_912349010008_83314_0000.png,thumbs/cluster_29/004_cell_1761646630007_912349010008_83314_0000.jpg
29,/home/wangqianqian/project/FS/data/28gusui&pizang/03/18/cell_1761646736830_912349010008_92434_0100.png,thumbs/cluster_29/005_cell_1761646736830_912349010008_92434_0100.jpg
29,/home/wangqianqian/project/FS/data/28gusui&pizang/03/15/cell_1761646549090_912349010008_76856_0000.png,thumbs/cluster_29/006_cell_1761646549090_912349010008_76856_0000.jpg
29,/home/wangqianqian/project/FS/data/28gusui&pizang/03/09/cell_1761646184058_912349010008_46096_0000.png,thumbs/cluster_29/007_cell_1761646184058_912349010008_46096_0000.jpg
29,/home/wangqianqian/project/FS/data/28gusui&pizang/03/11/cell_1761646317412_912349010008_57196_0000.png,thumbs/cluster_29/008_cell_1761646317412_912349010008_57196_0000.jpg
29,/home/wangqianqian/project/FS/data/28gusui&pizang/03/13/cell_1761646419952_912349010008_65381_0000.png,thumbs/cluster_29/009_cell_1761646419952_912349010008_65381_0000.jpg
29,/home/wangqianqian/project/FS/data/28gusui&pizang/03/08/cell_1761646128662_912349010008_42042_0000.png,thumbs/cluster_29/010_cell_1761646128662_912349010008_42042_0000.jpg
29,/home/wangqianqian/project/FS/data/28gusui&pizang/03/19/cell_1761646769154_912349010008_95008_0000.png,thumbs/cluster_29/011_cell_1761646769154_912349010008_95008_0000.jpg
29,/home/wangqianqian/project/FS/data/28gusui&pizang/03/12/cell_1761646369421_912349010008_61441_0000.png,thumbs/cluster_29/012_cell_1761646369421_912349010008_61441_0000.jpg
29,/home/wangqianqian/project/FS/data/28gusui&pizang/03/05/cell_1761645959525_912349010008_28350_0100.png,thumbs/cluster_29/013_cell_1761645959525_912349010008_28350_0100.jpg
29,/home/wangqianqian/project/FS/data/28gusui&pizang/03/12/cell_1761646323382_912349010008_57652_0000.png,thumbs/cluster_29/014_cell_1761646323382_912349010008_57652_0000.jpg
29,/home/wangqianqian/project/FS/data/28gusui&pizang/03/03/cell_1761645834306_912349010008_18309_0000.png,thumbs/cluster_29/015_cell_1761645834306_912349010008_18309_0000.jpg
29,/home/wangqianqian/project/FS/data/28gusui&pizang/03/15/cell_1761646511034_912349010008_73725_0100.png,thumbs/cluster_29/016_cell_1761646511034_912349010008_73725_0100.jpg
29,/home/wangqianqian/project/FS/data/28gusui&pizang/03/15/cell_1761646520611_912349010008_74532_0100.png,thumbs/cluster_29/017_cell_1761646520611_912349010008_74532_0100.jpg
29,/home/wangqianqian/project/FS/data/28gusui&pizang/03/15/cell_1761646520149_912349010008_74497_0100.png,thumbs/cluster_29/018_cell_1761646520149_912349010008_74497_0100.jpg
29,/home/wangqianqian/project/FS/data/28gusui&pizang/03/21/cell_1761646916851_912349010008_107393_0100.png,thumbs/cluster_29/019_cell_1761646916851_912349010008_107393_0100.jpg
29,/home/wangqianqian/project/FS/data/28gusui&pizang/03/04/cell_1761645849131_912349010008_19553_0100.png,thumbs/cluster_29/020_cell_1761645849131_912349010008_19553_0100.jpg
29,/home/wangqianqian/project/FS/data/28gusui&pizang/03/21/cell_1761646913529_912349010008_107117_0000.png,thumbs/cluster_29/021_cell_1761646913529_912349010008_107117_0000.jpg
29,/home/wangqianqian/project/FS/data/28gusui&pizang/03/14/cell_1761646488189_912349010008_71652_0100.png,thumbs/cluster_29/022_cell_1761646488189_912349010008_71652_0100.jpg
29,/home/wangqianqian/project/FS/data/28gusui&pizang/03/03/cell_1761645798013_912349010008_15496_0100.png,thumbs/cluster_29/023_cell_1761645798013_912349010008_15496_0100.jpg
29,/home/wangqianqian/project/FS/data/28gusui&pizang/03/10/cell_1761646203931_912349010008_47616_0100.png,thumbs/cluster_29/024_cell_1761646203931_912349010008_47616_0100.jpg
29,/home/wangqianqian/project/FS/data/28gusui&pizang/03/09/cell_1761646174853_912349010008_45357_0000.png,thumbs/cluster_29/025_cell_1761646174853_912349010008_45357_0000.jpg
29,/home/wangqianqian/project/FS/data/28gusui&pizang/03/06/cell_1761646002709_912349010008_31916_0000.png,thumbs/cluster_29/026_cell_1761646002709_912349010008_31916_0000.jpg
29,/home/wangqianqian/project/FS/data/28gusui&pizang/03/02/cell_1761645727178_912349010008_10258_0100.png,thumbs/cluster_29/027_cell_1761645727178_912349010008_10258_0100.jpg
29,/home/wangqianqian/project/FS/data/28gusui&pizang/03/06/cell_1761646006112_912349010008_32212_0000.png,thumbs/cluster_29/028_cell_1761646006112_912349010008_32212_0000.jpg
29,/home/wangqianqian/project/FS/data/28gusui&pizang/03/13/cell_1761646395473_912349010008_63423_0000.png,thumbs/cluster_29/029_cell_1761646395473_912349010008_63423_0000.jpg
29,/home/wangqianqian/project/FS/data/28gusui&pizang/03/14/cell_1761646454185_912349010008_68540_0100.png,thumbs/cluster_29/030_cell_1761646454185_912349010008_68540_0100.jpg
29,/home/wangqianqian/project/FS/data/28gusui&pizang/03/17/cell_1761646657777_912349010008_85753_0100.png,thumbs/cluster_29/031_cell_1761646657777_912349010008_85753_0100.jpg
29,/home/wangqianqian/project/FS/data/28gusui&pizang/03/19/cell_1761646760461_912349010008_94289_0100.png,thumbs/cluster_29/032_cell_1761646760461_912349010008_94289_0100.jpg
29,/home/wangqianqian/project/FS/data/28gusui&pizang/03/11/cell_1761646275754_912349010008_53496_0000.png,thumbs/cluster_29/033_cell_1761646275754_912349010008_53496_0000.jpg
29,/home/wangqianqian/project/FS/data/28gusui&pizang/03/16/cell_1761646610138_912349010008_81601_0100.png,thumbs/cluster_29/034_cell_1761646610138_912349010008_81601_0100.jpg
29,/home/wangqianqian/project/FS/data/28gusui&pizang/03/06/cell_1761645991256_912349010008_30991_0000.png,thumbs/cluster_29/035_cell_1761645991256_912349010008_30991_0000.jpg
29,/home/wangqianqian/project/FS/data/28gusui&pizang/03/11/cell_1761646287364_912349010008_54549_0000.png,thumbs/cluster_29/036_cell_1761646287364_912349010008_54549_0000.jpg
29,/home/wangqianqian/project/FS/data/28gusui&pizang/03/04/cell_1761645841705_912349010008_18890_0000.png,thumbs/cluster_29/037_cell_1761645841705_912349010008_18890_0000.jpg
29,/home/wangqianqian/project/FS/data/28gusui&pizang/03/12/cell_1761646353146_912349010008_60130_0100.png,thumbs/cluster_29/038_cell_1761646353146_912349010008_60130_0100.jpg
29,/home/wangqianqian/project/FS/data/28gusui&pizang/03/19/cell_1761646793618_912349010008_96966_0000.png,thumbs/cluster_29/039_cell_1761646793618_912349010008_96966_0000.jpg
29,/home/wangqianqian/project/FS/data/28gusui&pizang/03/04/cell_1761645879501_912349010008_22257_0000.png,thumbs/cluster_29/040_cell_1761645879501_912349010008_22257_0000.jpg
29,/home/wangqianqian/project/FS/data/28gusui&pizang/03/14/cell_1761646474419_912349010008_70346_0100.png,thumbs/cluster_29/041_cell_1761646474419_912349010008_70346_0100.jpg
29,/home/wangqianqian/project/FS/data/28gusui&pizang/03/15/cell_1761646541570_912349010008_76227_0000.png,thumbs/cluster_29/042_cell_1761646541570_912349010008_76227_0000.jpg
29,/home/wangqianqian/project/FS/data/28gusui&pizang/03/21/cell_1761646892065_912349010008_105335_0100.png,thumbs/cluster_29/043_cell_1761646892065_912349010008_105335_0100.jpg
29,/home/wangqianqian/project/FS/data/28gusui&pizang/03/04/cell_1761645859715_912349010008_20521_0000.png,thumbs/cluster_29/044_cell_1761645859715_912349010008_20521_0000.jpg
29,/home/wangqianqian/project/FS/data/28gusui&pizang/03/06/cell_1761646008757_912349010008_32422_0000.png,thumbs/cluster_29/045_cell_1761646008757_912349010008_32422_0000.jpg
29,/home/wangqianqian/project/FS/data/28gusui&pizang/03/09/cell_1761646168515_912349010008_44939_0000.png,thumbs/cluster_29/046_cell_1761646168515_912349010008_44939_0000.jpg
29,/home/wangqianqian/project/FS/data/28gusui&pizang/03/16/cell_1761646618172_912349010008_82299_0000.png,thumbs/cluster_29/047_cell_1761646618172_912349010008_82299_0000.jpg
29,/home/wangqianqian/project/FS/data/28gusui&pizang/03/17/cell_1761646653970_912349010008_85423_0100.png,thumbs/cluster_29/048_cell_1761646653970_912349010008_85423_0100.jpg
29,/home/wangqianqian/project/FS/data/28gusui&pizang/03/06/cell_1761646006055_912349010008_32205_0000.png,thumbs/cluster_29/049_cell_1761646006055_912349010008_32205_0000.jpg
29,/home/wangqianqian/project/FS/data/28gusui&pizang/03/10/cell_1761646254635_912349010008_51775_0100.png,thumbs/cluster_29/050_cell_1761646254635_912349010008_51775_0100.jpg
29,/home/wangqianqian/project/FS/data/28gusui&pizang/03/07/cell_1761646076762_912349010008_38137_0000.png,thumbs/cluster_29/051_cell_1761646076762_912349010008_38137_0000.jpg
29,/home/wangqianqian/project/FS/data/28gusui&pizang/03/05/cell_1761645925570_912349010008_25703_0000.png,thumbs/cluster_29/052_cell_1761645925570_912349010008_25703_0000.jpg
29,/home/wangqianqian/project/FS/data/28gusui&pizang/03/21/cell_1761646874618_912349010008_103944_0000.png,thumbs/cluster_29/053_cell_1761646874618_912349010008_103944_0000.jpg
29,/home/wangqianqian/project/FS/data/28gusui&pizang/03/18/cell_1761646700348_912349010008_89466_0000.png,thumbs/cluster_29/054_cell_1761646700348_912349010008_89466_0000.jpg
29,/home/wangqianqian/project/FS/data/28gusui&pizang/03/03/cell_1761645780344_912349010008_14139_0100.png,thumbs/cluster_29/055_cell_1761645780344_912349010008_14139_0100.jpg
29,/home/wangqianqian/project/FS/data/28gusui&pizang/03/17/cell_1761646679438_912349010008_87716_0000.png,thumbs/cluster_29/056_cell_1761646679438_912349010008_87716_0000.jpg
29,/home/wangqianqian/project/FS/data/28gusui&pizang/03/03/cell_1761645828663_912349010008_17919_0000.png,thumbs/cluster_29/057_cell_1761645828663_912349010008_17919_0000.jpg
29,/home/wangqianqian/project/FS/data/28gusui&pizang/03/11/cell_1761646316338_912349010008_57085_0100.png,thumbs/cluster_29/058_cell_1761646316338_912349010008_57085_0100.jpg
29,/home/wangqianqian/project/FS/data/28gusui&pizang/03/18/cell_1761646711210_912349010008_90295_0100.png,thumbs/cluster_29/059_cell_1761646711210_912349010008_90295_0100.jpg
29,/home/wangqianqian/project/FS/data/28gusui&pizang/03/21/cell_1761646905059_912349010008_106380_0000.png,thumbs/cluster_29/060_cell_1761646905059_912349010008_106380_0000.jpg
29,/home/wangqianqian/project/FS/data/28gusui&pizang/03/10/cell_1761646231241_912349010008_49868_0100.png,thumbs/cluster_29/061_cell_1761646231241_912349010008_49868_0100.jpg
29,/home/wangqianqian/project/FS/data/28gusui&pizang/03/19/cell_1761646744342_912349010008_93038_0100.png,thumbs/cluster_29/062_cell_1761646744342_912349010008_93038_0100.jpg
29,/home/wangqianqian/project/FS/data/28gusui&pizang/03/20/cell_1761646820956_912349010008_99385_0100.png,thumbs/cluster_29/063_cell_1761646820956_912349010008_99385_0100.jpg
29,/home/wangqianqian/project/FS/data/28gusui&pizang/03/02/cell_1761645778547_912349010008_14000_0000.png,thumbs/cluster_29/064_cell_1761645778547_912349010008_14000_0000.jpg
29,/home/wangqianqian/project/FS/data/28gusui&pizang/03/15/cell_1761646533333_912349010008_75531_0000.png,thumbs/cluster_29/065_cell_1761646533333_912349010008_75531_0000.jpg
29,/home/wangqianqian/project/FS/data/28gusui&pizang/03/15/cell_1761646521010_912349010008_74567_0100.png,thumbs/cluster_29/066_cell_1761646521010_912349010008_74567_0100.jpg
29,/home/wangqianqian/project/FS/data/28gusui&pizang/03/17/cell_1761646660093_912349010008_85959_0100.png,thumbs/cluster_29/067_cell_1761646660093_912349010008_85959_0100.jpg
29,/home/wangqianqian/project/FS/data/28gusui&pizang/03/01/cell_1761645690855_912349010008_7898_0100.png,thumbs/cluster_29/068_cell_1761645690855_912349010008_7898_0100.jpg
29,/home/wangqianqian/project/FS/data/28gusui&pizang/03/06/cell_1761645984496_912349010008_30466_0000.png,thumbs/cluster_29/069_cell_1761645984496_912349010008_30466_0000.jpg
29,/home/wangqianqian/project/FS/data/28gusui&pizang/03/09/cell_1761646178406_912349010008_45631_0000.png,thumbs/cluster_29/070_cell_1761646178406_912349010008_45631_0000.jpg
29,/home/wangqianqian/project/FS/data/28gusui&pizang/03/07/cell_1761646046852_912349010008_35775_0100.png,thumbs/cluster_29/071_cell_1761646046852_912349010008_35775_0100.jpg
29,/home/wangqianqian/project/FS/data/28gusui&pizang/03/19/cell_1761646787784_912349010008_96483_0100.png,thumbs/cluster_29/072_cell_1761646787784_912349010008_96483_0100.jpg
29,/home/wangqianqian/project/FS/data/28gusui&pizang/03/06/cell_1761646008555_912349010008_32394_0100.png,thumbs/cluster_29/073_cell_1761646008555_912349010008_32394_0100.jpg
29,/home/wangqianqian/project/FS/data/28gusui&pizang/03/14/cell_1761646474904_912349010008_70401_0100.png,thumbs/cluster_29/074_cell_1761646474904_912349010008_70401_0100.jpg
29,/home/wangqianqian/project/FS/data/28gusui&pizang/03/16/cell_1761646584870_912349010008_79538_0100.png,thumbs/cluster_29/075_cell_1761646584870_912349010008_79538_0100.jpg
29,/home/wangqianqian/project/FS/data/28gusui&pizang/03/11/cell_1761646299583_912349010008_55679_0000.png,thumbs/cluster_29/076_cell_1761646299583_912349010008_55679_0000.jpg
29,/home/wangqianqian/project/FS/data/28gusui&pizang/03/17/cell_1761646632252_912349010008_83529_0000.png,thumbs/cluster_29/077_cell_1761646632252_912349010008_83529_0000.jpg
29,/home/wangqianqian/project/FS/data/28gusui&pizang/03/19/cell_1761646781785_912349010008_96025_0100.png,thumbs/cluster_29/078_cell_1761646781785_912349010008_96025_0100.jpg
29,/home/wangqianqian/project/FS/data/28gusui&pizang/03/02/cell_1761645745826_912349010008_11620_0000.png,thumbs/cluster_29/079_cell_1761645745826_912349010008_11620_0000.jpg
29,/home/wangqianqian/project/FS/data/28gusui&pizang/03/05/cell_1761645904894_912349010008_24111_0000.png,thumbs/cluster_29/080_cell_1761645904894_912349010008_24111_0000.jpg
29,/home/wangqianqian/project/FS/data/28gusui&pizang/03/18/cell_1761646709856_912349010008_90186_0000.png,thumbs/cluster_29/081_cell_1761646709856_912349010008_90186_0000.jpg
29,/home/wangqianqian/project/FS/data/28gusui&pizang/03/11/cell_1761646275855_912349010008_53505_0100.png,thumbs/cluster_29/082_cell_1761646275855_912349010008_53505_0100.jpg
29,/home/wangqianqian/project/FS/data/28gusui&pizang/03/04/cell_1761645850666_912349010008_19709_0000.png,thumbs/cluster_29/083_cell_1761645850666_912349010008_19709_0000.jpg
29,/home/wangqianqian/project/FS/data/28gusui&pizang/03/10/cell_1761646255784_912349010008_51878_0000.png,thumbs/cluster_29/084_cell_1761646255784_912349010008_51878_0000.jpg
29,/home/wangqianqian/project/FS/data/28gusui&pizang/03/03/cell_1761645805409_912349010008_16086_0000.png,thumbs/cluster_29/085_cell_1761645805409_912349010008_16086_0000.jpg
29,/home/wangqianqian/project/FS/data/28gusui&pizang/03/17/cell_1761646662531_912349010008_86147_0100.png,thumbs/cluster_29/086_cell_1761646662531_912349010008_86147_0100.jpg
29,/home/wangqianqian/project/FS/data/28gusui&pizang/03/20/cell_1761646814432_912349010008_98852_0100.png,thumbs/cluster_29/087_cell_1761646814432_912349010008_98852_0100.jpg
29,/home/wangqianqian/project/FS/data/28gusui&pizang/03/21/cell_1761646886056_912349010008_104859_0000.png,thumbs/cluster_29/088_cell_1761646886056_912349010008_104859_0000.jpg
29,/home/wangqianqian/project/FS/data/28gusui&pizang/03/03/cell_1761645782600_912349010008_14312_0000.png,thumbs/cluster_29/089_cell_1761645782600_912349010008_14312_0000.jpg
29,/home/wangqianqian/project/FS/data/28gusui&pizang/03/07/cell_1761646029771_912349010008_34322_0000.png,thumbs/cluster_29/090_cell_1761646029771_912349010008_34322_0000.jpg
29,/home/wangqianqian/project/FS/data/28gusui&pizang/03/04/cell_1761645860289_912349010008_20567_0100.png,thumbs/cluster_29/091_cell_1761645860289_912349010008_20567_0100.jpg
29,/home/wangqianqian/project/FS/data/28gusui&pizang/03/13/cell_1761646439472_912349010008_67190_0000.png,thumbs/cluster_29/092_cell_1761646439472_912349010008_67190_0000.jpg
29,/home/wangqianqian/project/FS/data/28gusui&pizang/03/21/cell_1761646899522_912349010008_105976_0000.png,thumbs/cluster_29/093_cell_1761646899522_912349010008_105976_0000.jpg
29,/home/wangqianqian/project/FS/data/28gusui&pizang/03/16/cell_1761646599820_912349010008_80752_0100.png,thumbs/cluster_29/094_cell_1761646599820_912349010008_80752_0100.jpg
29,/home/wangqianqian/project/FS/data/28gusui&pizang/03/03/cell_1761645782698_912349010008_14321_0000.png,thumbs/cluster_29/095_cell_1761645782698_912349010008_14321_0000.jpg
29,/home/wangqianqian/project/FS/data/28gusui&pizang/03/01/cell_1761645714180_912349010008_9284_0100.png,thumbs/cluster_29/096_cell_1761645714180_912349010008_9284_0100.jpg
29,/home/wangqianqian/project/FS/data/28gusui&pizang/03/05/cell_1761645925544_912349010008_25695_0100.png,thumbs/cluster_29/097_cell_1761645925544_912349010008_25695_0100.jpg
29,/home/wangqianqian/project/FS/data/28gusui&pizang/03/12/cell_1761646348652_912349010008_59717_0000.png,thumbs/cluster_29/098_cell_1761646348652_912349010008_59717_0000.jpg
29,/home/wangqianqian/project/FS/data/28gusui&pizang/03/02/cell_1761645762464_912349010008_12844_0100.png,thumbs/cluster_29/099_cell_1761645762464_912349010008_12844_0100.jpg
30,/home/wangqianqian/project/FS/data/28gusui&pizang/03/19/cell_1761646797191_912349010008_97274_0100.png,thumbs/cluster_30/000_cell_1761646797191_912349010008_97274_0100.jpg
30,/home/wangqianqian/project/FS/data/28gusui&pizang/03/14/cell_1761646479434_912349010008_70776_0100.png,thumbs/cluster_30/001_cell_1761646479434_912349010008_70776_0100.jpg
30,/home/wangqianqian/project/FS/data/28gusui&pizang/03/05/cell_1761645957745_912349010008_28217_0000.png,thumbs/cluster_30/002_cell_1761645957745_912349010008_28217_0000.jpg
30,/home/wangqianqian/project/FS/data/28gusui&pizang/03/21/cell_1761646870549_912349010008_103628_0000.png,thumbs/cluster_30/003_cell_1761646870549_912349010008_103628_0000.jpg
30,/home/wangqianqian/project/FS/data/28gusui&pizang/03/11/cell_1761646282176_912349010008_54070_0100.png,thumbs/cluster_30/004_cell_1761646282176_912349010008_54070_0100.jpg
30,/home/wangqianqian/project/FS/data/28gusui&pizang/03/19/cell_1761646795021_912349010008_97093_0100.png,thumbs/cluster_30/005_cell_1761646795021_912349010008_97093_0100.jpg
30,/home/wangqianqian/project/FS/data/28gusui&pizang/03/02/cell_1761645766283_912349010008_13094_0000.png,thumbs/cluster_30/006_cell_1761645766283_912349010008_13094_0000.jpg
30,/home/wangqianqian/project/FS/data/28gusui&pizang/03/14/cell_1761646491905_912349010008_72024_0000.png,thumbs/cluster_30/007_cell_1761646491905_912349010008_72024_0000.jpg
30,/home/wangqianqian/project/FS/data/28gusui&pizang/03/08/cell_1761646129613_912349010008_42103_0000.png,thumbs/cluster_30/008_cell_1761646129613_912349010008_42103_0000.jpg
30,/home/wangqianqian/project/FS/data/28gusui&pizang/03/20/cell_1761646837293_912349010008_100745_0100.png,thumbs/cluster_30/009_cell_1761646837293_912349010008_100745_0100.jpg
30,/home/wangqianqian/project/FS/data/28gusui&pizang/03/10/cell_1761646202129_912349010008_47483_0000.png,thumbs/cluster_30/010_cell_1761646202129_912349010008_47483_0000.jpg
30,/home/wangqianqian/project/FS/data/28gusui&pizang/03/05/cell_1761645919552_912349010008_25191_0100.png,thumbs/cluster_30/011_cell_1761645919552_912349010008_25191_0100.jpg
30,/home/wangqianqian/project/FS/data/28gusui&pizang/03/09/cell_1761646155907_912349010008_44004_0000.png,thumbs/cluster_30/012_cell_1761646155907_912349010008_44004_0000.jpg
30,/home/wangqianqian/project/FS/data/28gusui&pizang/03/07/cell_1761646062759_912349010008_37160_0100.png,thumbs/cluster_30/013_cell_1761646062759_912349010008_37160_0100.jpg
30,/home/wangqianqian/project/FS/data/28gusui&pizang/03/12/cell_1761646375605_912349010008_61941_0000.png,thumbs/cluster_30/014_cell_1761646375605_912349010008_61941_0000.jpg
30,/home/wangqianqian/project/FS/data/28gusui&pizang/03/13/cell_1761646428690_912349010008_66234_0100.png,thumbs/cluster_30/015_cell_1761646428690_912349010008_66234_0100.jpg
30,/home/wangqianqian/project/FS/data/28gusui&pizang/03/04/cell_1761645844982_912349010008_19157_0100.png,thumbs/cluster_30/016_cell_1761645844982_912349010008_19157_0100.jpg
30,/home/wangqianqian/project/FS/data/28gusui&pizang/03/14/cell_1761646450922_912349010008_68260_0000.png,thumbs/cluster_30/017_cell_1761646450922_912349010008_68260_0000.jpg
30,/home/wangqianqian/project/FS/data/28gusui&pizang/03/19/cell_1761646785588_912349010008_96313_0000.png,thumbs/cluster_30/018_cell_1761646785588_912349010008_96313_0000.jpg
30,/home/wangqianqian/project/FS/data/28gusui&pizang/03/04/cell_1761645873386_912349010008_21698_0100.png,thumbs/cluster_30/019_cell_1761645873386_912349010008_21698_0100.jpg
30,/home/wangqianqian/project/FS/data/28gusui&pizang/03/15/cell_1761646511213_912349010008_73738_0000.png,thumbs/cluster_30/020_cell_1761646511213_912349010008_73738_0000.jpg
30,/home/wangqianqian/project/FS/data/28gusui&pizang/03/17/cell_1761646635623_912349010008_83840_0100.png,thumbs/cluster_30/021_cell_1761646635623_912349010008_83840_0100.jpg
30,/home/wangqianqian/project/FS/data/28gusui&pizang/03/19/cell_1761646758226_912349010008_94120_0000.png,thumbs/cluster_30/022_cell_1761646758226_912349010008_94120_0000.jpg
30,/home/wangqianqian/project/FS/data/28gusui&pizang/03/11/cell_1761646299219_912349010008_55655_0000.png,thumbs/cluster_30/023_cell_1761646299219_912349010008_55655_0000.jpg
30,/home/wangqianqian/project/FS/data/28gusui&pizang/03/05/cell_1761645931870_912349010008_26148_0000.png,thumbs/cluster_30/024_cell_1761645931870_912349010008_26148_0000.jpg
30,/home/wangqianqian/project/FS/data/28gusui&pizang/03/17/cell_1761646632153_912349010008_83523_0000.png,thumbs/cluster_30/025_cell_1761646632153_912349010008_83523_0000.jpg
30,/home/wangqianqian/project/FS/data/28gusui&pizang/03/21/cell_1761646876533_912349010008_104097_0000.png,thumbs/cluster_30/026_cell_1761646876533_912349010008_104097_0000.jpg
30,/home/wangqianqian/project/FS/data/28gusui&pizang/03/15/cell_1761646520332_912349010008_74517_0000.png,thumbs/cluster_30/027_cell_1761646520332_912349010008_74517_0000.jpg
30,/home/wangqianqian/project/FS/data/28gusui&pizang/03/13/cell_1761646391510_912349010008_63150_0100.png,thumbs/cluster_30/028_cell_1761646391510_912349010008_63150_0100.jpg
30,/home/wangqianqian/project/FS/data/28gusui&pizang/03/18/cell_1761646736659_912349010008_92416_0000.png,thumbs/cluster_30/029_cell_1761646736659_912349010008_92416_0000.jpg
30,/home/wangqianqian/project/FS/data/28gusui&pizang/03/07/cell_1761646029564_912349010008_34305_0100.png,thumbs/cluster_30/030_cell_1761646029564_912349010008_34305_0100.jpg
30,/home/wangqianqian/project/FS/data/28gusui&pizang/03/03/cell_1761645789901_912349010008_14897_0100.png,thumbs/cluster_30/031_cell_1761645789901_912349010008_14897_0100.jpg
30,/home/wangqianqian/project/FS/data/28gusui&pizang/03/06/cell_1761645978457_912349010008_29949_0100.png,thumbs/cluster_30/032_cell_1761645978457_912349010008_29949_0100.jpg
30,/home/wangqianqian/project/FS/data/28gusui&pizang/03/18/cell_1761646704573_912349010008_89777_0000.png,thumbs/cluster_30/033_cell_1761646704573_912349010008_89777_0000.jpg
30,/home/wangqianqian/project/FS/data/28gusui&pizang/03/19/cell_1761646787255_912349010008_96447_0000.png,thumbs/cluster_30/034_cell_1761646787255_912349010008_96447_0000.jpg
30,/home/wangqianqian/project/FS/data/28gusui&pizang/03/04/cell_1761645849238_912349010008_19560_0100.png,thumbs/cluster_30/035_cell_1761645849238_912349010008_19560_0100.jpg
30,/home/wangqianqian/project/FS/data/28gusui&pizang/03/10/cell_1761646201300_912349010008_47423_0000.png,thumbs/cluster_30/036_cell_1761646201300_912349010008_47423_0000.jpg
30,/home/wangqianqian/project/FS/data/28gusui&pizang/03/03/cell_1761645819084_912349010008_17136_0100.png,thumbs/cluster_30/037_cell_1761645819084_912349010008_17136_0100.jpg
30,/home/wangqianqian/project/FS/data/28gusui&pizang/03/20/cell_1761646829721_912349010008_100142_0000.png,thumbs/cluster_30/038_cell_1761646829721_912349010008_100142_0000.jpg
30,/home/wangqianqian/project/FS/data/28gusui&pizang/03/17/cell_1761646624142_912349010008_82798_0000.png,thumbs/cluster_30/039_cell_1761646624142_912349010008_82798_0000.jpg
30,/home/wangqianqian/project/FS/data/28gusui&pizang/03/19/cell_1761646788789_912349010008_96577_0100.png,thumbs/cluster_30/040_cell_1761646788789_912349010008_96577_0100.jpg
30,/home/wangqianqian/project/FS/data/28gusui&pizang/03/09/cell_1761646199235_912349010008_47250_0000.png,thumbs/cluster_30/041_cell_1761646199235_912349010008_47250_0000.jpg
30,/home/wangqianqian/project/FS/data/28gusui&pizang/03/12/cell_1761646328828_912349010008_58118_0000.png,thumbs/cluster_30/042_cell_1761646328828_912349010008_58118_0000.jpg
30,/home/wangqianqian/project/FS/data/28gusui&pizang/03/14/cell_1761646494267_912349010008_72258_0100.png,thumbs/cluster_30/043_cell_1761646494267_912349010008_72258_0100.jpg
30,/home/wangqianqian/project/FS/data/28gusui&pizang/03/15/cell_1761646534557_912349010008_75620_0000.png,thumbs/cluster_30/044_cell_1761646534557_912349010008_75620_0000.jpg
30,/home/wangqianqian/project/FS/data/28gusui&pizang/03/12/cell_1761646351757_912349010008_60005_0000.png,thumbs/cluster_30/045_cell_1761646351757_912349010008_60005_0000.jpg
30,/home/wangqianqian/project/FS/data/28gusui&pizang/03/18/cell_1761646693586_912349010008_88974_0100.png,thumbs/cluster_30/046_cell_1761646693586_912349010008_88974_0100.jpg
30,/home/wangqianqian/project/FS/data/28gusui&pizang/03/01/cell_1761645707706_912349010008_8883_0100.png,thumbs/cluster_30/047_cell_1761645707706_912349010008_8883_0100.jpg
30,/home/wangqianqian/project/FS/data/28gusui&pizang/03/14/cell_1761646440656_912349010008_67293_0000.png,thumbs/cluster_30/048_cell_1761646440656_912349010008_67293_0000.jpg
30,/home/wangqianqian/project/FS/data/28gusui&pizang/03/20/cell_1761646846448_912349010008_101500_0100.png,thumbs/cluster_30/049_cell_1761646846448_912349010008_101500_0100.jpg
30,/home/wangqianqian/project/FS/data/28gusui&pizang/03/13/cell_1761646404116_912349010008_64083_0000.png,thumbs/cluster_30/050_cell_1761646404116_912349010008_64083_0000.jpg
30,/home/wangqianqian/project/FS/data/28gusui&pizang/03/02/cell_1761645779878_912349010008_14108_0100.png,thumbs/cluster_30/051_cell_1761645779878_912349010008_14108_0100.jpg
30,/home/wangqianqian/project/FS/data/28gusui&pizang/03/08/cell_1761646104796_912349010008_40300_0000.png,thumbs/cluster_30/052_cell_1761646104796_912349010008_40300_0000.jpg
30,/home/wangqianqian/project/FS/data/28gusui&pizang/03/09/cell_1761646167752_912349010008_44885_0000.png,thumbs/cluster_30/053_cell_1761646167752_912349010008_44885_0000.jpg
30,/home/wangqianqian/project/FS/data/28gusui&pizang/03/07/cell_1761646078345_912349010008_38246_0000.png,thumbs/cluster_30/054_cell_1761646078345_912349010008_38246_0000.jpg
30,/home/wangqianqian/project/FS/data/28gusui&pizang/03/02/cell_1761645768443_912349010008_13241_0100.png,thumbs/cluster_30/055_cell_1761645768443_912349010008_13241_0100.jpg
30,/home/wangqianqian/project/FS/data/28gusui&pizang/03/11/cell_1761646301991_912349010008_55884_0000.png,thumbs/cluster_30/056_cell_1761646301991_912349010008_55884_0000.jpg
30,/home/wangqianqian/project/FS/data/28gusui&pizang/03/17/cell_1761646646264_912349010008_84762_0000.png,thumbs/cluster_30/057_cell_1761646646264_912349010008_84762_0000.jpg
30,/home/wangqianqian/project/FS/data/28gusui&pizang/03/13/cell_1761646407154_912349010008_64322_0000.png,thumbs/cluster_30/058_cell_1761646407154_912349010008_64322_0000.jpg
30,/home/wangqianqian/project/FS/data/28gusui&pizang/03/11/cell_1761646301501_912349010008_55846_0100.png,thumbs/cluster_30/059_cell_1761646301501_912349010008_55846_0100.jpg
30,/home/wangqianqian/project/FS/data/28gusui&pizang/03/21/cell_1761646901770_912349010008_106160_0000.png,thumbs/cluster_30/060_cell_1761646901770_912349010008_106160_0000.jpg
30,/home/wangqianqian/project/FS/data/28gusui&pizang/03/11/cell_1761646314814_912349010008_56957_0100.png,thumbs/cluster_30/061_cell_1761646314814_912349010008_56957_0100.jpg
30,/home/wangqianqian/project/FS/data/28gusui&pizang/03/15/cell_1761646531190_912349010008_75374_0100.png,thumbs/cluster_30/062_cell_1761646531190_912349010008_75374_0100.jpg
30,/home/wangqianqian/project/FS/data/28gusui&pizang/03/16/cell_1761646573388_912349010008_78706_0000.png,thumbs/cluster_30/063_cell_1761646573388_912349010008_78706_0000.jpg
30,/home/wangqianqian/project/FS/data/28gusui&pizang/03/15/cell_1761646552616_912349010008_77125_0000.png,thumbs/cluster_30/064_cell_1761646552616_912349010008_77125_0000.jpg
30,/home/wangqianqian/project/FS/data/28gusui&pizang/03/18/cell_1761646686525_912349010008_88379_0000.png,thumbs/cluster_30/065_cell_1761646686525_912349010008_88379_0000.jpg
30,/home/wangqianqian/project/FS/data/28gusui&pizang/03/21/cell_1761646878901_912349010008_104282_0000.png,thumbs/cluster_30/066_cell_1761646878901_912349010008_104282_0000.jpg
30,/home/wangqianqian/project/FS/data/28gusui&pizang/03/02/cell_1761645747325_912349010008_11719_0000.png,thumbs/cluster_30/067_cell_1761645747325_912349010008_11719_0000.jpg
30,/home/wangqianqian/project/FS/data/28gusui&pizang/03/21/cell_1761646872646_912349010008_103798_0100.png,thumbs/cluster_30/068_cell_1761646872646_912349010008_103798_0100.jpg
30,/home/wangqianqian/project/FS/data/28gusui&pizang/03/20/cell_1761646829917_912349010008_100157_0100.png,thumbs/cluster_30/069_cell_1761646829917_912349010008_100157_0100.jpg
30,/home/wangqianqian/project/FS/data/28gusui&pizang/03/01/cell_1761645708208_912349010008_8920_0100.png,thumbs/cluster_30/070_cell_1761645708208_912349010008_8920_0100.jpg
30,/home/wangqianqian/project/FS/data/28gusui&pizang/03/17/cell_1761646671432_912349010008_86976_0100.png,thumbs/cluster_30/071_cell_1761646671432_912349010008_86976_0100.jpg
30,/home/wangqianqian/project/FS/data/28gusui&pizang/03/16/cell_1761646581200_912349010008_79299_0000.png,thumbs/cluster_30/072_cell_1761646581200_912349010008_79299_0000.jpg
30,/home/wangqianqian/project/FS/data/28gusui&pizang/03/15/cell_1761646550720_912349010008_76991_0000.png,thumbs/cluster_30/073_cell_1761646550720_912349010008_76991_0000.jpg
30,/home/wangqianqian/project/FS/data/28gusui&pizang/03/14/cell_1761646459939_912349010008_69069_0000.png,thumbs/cluster_30/074_cell_1761646459939_912349010008_69069_0000.jpg
30,/home/wangqianqian/project/FS/data/28gusui&pizang/03/07/cell_1761646026933_912349010008_34059_0100.png,thumbs/cluster_30/075_cell_1761646026933_912349010008_34059_0100.jpg
30,/home/wangqianqian/project/FS/data/28gusui&pizang/03/06/cell_1761645990640_912349010008_30931_0100.png,thumbs/cluster_30/076_cell_1761645990640_912349010008_30931_0100.jpg
30,/home/wangqianqian/project/FS/data/28gusui&pizang/03/06/cell_1761645988417_912349010008_30787_0000.png,thumbs/cluster_30/077_cell_1761645988417_912349010008_30787_0000.jpg
30,/home/wangqianqian/project/FS/data/28gusui&pizang/03/20/cell_1761646858342_912349010008_102568_0100.png,thumbs/cluster_30/078_cell_1761646858342_912349010008_102568_0100.jpg
30,/home/wangqianqian/project/FS/data/28gusui&pizang/03/07/cell_1761646055707_912349010008_36604_0100.png,thumbs/cluster_30/079_cell_1761646055707_912349010008_36604_0100.jpg
30,/home/wangqianqian/project/FS/data/28gusui&pizang/03/03/cell_1761645796119_912349010008_15361_0000.png,thumbs/cluster_30/080_cell_1761645796119_912349010008_15361_0000.jpg
30,/home/wangqianqian/project/FS/data/28gusui&pizang/03/07/cell_1761646029616_912349010008_34309_0000.png,thumbs/cluster_30/081_cell_1761646029616_912349010008_34309_0000.jpg
30,/home/wangqianqian/project/FS/data/28gusui&pizang/03/15/cell_1761646518220_912349010008_74331_0100.png,thumbs/cluster_30/082_cell_1761646518220_912349010008_74331_0100.jpg
30,/home/wangqianqian/project/FS/data/28gusui&pizang/03/13/cell_1761646404697_912349010008_64121_0100.png,thumbs/cluster_30/083_cell_1761646404697_912349010008_64121_0100.jpg
30,/home/wangqianqian/project/FS/data/28gusui&pizang/03/03/cell_1761645819111_912349010008_17140_0000.png,thumbs/cluster_30/084_cell_1761645819111_912349010008_17140_0000.jpg
30,/home/wangqianqian/project/FS/data/28gusui&pizang/03/17/cell_1761646626809_912349010008_83052_0100.png,thumbs/cluster_30/085_cell_1761646626809_912349010008_83052_0100.jpg
30,/home/wangqianqian/project/FS/data/28gusui&pizang/03/02/cell_1761645754656_912349010008_12261_0000.png,thumbs/cluster_30/086_cell_1761645754656_912349010008_12261_0000.jpg
30,/home/wangqianqian/project/FS/data/28gusui&pizang/03/10/cell_1761646253074_912349010008_51651_0000.png,thumbs/cluster_30/087_cell_1761646253074_912349010008_51651_0000.jpg
30,/home/wangqianqian/project/FS/data/28gusui&pizang/03/03/cell_1761645782877_912349010008_14335_0100.png,thumbs/cluster_30/088_cell_1761645782877_912349010008_14335_0100.jpg
30,/home/wangqianqian/project/FS/data/28gusui&pizang/03/10/cell_1761646256742_912349010008_51954_0000.png,thumbs/cluster_30/089_cell_1761646256742_912349010008_51954_0000.jpg
30,/home/wangqianqian/project/FS/data/28gusui&pizang/03/21/cell_1761646879909_912349010008_104384_0100.png,thumbs/cluster_30/090_cell_1761646879909_912349010008_104384_0100.jpg
30,/home/wangqianqian/project/FS/data/28gusui&pizang/03/03/cell_1761645786728_912349010008_14643_0000.png,thumbs/cluster_30/091_cell_1761645786728_912349010008_14643_0000.jpg
30,/home/wangqianqian/project/FS/data/28gusui&pizang/03/09/cell_1761646153929_912349010008_43857_0100.png,thumbs/cluster_30/092_cell_1761646153929_912349010008_43857_0100.jpg
30,/home/wangqianqian/project/FS/data/28gusui&pizang/03/04/cell_1761645896911_912349010008_23522_0000.png,thumbs/cluster_30/093_cell_1761645896911_912349010008_23522_0000.jpg
30,/home/wangqianqian/project/FS/data/28gusui&pizang/03/19/cell_1761646785057_912349010008_96273_0000.png,thumbs/cluster_30/094_cell_1761646785057_912349010008_96273_0000.jpg
30,/home/wangqianqian/project/FS/data/28gusui&pizang/03/14/cell_1761646496524_912349010008_72499_0000.png,thumbs/cluster_30/095_cell_1761646496524_912349010008_72499_0000.jpg
30,/home/wangqianqian/project/FS/data/28gusui&pizang/03/11/cell_1761646305565_912349010008_56185_0100.png,thumbs/cluster_30/096_cell_1761646305565_912349010008_56185_0100.jpg
30,/home/wangqianqian/project/FS/data/28gusui&pizang/03/11/cell_1761646294653_912349010008_55216_0100.png,thumbs/cluster_30/097_cell_1761646294653_912349010008_55216_0100.jpg
30,/home/wangqianqian/project/FS/data/28gusui&pizang/03/20/cell_1761646830209_912349010008_100200_0000.png,thumbs/cluster_30/098_cell_1761646830209_912349010008_100200_0000.jpg
30,/home/wangqianqian/project/FS/data/28gusui&pizang/03/11/cell_1761646289454_912349010008_54738_0000.png,thumbs/cluster_30/099_cell_1761646289454_912349010008_54738_0000.jpg
