cluster_label,image_path,thumb_path
0,/home/wangqianqian/project/FS/data/28gusui&pizang/03/15/cell_1761646513713_912349010008_73967_0100.png,thumbs/cluster_0/000_cell_1761646513713_912349010008_73967_0100.jpg
0,/home/wangqianqian/project/FS/data/28gusui&pizang/03/05/cell_1761645951537_912349010008_27751_0000.png,thumbs/cluster_0/001_cell_1761645951537_912349010008_27751_0000.jpg
0,/home/wangqianqian/project/FS/data/28gusui&pizang/03/17/cell_1761646668911_912349010008_86729_0100.png,thumbs/cluster_0/002_cell_1761646668911_912349010008_86729_0100.jpg
0,/home/wangqianqian/project/FS/data/28gusui&pizang/03/54/cell_1761648882710_912349010008_84738_0100.png,thumbs/cluster_0/003_cell_1761648882710_912349010008_84738_0100.jpg
0,/home/wangqianqian/project/FS/data/28gusui&pizang/03/19/cell_1761646795759_912349010008_97156_0000.png,thumbs/cluster_0/004_cell_1761646795759_912349010008_97156_0000.jpg
0,/home/wangqianqian/project/FS/data/28gusui&pizang/03/13/cell_1761646416889_912349010008_65114_0100.png,thumbs/cluster_0/005_cell_1761646416889_912349010008_65114_0100.jpg
0,/home/wangqianqian/project/FS/data/28gusui&pizang/03/57/cell_1761649052049_912349010008_100060_0100.png,thumbs/cluster_0/006_cell_1761649052049_912349010008_100060_0100.jpg
0,/home/wangqianqian/project/FS/data/28gusui&pizang/03/42/cell_1761648138818_912349010008_16409_0000.png,thumbs/cluster_0/007_cell_1761648138818_912349010008_16409_0000.jpg
0,/home/wangqianqian/project/FS/data/28gusui&pizang/03/41/cell_1761648090981_912349010008_13274_0000.png,thumbs/cluster_0/008_cell_1761648090981_912349010008_13274_0000.jpg
0,/home/wangqianqian/project/FS/data/28gusui&pizang/03/12/cell_1761646325869_912349010008_57895_0000.png,thumbs/cluster_0/009_cell_1761646325869_912349010008_57895_0000.jpg
0,/home/wangqianqian/project/FS/data/28gusui&pizang/03/20/cell_1761646858256_912349010008_102553_0000.png,thumbs/cluster_0/010_cell_1761646858256_912349010008_102553_0000.jpg
0,/home/wangqianqian/project/FS/data/28gusui&pizang/03/49/cell_1761648553001_912349010008_51762_0100.png,thumbs/cluster_0/011_cell_1761648553001_912349010008_51762_0100.jpg
0,/home/wangqianqian/project/FS/data/28gusui&pizang/03/21/cell_1761646872326_912349010008_103771_0100.png,thumbs/cluster_0/012_cell_1761646872326_912349010008_103771_0100.jpg
0,/home/wangqianqian/project/FS/data/28gusui&pizang/03/39/cell_1761647985076_912349010008_7586_0000.png,thumbs/cluster_0/013_cell_1761647985076_912349010008_7586_0000.jpg
0,/home/wangqianqian/project/FS/data/28gusui&pizang/03/59/cell_1761649163479_912349010008_111804_0100.png,thumbs/cluster_0/014_cell_1761649163479_912349010008_111804_0100.jpg
0,/home/wangqianqian/project/FS/data/28gusui&pizang/03/41/cell_1761648070925_912349010008_11943_0000.png,thumbs/cluster_0/015_cell_1761648070925_912349010008_11943_0000.jpg
0,/home/wangqianqian/project/FS/data/28gusui&pizang/03/14/cell_1761646446401_912349010008_67835_0000.png,thumbs/cluster_0/016_cell_1761646446401_912349010008_67835_0000.jpg
0,/home/wangqianqian/project/FS/data/28gusui&pizang/03/55/cell_1761648911121_912349010008_87179_0000.png,thumbs/cluster_0/017_cell_1761648911121_912349010008_87179_0000.jpg
0,/home/wangqianqian/project/FS/data/28gusui&pizang/03/02/cell_1761645774536_912349010008_13666_0100.png,thumbs/cluster_0/018_cell_1761645774536_912349010008_13666_0100.jpg
0,/home/wangqianqian/project/FS/data/28gusui&pizang/03/53/cell_1761648800835_912349010008_76571_0000.png,thumbs/cluster_0/019_cell_1761648800835_912349010008_76571_0000.jpg
0,/home/wangqianqian/project/FS/data/28gusui&pizang/03/44/cell_1761648282769_912349010008_28011_0000.png,thumbs/cluster_0/020_cell_1761648282769_912349010008_28011_0000.jpg
0,/home/wangqianqian/project/FS/data/28gusui&pizang/03/48/cell_1761648498326_912349010008_47107_0000.png,thumbs/cluster_0/021_cell_1761648498326_912349010008_47107_0000.jpg
0,/home/wangqianqian/project/FS/data/28gusui&pizang/03/14/cell_1761646464436_912349010008_69450_0100.png,thumbs/cluster_0/022_cell_1761646464436_912349010008_69450_0100.jpg
0,/home/wangqianqian/project/FS/data/28gusui&pizang/03/54/cell_1761648857283_912349010008_82165_0000.png,thumbs/cluster_0/023_cell_1761648857283_912349010008_82165_0000.jpg
0,/home/wangqianqian/project/FS/data/28gusui&pizang/03/15/cell_1761646548355_912349010008_76801_0100.png,thumbs/cluster_0/024_cell_1761646548355_912349010008_76801_0100.jpg
0,/home/wangqianqian/project/FS/data/28gusui&pizang/03/09/cell_1761646156291_912349010008_44036_0100.png,thumbs/cluster_0/025_cell_1761646156291_912349010008_44036_0100.jpg
0,/home/wangqianqian/project/FS/data/28gusui&pizang/03/45/cell_1761648357965_912349010008_34540_0100.png,thumbs/cluster_0/026_cell_1761648357965_912349010008_34540_0100.jpg
0,/home/wangqianqian/project/FS/data/28gusui&pizang/03/06/cell_1761646003933_912349010008_32000_0000.png,thumbs/cluster_0/027_cell_1761646003933_912349010008_32000_0000.jpg
0,/home/wangqianqian/project/FS/data/28gusui&pizang/03/20/cell_1761646804948_912349010008_98024_0000.png,thumbs/cluster_0/028_cell_1761646804948_912349010008_98024_0000.jpg
0,/home/wangqianqian/project/FS/data/28gusui&pizang/03/42/cell_1761648147999_912349010008_17061_0000.png,thumbs/cluster_0/029_cell_1761648147999_912349010008_17061_0000.jpg
0,/home/wangqianqian/project/FS/data/28gusui&pizang/03/55/cell_1761648919703_912349010008_87834_0000.png,thumbs/cluster_0/030_cell_1761648919703_912349010008_87834_0000.jpg
0,/home/wangqianqian/project/FS/data/28gusui&pizang/03/08/cell_1761646090489_912349010008_39214_0100.png,thumbs/cluster_0/031_cell_1761646090489_912349010008_39214_0100.jpg
0,/home/wangqianqian/project/FS/data/28gusui&pizang/03/54/cell_1761648843498_912349010008_80783_0100.png,thumbs/cluster_0/032_cell_1761648843498_912349010008_80783_0100.jpg
0,/home/wangqianqian/project/FS/data/28gusui&pizang/03/45/cell_1761648323131_912349010008_31364_0000.png,thumbs/cluster_0/033_cell_1761648323131_912349010008_31364_0000.jpg
0,/home/wangqianqian/project/FS/data/28gusui&pizang/03/52/cell_1761648739110_912349010008_70416_0100.png,thumbs/cluster_0/034_cell_1761648739110_912349010008_70416_0100.jpg
0,/home/wangqianqian/project/FS/data/28gusui&pizang/03/12/cell_1761646359724_912349010008_60627_0000.png,thumbs/cluster_0/035_cell_1761646359724_912349010008_60627_0000.jpg
0,/home/wangqianqian/project/FS/data/28gusui&pizang/03/45/cell_1761648324307_912349010008_31460_0000.png,thumbs/cluster_0/036_cell_1761648324307_912349010008_31460_0000.jpg
0,/home/wangqianqian/project/FS/data/28gusui&pizang/03/54/cell_1761648844280_912349010008_80880_0100.png,thumbs/cluster_0/037_cell_1761648844280_912349010008_80880_0100.jpg
0,/home/wangqianqian/project/FS/data/28gusui&pizang/03/09/cell_1761646174243_912349010008_45322_0000.png,thumbs/cluster_0/038_cell_1761646174243_912349010008_45322_0000.jpg
0,/home/wangqianqian/project/FS/data/28gusui&pizang/03/20/cell_1761646812759_912349010008_98718_0000.png,thumbs/cluster_0/039_cell_1761646812759_912349010008_98718_0000.jpg
0,/home/wangqianqian/project/FS/data/28gusui&pizang/03/57/cell_1761649078341_912349010008_102792_0000.png,thumbs/cluster_0/040_cell_1761649078341_912349010008_102792_0000.jpg
0,/home/wangqianqian/project/FS/data/28gusui&pizang/03/03/cell_1761645796388_912349010008_15386_0100.png,thumbs/cluster_0/041_cell_1761645796388_912349010008_15386_0100.jpg
0,/home/wangqianqian/project/FS/data/28gusui&pizang/03/49/cell_1761648584815_912349010008_54774_0000.png,thumbs/cluster_0/042_cell_1761648584815_912349010008_54774_0000.jpg
0,/home/wangqianqian/project/FS/data/28gusui&pizang/03/05/cell_1761645907280_912349010008_24331_0000.png,thumbs/cluster_0/043_cell_1761645907280_912349010008_24331_0000.jpg
0,/home/wangqianqian/project/FS/data/28gusui&pizang/03/03/cell_1761645839949_912349010008_18755_0100.png,thumbs/cluster_0/044_cell_1761645839949_912349010008_18755_0100.jpg
0,/home/wangqianqian/project/FS/data/28gusui&pizang/03/19/cell_1761646756401_912349010008_93980_0100.png,thumbs/cluster_0/045_cell_1761646756401_912349010008_93980_0100.jpg
0,/home/wangqianqian/project/FS/data/28gusui&pizang/03/06/cell_1761646007389_912349010008_32315_0000.png,thumbs/cluster_0/046_cell_1761646007389_912349010008_32315_0000.jpg
0,/home/wangqianqian/project/FS/data/28gusui&pizang/03/06/cell_1761645983568_912349010008_30392_0000.png,thumbs/cluster_0/047_cell_1761645983568_912349010008_30392_0000.jpg
0,/home/wangqianqian/project/FS/data/28gusui&pizang/03/56/cell_1761648977593_912349010008_92911_0100.png,thumbs/cluster_0/048_cell_1761648977593_912349010008_92911_0100.jpg
0,/home/wangqianqian/project/FS/data/28gusui&pizang/03/53/cell_1761648793874_912349010008_75809_0000.png,thumbs/cluster_0/049_cell_1761648793874_912349010008_75809_0000.jpg
0,/home/wangqianqian/project/FS/data/28gusui&pizang/03/11/cell_1761646261700_912349010008_52339_0000.png,thumbs/cluster_0/050_cell_1761646261700_912349010008_52339_0000.jpg
0,/home/wangqianqian/project/FS/data/28gusui&pizang/03/40/cell_1761648026379_912349010008_9575_0000.png,thumbs/cluster_0/051_cell_1761648026379_912349010008_9575_0000.jpg
0,/home/wangqianqian/project/FS/data/28gusui&pizang/03/51/cell_1761648666249_912349010008_62995_0100.png,thumbs/cluster_0/052_cell_1761648666249_912349010008_62995_0100.jpg
0,/home/wangqianqian/project/FS/data/28gusui&pizang/03/51/cell_1761648698427_912349010008_66281_0000.png,thumbs/cluster_0/053_cell_1761648698427_912349010008_66281_0000.jpg
0,/home/wangqianqian/project/FS/data/28gusui&pizang/03/49/cell_1761648560382_912349010008_52435_0100.png,thumbs/cluster_0/054_cell_1761648560382_912349010008_52435_0100.jpg
0,/home/wangqianqian/project/FS/data/28gusui&pizang/03/44/cell_1761648282062_912349010008_27955_0000.png,thumbs/cluster_0/055_cell_1761648282062_912349010008_27955_0000.jpg
0,/home/wangqianqian/project/FS/data/28gusui&pizang/03/41/cell_1761648062863_912349010008_11451_0100.png,thumbs/cluster_0/056_cell_1761648062863_912349010008_11451_0100.jpg
0,/home/wangqianqian/project/FS/data/28gusui&pizang/03/39/cell_1761647990259_912349010008_7797_0100.png,thumbs/cluster_0/057_cell_1761647990259_912349010008_7797_0100.jpg
0,/home/wangqianqian/project/FS/data/28gusui&pizang/03/09/cell_1761646155930_912349010008_44006_0000.png,thumbs/cluster_0/058_cell_1761646155930_912349010008_44006_0000.jpg
0,/home/wangqianqian/project/FS/data/28gusui&pizang/03/21/cell_1761646908056_912349010008_106630_0000.png,thumbs/cluster_0/059_cell_1761646908056_912349010008_106630_0000.jpg
0,/home/wangqianqian/project/FS/data/28gusui&pizang/03/44/cell_1761648269335_912349010008_26728_0000.png,thumbs/cluster_0/060_cell_1761648269335_912349010008_26728_0000.jpg
0,/home/wangqianqian/project/FS/data/28gusui&pizang/03/21/cell_1761646896637_912349010008_105711_0100.png,thumbs/cluster_0/061_cell_1761646896637_912349010008_105711_0100.jpg
0,/home/wangqianqian/project/FS/data/28gusui&pizang/03/59/cell_1761649152404_912349010008_110576_0000.png,thumbs/cluster_0/062_cell_1761649152404_912349010008_110576_0000.jpg
0,/home/wangqianqian/project/FS/data/28gusui&pizang/03/48/cell_1761648506274_912349010008_47748_0100.png,thumbs/cluster_0/063_cell_1761648506274_912349010008_47748_0100.jpg
0,/home/wangqianqian/project/FS/data/28gusui&pizang/03/12/cell_1761646324926_912349010008_57798_0100.png,thumbs/cluster_0/064_cell_1761646324926_912349010008_57798_0100.jpg
0,/home/wangqianqian/project/FS/data/28gusui&pizang/03/54/cell_1761648861044_912349010008_82603_0000.png,thumbs/cluster_0/065_cell_1761648861044_912349010008_82603_0000.jpg
0,/home/wangqianqian/project/FS/data/28gusui&pizang/03/06/cell_1761645975547_912349010008_29721_0000.png,thumbs/cluster_0/066_cell_1761645975547_912349010008_29721_0000.jpg
0,/home/wangqianqian/project/FS/data/28gusui&pizang/03/58/cell_1761649104437_912349010008_105563_0100.png,thumbs/cluster_0/067_cell_1761649104437_912349010008_105563_0100.jpg
0,/home/wangqianqian/project/FS/data/28gusui&pizang/03/50/cell_1761648609643_912349010008_57280_0000.png,thumbs/cluster_0/068_cell_1761648609643_912349010008_57280_0000.jpg
0,/home/wangqianqian/project/FS/data/28gusui&pizang/03/08/cell_1761646096693_912349010008_39667_0000.png,thumbs/cluster_0/069_cell_1761646096693_912349010008_39667_0000.jpg
0,/home/wangqianqian/project/FS/data/28gusui&pizang/03/53/cell_1761648802542_912349010008_76777_0100.png,thumbs/cluster_0/070_cell_1761648802542_912349010008_76777_0100.jpg
0,/home/wangqianqian/project/FS/data/28gusui&pizang/03/18/cell_1761646694903_912349010008_89068_0000.png,thumbs/cluster_0/071_cell_1761646694903_912349010008_89068_0000.jpg
0,/home/wangqianqian/project/FS/data/28gusui&pizang/03/56/cell_1761648966636_912349010008_91927_0000.png,thumbs/cluster_0/072_cell_1761648966636_912349010008_91927_0000.jpg
0,/home/wangqianqian/project/FS/data/28gusui&pizang/03/17/cell_1761646628750_912349010008_83196_0000.png,thumbs/cluster_0/073_cell_1761646628750_912349010008_83196_0000.jpg
0,/home/wangqianqian/project/FS/data/28gusui&pizang/03/02/cell_1761645745931_912349010008_11628_0100.png,thumbs/cluster_0/074_cell_1761645745931_912349010008_11628_0100.jpg
0,/home/wangqianqian/project/FS/data/28gusui&pizang/03/21/cell_1761646865773_912349010008_103264_0100.png,thumbs/cluster_0/075_cell_1761646865773_912349010008_103264_0100.jpg
0,/home/wangqianqian/project/FS/data/28gusui&pizang/03/52/cell_1761648749485_912349010008_71426_0100.png,thumbs/cluster_0/076_cell_1761648749485_912349010008_71426_0100.jpg
0,/home/wangqianqian/project/FS/data/28gusui&pizang/03/58/cell_1761649120770_912349010008_107339_0000.png,thumbs/cluster_0/077_cell_1761649120770_912349010008_107339_0000.jpg
0,/home/wangqianqian/project/FS/data/28gusui&pizang/03/39/cell_1761647974493_912349010008_7198_0000.png,thumbs/cluster_0/078_cell_1761647974493_912349010008_7198_0000.jpg
0,/home/wangqianqian/project/FS/data/28gusui&pizang/03/16/cell_1761646618325_912349010008_82310_0000.png,thumbs/cluster_0/079_cell_1761646618325_912349010008_82310_0000.jpg
0,/home/wangqianqian/project/FS/data/28gusui&pizang/03/21/cell_1761646881731_912349010008_104541_0100.png,thumbs/cluster_0/080_cell_1761646881731_912349010008_104541_0100.jpg
0,/home/wangqianqian/project/FS/data/28gusui&pizang/03/44/cell_1761648249761_912349010008_24990_0000.png,thumbs/cluster_0/081_cell_1761648249761_912349010008_24990_0000.jpg
0,/home/wangqianqian/project/FS/data/28gusui&pizang/03/10/cell_1761646232230_912349010008_49964_0000.png,thumbs/cluster_0/082_cell_1761646232230_912349010008_49964_0000.jpg
0,/home/wangqianqian/project/FS/data/28gusui&pizang/03/50/cell_1761648648567_912349010008_61229_0100.png,thumbs/cluster_0/083_cell_1761648648567_912349010008_61229_0100.jpg
0,/home/wangqianqian/project/FS/data/28gusui&pizang/03/55/cell_1761648932589_912349010008_89044_0000.png,thumbs/cluster_0/084_cell_1761648932589_912349010008_89044_0000.jpg
0,/home/wangqianqian/project/FS/data/28gusui&pizang/03/59/cell_1761649141555_912349010008_109459_0100.png,thumbs/cluster_0/085_cell_1761649141555_912349010008_109459_0100.jpg
0,/home/wangqianqian/project/FS/data/28gusui&pizang/03/50/cell_1761648645635_912349010008_60925_0100.png,thumbs/cluster_0/086_cell_1761648645635_912349010008_60925_0100.jpg
0,/home/wangqianqian/project/FS/data/28gusui&pizang/03/07/cell_1761646021888_912349010008_33642_0100.png,thumbs/cluster_0/087_cell_1761646021888_912349010008_33642_0100.jpg
0,/home/wangqianqian/project/FS/data/28gusui&pizang/03/20/cell_1761646830783_912349010008_100261_0000.png,thumbs/cluster_0/088_cell_1761646830783_912349010008_100261_0000.jpg
0,/home/wangqianqian/project/FS/data/28gusui&pizang/03/15/cell_1761646510746_912349010008_73704_0100.png,thumbs/cluster_0/089_cell_1761646510746_912349010008_73704_0100.jpg
0,/home/wangqianqian/project/FS/data/28gusui&pizang/03/52/cell_1761648770474_912349010008_73426_0100.png,thumbs/cluster_0/090_cell_1761648770474_912349010008_73426_0100.jpg
0,/home/wangqianqian/project/FS/data/28gusui&pizang/03/45/cell_1761648333160_912349010008_32299_0100.png,thumbs/cluster_0/091_cell_1761648333160_912349010008_32299_0100.jpg
0,/home/wangqianqian/project/FS/data/28gusui&pizang/03/10/cell_1761646201327_912349010008_47427_0100.png,thumbs/cluster_0/092_cell_1761646201327_912349010008_47427_0100.jpg
0,/home/wangqianqian/project/FS/data/28gusui&pizang/03/47/cell_1761648430113_912349010008_41022_0000.png,thumbs/cluster_0/093_cell_1761648430113_912349010008_41022_0000.jpg
0,/home/wangqianqian/project/FS/data/28gusui&pizang/03/15/cell_1761646543142_912349010008_76358_0000.png,thumbs/cluster_0/094_cell_1761646543142_912349010008_76358_0000.jpg
0,/home/wangqianqian/project/FS/data/28gusui&pizang/03/51/cell_1761648700884_912349010008_66535_0000.png,thumbs/cluster_0/095_cell_1761648700884_912349010008_66535_0000.jpg
0,/home/wangqianqian/project/FS/data/28gusui&pizang/03/21/cell_1761646911942_912349010008_106979_0100.png,thumbs/cluster_0/096_cell_1761646911942_912349010008_106979_0100.jpg
0,/home/wangqianqian/project/FS/data/28gusui&pizang/03/51/cell_1761648674296_912349010008_63770_0000.png,thumbs/cluster_0/097_cell_1761648674296_912349010008_63770_0000.jpg
0,/home/wangqianqian/project/FS/data/28gusui&pizang/03/17/cell_1761646662871_912349010008_86183_0000.png,thumbs/cluster_0/098_cell_1761646662871_912349010008_86183_0000.jpg
0,/home/wangqianqian/project/FS/data/28gusui&pizang/03/21/cell_1761646892784_912349010008_105397_0000.png,thumbs/cluster_0/099_cell_1761646892784_912349010008_105397_0000.jpg
1,/home/wangqianqian/project/FS/data/28gusui&pizang/03/21/cell_1761646862237_912349010008_102913_0100.png,thumbs/cluster_1/000_cell_1761646862237_912349010008_102913_0100.jpg
1,/home/wangqianqian/project/FS/data/28gusui&pizang/03/15/cell_1761646532569_912349010008_75471_0000.png,thumbs/cluster_1/001_cell_1761646532569_912349010008_75471_0000.jpg
1,/home/wangqianqian/project/FS/data/28gusui&pizang/03/46/cell_1761648403822_912349010008_38548_0100.png,thumbs/cluster_1/002_cell_1761648403822_912349010008_38548_0100.jpg
1,/home/wangqianqian/project/FS/data/28gusui&pizang/03/12/cell_1761646339208_912349010008_58953_0000.png,thumbs/cluster_1/003_cell_1761646339208_912349010008_58953_0000.jpg
1,/home/wangqianqian/project/FS/data/28gusui&pizang/03/46/cell_1761648393079_912349010008_37608_0000.png,thumbs/cluster_1/004_cell_1761648393079_912349010008_37608_0000.jpg
1,/home/wangqianqian/project/FS/data/28gusui&pizang/03/04/cell_1761645887681_912349010008_22880_0000.png,thumbs/cluster_1/005_cell_1761645887681_912349010008_22880_0000.jpg
1,/home/wangqianqian/project/FS/data/28gusui&pizang/03/49/cell_1761648553433_912349010008_51802_0000.png,thumbs/cluster_1/006_cell_1761648553433_912349010008_51802_0000.jpg
1,/home/wangqianqian/project/FS/data/28gusui&pizang/03/46/cell_1761648384833_912349010008_36922_0100.png,thumbs/cluster_1/007_cell_1761648384833_912349010008_36922_0100.jpg
1,/home/wangqianqian/project/FS/data/28gusui&pizang/03/51/cell_1761648690265_912349010008_65398_0000.png,thumbs/cluster_1/008_cell_1761648690265_912349010008_65398_0000.jpg
1,/home/wangqianqian/project/FS/data/28gusui&pizang/03/42/cell_1761648159589_912349010008_17894_0000.png,thumbs/cluster_1/009_cell_1761648159589_912349010008_17894_0000.jpg
1,/home/wangqianqian/project/FS/data/28gusui&pizang/03/40/cell_1761648023187_912349010008_9424_0000.png,thumbs/cluster_1/010_cell_1761648023187_912349010008_9424_0000.jpg
1,/home/wangqianqian/project/FS/data/28gusui&pizang/03/18/cell_1761646734631_912349010008_92271_0000.png,thumbs/cluster_1/011_cell_1761646734631_912349010008_92271_0000.jpg
1,/home/wangqianqian/project/FS/data/28gusui&pizang/03/58/cell_1761649084316_912349010008_103397_0000.png,thumbs/cluster_1/012_cell_1761649084316_912349010008_103397_0000.jpg
1,/home/wangqianqian/project/FS/data/28gusui&pizang/03/44/cell_1761648241110_912349010008_24210_0000.png,thumbs/cluster_1/013_cell_1761648241110_912349010008_24210_0000.jpg
1,/home/wangqianqian/project/FS/data/28gusui&pizang/03/40/cell_1761648000616_912349010008_8261_0000.png,thumbs/cluster_1/014_cell_1761648000616_912349010008_8261_0000.jpg
1,/home/wangqianqian/project/FS/data/28gusui&pizang/03/07/cell_1761646042683_912349010008_35431_0000.png,thumbs/cluster_1/015_cell_1761646042683_912349010008_35431_0000.jpg
1,/home/wangqianqian/project/FS/data/28gusui&pizang/03/05/cell_1761645944411_912349010008_27166_0000.png,thumbs/cluster_1/016_cell_1761645944411_912349010008_27166_0000.jpg
1,/home/wangqianqian/project/FS/data/28gusui&pizang/03/06/cell_1761645974484_912349010008_29608_0000.png,thumbs/cluster_1/017_cell_1761645974484_912349010008_29608_0000.jpg
1,/home/wangqianqian/project/FS/data/28gusui&pizang/03/16/cell_1761646617542_912349010008_82243_0000.png,thumbs/cluster_1/018_cell_1761646617542_912349010008_82243_0000.jpg
1,/home/wangqianqian/project/FS/data/28gusui&pizang/03/43/cell_1761648221042_912349010008_22538_0000.png,thumbs/cluster_1/019_cell_1761648221042_912349010008_22538_0000.jpg
1,/home/wangqianqian/project/FS/data/28gusui&pizang/03/48/cell_1761648482688_912349010008_45764_0100.png,thumbs/cluster_1/020_cell_1761648482688_912349010008_45764_0100.jpg
1,/home/wangqianqian/project/FS/data/28gusui&pizang/03/44/cell_1761648270783_912349010008_26876_0000.png,thumbs/cluster_1/021_cell_1761648270783_912349010008_26876_0000.jpg
1,/home/wangqianqian/project/FS/data/28gusui&pizang/03/58/cell_1761649086716_912349010008_103673_0100.png,thumbs/cluster_1/022_cell_1761649086716_912349010008_103673_0100.jpg
1,/home/wangqianqian/project/FS/data/28gusui&pizang/03/46/cell_1761648418871_912349010008_39993_0000.png,thumbs/cluster_1/023_cell_1761648418871_912349010008_39993_0000.jpg
1,/home/wangqianqian/project/FS/data/28gusui&pizang/03/15/cell_1761646525016_912349010008_74923_0000.png,thumbs/cluster_1/024_cell_1761646525016_912349010008_74923_0000.jpg
1,/home/wangqianqian/project/FS/data/28gusui&pizang/03/55/cell_1761648926108_912349010008_88452_0100.png,thumbs/cluster_1/025_cell_1761648926108_912349010008_88452_0100.jpg
1,/home/wangqianqian/project/FS/data/28gusui&pizang/03/58/cell_1761649136730_912349010008_108957_0000.png,thumbs/cluster_1/026_cell_1761649136730_912349010008_108957_0000.jpg
1,/home/wangqianqian/project/FS/data/28gusui&pizang/03/04/cell_1761645852934_912349010008_19903_0100.png,thumbs/cluster_1/027_cell_1761645852934_912349010008_19903_0100.jpg
1,/home/wangqianqian/project/FS/data/28gusui&pizang/03/44/cell_1761648242634_912349010008_24345_0100.png,thumbs/cluster_1/028_cell_1761648242634_912349010008_24345_0100.jpg
1,/home/wangqianqian/project/FS/data/28gusui&pizang/03/48/cell_1761648481984_912349010008_45709_0100.png,thumbs/cluster_1/029_cell_1761648481984_912349010008_45709_0100.jpg
1,/home/wangqianqian/project/FS/data/28gusui&pizang/03/05/cell_1761645906273_912349010008_24246_0100.png,thumbs/cluster_1/030_cell_1761645906273_912349010008_24246_0100.jpg
1,/home/wangqianqian/project/FS/data/28gusui&pizang/03/05/cell_1761645904344_912349010008_24075_0000.png,thumbs/cluster_1/031_cell_1761645904344_912349010008_24075_0000.jpg
1,/home/wangqianqian/project/FS/data/28gusui&pizang/03/02/cell_1761645742469_912349010008_11379_0100.png,thumbs/cluster_1/032_cell_1761645742469_912349010008_11379_0100.jpg
1,/home/wangqianqian/project/FS/data/28gusui&pizang/03/03/cell_1761645800295_912349010008_15694_0000.png,thumbs/cluster_1/033_cell_1761645800295_912349010008_15694_0000.jpg
1,/home/wangqianqian/project/FS/data/28gusui&pizang/03/16/cell_1761646571461_912349010008_78564_0000.png,thumbs/cluster_1/034_cell_1761646571461_912349010008_78564_0000.jpg
1,/home/wangqianqian/project/FS/data/28gusui&pizang/03/40/cell_1761648005117_912349010008_8483_0000.png,thumbs/cluster_1/035_cell_1761648005117_912349010008_8483_0000.jpg
1,/home/wangqianqian/project/FS/data/28gusui&pizang/03/46/cell_1761648402996_912349010008_38463_0000.png,thumbs/cluster_1/036_cell_1761648402996_912349010008_38463_0000.jpg
1,/home/wangqianqian/project/FS/data/28gusui&pizang/03/57/cell_1761649066357_912349010008_101578_0000.png,thumbs/cluster_1/037_cell_1761649066357_912349010008_101578_0000.jpg
1,/home/wangqianqian/project/FS/data/28gusui&pizang/03/13/cell_1761646395591_912349010008_63441_0000.png,thumbs/cluster_1/038_cell_1761646395591_912349010008_63441_0000.jpg
1,/home/wangqianqian/project/FS/data/28gusui&pizang/03/20/cell_1761646858244_912349010008_102552_0000.png,thumbs/cluster_1/039_cell_1761646858244_912349010008_102552_0000.jpg
1,/home/wangqianqian/project/FS/data/28gusui&pizang/03/52/cell_1761648747735_912349010008_71268_0000.png,thumbs/cluster_1/040_cell_1761648747735_912349010008_71268_0000.jpg
1,/home/wangqianqian/project/FS/data/28gusui&pizang/03/48/cell_1761648485855_912349010008_46043_0000.png,thumbs/cluster_1/041_cell_1761648485855_912349010008_46043_0000.jpg
1,/home/wangqianqian/project/FS/data/28gusui&pizang/03/14/cell_1761646450508_912349010008_68224_0000.png,thumbs/cluster_1/042_cell_1761646450508_912349010008_68224_0000.jpg
1,/home/wangqianqian/project/FS/data/28gusui&pizang/03/01/cell_1761645709056_912349010008_8962_0000.png,thumbs/cluster_1/043_cell_1761645709056_912349010008_8962_0000.jpg
1,/home/wangqianqian/project/FS/data/28gusui&pizang/03/50/cell_1761648628837_912349010008_59203_0100.png,thumbs/cluster_1/044_cell_1761648628837_912349010008_59203_0100.jpg
1,/home/wangqianqian/project/FS/data/28gusui&pizang/03/53/cell_1761648794700_912349010008_75911_0000.png,thumbs/cluster_1/045_cell_1761648794700_912349010008_75911_0000.jpg
1,/home/wangqianqian/project/FS/data/28gusui&pizang/03/50/cell_1761648614268_912349010008_57736_0000.png,thumbs/cluster_1/046_cell_1761648614268_912349010008_57736_0000.jpg
1,/home/wangqianqian/project/FS/data/28gusui&pizang/03/49/cell_1761648577096_912349010008_54073_0000.png,thumbs/cluster_1/047_cell_1761648577096_912349010008_54073_0000.jpg
1,/home/wangqianqian/project/FS/data/28gusui&pizang/03/20/cell_1761646835439_912349010008_100591_0000.png,thumbs/cluster_1/048_cell_1761646835439_912349010008_100591_0000.jpg
1,/home/wangqianqian/project/FS/data/28gusui&pizang/03/09/cell_1761646175870_912349010008_45425_0000.png,thumbs/cluster_1/049_cell_1761646175870_912349010008_45425_0000.jpg
1,/home/wangqianqian/project/FS/data/28gusui&pizang/03/45/cell_1761648310596_912349010008_30375_0000.png,thumbs/cluster_1/050_cell_1761648310596_912349010008_30375_0000.jpg
1,/home/wangqianqian/project/FS/data/28gusui&pizang/03/51/cell_1761648679316_912349010008_64275_0000.png,thumbs/cluster_1/051_cell_1761648679316_912349010008_64275_0000.jpg
1,/home/wangqianqian/project/FS/data/28gusui&pizang/03/12/cell_1761646329968_912349010008_58209_0100.png,thumbs/cluster_1/052_cell_1761646329968_912349010008_58209_0100.jpg
1,/home/wangqianqian/project/FS/data/28gusui&pizang/03/49/cell_1761648546097_912349010008_51147_0100.png,thumbs/cluster_1/053_cell_1761648546097_912349010008_51147_0100.jpg
1,/home/wangqianqian/project/FS/data/28gusui&pizang/03/59/cell_1761649162251_912349010008_111678_0000.png,thumbs/cluster_1/054_cell_1761649162251_912349010008_111678_0000.jpg
1,/home/wangqianqian/project/FS/data/28gusui&pizang/03/05/cell_1761645928461_912349010008_25898_0000.png,thumbs/cluster_1/055_cell_1761645928461_912349010008_25898_0000.jpg
1,/home/wangqianqian/project/FS/data/28gusui&pizang/03/42/cell_1761648140925_912349010008_16558_0100.png,thumbs/cluster_1/056_cell_1761648140925_912349010008_16558_0100.jpg
1,/home/wangqianqian/project/FS/data/28gusui&pizang/03/50/cell_1761648645406_912349010008_60889_0000.png,thumbs/cluster_1/057_cell_1761648645406_912349010008_60889_0000.jpg
1,/home/wangqianqian/project/FS/data/28gusui&pizang/03/47/cell_1761648467989_912349010008_44473_0000.png,thumbs/cluster_1/058_cell_1761648467989_912349010008_44473_0000.jpg
1,/home/wangqianqian/project/FS/data/28gusui&pizang/03/54/cell_1761648894954_912349010008_85889_0000.png,thumbs/cluster_1/059_cell_1761648894954_912349010008_85889_0000.jpg
1,/home/wangqianqian/project/FS/data/28gusui&pizang/03/08/cell_1761646085987_912349010008_38848_0100.png,thumbs/cluster_1/060_cell_1761646085987_912349010008_38848_0100.jpg
1,/home/wangqianqian/project/FS/data/28gusui&pizang/03/18/cell_1761646707078_912349010008_89975_0000.png,thumbs/cluster_1/061_cell_1761646707078_912349010008_89975_0000.jpg
1,/home/wangqianqian/project/FS/data/28gusui&pizang/03/42/cell_1761648126285_912349010008_15509_0000.png,thumbs/cluster_1/062_cell_1761648126285_912349010008_15509_0000.jpg
1,/home/wangqianqian/project/FS/data/28gusui&pizang/03/50/cell_1761648608203_912349010008_57137_0100.png,thumbs/cluster_1/063_cell_1761648608203_912349010008_57137_0100.jpg
1,/home/wangqianqian/project/FS/data/28gusui&pizang/03/07/cell_1761646069020_912349010008_37607_0000.png,thumbs/cluster_1/064_cell_1761646069020_912349010008_37607_0000.jpg
1,/home/wangqianqian/project/FS/data/28gusui&pizang/03/04/cell_1761645875636_912349010008_21900_0000.png,thumbs/cluster_1/065_cell_1761645875636_912349010008_21900_0000.jpg
1,/home/wangqianqian/project/FS/data/28gusui&pizang/03/21/cell_1761646865219_912349010008_103212_0000.png,thumbs/cluster_1/066_cell_1761646865219_912349010008_103212_0000.jpg
1,/home/wangqianqian/project/FS/data/28gusui&pizang/03/53/cell_1761648791930_912349010008_75586_0100.png,thumbs/cluster_1/067_cell_1761648791930_912349010008_75586_0100.jpg
1,/home/wangqianqian/project/FS/data/28gusui&pizang/03/06/cell_1761646018585_912349010008_33352_0000.png,thumbs/cluster_1/068_cell_1761646018585_912349010008_33352_0000.jpg
1,/home/wangqianqian/project/FS/data/28gusui&pizang/03/59/cell_1761649155135_912349010008_110895_0000.png,thumbs/cluster_1/069_cell_1761649155135_912349010008_110895_0000.jpg
1,/home/wangqianqian/project/FS/data/28gusui&pizang/03/49/cell_1761648576364_912349010008_54003_0000.png,thumbs/cluster_1/070_cell_1761648576364_912349010008_54003_0000.jpg
1,/home/wangqianqian/project/FS/data/28gusui&pizang/03/13/cell_1761646389174_912349010008_62982_0000.png,thumbs/cluster_1/071_cell_1761646389174_912349010008_62982_0000.jpg
1,/home/wangqianqian/project/FS/data/28gusui&pizang/03/13/cell_1761646413382_912349010008_64819_0100.png,thumbs/cluster_1/072_cell_1761646413382_912349010008_64819_0100.jpg
1,/home/wangqianqian/project/FS/data/28gusui&pizang/03/02/cell_1761645727715_912349010008_10285_0000.png,thumbs/cluster_1/073_cell_1761645727715_912349010008_10285_0000.jpg
1,/home/wangqianqian/project/FS/data/28gusui&pizang/03/03/cell_1761645816827_912349010008_16960_0000.png,thumbs/cluster_1/074_cell_1761645816827_912349010008_16960_0000.jpg
1,/home/wangqianqian/project/FS/data/28gusui&pizang/03/40/cell_1761648023067_912349010008_9411_0000.png,thumbs/cluster_1/075_cell_1761648023067_912349010008_9411_0000.jpg
1,/home/wangqianqian/project/FS/data/28gusui&pizang/03/41/cell_1761648067335_912349010008_11733_0000.png,thumbs/cluster_1/076_cell_1761648067335_912349010008_11733_0000.jpg
1,/home/wangqianqian/project/FS/data/28gusui&pizang/03/53/cell_1761648810020_912349010008_77589_0100.png,thumbs/cluster_1/077_cell_1761648810020_912349010008_77589_0100.jpg
1,/home/wangqianqian/project/FS/data/28gusui&pizang/03/06/cell_1761646012426_912349010008_32780_0000.png,thumbs/cluster_1/078_cell_1761646012426_912349010008_32780_0000.jpg
1,/home/wangqianqian/project/FS/data/28gusui&pizang/03/47/cell_1761648455020_912349010008_43371_0100.png,thumbs/cluster_1/079_cell_1761648455020_912349010008_43371_0100.jpg
1,/home/wangqianqian/project/FS/data/28gusui&pizang/03/58/cell_1761649093597_912349010008_104486_0100.png,thumbs/cluster_1/080_cell_1761649093597_912349010008_104486_0100.jpg
1,/home/wangqianqian/project/FS/data/28gusui&pizang/03/20/cell_1761646807576_912349010008_98260_0000.png,thumbs/cluster_1/081_cell_1761646807576_912349010008_98260_0000.jpg
1,/home/wangqianqian/project/FS/data/28gusui&pizang/03/06/cell_1761646009824_912349010008_32564_0100.png,thumbs/cluster_1/082_cell_1761646009824_912349010008_32564_0100.jpg
1,/home/wangqianqian/project/FS/data/28gusui&pizang/03/53/cell_1761648798233_912349010008_76306_0000.png,thumbs/cluster_1/083_cell_1761648798233_912349010008_76306_0000.jpg
1,/home/wangqianqian/project/FS/data/28gusui&pizang/03/42/cell_1761648137514_912349010008_16301_0100.png,thumbs/cluster_1/084_cell_1761648137514_912349010008_16301_0100.jpg
1,/home/wangqianqian/project/FS/data/28gusui&pizang/03/11/cell_1761646262646_912349010008_52415_0000.png,thumbs/cluster_1/085_cell_1761646262646_912349010008_52415_0000.jpg
1,/home/wangqianqian/project/FS/data/28gusui&pizang/03/54/cell_1761648848177_912349010008_81268_0100.png,thumbs/cluster_1/086_cell_1761648848177_912349010008_81268_0100.jpg
1,/home/wangqianqian/project/FS/data/28gusui&pizang/03/53/cell_1761648826659_912349010008_79172_0100.png,thumbs/cluster_1/087_cell_1761648826659_912349010008_79172_0100.jpg
1,/home/wangqianqian/project/FS/data/28gusui&pizang/03/58/cell_1761649102754_912349010008_105392_0000.png,thumbs/cluster_1/088_cell_1761649102754_912349010008_105392_0000.jpg
1,/home/wangqianqian/project/FS/data/28gusui&pizang/03/44/cell_1761648277635_912349010008_27581_0100.png,thumbs/cluster_1/089_cell_1761648277635_912349010008_27581_0100.jpg
1,/home/wangqianqian/project/FS/data/28gusui&pizang/03/04/cell_1761645869503_912349010008_21385_0000.png,thumbs/cluster_1/090_cell_1761645869503_912349010008_21385_0000.jpg
1,/home/wangqianqian/project/FS/data/28gusui&pizang/03/50/cell_1761648651376_912349010008_61502_0000.png,thumbs/cluster_1/091_cell_1761648651376_912349010008_61502_0000.jpg
1,/home/wangqianqian/project/FS/data/28gusui&pizang/03/20/cell_1761646834610_912349010008_100527_0100.png,thumbs/cluster_1/092_cell_1761646834610_912349010008_100527_0100.jpg
1,/home/wangqianqian/project/FS/data/28gusui&pizang/03/02/cell_1761645758287_912349010008_12554_0100.png,thumbs/cluster_1/093_cell_1761645758287_912349010008_12554_0100.jpg
1,/home/wangqianqian/project/FS/data/28gusui&pizang/03/41/cell_1761648063004_912349010008_11464_0100.png,thumbs/cluster_1/094_cell_1761648063004_912349010008_11464_0100.jpg
1,/home/wangqianqian/project/FS/data/28gusui&pizang/03/52/cell_1761648761860_912349010008_72624_0100.png,thumbs/cluster_1/095_cell_1761648761860_912349010008_72624_0100.jpg
1,/home/wangqianqian/project/FS/data/28gusui&pizang/03/10/cell_1761646201786_912349010008_47458_0000.png,thumbs/cluster_1/096_cell_1761646201786_912349010008_47458_0000.jpg
1,/home/wangqianqian/project/FS/data/28gusui&pizang/03/13/cell_1761646416683_912349010008_65096_0000.png,thumbs/cluster_1/097_cell_1761646416683_912349010008_65096_0000.jpg
1,/home/wangqianqian/project/FS/data/28gusui&pizang/03/56/cell_1761648995685_912349010008_94557_0000.png,thumbs/cluster_1/098_cell_1761648995685_912349010008_94557_0000.jpg
1,/home/wangqianqian/project/FS/data/28gusui&pizang/03/19/cell_1761646750540_912349010008_93516_0000.png,thumbs/cluster_1/099_cell_1761646750540_912349010008_93516_0000.jpg
2,/home/wangqianqian/project/FS/data/28gusui&pizang/03/13/cell_1761646427587_912349010008_66106_0000.png,thumbs/cluster_2/000_cell_1761646427587_912349010008_66106_0000.jpg
2,/home/wangqianqian/project/FS/data/28gusui&pizang/03/20/cell_1761646858784_912349010008_102602_0100.png,thumbs/cluster_2/001_cell_1761646858784_912349010008_102602_0100.jpg
2,/home/wangqianqian/project/FS/data/28gusui&pizang/03/50/cell_1761648601631_912349010008_56547_0000.png,thumbs/cluster_2/002_cell_1761648601631_912349010008_56547_0000.jpg
2,/home/wangqianqian/project/FS/data/28gusui&pizang/03/02/cell_1761645760981_912349010008_12745_0000.png,thumbs/cluster_2/003_cell_1761645760981_912349010008_12745_0000.jpg
2,/home/wangqianqian/project/FS/data/28gusui&pizang/03/05/cell_1761645948811_912349010008_27529_0000.png,thumbs/cluster_2/004_cell_1761645948811_912349010008_27529_0000.jpg
2,/home/wangqianqian/project/FS/data/28gusui&pizang/03/12/cell_1761646368873_912349010008_61394_0000.png,thumbs/cluster_2/005_cell_1761646368873_912349010008_61394_0000.jpg
2,/home/wangqianqian/project/FS/data/28gusui&pizang/03/16/cell_1761646564241_912349010008_78015_0100.png,thumbs/cluster_2/006_cell_1761646564241_912349010008_78015_0100.jpg
2,/home/wangqianqian/project/FS/data/28gusui&pizang/03/44/cell_1761648289700_912349010008_28666_0000.png,thumbs/cluster_2/007_cell_1761648289700_912349010008_28666_0000.jpg
2,/home/wangqianqian/project/FS/data/28gusui&pizang/03/11/cell_1761646302126_912349010008_55901_0000.png,thumbs/cluster_2/008_cell_1761646302126_912349010008_55901_0000.jpg
2,/home/wangqianqian/project/FS/data/28gusui&pizang/03/55/cell_1761648950209_912349010008_90501_0000.png,thumbs/cluster_2/009_cell_1761648950209_912349010008_90501_0000.jpg
2,/home/wangqianqian/project/FS/data/28gusui&pizang/03/55/cell_1761648931370_912349010008_88940_0000.png,thumbs/cluster_2/010_cell_1761648931370_912349010008_88940_0000.jpg
2,/home/wangqianqian/project/FS/data/28gusui&pizang/03/07/cell_1761646078367_912349010008_38248_0100.png,thumbs/cluster_2/011_cell_1761646078367_912349010008_38248_0100.jpg
2,/home/wangqianqian/project/FS/data/28gusui&pizang/03/21/cell_1761646905373_912349010008_106411_0000.png,thumbs/cluster_2/012_cell_1761646905373_912349010008_106411_0000.jpg
2,/home/wangqianqian/project/FS/data/28gusui&pizang/03/15/cell_1761646519391_912349010008_74409_0000.png,thumbs/cluster_2/013_cell_1761646519391_912349010008_74409_0000.jpg
2,/home/wangqianqian/project/FS/data/28gusui&pizang/03/42/cell_1761648179823_912349010008_19301_0000.png,thumbs/cluster_2/014_cell_1761648179823_912349010008_19301_0000.jpg
2,/home/wangqianqian/project/FS/data/28gusui&pizang/03/47/cell_1761648421069_912349010008_40184_0100.png,thumbs/cluster_2/015_cell_1761648421069_912349010008_40184_0100.jpg
2,/home/wangqianqian/project/FS/data/28gusui&pizang/03/01/cell_1761645706925_912349010008_8810_0100.png,thumbs/cluster_2/016_cell_1761645706925_912349010008_8810_0100.jpg
2,/home/wangqianqian/project/FS/data/28gusui&pizang/03/13/cell_1761646433934_912349010008_66669_0000.png,thumbs/cluster_2/017_cell_1761646433934_912349010008_66669_0000.jpg
2,/home/wangqianqian/project/FS/data/28gusui&pizang/03/58/cell_1761649124857_912349010008_107743_0100.png,thumbs/cluster_2/018_cell_1761649124857_912349010008_107743_0100.jpg
2,/home/wangqianqian/project/FS/data/28gusui&pizang/03/10/cell_1761646222596_912349010008_49194_0000.png,thumbs/cluster_2/019_cell_1761646222596_912349010008_49194_0000.jpg
2,/home/wangqianqian/project/FS/data/28gusui&pizang/03/11/cell_1761646319698_912349010008_57395_0000.png,thumbs/cluster_2/020_cell_1761646319698_912349010008_57395_0000.jpg
2,/home/wangqianqian/project/FS/data/28gusui&pizang/03/12/cell_1761646348459_912349010008_59689_0000.png,thumbs/cluster_2/021_cell_1761646348459_912349010008_59689_0000.jpg
2,/home/wangqianqian/project/FS/data/28gusui&pizang/03/12/cell_1761646362379_912349010008_60901_0000.png,thumbs/cluster_2/022_cell_1761646362379_912349010008_60901_0000.jpg
2,/home/wangqianqian/project/FS/data/28gusui&pizang/03/43/cell_1761648208353_912349010008_21552_0000.png,thumbs/cluster_2/023_cell_1761648208353_912349010008_21552_0000.jpg
2,/home/wangqianqian/project/FS/data/28gusui&pizang/03/56/cell_1761648979586_912349010008_93078_0000.png,thumbs/cluster_2/024_cell_1761648979586_912349010008_93078_0000.jpg
2,/home/wangqianqian/project/FS/data/28gusui&pizang/03/41/cell_1761648089602_912349010008_13176_0100.png,thumbs/cluster_2/025_cell_1761648089602_912349010008_13176_0100.jpg
2,/home/wangqianqian/project/FS/data/28gusui&pizang/03/45/cell_1761648332419_912349010008_32235_0000.png,thumbs/cluster_2/026_cell_1761648332419_912349010008_32235_0000.jpg
2,/home/wangqianqian/project/FS/data/28gusui&pizang/03/05/cell_1761645944257_912349010008_27139_0000.png,thumbs/cluster_2/027_cell_1761645944257_912349010008_27139_0000.jpg
2,/home/wangqianqian/project/FS/data/28gusui&pizang/03/41/cell_1761648097993_912349010008_13715_0100.png,thumbs/cluster_2/028_cell_1761648097993_912349010008_13715_0100.jpg
2,/home/wangqianqian/project/FS/data/28gusui&pizang/03/18/cell_1761646738905_912349010008_92610_0000.png,thumbs/cluster_2/029_cell_1761646738905_912349010008_92610_0000.jpg
2,/home/wangqianqian/project/FS/data/28gusui&pizang/03/10/cell_1761646253978_912349010008_51715_0000.png,thumbs/cluster_2/030_cell_1761646253978_912349010008_51715_0000.jpg
2,/home/wangqianqian/project/FS/data/28gusui&pizang/03/51/cell_1761648673885_912349010008_63722_0100.png,thumbs/cluster_2/031_cell_1761648673885_912349010008_63722_0100.jpg
2,/home/wangqianqian/project/FS/data/28gusui&pizang/03/46/cell_1761648413943_912349010008_39492_0000.png,thumbs/cluster_2/032_cell_1761648413943_912349010008_39492_0000.jpg
2,/home/wangqianqian/project/FS/data/28gusui&pizang/03/38/cell_1761647913790_912349010008_4840_0000.png,thumbs/cluster_2/033_cell_1761647913790_912349010008_4840_0000.jpg
2,/home/wangqianqian/project/FS/data/28gusui&pizang/03/59/cell_1761649171025_912349010008_112620_0000.png,thumbs/cluster_2/034_cell_1761649171025_912349010008_112620_0000.jpg
2,/home/wangqianqian/project/FS/data/28gusui&pizang/03/17/cell_1761646627774_912349010008_83121_0100.png,thumbs/cluster_2/035_cell_1761646627774_912349010008_83121_0100.jpg
2,/home/wangqianqian/project/FS/data/28gusui&pizang/03/44/cell_1761648281537_912349010008_27908_0000.png,thumbs/cluster_2/036_cell_1761648281537_912349010008_27908_0000.jpg
2,/home/wangqianqian/project/FS/data/28gusui&pizang/03/45/cell_1761648319039_912349010008_31041_0000.png,thumbs/cluster_2/037_cell_1761648319039_912349010008_31041_0000.jpg
2,/home/wangqianqian/project/FS/data/28gusui&pizang/03/05/cell_1761645914375_912349010008_24833_0000.png,thumbs/cluster_2/038_cell_1761645914375_912349010008_24833_0000.jpg
2,/home/wangqianqian/project/FS/data/28gusui&pizang/03/12/cell_1761646366333_912349010008_61199_0000.png,thumbs/cluster_2/039_cell_1761646366333_912349010008_61199_0000.jpg
2,/home/wangqianqian/project/FS/data/28gusui&pizang/03/50/cell_1761648601216_912349010008_56505_0000.png,thumbs/cluster_2/040_cell_1761648601216_912349010008_56505_0000.jpg
2,/home/wangqianqian/project/FS/data/28gusui&pizang/03/39/cell_1761647950158_912349010008_6202_0000.png,thumbs/cluster_2/041_cell_1761647950158_912349010008_6202_0000.jpg
2,/home/wangqianqian/project/FS/data/28gusui&pizang/03/11/cell_1761646284667_912349010008_54289_0100.png,thumbs/cluster_2/042_cell_1761646284667_912349010008_54289_0100.jpg
2,/home/wangqianqian/project/FS/data/28gusui&pizang/03/56/cell_1761648960636_912349010008_91417_0100.png,thumbs/cluster_2/043_cell_1761648960636_912349010008_91417_0100.jpg
2,/home/wangqianqian/project/FS/data/28gusui&pizang/03/44/cell_1761648263454_912349010008_26176_0000.png,thumbs/cluster_2/044_cell_1761648263454_912349010008_26176_0000.jpg
2,/home/wangqianqian/project/FS/data/28gusui&pizang/03/10/cell_1761646259907_912349010008_52207_0000.png,thumbs/cluster_2/045_cell_1761646259907_912349010008_52207_0000.jpg
2,/home/wangqianqian/project/FS/data/28gusui&pizang/03/02/cell_1761645745100_912349010008_11579_0000.png,thumbs/cluster_2/046_cell_1761645745100_912349010008_11579_0000.jpg
2,/home/wangqianqian/project/FS/data/28gusui&pizang/03/01/cell_1761645707138_912349010008_8840_0000.png,thumbs/cluster_2/047_cell_1761645707138_912349010008_8840_0000.jpg
2,/home/wangqianqian/project/FS/data/28gusui&pizang/03/12/cell_1761646324136_912349010008_57718_0100.png,thumbs/cluster_2/048_cell_1761646324136_912349010008_57718_0100.jpg
2,/home/wangqianqian/project/FS/data/28gusui&pizang/03/52/cell_1761648720220_912349010008_68546_0000.png,thumbs/cluster_2/049_cell_1761648720220_912349010008_68546_0000.jpg
2,/home/wangqianqian/project/FS/data/28gusui&pizang/03/02/cell_1761645753784_912349010008_12196_0000.png,thumbs/cluster_2/050_cell_1761645753784_912349010008_12196_0000.jpg
2,/home/wangqianqian/project/FS/data/28gusui&pizang/03/57/cell_1761649054721_912349010008_100332_0100.png,thumbs/cluster_2/051_cell_1761649054721_912349010008_100332_0100.jpg
2,/home/wangqianqian/project/FS/data/28gusui&pizang/03/39/cell_1761647970212_912349010008_7004_0000.png,thumbs/cluster_2/052_cell_1761647970212_912349010008_7004_0000.jpg
2,/home/wangqianqian/project/FS/data/28gusui&pizang/03/09/cell_1761646173838_912349010008_45301_0000.png,thumbs/cluster_2/053_cell_1761646173838_912349010008_45301_0000.jpg
2,/home/wangqianqian/project/FS/data/28gusui&pizang/03/21/cell_1761646860905_912349010008_102800_0000.png,thumbs/cluster_2/054_cell_1761646860905_912349010008_102800_0000.jpg
2,/home/wangqianqian/project/FS/data/28gusui&pizang/03/38/cell_1761647936193_912349010008_5624_0000.png,thumbs/cluster_2/055_cell_1761647936193_912349010008_5624_0000.jpg
2,/home/wangqianqian/project/FS/data/28gusui&pizang/03/47/cell_1761648444943_912349010008_42503_0000.png,thumbs/cluster_2/056_cell_1761648444943_912349010008_42503_0000.jpg
2,/home/wangqianqian/project/FS/data/28gusui&pizang/03/47/cell_1761648477904_912349010008_45344_0000.png,thumbs/cluster_2/057_cell_1761648477904_912349010008_45344_0000.jpg
2,/home/wangqianqian/project/FS/data/28gusui&pizang/03/21/cell_1761646905370_912349010008_106409_0000.png,thumbs/cluster_2/058_cell_1761646905370_912349010008_106409_0000.jpg
2,/home/wangqianqian/project/FS/data/28gusui&pizang/03/07/cell_1761646073324_912349010008_37901_0000.png,thumbs/cluster_2/059_cell_1761646073324_912349010008_37901_0000.jpg
2,/home/wangqianqian/project/FS/data/28gusui&pizang/03/10/cell_1761646227036_912349010008_49543_0100.png,thumbs/cluster_2/060_cell_1761646227036_912349010008_49543_0100.jpg
2,/home/wangqianqian/project/FS/data/28gusui&pizang/03/12/cell_1761646325669_912349010008_57873_0000.png,thumbs/cluster_2/061_cell_1761646325669_912349010008_57873_0000.jpg
2,/home/wangqianqian/project/FS/data/28gusui&pizang/03/19/cell_1761646765190_912349010008_94659_0100.png,thumbs/cluster_2/062_cell_1761646765190_912349010008_94659_0100.jpg
2,/home/wangqianqian/project/FS/data/28gusui&pizang/03/21/cell_1761646862398_912349010008_102933_0000.png,thumbs/cluster_2/063_cell_1761646862398_912349010008_102933_0000.jpg
2,/home/wangqianqian/project/FS/data/28gusui&pizang/03/43/cell_1761648200355_912349010008_20850_0000.png,thumbs/cluster_2/064_cell_1761648200355_912349010008_20850_0000.jpg
2,/home/wangqianqian/project/FS/data/28gusui&pizang/03/57/cell_1761649051780_912349010008_100023_0000.png,thumbs/cluster_2/065_cell_1761649051780_912349010008_100023_0000.jpg
2,/home/wangqianqian/project/FS/data/28gusui&pizang/03/55/cell_1761648948572_912349010008_90365_0000.png,thumbs/cluster_2/066_cell_1761648948572_912349010008_90365_0000.jpg
2,/home/wangqianqian/project/FS/data/28gusui&pizang/03/42/cell_1761648132816_912349010008_15966_0000.png,thumbs/cluster_2/067_cell_1761648132816_912349010008_15966_0000.jpg
2,/home/wangqianqian/project/FS/data/28gusui&pizang/03/56/cell_1761649012823_912349010008_96174_0000.png,thumbs/cluster_2/068_cell_1761649012823_912349010008_96174_0000.jpg
2,/home/wangqianqian/project/FS/data/28gusui&pizang/03/03/cell_1761645838822_912349010008_18689_0000.png,thumbs/cluster_2/069_cell_1761645838822_912349010008_18689_0000.jpg
2,/home/wangqianqian/project/FS/data/28gusui&pizang/03/51/cell_1761648673885_912349010008_63723_0000.png,thumbs/cluster_2/070_cell_1761648673885_912349010008_63723_0000.jpg
2,/home/wangqianqian/project/FS/data/28gusui&pizang/03/13/cell_1761646387213_912349010008_62819_0000.png,thumbs/cluster_2/071_cell_1761646387213_912349010008_62819_0000.jpg
2,/home/wangqianqian/project/FS/data/28gusui&pizang/03/47/cell_1761648448232_912349010008_42792_0100.png,thumbs/cluster_2/072_cell_1761648448232_912349010008_42792_0100.jpg
2,/home/wangqianqian/project/FS/data/28gusui&pizang/03/39/cell_1761647974075_912349010008_7174_0000.png,thumbs/cluster_2/073_cell_1761647974075_912349010008_7174_0000.jpg
2,/home/wangqianqian/project/FS/data/28gusui&pizang/03/50/cell_1761648606879_912349010008_57028_0000.png,thumbs/cluster_2/074_cell_1761648606879_912349010008_57028_0000.jpg
2,/home/wangqianqian/project/FS/data/28gusui&pizang/03/52/cell_1761648730684_912349010008_69525_0000.png,thumbs/cluster_2/075_cell_1761648730684_912349010008_69525_0000.jpg
2,/home/wangqianqian/project/FS/data/28gusui&pizang/03/40/cell_1761648004276_912349010008_8441_0000.png,thumbs/cluster_2/076_cell_1761648004276_912349010008_8441_0000.jpg
2,/home/wangqianqian/project/FS/data/28gusui&pizang/03/06/cell_1761645987271_912349010008_30703_0000.png,thumbs/cluster_2/077_cell_1761645987271_912349010008_30703_0000.jpg
2,/home/wangqianqian/project/FS/data/28gusui&pizang/03/18/cell_1761646709530_912349010008_90171_0000.png,thumbs/cluster_2/078_cell_1761646709530_912349010008_90171_0000.jpg
2,/home/wangqianqian/project/FS/data/28gusui&pizang/03/05/cell_1761645901423_912349010008_23852_0100.png,thumbs/cluster_2/079_cell_1761645901423_912349010008_23852_0100.jpg
2,/home/wangqianqian/project/FS/data/28gusui&pizang/03/17/cell_1761646645437_912349010008_84669_0100.png,thumbs/cluster_2/080_cell_1761646645437_912349010008_84669_0100.jpg
2,/home/wangqianqian/project/FS/data/28gusui&pizang/03/53/cell_1761648814890_912349010008_78062_0000.png,thumbs/cluster_2/081_cell_1761648814890_912349010008_78062_0000.jpg
2,/home/wangqianqian/project/FS/data/28gusui&pizang/03/36/cell_1761647766872_912349010008_283_0000.png,thumbs/cluster_2/082_cell_1761647766872_912349010008_283_0000.jpg
2,/home/wangqianqian/project/FS/data/28gusui&pizang/03/13/cell_1761646426923_912349010008_66025_0000.png,thumbs/cluster_2/083_cell_1761646426923_912349010008_66025_0000.jpg
2,/home/wangqianqian/project/FS/data/28gusui&pizang/03/46/cell_1761648403027_912349010008_38470_0000.png,thumbs/cluster_2/084_cell_1761648403027_912349010008_38470_0000.jpg
2,/home/wangqianqian/project/FS/data/28gusui&pizang/03/12/cell_1761646372417_912349010008_61695_0000.png,thumbs/cluster_2/085_cell_1761646372417_912349010008_61695_0000.jpg
2,/home/wangqianqian/project/FS/data/28gusui&pizang/03/55/cell_1761648953114_912349010008_90746_0000.png,thumbs/cluster_2/086_cell_1761648953114_912349010008_90746_0000.jpg
2,/home/wangqianqian/project/FS/data/28gusui&pizang/03/41/cell_1761648076272_912349010008_12246_0000.png,thumbs/cluster_2/087_cell_1761648076272_912349010008_12246_0000.jpg
2,/home/wangqianqian/project/FS/data/28gusui&pizang/03/18/cell_1761646739740_912349010008_92681_0100.png,thumbs/cluster_2/088_cell_1761646739740_912349010008_92681_0100.jpg
2,/home/wangqianqian/project/FS/data/28gusui&pizang/03/59/cell_1761649157616_912349010008_111162_0000.png,thumbs/cluster_2/089_cell_1761649157616_912349010008_111162_0000.jpg
2,/home/wangqianqian/project/FS/data/28gusui&pizang/03/11/cell_1761646280532_912349010008_53932_0000.png,thumbs/cluster_2/090_cell_1761646280532_912349010008_53932_0000.jpg
2,/home/wangqianqian/project/FS/data/28gusui&pizang/03/03/cell_1761645831752_912349010008_18130_0100.png,thumbs/cluster_2/091_cell_1761645831752_912349010008_18130_0100.jpg
2,/home/wangqianqian/project/FS/data/28gusui&pizang/03/11/cell_1761646286446_912349010008_54453_0100.png,thumbs/cluster_2/092_cell_1761646286446_912349010008_54453_0100.jpg
2,/home/wangqianqian/project/FS/data/28gusui&pizang/03/17/cell_1761646634209_912349010008_83698_0000.png,thumbs/cluster_2/093_cell_1761646634209_912349010008_83698_0000.jpg
2,/home/wangqianqian/project/FS/data/28gusui&pizang/03/20/cell_1761646801468_912349010008_97702_0000.png,thumbs/cluster_2/094_cell_1761646801468_912349010008_97702_0000.jpg
2,/home/wangqianqian/project/FS/data/28gusui&pizang/03/58/cell_1761649092399_912349010008_104359_0000.png,thumbs/cluster_2/095_cell_1761649092399_912349010008_104359_0000.jpg
2,/home/wangqianqian/project/FS/data/28gusui&pizang/03/43/cell_1761648229223_912349010008_23197_0000.png,thumbs/cluster_2/096_cell_1761648229223_912349010008_23197_0000.jpg
2,/home/wangqianqian/project/FS/data/28gusui&pizang/03/09/cell_1761646166545_912349010008_44784_0000.png,thumbs/cluster_2/097_cell_1761646166545_912349010008_44784_0000.jpg
2,/home/wangqianqian/project/FS/data/28gusui&pizang/03/44/cell_1761648282377_912349010008_27981_0100.png,thumbs/cluster_2/098_cell_1761648282377_912349010008_27981_0100.jpg
2,/home/wangqianqian/project/FS/data/28gusui&pizang/03/59/cell_1761649153938_912349010008_110757_0000.png,thumbs/cluster_2/099_cell_1761649153938_912349010008_110757_0000.jpg
3,/home/wangqianqian/project/FS/data/28gusui&pizang/03/16/cell_1761646592742_912349010008_80183_0000.png,thumbs/cluster_3/000_cell_1761646592742_912349010008_80183_0000.jpg
3,/home/wangqianqian/project/FS/data/28gusui&pizang/03/01/cell_1761645688116_912349010008_7744_0000.png,thumbs/cluster_3/001_cell_1761645688116_912349010008_7744_0000.jpg
3,/home/wangqianqian/project/FS/data/28gusui&pizang/03/19/cell_1761646773902_912349010008_95401_0000.png,thumbs/cluster_3/002_cell_1761646773902_912349010008_95401_0000.jpg
3,/home/wangqianqian/project/FS/data/28gusui&pizang/03/16/cell_1761646584670_912349010008_79529_0000.png,thumbs/cluster_3/003_cell_1761646584670_912349010008_79529_0000.jpg
3,/home/wangqianqian/project/FS/data/28gusui&pizang/03/06/cell_1761645970706_912349010008_29262_0000.png,thumbs/cluster_3/004_cell_1761645970706_912349010008_29262_0000.jpg
3,/home/wangqianqian/project/FS/data/28gusui&pizang/03/04/cell_1761645852632_912349010008_19878_0000.png,thumbs/cluster_3/005_cell_1761645852632_912349010008_19878_0000.jpg
3,/home/wangqianqian/project/FS/data/28gusui&pizang/03/45/cell_1761648343704_912349010008_33253_0100.png,thumbs/cluster_3/006_cell_1761648343704_912349010008_33253_0100.jpg
3,/home/wangqianqian/project/FS/data/28gusui&pizang/03/20/cell_1761646828544_912349010008_100055_0000.png,thumbs/cluster_3/007_cell_1761646828544_912349010008_100055_0000.jpg
3,/home/wangqianqian/project/FS/data/28gusui&pizang/03/10/cell_1761646245923_912349010008_51104_0000.png,thumbs/cluster_3/008_cell_1761646245923_912349010008_51104_0000.jpg
3,/home/wangqianqian/project/FS/data/28gusui&pizang/03/19/cell_1761646766884_912349010008_94808_0100.png,thumbs/cluster_3/009_cell_1761646766884_912349010008_94808_0100.jpg
3,/home/wangqianqian/project/FS/data/28gusui&pizang/03/08/cell_1761646133397_912349010008_42363_0100.png,thumbs/cluster_3/010_cell_1761646133397_912349010008_42363_0100.jpg
3,/home/wangqianqian/project/FS/data/28gusui&pizang/03/15/cell_1761646523617_912349010008_74799_0100.png,thumbs/cluster_3/011_cell_1761646523617_912349010008_74799_0100.jpg
3,/home/wangqianqian/project/FS/data/28gusui&pizang/03/13/cell_1761646412233_912349010008_64720_0100.png,thumbs/cluster_3/012_cell_1761646412233_912349010008_64720_0100.jpg
3,/home/wangqianqian/project/FS/data/28gusui&pizang/03/08/cell_1761646103049_912349010008_40163_0100.png,thumbs/cluster_3/013_cell_1761646103049_912349010008_40163_0100.jpg
3,/home/wangqianqian/project/FS/data/28gusui&pizang/03/20/cell_1761646846334_912349010008_101486_0000.png,thumbs/cluster_3/014_cell_1761646846334_912349010008_101486_0000.jpg
3,/home/wangqianqian/project/FS/data/28gusui&pizang/03/05/cell_1761645930702_912349010008_26073_0000.png,thumbs/cluster_3/015_cell_1761645930702_912349010008_26073_0000.jpg
3,/home/wangqianqian/project/FS/data/28gusui&pizang/03/12/cell_1761646344178_912349010008_59337_0100.png,thumbs/cluster_3/016_cell_1761646344178_912349010008_59337_0100.jpg
3,/home/wangqianqian/project/FS/data/28gusui&pizang/03/20/cell_1761646803667_912349010008_97911_0000.png,thumbs/cluster_3/017_cell_1761646803667_912349010008_97911_0000.jpg
3,/home/wangqianqian/project/FS/data/28gusui&pizang/03/09/cell_1761646191502_912349010008_46677_0000.png,thumbs/cluster_3/018_cell_1761646191502_912349010008_46677_0000.jpg
3,/home/wangqianqian/project/FS/data/28gusui&pizang/03/17/cell_1761646659320_912349010008_85873_0000.png,thumbs/cluster_3/019_cell_1761646659320_912349010008_85873_0000.jpg
3,/home/wangqianqian/project/FS/data/28gusui&pizang/03/16/cell_1761646611710_912349010008_81736_0000.png,thumbs/cluster_3/020_cell_1761646611710_912349010008_81736_0000.jpg
3,/home/wangqianqian/project/FS/data/28gusui&pizang/03/11/cell_1761646283595_912349010008_54202_0000.png,thumbs/cluster_3/021_cell_1761646283595_912349010008_54202_0000.jpg
3,/home/wangqianqian/project/FS/data/28gusui&pizang/03/19/cell_1761646799994_912349010008_97575_0100.png,thumbs/cluster_3/022_cell_1761646799994_912349010008_97575_0100.jpg
3,/home/wangqianqian/project/FS/data/28gusui&pizang/03/53/cell_1761648832922_912349010008_79753_0100.png,thumbs/cluster_3/023_cell_1761648832922_912349010008_79753_0100.jpg
3,/home/wangqianqian/project/FS/data/28gusui&pizang/03/10/cell_1761646259910_912349010008_52209_0100.png,thumbs/cluster_3/024_cell_1761646259910_912349010008_52209_0100.jpg
3,/home/wangqianqian/project/FS/data/28gusui&pizang/03/04/cell_1761645873404_912349010008_21701_0100.png,thumbs/cluster_3/025_cell_1761645873404_912349010008_21701_0100.jpg
3,/home/wangqianqian/project/FS/data/28gusui&pizang/03/58/cell_1761649084998_912349010008_103483_0100.png,thumbs/cluster_3/026_cell_1761649084998_912349010008_103483_0100.jpg
3,/home/wangqianqian/project/FS/data/28gusui&pizang/03/19/cell_1761646757898_912349010008_94086_0100.png,thumbs/cluster_3/027_cell_1761646757898_912349010008_94086_0100.jpg
3,/home/wangqianqian/project/FS/data/28gusui&pizang/03/14/cell_1761646478031_912349010008_70640_0100.png,thumbs/cluster_3/028_cell_1761646478031_912349010008_70640_0100.jpg
3,/home/wangqianqian/project/FS/data/28gusui&pizang/03/13/cell_1761646413165_912349010008_64798_0000.png,thumbs/cluster_3/029_cell_1761646413165_912349010008_64798_0000.jpg
3,/home/wangqianqian/project/FS/data/28gusui&pizang/03/04/cell_1761645885714_912349010008_22729_0100.png,thumbs/cluster_3/030_cell_1761645885714_912349010008_22729_0100.jpg
3,/home/wangqianqian/project/FS/data/28gusui&pizang/03/05/cell_1761645947534_912349010008_27421_0100.png,thumbs/cluster_3/031_cell_1761645947534_912349010008_27421_0100.jpg
3,/home/wangqianqian/project/FS/data/28gusui&pizang/03/08/cell_1761646126693_912349010008_41893_0000.png,thumbs/cluster_3/032_cell_1761646126693_912349010008_41893_0000.jpg
3,/home/wangqianqian/project/FS/data/28gusui&pizang/03/16/cell_1761646560010_912349010008_77730_0000.png,thumbs/cluster_3/033_cell_1761646560010_912349010008_77730_0000.jpg
3,/home/wangqianqian/project/FS/data/28gusui&pizang/03/06/cell_1761646019012_912349010008_33388_0100.png,thumbs/cluster_3/034_cell_1761646019012_912349010008_33388_0100.jpg
3,/home/wangqianqian/project/FS/data/28gusui&pizang/03/19/cell_1761646775370_912349010008_95517_0000.png,thumbs/cluster_3/035_cell_1761646775370_912349010008_95517_0000.jpg
3,/home/wangqianqian/project/FS/data/28gusui&pizang/03/13/cell_1761646433886_912349010008_66664_0100.png,thumbs/cluster_3/036_cell_1761646433886_912349010008_66664_0100.jpg
3,/home/wangqianqian/project/FS/data/28gusui&pizang/03/21/cell_1761646880983_912349010008_104482_0100.png,thumbs/cluster_3/037_cell_1761646880983_912349010008_104482_0100.jpg
3,/home/wangqianqian/project/FS/data/28gusui&pizang/03/08/cell_1761646084667_912349010008_38724_0000.png,thumbs/cluster_3/038_cell_1761646084667_912349010008_38724_0000.jpg
3,/home/wangqianqian/project/FS/data/28gusui&pizang/03/21/cell_1761646886448_912349010008_104878_0100.png,thumbs/cluster_3/039_cell_1761646886448_912349010008_104878_0100.jpg
3,/home/wangqianqian/project/FS/data/28gusui&pizang/03/15/cell_1761646516021_912349010008_74132_0000.png,thumbs/cluster_3/040_cell_1761646516021_912349010008_74132_0000.jpg
3,/home/wangqianqian/project/FS/data/28gusui&pizang/03/51/cell_1761648703633_912349010008_66801_0000.png,thumbs/cluster_3/041_cell_1761648703633_912349010008_66801_0000.jpg
3,/home/wangqianqian/project/FS/data/28gusui&pizang/03/20/cell_1761646828544_912349010008_100055_0100.png,thumbs/cluster_3/042_cell_1761646828544_912349010008_100055_0100.jpg
3,/home/wangqianqian/project/FS/data/28gusui&pizang/03/06/cell_1761646010288_912349010008_32603_0000.png,thumbs/cluster_3/043_cell_1761646010288_912349010008_32603_0000.jpg
3,/home/wangqianqian/project/FS/data/28gusui&pizang/03/17/cell_1761646676769_912349010008_87483_0000.png,thumbs/cluster_3/044_cell_1761646676769_912349010008_87483_0000.jpg
3,/home/wangqianqian/project/FS/data/28gusui&pizang/03/15/cell_1761646516021_912349010008_74132_0100.png,thumbs/cluster_3/045_cell_1761646516021_912349010008_74132_0100.jpg
3,/home/wangqianqian/project/FS/data/28gusui&pizang/03/12/cell_1761646322063_912349010008_57549_0100.png,thumbs/cluster_3/046_cell_1761646322063_912349010008_57549_0100.jpg
3,/home/wangqianqian/project/FS/data/28gusui&pizang/03/16/cell_1761646582184_912349010008_79372_0100.png,thumbs/cluster_3/047_cell_1761646582184_912349010008_79372_0100.jpg
3,/home/wangqianqian/project/FS/data/28gusui&pizang/03/08/cell_1761646124408_912349010008_41734_0100.png,thumbs/cluster_3/048_cell_1761646124408_912349010008_41734_0100.jpg
3,/home/wangqianqian/project/FS/data/28gusui&pizang/03/15/cell_1761646501074_912349010008_72914_0000.png,thumbs/cluster_3/049_cell_1761646501074_912349010008_72914_0000.jpg
3,/home/wangqianqian/project/FS/data/28gusui&pizang/03/12/cell_1761646343928_912349010008_59299_0100.png,thumbs/cluster_3/050_cell_1761646343928_912349010008_59299_0100.jpg
3,/home/wangqianqian/project/FS/data/28gusui&pizang/03/17/cell_1761646674372_912349010008_87240_0000.png,thumbs/cluster_3/051_cell_1761646674372_912349010008_87240_0000.jpg
3,/home/wangqianqian/project/FS/data/28gusui&pizang/03/02/cell_1761645778677_912349010008_14010_0100.png,thumbs/cluster_3/052_cell_1761645778677_912349010008_14010_0100.jpg
3,/home/wangqianqian/project/FS/data/28gusui&pizang/03/21/cell_1761646897616_912349010008_105791_0000.png,thumbs/cluster_3/053_cell_1761646897616_912349010008_105791_0000.jpg
3,/home/wangqianqian/project/FS/data/28gusui&pizang/03/09/cell_1761646192531_912349010008_46739_0100.png,thumbs/cluster_3/054_cell_1761646192531_912349010008_46739_0100.jpg
3,/home/wangqianqian/project/FS/data/28gusui&pizang/03/44/cell_1761648241455_912349010008_24239_0000.png,thumbs/cluster_3/055_cell_1761648241455_912349010008_24239_0000.jpg
3,/home/wangqianqian/project/FS/data/28gusui&pizang/03/02/cell_1761645760594_912349010008_12719_0000.png,thumbs/cluster_3/056_cell_1761645760594_912349010008_12719_0000.jpg
3,/home/wangqianqian/project/FS/data/28gusui&pizang/03/21/cell_1761646860517_912349010008_102762_0100.png,thumbs/cluster_3/057_cell_1761646860517_912349010008_102762_0100.jpg
3,/home/wangqianqian/project/FS/data/28gusui&pizang/03/15/cell_1761646552618_912349010008_77126_0000.png,thumbs/cluster_3/058_cell_1761646552618_912349010008_77126_0000.jpg
3,/home/wangqianqian/project/FS/data/28gusui&pizang/03/10/cell_1761646246429_912349010008_51170_0000.png,thumbs/cluster_3/059_cell_1761646246429_912349010008_51170_0000.jpg
3,/home/wangqianqian/project/FS/data/28gusui&pizang/03/20/cell_1761646853229_912349010008_102090_0000.png,thumbs/cluster_3/060_cell_1761646853229_912349010008_102090_0000.jpg
3,/home/wangqianqian/project/FS/data/28gusui&pizang/03/05/cell_1761645945013_912349010008_27230_0100.png,thumbs/cluster_3/061_cell_1761645945013_912349010008_27230_0100.jpg
3,/home/wangqianqian/project/FS/data/28gusui&pizang/03/44/cell_1761648249759_912349010008_24989_0000.png,thumbs/cluster_3/062_cell_1761648249759_912349010008_24989_0000.jpg
3,/home/wangqianqian/project/FS/data/28gusui&pizang/03/19/cell_1761646755486_912349010008_93897_0100.png,thumbs/cluster_3/063_cell_1761646755486_912349010008_93897_0100.jpg
3,/home/wangqianqian/project/FS/data/28gusui&pizang/03/13/cell_1761646427750_912349010008_66125_0000.png,thumbs/cluster_3/064_cell_1761646427750_912349010008_66125_0000.jpg
3,/home/wangqianqian/project/FS/data/28gusui&pizang/03/04/cell_1761645895812_912349010008_23444_0000.png,thumbs/cluster_3/065_cell_1761645895812_912349010008_23444_0000.jpg
3,/home/wangqianqian/project/FS/data/28gusui&pizang/03/05/cell_1761645903658_912349010008_24024_0000.png,thumbs/cluster_3/066_cell_1761645903658_912349010008_24024_0000.jpg
3,/home/wangqianqian/project/FS/data/28gusui&pizang/03/18/cell_1761646706525_912349010008_89934_0000.png,thumbs/cluster_3/067_cell_1761646706525_912349010008_89934_0000.jpg
3,/home/wangqianqian/project/FS/data/28gusui&pizang/03/19/cell_1761646786342_912349010008_96372_0000.png,thumbs/cluster_3/068_cell_1761646786342_912349010008_96372_0000.jpg
3,/home/wangqianqian/project/FS/data/28gusui&pizang/03/08/cell_1761646121470_912349010008_41521_0000.png,thumbs/cluster_3/069_cell_1761646121470_912349010008_41521_0000.jpg
3,/home/wangqianqian/project/FS/data/28gusui&pizang/03/12/cell_1761646350684_912349010008_59892_0000.png,thumbs/cluster_3/070_cell_1761646350684_912349010008_59892_0000.jpg
3,/home/wangqianqian/project/FS/data/28gusui&pizang/03/53/cell_1761648807827_912349010008_77353_0000.png,thumbs/cluster_3/071_cell_1761648807827_912349010008_77353_0000.jpg
3,/home/wangqianqian/project/FS/data/28gusui&pizang/03/49/cell_1761648543105_912349010008_50871_0100.png,thumbs/cluster_3/072_cell_1761648543105_912349010008_50871_0100.jpg
3,/home/wangqianqian/project/FS/data/28gusui&pizang/03/12/cell_1761646351810_912349010008_60015_0000.png,thumbs/cluster_3/073_cell_1761646351810_912349010008_60015_0000.jpg
3,/home/wangqianqian/project/FS/data/28gusui&pizang/03/12/cell_1761646365019_912349010008_61098_0000.png,thumbs/cluster_3/074_cell_1761646365019_912349010008_61098_0000.jpg
3,/home/wangqianqian/project/FS/data/28gusui&pizang/03/16/cell_1761646584992_912349010008_79548_0000.png,thumbs/cluster_3/075_cell_1761646584992_912349010008_79548_0000.jpg
3,/home/wangqianqian/project/FS/data/28gusui&pizang/03/07/cell_1761646070623_912349010008_37720_0000.png,thumbs/cluster_3/076_cell_1761646070623_912349010008_37720_0000.jpg
3,/home/wangqianqian/project/FS/data/28gusui&pizang/03/17/cell_1761646667975_912349010008_86645_0100.png,thumbs/cluster_3/077_cell_1761646667975_912349010008_86645_0100.jpg
3,/home/wangqianqian/project/FS/data/28gusui&pizang/03/18/cell_1761646706407_912349010008_89930_0000.png,thumbs/cluster_3/078_cell_1761646706407_912349010008_89930_0000.jpg
3,/home/wangqianqian/project/FS/data/28gusui&pizang/03/11/cell_1761646295718_912349010008_55316_0100.png,thumbs/cluster_3/079_cell_1761646295718_912349010008_55316_0100.jpg
3,/home/wangqianqian/project/FS/data/28gusui&pizang/03/18/cell_1761646723540_912349010008_91271_0000.png,thumbs/cluster_3/080_cell_1761646723540_912349010008_91271_0000.jpg
3,/home/wangqianqian/project/FS/data/28gusui&pizang/03/13/cell_1761646396356_912349010008_63491_0000.png,thumbs/cluster_3/081_cell_1761646396356_912349010008_63491_0000.jpg
3,/home/wangqianqian/project/FS/data/28gusui&pizang/03/02/cell_1761645750759_912349010008_11969_0000.png,thumbs/cluster_3/082_cell_1761645750759_912349010008_11969_0000.jpg
3,/home/wangqianqian/project/FS/data/28gusui&pizang/03/48/cell_1761648539278_912349010008_50507_0100.png,thumbs/cluster_3/083_cell_1761648539278_912349010008_50507_0100.jpg
3,/home/wangqianqian/project/FS/data/28gusui&pizang/03/15/cell_1761646536410_912349010008_75780_0000.png,thumbs/cluster_3/084_cell_1761646536410_912349010008_75780_0000.jpg
3,/home/wangqianqian/project/FS/data/28gusui&pizang/03/21/cell_1761646862399_912349010008_102935_0100.png,thumbs/cluster_3/085_cell_1761646862399_912349010008_102935_0100.jpg
3,/home/wangqianqian/project/FS/data/28gusui&pizang/03/09/cell_1761646155249_912349010008_43954_0000.png,thumbs/cluster_3/086_cell_1761646155249_912349010008_43954_0000.jpg
3,/home/wangqianqian/project/FS/data/28gusui&pizang/03/21/cell_1761646882539_912349010008_104605_0000.png,thumbs/cluster_3/087_cell_1761646882539_912349010008_104605_0000.jpg
3,/home/wangqianqian/project/FS/data/28gusui&pizang/03/05/cell_1761645933389_912349010008_26274_0000.png,thumbs/cluster_3/088_cell_1761645933389_912349010008_26274_0000.jpg
3,/home/wangqianqian/project/FS/data/28gusui&pizang/03/13/cell_1761646426043_912349010008_65921_0100.png,thumbs/cluster_3/089_cell_1761646426043_912349010008_65921_0100.jpg
3,/home/wangqianqian/project/FS/data/28gusui&pizang/03/08/cell_1761646102661_912349010008_40130_0100.png,thumbs/cluster_3/090_cell_1761646102661_912349010008_40130_0100.jpg
3,/home/wangqianqian/project/FS/data/28gusui&pizang/03/59/cell_1761649140584_912349010008_109363_0000.png,thumbs/cluster_3/091_cell_1761649140584_912349010008_109363_0000.jpg
3,/home/wangqianqian/project/FS/data/28gusui&pizang/03/15/cell_1761646503070_912349010008_73094_0100.png,thumbs/cluster_3/092_cell_1761646503070_912349010008_73094_0100.jpg
3,/home/wangqianqian/project/FS/data/28gusui&pizang/03/16/cell_1761646563243_912349010008_77957_0100.png,thumbs/cluster_3/093_cell_1761646563243_912349010008_77957_0100.jpg
3,/home/wangqianqian/project/FS/data/28gusui&pizang/03/03/cell_1761645806359_912349010008_16154_0100.png,thumbs/cluster_3/094_cell_1761645806359_912349010008_16154_0100.jpg
3,/home/wangqianqian/project/FS/data/28gusui&pizang/03/15/cell_1761646535585_912349010008_75715_0000.png,thumbs/cluster_3/095_cell_1761646535585_912349010008_75715_0000.jpg
3,/home/wangqianqian/project/FS/data/28gusui&pizang/03/17/cell_1761646677631_912349010008_87557_0000.png,thumbs/cluster_3/096_cell_1761646677631_912349010008_87557_0000.jpg
3,/home/wangqianqian/project/FS/data/28gusui&pizang/03/02/cell_1761645730544_912349010008_10482_0100.png,thumbs/cluster_3/097_cell_1761645730544_912349010008_10482_0100.jpg
3,/home/wangqianqian/project/FS/data/28gusui&pizang/03/09/cell_1761646167533_912349010008_44869_0000.png,thumbs/cluster_3/098_cell_1761646167533_912349010008_44869_0000.jpg
3,/home/wangqianqian/project/FS/data/28gusui&pizang/03/09/cell_1761646172839_912349010008_45225_0000.png,thumbs/cluster_3/099_cell_1761646172839_912349010008_45225_0000.jpg
4,/home/wangqianqian/project/FS/data/28gusui&pizang/03/54/cell_1761648888800_912349010008_85354_0000.png,thumbs/cluster_4/000_cell_1761648888800_912349010008_85354_0000.jpg
4,/home/wangqianqian/project/FS/data/28gusui&pizang/03/11/cell_1761646276446_912349010008_53570_0100.png,thumbs/cluster_4/001_cell_1761646276446_912349010008_53570_0100.jpg
4,/home/wangqianqian/project/FS/data/28gusui&pizang/03/44/cell_1761648269872_912349010008_26784_0100.png,thumbs/cluster_4/002_cell_1761648269872_912349010008_26784_0100.jpg
4,/home/wangqianqian/project/FS/data/28gusui&pizang/03/48/cell_1761648525594_912349010008_49300_0000.png,thumbs/cluster_4/003_cell_1761648525594_912349010008_49300_0000.jpg
4,/home/wangqianqian/project/FS/data/28gusui&pizang/03/51/cell_1761648701707_912349010008_66601_0000.png,thumbs/cluster_4/004_cell_1761648701707_912349010008_66601_0000.jpg
4,/home/wangqianqian/project/FS/data/28gusui&pizang/03/16/cell_1761646588958_912349010008_79870_0100.png,thumbs/cluster_4/005_cell_1761646588958_912349010008_79870_0100.jpg
4,/home/wangqianqian/project/FS/data/28gusui&pizang/03/39/cell_1761647962110_912349010008_6672_0100.png,thumbs/cluster_4/006_cell_1761647962110_912349010008_6672_0100.jpg
4,/home/wangqianqian/project/FS/data/28gusui&pizang/03/20/cell_1761646859382_912349010008_102649_0000.png,thumbs/cluster_4/007_cell_1761646859382_912349010008_102649_0000.jpg
4,/home/wangqianqian/project/FS/data/28gusui&pizang/03/43/cell_1761648229158_912349010008_23192_0000.png,thumbs/cluster_4/008_cell_1761648229158_912349010008_23192_0000.jpg
4,/home/wangqianqian/project/FS/data/28gusui&pizang/03/20/cell_1761646842009_912349010008_101132_0000.png,thumbs/cluster_4/009_cell_1761646842009_912349010008_101132_0000.jpg
4,/home/wangqianqian/project/FS/data/28gusui&pizang/03/49/cell_1761648594390_912349010008_55787_0000.png,thumbs/cluster_4/010_cell_1761648594390_912349010008_55787_0000.jpg
4,/home/wangqianqian/project/FS/data/28gusui&pizang/03/09/cell_1761646191000_912349010008_46640_0000.png,thumbs/cluster_4/011_cell_1761646191000_912349010008_46640_0000.jpg
4,/home/wangqianqian/project/FS/data/28gusui&pizang/03/39/cell_1761647967460_912349010008_6894_0000.png,thumbs/cluster_4/012_cell_1761647967460_912349010008_6894_0000.jpg
4,/home/wangqianqian/project/FS/data/28gusui&pizang/03/47/cell_1761648461438_912349010008_43935_0000.png,thumbs/cluster_4/013_cell_1761648461438_912349010008_43935_0000.jpg
4,/home/wangqianqian/project/FS/data/28gusui&pizang/03/45/cell_1761648354302_912349010008_34221_0000.png,thumbs/cluster_4/014_cell_1761648354302_912349010008_34221_0000.jpg
4,/home/wangqianqian/project/FS/data/28gusui&pizang/03/19/cell_1761646762591_912349010008_94456_0100.png,thumbs/cluster_4/015_cell_1761646762591_912349010008_94456_0100.jpg
4,/home/wangqianqian/project/FS/data/28gusui&pizang/03/18/cell_1761646712012_912349010008_90365_0000.png,thumbs/cluster_4/016_cell_1761646712012_912349010008_90365_0000.jpg
4,/home/wangqianqian/project/FS/data/28gusui&pizang/03/11/cell_1761646287404_912349010008_54553_0000.png,thumbs/cluster_4/017_cell_1761646287404_912349010008_54553_0000.jpg
4,/home/wangqianqian/project/FS/data/28gusui&pizang/03/11/cell_1761646300471_912349010008_55769_0000.png,thumbs/cluster_4/018_cell_1761646300471_912349010008_55769_0000.jpg
4,/home/wangqianqian/project/FS/data/28gusui&pizang/03/47/cell_1761648433915_912349010008_41430_0000.png,thumbs/cluster_4/019_cell_1761648433915_912349010008_41430_0000.jpg
4,/home/wangqianqian/project/FS/data/28gusui&pizang/03/47/cell_1761648461438_912349010008_43935_0100.png,thumbs/cluster_4/020_cell_1761648461438_912349010008_43935_0100.jpg
4,/home/wangqianqian/project/FS/data/28gusui&pizang/03/43/cell_1761648210705_912349010008_21745_0100.png,thumbs/cluster_4/021_cell_1761648210705_912349010008_21745_0100.jpg
4,/home/wangqianqian/project/FS/data/28gusui&pizang/03/14/cell_1761646471652_912349010008_70089_0000.png,thumbs/cluster_4/022_cell_1761646471652_912349010008_70089_0000.jpg
4,/home/wangqianqian/project/FS/data/28gusui&pizang/03/58/cell_1761649094366_912349010008_104561_0000.png,thumbs/cluster_4/023_cell_1761649094366_912349010008_104561_0000.jpg
4,/home/wangqianqian/project/FS/data/28gusui&pizang/03/06/cell_1761645961848_912349010008_28533_0100.png,thumbs/cluster_4/024_cell_1761645961848_912349010008_28533_0100.jpg
4,/home/wangqianqian/project/FS/data/28gusui&pizang/03/48/cell_1761648483446_912349010008_45845_0100.png,thumbs/cluster_4/025_cell_1761648483446_912349010008_45845_0100.jpg
4,/home/wangqianqian/project/FS/data/28gusui&pizang/03/45/cell_1761648331183_912349010008_32122_0000.png,thumbs/cluster_4/026_cell_1761648331183_912349010008_32122_0000.jpg
4,/home/wangqianqian/project/FS/data/28gusui&pizang/03/57/cell_1761649051952_912349010008_100044_0100.png,thumbs/cluster_4/027_cell_1761649051952_912349010008_100044_0100.jpg
4,/home/wangqianqian/project/FS/data/28gusui&pizang/03/57/cell_1761649042192_912349010008_99016_0000.png,thumbs/cluster_4/028_cell_1761649042192_912349010008_99016_0000.jpg
4,/home/wangqianqian/project/FS/data/28gusui&pizang/03/41/cell_1761648072000_912349010008_11988_0000.png,thumbs/cluster_4/029_cell_1761648072000_912349010008_11988_0000.jpg
4,/home/wangqianqian/project/FS/data/28gusui&pizang/03/40/cell_1761648005892_912349010008_8518_0100.png,thumbs/cluster_4/030_cell_1761648005892_912349010008_8518_0100.jpg
4,/home/wangqianqian/project/FS/data/28gusui&pizang/03/44/cell_1761648296020_912349010008_29158_0000.png,thumbs/cluster_4/031_cell_1761648296020_912349010008_29158_0000.jpg
4,/home/wangqianqian/project/FS/data/28gusui&pizang/03/57/cell_1761649055765_912349010008_100450_0100.png,thumbs/cluster_4/032_cell_1761649055765_912349010008_100450_0100.jpg
4,/home/wangqianqian/project/FS/data/28gusui&pizang/03/39/cell_1761647992769_912349010008_7904_0100.png,thumbs/cluster_4/033_cell_1761647992769_912349010008_7904_0100.jpg
4,/home/wangqianqian/project/FS/data/28gusui&pizang/03/38/cell_1761647904499_912349010008_4589_0100.png,thumbs/cluster_4/034_cell_1761647904499_912349010008_4589_0100.jpg
4,/home/wangqianqian/project/FS/data/28gusui&pizang/03/54/cell_1761648842104_912349010008_80631_0000.png,thumbs/cluster_4/035_cell_1761648842104_912349010008_80631_0000.jpg
4,/home/wangqianqian/project/FS/data/28gusui&pizang/03/47/cell_1761648461532_912349010008_43953_0000.png,thumbs/cluster_4/036_cell_1761648461532_912349010008_43953_0000.jpg
4,/home/wangqianqian/project/FS/data/28gusui&pizang/03/47/cell_1761648474142_912349010008_45020_0000.png,thumbs/cluster_4/037_cell_1761648474142_912349010008_45020_0000.jpg
4,/home/wangqianqian/project/FS/data/28gusui&pizang/03/18/cell_1761646711971_912349010008_90360_0100.png,thumbs/cluster_4/038_cell_1761646711971_912349010008_90360_0100.jpg
4,/home/wangqianqian/project/FS/data/28gusui&pizang/03/51/cell_1761648711606_912349010008_67700_0100.png,thumbs/cluster_4/039_cell_1761648711606_912349010008_67700_0100.jpg
4,/home/wangqianqian/project/FS/data/28gusui&pizang/03/16/cell_1761646582794_912349010008_79407_0100.png,thumbs/cluster_4/040_cell_1761646582794_912349010008_79407_0100.jpg
4,/home/wangqianqian/project/FS/data/28gusui&pizang/03/20/cell_1761646830296_912349010008_100210_0000.png,thumbs/cluster_4/041_cell_1761646830296_912349010008_100210_0000.jpg
4,/home/wangqianqian/project/FS/data/28gusui&pizang/03/50/cell_1761648613420_912349010008_57648_0000.png,thumbs/cluster_4/042_cell_1761648613420_912349010008_57648_0000.jpg
4,/home/wangqianqian/project/FS/data/28gusui&pizang/03/48/cell_1761648510521_912349010008_48105_0100.png,thumbs/cluster_4/043_cell_1761648510521_912349010008_48105_0100.jpg
4,/home/wangqianqian/project/FS/data/28gusui&pizang/03/53/cell_1761648832846_912349010008_79743_0000.png,thumbs/cluster_4/044_cell_1761648832846_912349010008_79743_0000.jpg
4,/home/wangqianqian/project/FS/data/28gusui&pizang/03/52/cell_1761648721940_912349010008_68716_0100.png,thumbs/cluster_4/045_cell_1761648721940_912349010008_68716_0100.jpg
4,/home/wangqianqian/project/FS/data/28gusui&pizang/03/56/cell_1761648997205_912349010008_94742_0100.png,thumbs/cluster_4/046_cell_1761648997205_912349010008_94742_0100.jpg
4,/home/wangqianqian/project/FS/data/28gusui&pizang/03/43/cell_1761648201203_912349010008_20917_0100.png,thumbs/cluster_4/047_cell_1761648201203_912349010008_20917_0100.jpg
4,/home/wangqianqian/project/FS/data/28gusui&pizang/03/21/cell_1761646918743_912349010008_107543_0100.png,thumbs/cluster_4/048_cell_1761646918743_912349010008_107543_0100.jpg
4,/home/wangqianqian/project/FS/data/28gusui&pizang/03/16/cell_1761646618888_912349010008_82370_0100.png,thumbs/cluster_4/049_cell_1761646618888_912349010008_82370_0100.jpg
4,/home/wangqianqian/project/FS/data/28gusui&pizang/03/07/cell_1761646067273_912349010008_37487_0100.png,thumbs/cluster_4/050_cell_1761646067273_912349010008_37487_0100.jpg
4,/home/wangqianqian/project/FS/data/28gusui&pizang/03/56/cell_1761649016686_912349010008_96504_0000.png,thumbs/cluster_4/051_cell_1761649016686_912349010008_96504_0000.jpg
4,/home/wangqianqian/project/FS/data/28gusui&pizang/03/09/cell_1761646149557_912349010008_43493_0000.png,thumbs/cluster_4/052_cell_1761646149557_912349010008_43493_0000.jpg
4,/home/wangqianqian/project/FS/data/28gusui&pizang/03/51/cell_1761648680142_912349010008_64357_0000.png,thumbs/cluster_4/053_cell_1761648680142_912349010008_64357_0000.jpg
4,/home/wangqianqian/project/FS/data/28gusui&pizang/03/51/cell_1761648672553_912349010008_63595_0000.png,thumbs/cluster_4/054_cell_1761648672553_912349010008_63595_0000.jpg
4,/home/wangqianqian/project/FS/data/28gusui&pizang/03/18/cell_1761646705532_912349010008_89858_0100.png,thumbs/cluster_4/055_cell_1761646705532_912349010008_89858_0100.jpg
4,/home/wangqianqian/project/FS/data/28gusui&pizang/03/53/cell_1761648820846_912349010008_78629_0000.png,thumbs/cluster_4/056_cell_1761648820846_912349010008_78629_0000.jpg
4,/home/wangqianqian/project/FS/data/28gusui&pizang/03/57/cell_1761649036849_912349010008_98451_0100.png,thumbs/cluster_4/057_cell_1761649036849_912349010008_98451_0100.jpg
4,/home/wangqianqian/project/FS/data/28gusui&pizang/03/45/cell_1761648330397_912349010008_32051_0100.png,thumbs/cluster_4/058_cell_1761648330397_912349010008_32051_0100.jpg
4,/home/wangqianqian/project/FS/data/28gusui&pizang/03/54/cell_1761648842104_912349010008_80631_0100.png,thumbs/cluster_4/059_cell_1761648842104_912349010008_80631_0100.jpg
4,/home/wangqianqian/project/FS/data/28gusui&pizang/03/19/cell_1761646794610_912349010008_97053_0000.png,thumbs/cluster_4/060_cell_1761646794610_912349010008_97053_0000.jpg
4,/home/wangqianqian/project/FS/data/28gusui&pizang/03/11/cell_1761646315175_912349010008_56987_0100.png,thumbs/cluster_4/061_cell_1761646315175_912349010008_56987_0100.jpg
4,/home/wangqianqian/project/FS/data/28gusui&pizang/03/09/cell_1761646163689_912349010008_44598_0000.png,thumbs/cluster_4/062_cell_1761646163689_912349010008_44598_0000.jpg
4,/home/wangqianqian/project/FS/data/28gusui&pizang/03/05/cell_1761645950378_912349010008_27669_0000.png,thumbs/cluster_4/063_cell_1761645950378_912349010008_27669_0000.jpg
4,/home/wangqianqian/project/FS/data/28gusui&pizang/03/57/cell_1761649068501_912349010008_101787_0000.png,thumbs/cluster_4/064_cell_1761649068501_912349010008_101787_0000.jpg
4,/home/wangqianqian/project/FS/data/28gusui&pizang/03/03/cell_1761645822837_912349010008_17467_0000.png,thumbs/cluster_4/065_cell_1761645822837_912349010008_17467_0000.jpg
4,/home/wangqianqian/project/FS/data/28gusui&pizang/03/46/cell_1761648419996_912349010008_40086_0000.png,thumbs/cluster_4/066_cell_1761648419996_912349010008_40086_0000.jpg
4,/home/wangqianqian/project/FS/data/28gusui&pizang/03/43/cell_1761648201589_912349010008_20953_0000.png,thumbs/cluster_4/067_cell_1761648201589_912349010008_20953_0000.jpg
4,/home/wangqianqian/project/FS/data/28gusui&pizang/03/01/cell_1761645717515_912349010008_9564_0100.png,thumbs/cluster_4/068_cell_1761645717515_912349010008_9564_0100.jpg
4,/home/wangqianqian/project/FS/data/28gusui&pizang/03/47/cell_1761648478120_912349010008_45359_0000.png,thumbs/cluster_4/069_cell_1761648478120_912349010008_45359_0000.jpg
4,/home/wangqianqian/project/FS/data/28gusui&pizang/03/45/cell_1761648347305_912349010008_33587_0000.png,thumbs/cluster_4/070_cell_1761648347305_912349010008_33587_0000.jpg
4,/home/wangqianqian/project/FS/data/28gusui&pizang/03/49/cell_1761648565650_912349010008_52956_0000.png,thumbs/cluster_4/071_cell_1761648565650_912349010008_52956_0000.jpg
4,/home/wangqianqian/project/FS/data/28gusui&pizang/03/19/cell_1761646776026_912349010008_95582_0000.png,thumbs/cluster_4/072_cell_1761646776026_912349010008_95582_0000.jpg
4,/home/wangqianqian/project/FS/data/28gusui&pizang/03/42/cell_1761648144178_912349010008_16804_0000.png,thumbs/cluster_4/073_cell_1761648144178_912349010008_16804_0000.jpg
4,/home/wangqianqian/project/FS/data/28gusui&pizang/03/03/cell_1761645823978_912349010008_17576_0000.png,thumbs/cluster_4/074_cell_1761645823978_912349010008_17576_0000.jpg
4,/home/wangqianqian/project/FS/data/28gusui&pizang/03/46/cell_1761648403827_912349010008_38549_0100.png,thumbs/cluster_4/075_cell_1761648403827_912349010008_38549_0100.jpg
4,/home/wangqianqian/project/FS/data/28gusui&pizang/03/54/cell_1761648845454_912349010008_80984_0000.png,thumbs/cluster_4/076_cell_1761648845454_912349010008_80984_0000.jpg
4,/home/wangqianqian/project/FS/data/28gusui&pizang/03/13/cell_1761646391998_912349010008_63185_0100.png,thumbs/cluster_4/077_cell_1761646391998_912349010008_63185_0100.jpg
4,/home/wangqianqian/project/FS/data/28gusui&pizang/03/59/cell_1761649143556_912349010008_109671_0100.png,thumbs/cluster_4/078_cell_1761649143556_912349010008_109671_0100.jpg
4,/home/wangqianqian/project/FS/data/28gusui&pizang/03/41/cell_1761648092435_912349010008_13387_0100.png,thumbs/cluster_4/079_cell_1761648092435_912349010008_13387_0100.jpg
4,/home/wangqianqian/project/FS/data/28gusui&pizang/03/40/cell_1761648051852_912349010008_10818_0100.png,thumbs/cluster_4/080_cell_1761648051852_912349010008_10818_0100.jpg
4,/home/wangqianqian/project/FS/data/28gusui&pizang/03/05/cell_1761645908798_912349010008_24441_0000.png,thumbs/cluster_4/081_cell_1761645908798_912349010008_24441_0000.jpg
4,/home/wangqianqian/project/FS/data/28gusui&pizang/03/44/cell_1761648274805_912349010008_27275_0000.png,thumbs/cluster_4/082_cell_1761648274805_912349010008_27275_0000.jpg
4,/home/wangqianqian/project/FS/data/28gusui&pizang/03/52/cell_1761648745563_912349010008_71070_0000.png,thumbs/cluster_4/083_cell_1761648745563_912349010008_71070_0000.jpg
4,/home/wangqianqian/project/FS/data/28gusui&pizang/03/17/cell_1761646654192_912349010008_85446_0000.png,thumbs/cluster_4/084_cell_1761646654192_912349010008_85446_0000.jpg
4,/home/wangqianqian/project/FS/data/28gusui&pizang/03/57/cell_1761649029019_912349010008_97712_0100.png,thumbs/cluster_4/085_cell_1761649029019_912349010008_97712_0100.jpg
4,/home/wangqianqian/project/FS/data/28gusui&pizang/03/59/cell_1761649179386_912349010008_113466_0000.png,thumbs/cluster_4/086_cell_1761649179386_912349010008_113466_0000.jpg
4,/home/wangqianqian/project/FS/data/28gusui&pizang/03/03/cell_1761645788280_912349010008_14757_0000.png,thumbs/cluster_4/087_cell_1761645788280_912349010008_14757_0000.jpg
4,/home/wangqianqian/project/FS/data/28gusui&pizang/03/19/cell_1761646757821_912349010008_94079_0000.png,thumbs/cluster_4/088_cell_1761646757821_912349010008_94079_0000.jpg
4,/home/wangqianqian/project/FS/data/28gusui&pizang/03/04/cell_1761645897154_912349010008_23534_0100.png,thumbs/cluster_4/089_cell_1761645897154_912349010008_23534_0100.jpg
4,/home/wangqianqian/project/FS/data/28gusui&pizang/03/20/cell_1761646829908_912349010008_100153_0100.png,thumbs/cluster_4/090_cell_1761646829908_912349010008_100153_0100.jpg
4,/home/wangqianqian/project/FS/data/28gusui&pizang/03/56/cell_1761649000072_912349010008_95010_0000.png,thumbs/cluster_4/091_cell_1761649000072_912349010008_95010_0000.jpg
4,/home/wangqianqian/project/FS/data/28gusui&pizang/03/53/cell_1761648818100_912349010008_78393_0000.png,thumbs/cluster_4/092_cell_1761648818100_912349010008_78393_0000.jpg
4,/home/wangqianqian/project/FS/data/28gusui&pizang/03/04/cell_1761645849773_912349010008_19614_0100.png,thumbs/cluster_4/093_cell_1761645849773_912349010008_19614_0100.jpg
4,/home/wangqianqian/project/FS/data/28gusui&pizang/03/54/cell_1761648898734_912349010008_86181_0100.png,thumbs/cluster_4/094_cell_1761648898734_912349010008_86181_0100.jpg
4,/home/wangqianqian/project/FS/data/28gusui&pizang/03/15/cell_1761646511843_912349010008_73785_0100.png,thumbs/cluster_4/095_cell_1761646511843_912349010008_73785_0100.jpg
4,/home/wangqianqian/project/FS/data/28gusui&pizang/03/38/cell_1761647912572_912349010008_4803_0000.png,thumbs/cluster_4/096_cell_1761647912572_912349010008_4803_0000.jpg
4,/home/wangqianqian/project/FS/data/28gusui&pizang/03/21/cell_1761646910962_912349010008_106898_0100.png,thumbs/cluster_4/097_cell_1761646910962_912349010008_106898_0100.jpg
4,/home/wangqianqian/project/FS/data/28gusui&pizang/03/59/cell_1761649179386_912349010008_113466_0100.png,thumbs/cluster_4/098_cell_1761649179386_912349010008_113466_0100.jpg
4,/home/wangqianqian/project/FS/data/28gusui&pizang/03/57/cell_1761649031334_912349010008_97939_0000.png,thumbs/cluster_4/099_cell_1761649031334_912349010008_97939_0000.jpg
5,/home/wangqianqian/project/FS/data/28gusui&pizang/03/03/cell_1761645812016_912349010008_16586_0000.png,thumbs/cluster_5/000_cell_1761645812016_912349010008_16586_0000.jpg
5,/home/wangqianqian/project/FS/data/28gusui&pizang/03/46/cell_1761648391059_912349010008_37447_0000.png,thumbs/cluster_5/001_cell_1761648391059_912349010008_37447_0000.jpg
5,/home/wangqianqian/project/FS/data/28gusui&pizang/03/07/cell_1761646043294_912349010008_35484_0000.png,thumbs/cluster_5/002_cell_1761646043294_912349010008_35484_0000.jpg
5,/home/wangqianqian/project/FS/data/28gusui&pizang/03/45/cell_1761648318807_912349010008_31016_0000.png,thumbs/cluster_5/003_cell_1761648318807_912349010008_31016_0000.jpg
5,/home/wangqianqian/project/FS/data/28gusui&pizang/03/49/cell_1761648563694_912349010008_52748_0000.png,thumbs/cluster_5/004_cell_1761648563694_912349010008_52748_0000.jpg
5,/home/wangqianqian/project/FS/data/28gusui&pizang/03/16/cell_1761646592073_912349010008_80126_0000.png,thumbs/cluster_5/005_cell_1761646592073_912349010008_80126_0000.jpg
5,/home/wangqianqian/project/FS/data/28gusui&pizang/03/48/cell_1761648513992_912349010008_48355_0000.png,thumbs/cluster_5/006_cell_1761648513992_912349010008_48355_0000.jpg
5,/home/wangqianqian/project/FS/data/28gusui&pizang/03/52/cell_1761648726774_912349010008_69169_0000.png,thumbs/cluster_5/007_cell_1761648726774_912349010008_69169_0000.jpg
5,/home/wangqianqian/project/FS/data/28gusui&pizang/03/50/cell_1761648635144_912349010008_59832_0100.png,thumbs/cluster_5/008_cell_1761648635144_912349010008_59832_0100.jpg
5,/home/wangqianqian/project/FS/data/28gusui&pizang/03/43/cell_1761648230651_912349010008_23320_0000.png,thumbs/cluster_5/009_cell_1761648230651_912349010008_23320_0000.jpg
5,/home/wangqianqian/project/FS/data/28gusui&pizang/03/54/cell_1761648894287_912349010008_85841_0100.png,thumbs/cluster_5/010_cell_1761648894287_912349010008_85841_0100.jpg
5,/home/wangqianqian/project/FS/data/28gusui&pizang/03/48/cell_1761648506913_912349010008_47812_0000.png,thumbs/cluster_5/011_cell_1761648506913_912349010008_47812_0000.jpg
5,/home/wangqianqian/project/FS/data/28gusui&pizang/03/15/cell_1761646525004_912349010008_74920_0000.png,thumbs/cluster_5/012_cell_1761646525004_912349010008_74920_0000.jpg
5,/home/wangqianqian/project/FS/data/28gusui&pizang/03/49/cell_1761648544281_912349010008_50977_0000.png,thumbs/cluster_5/013_cell_1761648544281_912349010008_50977_0000.jpg
5,/home/wangqianqian/project/FS/data/28gusui&pizang/03/41/cell_1761648113469_912349010008_14605_0100.png,thumbs/cluster_5/014_cell_1761648113469_912349010008_14605_0100.jpg
5,/home/wangqianqian/project/FS/data/28gusui&pizang/03/43/cell_1761648201690_912349010008_20961_0000.png,thumbs/cluster_5/015_cell_1761648201690_912349010008_20961_0000.jpg
5,/home/wangqianqian/project/FS/data/28gusui&pizang/03/55/cell_1761648949179_912349010008_90397_0000.png,thumbs/cluster_5/016_cell_1761648949179_912349010008_90397_0000.jpg
5,/home/wangqianqian/project/FS/data/28gusui&pizang/03/08/cell_1761646092148_912349010008_39332_0100.png,thumbs/cluster_5/017_cell_1761646092148_912349010008_39332_0100.jpg
5,/home/wangqianqian/project/FS/data/28gusui&pizang/03/44/cell_1761648285602_912349010008_28263_0100.png,thumbs/cluster_5/018_cell_1761648285602_912349010008_28263_0100.jpg
5,/home/wangqianqian/project/FS/data/28gusui&pizang/03/19/cell_1761646759698_912349010008_94237_0000.png,thumbs/cluster_5/019_cell_1761646759698_912349010008_94237_0000.jpg
5,/home/wangqianqian/project/FS/data/28gusui&pizang/03/48/cell_1761648530611_912349010008_49722_0000.png,thumbs/cluster_5/020_cell_1761648530611_912349010008_49722_0000.jpg
5,/home/wangqianqian/project/FS/data/28gusui&pizang/03/49/cell_1761648554563_912349010008_51914_0000.png,thumbs/cluster_5/021_cell_1761648554563_912349010008_51914_0000.jpg
5,/home/wangqianqian/project/FS/data/28gusui&pizang/03/49/cell_1761648586798_912349010008_54979_0100.png,thumbs/cluster_5/022_cell_1761648586798_912349010008_54979_0100.jpg
5,/home/wangqianqian/project/FS/data/28gusui&pizang/03/47/cell_1761648434111_912349010008_41457_0000.png,thumbs/cluster_5/023_cell_1761648434111_912349010008_41457_0000.jpg
5,/home/wangqianqian/project/FS/data/28gusui&pizang/03/50/cell_1761648611231_912349010008_57421_0100.png,thumbs/cluster_5/024_cell_1761648611231_912349010008_57421_0100.jpg
5,/home/wangqianqian/project/FS/data/28gusui&pizang/03/07/cell_1761646029338_912349010008_34279_0000.png,thumbs/cluster_5/025_cell_1761646029338_912349010008_34279_0000.jpg
5,/home/wangqianqian/project/FS/data/28gusui&pizang/03/18/cell_1761646720303_912349010008_91010_0000.png,thumbs/cluster_5/026_cell_1761646720303_912349010008_91010_0000.jpg
5,/home/wangqianqian/project/FS/data/28gusui&pizang/03/07/cell_1761646030721_912349010008_34408_0000.png,thumbs/cluster_5/027_cell_1761646030721_912349010008_34408_0000.jpg
5,/home/wangqianqian/project/FS/data/28gusui&pizang/03/21/cell_1761646894205_912349010008_105507_0000.png,thumbs/cluster_5/028_cell_1761646894205_912349010008_105507_0000.jpg
5,/home/wangqianqian/project/FS/data/28gusui&pizang/03/42/cell_1761648124127_912349010008_15344_0000.png,thumbs/cluster_5/029_cell_1761648124127_912349010008_15344_0000.jpg
5,/home/wangqianqian/project/FS/data/28gusui&pizang/03/08/cell_1761646117620_912349010008_41237_0100.png,thumbs/cluster_5/030_cell_1761646117620_912349010008_41237_0100.jpg
5,/home/wangqianqian/project/FS/data/28gusui&pizang/03/57/cell_1761649054543_912349010008_100318_0000.png,thumbs/cluster_5/031_cell_1761649054543_912349010008_100318_0000.jpg
5,/home/wangqianqian/project/FS/data/28gusui&pizang/03/56/cell_1761648988851_912349010008_93907_0000.png,thumbs/cluster_5/032_cell_1761648988851_912349010008_93907_0000.jpg
5,/home/wangqianqian/project/FS/data/28gusui&pizang/03/54/cell_1761648865752_912349010008_83043_0000.png,thumbs/cluster_5/033_cell_1761648865752_912349010008_83043_0000.jpg
5,/home/wangqianqian/project/FS/data/28gusui&pizang/03/39/cell_1761647966216_912349010008_6842_0000.png,thumbs/cluster_5/034_cell_1761647966216_912349010008_6842_0000.jpg
5,/home/wangqianqian/project/FS/data/28gusui&pizang/03/19/cell_1761646797750_912349010008_97324_0100.png,thumbs/cluster_5/035_cell_1761646797750_912349010008_97324_0100.jpg
5,/home/wangqianqian/project/FS/data/28gusui&pizang/03/10/cell_1761646219414_912349010008_48888_0100.png,thumbs/cluster_5/036_cell_1761646219414_912349010008_48888_0100.jpg
5,/home/wangqianqian/project/FS/data/28gusui&pizang/03/12/cell_1761646352054_912349010008_60046_0000.png,thumbs/cluster_5/037_cell_1761646352054_912349010008_60046_0000.jpg
5,/home/wangqianqian/project/FS/data/28gusui&pizang/03/03/cell_1761645828467_912349010008_17900_0100.png,thumbs/cluster_5/038_cell_1761645828467_912349010008_17900_0100.jpg
5,/home/wangqianqian/project/FS/data/28gusui&pizang/03/58/cell_1761649090886_912349010008_104156_0100.png,thumbs/cluster_5/039_cell_1761649090886_912349010008_104156_0100.jpg
5,/home/wangqianqian/project/FS/data/28gusui&pizang/03/43/cell_1761648191136_912349010008_20162_0000.png,thumbs/cluster_5/040_cell_1761648191136_912349010008_20162_0000.jpg
5,/home/wangqianqian/project/FS/data/28gusui&pizang/03/06/cell_1761645989885_912349010008_30881_0100.png,thumbs/cluster_5/041_cell_1761645989885_912349010008_30881_0100.jpg
5,/home/wangqianqian/project/FS/data/28gusui&pizang/03/51/cell_1761648695046_912349010008_65918_0000.png,thumbs/cluster_5/042_cell_1761648695046_912349010008_65918_0000.jpg
5,/home/wangqianqian/project/FS/data/28gusui&pizang/03/42/cell_1761648152488_912349010008_17380_0000.png,thumbs/cluster_5/043_cell_1761648152488_912349010008_17380_0000.jpg
5,/home/wangqianqian/project/FS/data/28gusui&pizang/03/45/cell_1761648326141_912349010008_31612_0100.png,thumbs/cluster_5/044_cell_1761648326141_912349010008_31612_0100.jpg
5,/home/wangqianqian/project/FS/data/28gusui&pizang/03/05/cell_1761645912763_912349010008_24712_0100.png,thumbs/cluster_5/045_cell_1761645912763_912349010008_24712_0100.jpg
5,/home/wangqianqian/project/FS/data/28gusui&pizang/03/54/cell_1761648868346_912349010008_83302_0100.png,thumbs/cluster_5/046_cell_1761648868346_912349010008_83302_0100.jpg
5,/home/wangqianqian/project/FS/data/28gusui&pizang/03/13/cell_1761646409837_912349010008_64531_0100.png,thumbs/cluster_5/047_cell_1761646409837_912349010008_64531_0100.jpg
5,/home/wangqianqian/project/FS/data/28gusui&pizang/03/18/cell_1761646702686_912349010008_89659_0100.png,thumbs/cluster_5/048_cell_1761646702686_912349010008_89659_0100.jpg
5,/home/wangqianqian/project/FS/data/28gusui&pizang/03/04/cell_1761645867251_912349010008_21182_0000.png,thumbs/cluster_5/049_cell_1761645867251_912349010008_21182_0000.jpg
5,/home/wangqianqian/project/FS/data/28gusui&pizang/03/58/cell_1761649109563_912349010008_106112_0000.png,thumbs/cluster_5/050_cell_1761649109563_912349010008_106112_0000.jpg
5,/home/wangqianqian/project/FS/data/28gusui&pizang/03/52/cell_1761648740894_912349010008_70585_0100.png,thumbs/cluster_5/051_cell_1761648740894_912349010008_70585_0100.jpg
5,/home/wangqianqian/project/FS/data/28gusui&pizang/03/43/cell_1761648235019_912349010008_23685_0000.png,thumbs/cluster_5/052_cell_1761648235019_912349010008_23685_0000.jpg
5,/home/wangqianqian/project/FS/data/28gusui&pizang/03/47/cell_1761648432371_912349010008_41253_0100.png,thumbs/cluster_5/053_cell_1761648432371_912349010008_41253_0100.jpg
5,/home/wangqianqian/project/FS/data/28gusui&pizang/03/05/cell_1761645941712_912349010008_26924_0100.png,thumbs/cluster_5/054_cell_1761645941712_912349010008_26924_0100.jpg
5,/home/wangqianqian/project/FS/data/28gusui&pizang/03/01/cell_1761645717704_912349010008_9578_0100.png,thumbs/cluster_5/055_cell_1761645717704_912349010008_9578_0100.jpg
5,/home/wangqianqian/project/FS/data/28gusui&pizang/03/42/cell_1761648125407_912349010008_15434_0000.png,thumbs/cluster_5/056_cell_1761648125407_912349010008_15434_0000.jpg
5,/home/wangqianqian/project/FS/data/28gusui&pizang/03/56/cell_1761649015438_912349010008_96373_0100.png,thumbs/cluster_5/057_cell_1761649015438_912349010008_96373_0100.jpg
5,/home/wangqianqian/project/FS/data/28gusui&pizang/03/04/cell_1761645863652_912349010008_20836_0000.png,thumbs/cluster_5/058_cell_1761645863652_912349010008_20836_0000.jpg
5,/home/wangqianqian/project/FS/data/28gusui&pizang/03/17/cell_1761646654320_912349010008_85460_0000.png,thumbs/cluster_5/059_cell_1761646654320_912349010008_85460_0000.jpg
5,/home/wangqianqian/project/FS/data/28gusui&pizang/03/50/cell_1761648609053_912349010008_57208_0100.png,thumbs/cluster_5/060_cell_1761648609053_912349010008_57208_0100.jpg
5,/home/wangqianqian/project/FS/data/28gusui&pizang/03/43/cell_1761648190066_912349010008_20058_0000.png,thumbs/cluster_5/061_cell_1761648190066_912349010008_20058_0000.jpg
5,/home/wangqianqian/project/FS/data/28gusui&pizang/03/01/cell_1761645689368_912349010008_7811_0000.png,thumbs/cluster_5/062_cell_1761645689368_912349010008_7811_0000.jpg
5,/home/wangqianqian/project/FS/data/28gusui&pizang/03/06/cell_1761645979005_912349010008_29989_0000.png,thumbs/cluster_5/063_cell_1761645979005_912349010008_29989_0000.jpg
5,/home/wangqianqian/project/FS/data/28gusui&pizang/03/21/cell_1761646902335_912349010008_106195_0000.png,thumbs/cluster_5/064_cell_1761646902335_912349010008_106195_0000.jpg
5,/home/wangqianqian/project/FS/data/28gusui&pizang/03/07/cell_1761646073219_912349010008_37896_0000.png,thumbs/cluster_5/065_cell_1761646073219_912349010008_37896_0000.jpg
5,/home/wangqianqian/project/FS/data/28gusui&pizang/03/08/cell_1761646111812_912349010008_40802_0000.png,thumbs/cluster_5/066_cell_1761646111812_912349010008_40802_0000.jpg
5,/home/wangqianqian/project/FS/data/28gusui&pizang/03/43/cell_1761648236739_912349010008_23826_0000.png,thumbs/cluster_5/067_cell_1761648236739_912349010008_23826_0000.jpg
5,/home/wangqianqian/project/FS/data/28gusui&pizang/03/10/cell_1761646211439_912349010008_48218_0000.png,thumbs/cluster_5/068_cell_1761646211439_912349010008_48218_0000.jpg
5,/home/wangqianqian/project/FS/data/28gusui&pizang/03/09/cell_1761646161513_912349010008_44444_0100.png,thumbs/cluster_5/069_cell_1761646161513_912349010008_44444_0100.jpg
5,/home/wangqianqian/project/FS/data/28gusui&pizang/03/08/cell_1761646092837_912349010008_39387_0100.png,thumbs/cluster_5/070_cell_1761646092837_912349010008_39387_0100.jpg
5,/home/wangqianqian/project/FS/data/28gusui&pizang/03/41/cell_1761648092219_912349010008_13372_0000.png,thumbs/cluster_5/071_cell_1761648092219_912349010008_13372_0000.jpg
5,/home/wangqianqian/project/FS/data/28gusui&pizang/03/09/cell_1761646179383_912349010008_45719_0000.png,thumbs/cluster_5/072_cell_1761646179383_912349010008_45719_0000.jpg
5,/home/wangqianqian/project/FS/data/28gusui&pizang/03/39/cell_1761647952370_912349010008_6301_0000.png,thumbs/cluster_5/073_cell_1761647952370_912349010008_6301_0000.jpg
5,/home/wangqianqian/project/FS/data/28gusui&pizang/03/20/cell_1761646822005_912349010008_99468_0100.png,thumbs/cluster_5/074_cell_1761646822005_912349010008_99468_0100.jpg
5,/home/wangqianqian/project/FS/data/28gusui&pizang/03/09/cell_1761646153356_912349010008_43803_0000.png,thumbs/cluster_5/075_cell_1761646153356_912349010008_43803_0000.jpg
5,/home/wangqianqian/project/FS/data/28gusui&pizang/03/46/cell_1761648409510_912349010008_39061_0000.png,thumbs/cluster_5/076_cell_1761648409510_912349010008_39061_0000.jpg
5,/home/wangqianqian/project/FS/data/28gusui&pizang/03/15/cell_1761646519355_912349010008_74407_0000.png,thumbs/cluster_5/077_cell_1761646519355_912349010008_74407_0000.jpg
5,/home/wangqianqian/project/FS/data/28gusui&pizang/03/46/cell_1761648373800_912349010008_35972_0100.png,thumbs/cluster_5/078_cell_1761648373800_912349010008_35972_0100.jpg
5,/home/wangqianqian/project/FS/data/28gusui&pizang/03/59/cell_1761649171050_912349010008_112624_0000.png,thumbs/cluster_5/079_cell_1761649171050_912349010008_112624_0000.jpg
5,/home/wangqianqian/project/FS/data/28gusui&pizang/03/05/cell_1761645905609_912349010008_24178_0000.png,thumbs/cluster_5/080_cell_1761645905609_912349010008_24178_0000.jpg
5,/home/wangqianqian/project/FS/data/28gusui&pizang/03/54/cell_1761648848079_912349010008_81258_0100.png,thumbs/cluster_5/081_cell_1761648848079_912349010008_81258_0100.jpg
5,/home/wangqianqian/project/FS/data/28gusui&pizang/03/09/cell_1761646196313_912349010008_47010_0000.png,thumbs/cluster_5/082_cell_1761646196313_912349010008_47010_0000.jpg
5,/home/wangqianqian/project/FS/data/28gusui&pizang/03/16/cell_1761646609467_912349010008_81556_0100.png,thumbs/cluster_5/083_cell_1761646609467_912349010008_81556_0100.jpg
5,/home/wangqianqian/project/FS/data/28gusui&pizang/03/20/cell_1761646807542_912349010008_98257_0100.png,thumbs/cluster_5/084_cell_1761646807542_912349010008_98257_0100.jpg
5,/home/wangqianqian/project/FS/data/28gusui&pizang/03/40/cell_1761648018865_912349010008_9174_0100.png,thumbs/cluster_5/085_cell_1761648018865_912349010008_9174_0100.jpg
5,/home/wangqianqian/project/FS/data/28gusui&pizang/03/04/cell_1761645869302_912349010008_21369_0100.png,thumbs/cluster_5/086_cell_1761645869302_912349010008_21369_0100.jpg
5,/home/wangqianqian/project/FS/data/28gusui&pizang/03/50/cell_1761648633526_912349010008_59648_0000.png,thumbs/cluster_5/087_cell_1761648633526_912349010008_59648_0000.jpg
5,/home/wangqianqian/project/FS/data/28gusui&pizang/03/10/cell_1761646255763_912349010008_51875_0000.png,thumbs/cluster_5/088_cell_1761646255763_912349010008_51875_0000.jpg
5,/home/wangqianqian/project/FS/data/28gusui&pizang/03/21/cell_1761646912476_912349010008_107025_0100.png,thumbs/cluster_5/089_cell_1761646912476_912349010008_107025_0100.jpg
5,/home/wangqianqian/project/FS/data/28gusui&pizang/03/40/cell_1761648056131_912349010008_11052_0100.png,thumbs/cluster_5/090_cell_1761648056131_912349010008_11052_0100.jpg
5,/home/wangqianqian/project/FS/data/28gusui&pizang/03/47/cell_1761648438864_912349010008_41962_0000.png,thumbs/cluster_5/091_cell_1761648438864_912349010008_41962_0000.jpg
5,/home/wangqianqian/project/FS/data/28gusui&pizang/03/58/cell_1761649114638_912349010008_106716_0000.png,thumbs/cluster_5/092_cell_1761649114638_912349010008_106716_0000.jpg
5,/home/wangqianqian/project/FS/data/28gusui&pizang/03/59/cell_1761649155107_912349010008_110893_0100.png,thumbs/cluster_5/093_cell_1761649155107_912349010008_110893_0100.jpg
5,/home/wangqianqian/project/FS/data/28gusui&pizang/03/14/cell_1761646467178_912349010008_69710_0100.png,thumbs/cluster_5/094_cell_1761646467178_912349010008_69710_0100.jpg
5,/home/wangqianqian/project/FS/data/28gusui&pizang/03/43/cell_1761648215871_912349010008_22150_0000.png,thumbs/cluster_5/095_cell_1761648215871_912349010008_22150_0000.jpg
5,/home/wangqianqian/project/FS/data/28gusui&pizang/03/53/cell_1761648802639_912349010008_76789_0100.png,thumbs/cluster_5/096_cell_1761648802639_912349010008_76789_0100.jpg
5,/home/wangqianqian/project/FS/data/28gusui&pizang/03/40/cell_1761648044292_912349010008_10435_0100.png,thumbs/cluster_5/097_cell_1761648044292_912349010008_10435_0100.jpg
5,/home/wangqianqian/project/FS/data/28gusui&pizang/03/08/cell_1761646102220_912349010008_40091_0000.png,thumbs/cluster_5/098_cell_1761646102220_912349010008_40091_0000.jpg
5,/home/wangqianqian/project/FS/data/28gusui&pizang/03/57/cell_1761649049660_912349010008_99820_0000.png,thumbs/cluster_5/099_cell_1761649049660_912349010008_99820_0000.jpg
6,/home/wangqianqian/project/FS/data/28gusui&pizang/03/56/cell_1761648973581_912349010008_92566_0100.png,thumbs/cluster_6/000_cell_1761648973581_912349010008_92566_0100.jpg
6,/home/wangqianqian/project/FS/data/28gusui&pizang/03/12/cell_1761646369004_912349010008_61406_0000.png,thumbs/cluster_6/001_cell_1761646369004_912349010008_61406_0000.jpg
6,/home/wangqianqian/project/FS/data/28gusui&pizang/03/53/cell_1761648784170_912349010008_74720_0100.png,thumbs/cluster_6/002_cell_1761648784170_912349010008_74720_0100.jpg
6,/home/wangqianqian/project/FS/data/28gusui&pizang/03/18/cell_1761646714840_912349010008_90570_0000.png,thumbs/cluster_6/003_cell_1761646714840_912349010008_90570_0000.jpg
6,/home/wangqianqian/project/FS/data/28gusui&pizang/03/15/cell_1761646548864_912349010008_76836_0000.png,thumbs/cluster_6/004_cell_1761646548864_912349010008_76836_0000.jpg
6,/home/wangqianqian/project/FS/data/28gusui&pizang/03/08/cell_1761646119255_912349010008_41374_0100.png,thumbs/cluster_6/005_cell_1761646119255_912349010008_41374_0100.jpg
6,/home/wangqianqian/project/FS/data/28gusui&pizang/03/21/cell_1761646915673_912349010008_107300_0100.png,thumbs/cluster_6/006_cell_1761646915673_912349010008_107300_0100.jpg
6,/home/wangqianqian/project/FS/data/28gusui&pizang/03/38/cell_1761647912576_912349010008_4804_0000.png,thumbs/cluster_6/007_cell_1761647912576_912349010008_4804_0000.jpg
6,/home/wangqianqian/project/FS/data/28gusui&pizang/03/18/cell_1761646699453_912349010008_89400_0000.png,thumbs/cluster_6/008_cell_1761646699453_912349010008_89400_0000.jpg
6,/home/wangqianqian/project/FS/data/28gusui&pizang/03/55/cell_1761648903999_912349010008_86639_0000.png,thumbs/cluster_6/009_cell_1761648903999_912349010008_86639_0000.jpg
6,/home/wangqianqian/project/FS/data/28gusui&pizang/03/18/cell_1761646681318_912349010008_87874_0100.png,thumbs/cluster_6/010_cell_1761646681318_912349010008_87874_0100.jpg
6,/home/wangqianqian/project/FS/data/28gusui&pizang/03/07/cell_1761646029616_912349010008_34309_0000.png,thumbs/cluster_6/011_cell_1761646029616_912349010008_34309_0000.jpg
6,/home/wangqianqian/project/FS/data/28gusui&pizang/03/55/cell_1761648908477_912349010008_86978_0000.png,thumbs/cluster_6/012_cell_1761648908477_912349010008_86978_0000.jpg
6,/home/wangqianqian/project/FS/data/28gusui&pizang/03/45/cell_1761648304049_912349010008_29811_0100.png,thumbs/cluster_6/013_cell_1761648304049_912349010008_29811_0100.jpg
6,/home/wangqianqian/project/FS/data/28gusui&pizang/03/44/cell_1761648285122_912349010008_28213_0000.png,thumbs/cluster_6/014_cell_1761648285122_912349010008_28213_0000.jpg
6,/home/wangqianqian/project/FS/data/28gusui&pizang/03/05/cell_1761645928600_912349010008_25909_0000.png,thumbs/cluster_6/015_cell_1761645928600_912349010008_25909_0000.jpg
6,/home/wangqianqian/project/FS/data/28gusui&pizang/03/16/cell_1761646584171_912349010008_79495_0100.png,thumbs/cluster_6/016_cell_1761646584171_912349010008_79495_0100.jpg
6,/home/wangqianqian/project/FS/data/28gusui&pizang/03/12/cell_1761646324567_912349010008_57771_0000.png,thumbs/cluster_6/017_cell_1761646324567_912349010008_57771_0000.jpg
6,/home/wangqianqian/project/FS/data/28gusui&pizang/03/18/cell_1761646716518_912349010008_90720_0000.png,thumbs/cluster_6/018_cell_1761646716518_912349010008_90720_0000.jpg
6,/home/wangqianqian/project/FS/data/28gusui&pizang/03/12/cell_1761646350977_912349010008_59930_0000.png,thumbs/cluster_6/019_cell_1761646350977_912349010008_59930_0000.jpg
6,/home/wangqianqian/project/FS/data/28gusui&pizang/03/05/cell_1761645957948_912349010008_28233_0100.png,thumbs/cluster_6/020_cell_1761645957948_912349010008_28233_0100.jpg
6,/home/wangqianqian/project/FS/data/28gusui&pizang/03/05/cell_1761645912329_912349010008_24685_0000.png,thumbs/cluster_6/021_cell_1761645912329_912349010008_24685_0000.jpg
6,/home/wangqianqian/project/FS/data/28gusui&pizang/03/07/cell_1761646029031_912349010008_34253_0000.png,thumbs/cluster_6/022_cell_1761646029031_912349010008_34253_0000.jpg
6,/home/wangqianqian/project/FS/data/28gusui&pizang/03/12/cell_1761646353701_912349010008_60181_0100.png,thumbs/cluster_6/023_cell_1761646353701_912349010008_60181_0100.jpg
6,/home/wangqianqian/project/FS/data/28gusui&pizang/03/20/cell_1761646843417_912349010008_101239_0100.png,thumbs/cluster_6/024_cell_1761646843417_912349010008_101239_0100.jpg
6,/home/wangqianqian/project/FS/data/28gusui&pizang/03/04/cell_1761645852549_912349010008_19870_0100.png,thumbs/cluster_6/025_cell_1761645852549_912349010008_19870_0100.jpg
6,/home/wangqianqian/project/FS/data/28gusui&pizang/03/14/cell_1761646444813_912349010008_67660_0100.png,thumbs/cluster_6/026_cell_1761646444813_912349010008_67660_0100.jpg
6,/home/wangqianqian/project/FS/data/28gusui&pizang/03/14/cell_1761646444623_912349010008_67638_0100.png,thumbs/cluster_6/027_cell_1761646444623_912349010008_67638_0100.jpg
6,/home/wangqianqian/project/FS/data/28gusui&pizang/03/08/cell_1761646126175_912349010008_41858_0000.png,thumbs/cluster_6/028_cell_1761646126175_912349010008_41858_0000.jpg
6,/home/wangqianqian/project/FS/data/28gusui&pizang/03/21/cell_1761646891532_912349010008_105281_0100.png,thumbs/cluster_6/029_cell_1761646891532_912349010008_105281_0100.jpg
6,/home/wangqianqian/project/FS/data/28gusui&pizang/03/03/cell_1761645787830_912349010008_14721_0000.png,thumbs/cluster_6/030_cell_1761645787830_912349010008_14721_0000.jpg
6,/home/wangqianqian/project/FS/data/28gusui&pizang/03/09/cell_1761646155422_912349010008_43974_0100.png,thumbs/cluster_6/031_cell_1761646155422_912349010008_43974_0100.jpg
6,/home/wangqianqian/project/FS/data/28gusui&pizang/03/50/cell_1761648621784_912349010008_58485_0000.png,thumbs/cluster_6/032_cell_1761648621784_912349010008_58485_0000.jpg
6,/home/wangqianqian/project/FS/data/28gusui&pizang/03/17/cell_1761646644063_912349010008_84551_0100.png,thumbs/cluster_6/033_cell_1761646644063_912349010008_84551_0100.jpg
6,/home/wangqianqian/project/FS/data/28gusui&pizang/03/52/cell_1761648720683_912349010008_68600_0000.png,thumbs/cluster_6/034_cell_1761648720683_912349010008_68600_0000.jpg
6,/home/wangqianqian/project/FS/data/28gusui&pizang/03/03/cell_1761645794476_912349010008_15226_0000.png,thumbs/cluster_6/035_cell_1761645794476_912349010008_15226_0000.jpg
6,/home/wangqianqian/project/FS/data/28gusui&pizang/03/55/cell_1761648949564_912349010008_90444_0000.png,thumbs/cluster_6/036_cell_1761648949564_912349010008_90444_0000.jpg
6,/home/wangqianqian/project/FS/data/28gusui&pizang/03/05/cell_1761645916592_912349010008_24987_0100.png,thumbs/cluster_6/037_cell_1761645916592_912349010008_24987_0100.jpg
6,/home/wangqianqian/project/FS/data/28gusui&pizang/03/40/cell_1761648041722_912349010008_10310_0100.png,thumbs/cluster_6/038_cell_1761648041722_912349010008_10310_0100.jpg
6,/home/wangqianqian/project/FS/data/28gusui&pizang/03/11/cell_1761646268184_912349010008_52849_0000.png,thumbs/cluster_6/039_cell_1761646268184_912349010008_52849_0000.jpg
6,/home/wangqianqian/project/FS/data/28gusui&pizang/03/14/cell_1761646483390_912349010008_71144_0000.png,thumbs/cluster_6/040_cell_1761646483390_912349010008_71144_0000.jpg
6,/home/wangqianqian/project/FS/data/28gusui&pizang/03/45/cell_1761648343129_912349010008_33204_0100.png,thumbs/cluster_6/041_cell_1761648343129_912349010008_33204_0100.jpg
6,/home/wangqianqian/project/FS/data/28gusui&pizang/03/48/cell_1761648532128_912349010008_49863_0100.png,thumbs/cluster_6/042_cell_1761648532128_912349010008_49863_0100.jpg
6,/home/wangqianqian/project/FS/data/28gusui&pizang/03/02/cell_1761645756939_912349010008_12461_0100.png,thumbs/cluster_6/043_cell_1761645756939_912349010008_12461_0100.jpg
6,/home/wangqianqian/project/FS/data/28gusui&pizang/03/10/cell_1761646241457_912349010008_50724_0100.png,thumbs/cluster_6/044_cell_1761646241457_912349010008_50724_0100.jpg
6,/home/wangqianqian/project/FS/data/28gusui&pizang/03/03/cell_1761645792579_912349010008_15098_0100.png,thumbs/cluster_6/045_cell_1761645792579_912349010008_15098_0100.jpg
6,/home/wangqianqian/project/FS/data/28gusui&pizang/03/56/cell_1761648974621_912349010008_92642_0000.png,thumbs/cluster_6/046_cell_1761648974621_912349010008_92642_0000.jpg
6,/home/wangqianqian/project/FS/data/28gusui&pizang/03/49/cell_1761648592490_912349010008_55561_0000.png,thumbs/cluster_6/047_cell_1761648592490_912349010008_55561_0000.jpg
6,/home/wangqianqian/project/FS/data/28gusui&pizang/03/03/cell_1761645830293_912349010008_18032_0000.png,thumbs/cluster_6/048_cell_1761645830293_912349010008_18032_0000.jpg
6,/home/wangqianqian/project/FS/data/28gusui&pizang/03/52/cell_1761648744961_912349010008_71007_0000.png,thumbs/cluster_6/049_cell_1761648744961_912349010008_71007_0000.jpg
6,/home/wangqianqian/project/FS/data/28gusui&pizang/03/13/cell_1761646419939_912349010008_65377_0000.png,thumbs/cluster_6/050_cell_1761646419939_912349010008_65377_0000.jpg
6,/home/wangqianqian/project/FS/data/28gusui&pizang/03/10/cell_1761646201159_912349010008_47412_0100.png,thumbs/cluster_6/051_cell_1761646201159_912349010008_47412_0100.jpg
6,/home/wangqianqian/project/FS/data/28gusui&pizang/03/14/cell_1761646442455_912349010008_67461_0100.png,thumbs/cluster_6/052_cell_1761646442455_912349010008_67461_0100.jpg
6,/home/wangqianqian/project/FS/data/28gusui&pizang/03/54/cell_1761648852752_912349010008_81760_0100.png,thumbs/cluster_6/053_cell_1761648852752_912349010008_81760_0100.jpg
6,/home/wangqianqian/project/FS/data/28gusui&pizang/03/10/cell_1761646253558_912349010008_51694_0100.png,thumbs/cluster_6/054_cell_1761646253558_912349010008_51694_0100.jpg
6,/home/wangqianqian/project/FS/data/28gusui&pizang/03/15/cell_1761646527449_912349010008_75098_0100.png,thumbs/cluster_6/055_cell_1761646527449_912349010008_75098_0100.jpg
6,/home/wangqianqian/project/FS/data/28gusui&pizang/03/14/cell_1761646458148_912349010008_68901_0100.png,thumbs/cluster_6/056_cell_1761646458148_912349010008_68901_0100.jpg
6,/home/wangqianqian/project/FS/data/28gusui&pizang/03/03/cell_1761645800148_912349010008_15679_0000.png,thumbs/cluster_6/057_cell_1761645800148_912349010008_15679_0000.jpg
6,/home/wangqianqian/project/FS/data/28gusui&pizang/03/17/cell_1761646626063_912349010008_82974_0000.png,thumbs/cluster_6/058_cell_1761646626063_912349010008_82974_0000.jpg
6,/home/wangqianqian/project/FS/data/28gusui&pizang/03/21/cell_1761646887192_912349010008_104935_0100.png,thumbs/cluster_6/059_cell_1761646887192_912349010008_104935_0100.jpg
6,/home/wangqianqian/project/FS/data/28gusui&pizang/03/09/cell_1761646151917_912349010008_43690_0000.png,thumbs/cluster_6/060_cell_1761646151917_912349010008_43690_0000.jpg
6,/home/wangqianqian/project/FS/data/28gusui&pizang/03/11/cell_1761646278470_912349010008_53742_0100.png,thumbs/cluster_6/061_cell_1761646278470_912349010008_53742_0100.jpg
6,/home/wangqianqian/project/FS/data/28gusui&pizang/03/42/cell_1761648153917_912349010008_17486_0000.png,thumbs/cluster_6/062_cell_1761648153917_912349010008_17486_0000.jpg
6,/home/wangqianqian/project/FS/data/28gusui&pizang/03/18/cell_1761646680681_912349010008_87820_0000.png,thumbs/cluster_6/063_cell_1761646680681_912349010008_87820_0000.jpg
6,/home/wangqianqian/project/FS/data/28gusui&pizang/03/21/cell_1761646878964_912349010008_104289_0000.png,thumbs/cluster_6/064_cell_1761646878964_912349010008_104289_0000.jpg
6,/home/wangqianqian/project/FS/data/28gusui&pizang/03/14/cell_1761646470459_912349010008_69996_0100.png,thumbs/cluster_6/065_cell_1761646470459_912349010008_69996_0100.jpg
6,/home/wangqianqian/project/FS/data/28gusui&pizang/03/05/cell_1761645927835_912349010008_25852_0100.png,thumbs/cluster_6/066_cell_1761645927835_912349010008_25852_0100.jpg
6,/home/wangqianqian/project/FS/data/28gusui&pizang/03/53/cell_1761648795765_912349010008_76026_0100.png,thumbs/cluster_6/067_cell_1761648795765_912349010008_76026_0100.jpg
6,/home/wangqianqian/project/FS/data/28gusui&pizang/03/58/cell_1761649136390_912349010008_108924_0000.png,thumbs/cluster_6/068_cell_1761649136390_912349010008_108924_0000.jpg
6,/home/wangqianqian/project/FS/data/28gusui&pizang/03/53/cell_1761648809312_912349010008_77520_0000.png,thumbs/cluster_6/069_cell_1761648809312_912349010008_77520_0000.jpg
6,/home/wangqianqian/project/FS/data/28gusui&pizang/03/39/cell_1761647944324_912349010008_5971_0100.png,thumbs/cluster_6/070_cell_1761647944324_912349010008_5971_0100.jpg
6,/home/wangqianqian/project/FS/data/28gusui&pizang/03/15/cell_1761646522558_912349010008_74710_0000.png,thumbs/cluster_6/071_cell_1761646522558_912349010008_74710_0000.jpg
6,/home/wangqianqian/project/FS/data/28gusui&pizang/03/47/cell_1761648421246_912349010008_40208_0000.png,thumbs/cluster_6/072_cell_1761648421246_912349010008_40208_0000.jpg
6,/home/wangqianqian/project/FS/data/28gusui&pizang/03/41/cell_1761648114975_912349010008_14697_0100.png,thumbs/cluster_6/073_cell_1761648114975_912349010008_14697_0100.jpg
6,/home/wangqianqian/project/FS/data/28gusui&pizang/03/57/cell_1761649068573_912349010008_101795_0000.png,thumbs/cluster_6/074_cell_1761649068573_912349010008_101795_0000.jpg
6,/home/wangqianqian/project/FS/data/28gusui&pizang/03/02/cell_1761645766258_912349010008_13087_0100.png,thumbs/cluster_6/075_cell_1761645766258_912349010008_13087_0100.jpg
6,/home/wangqianqian/project/FS/data/28gusui&pizang/03/02/cell_1761645722570_912349010008_9966_0100.png,thumbs/cluster_6/076_cell_1761645722570_912349010008_9966_0100.jpg
6,/home/wangqianqian/project/FS/data/28gusui&pizang/03/14/cell_1761646440632_912349010008_67287_0000.png,thumbs/cluster_6/077_cell_1761646440632_912349010008_67287_0000.jpg
6,/home/wangqianqian/project/FS/data/28gusui&pizang/03/36/cell_1761647788343_912349010008_559_0000.png,thumbs/cluster_6/078_cell_1761647788343_912349010008_559_0000.jpg
6,/home/wangqianqian/project/FS/data/28gusui&pizang/03/47/cell_1761648455356_912349010008_43407_0000.png,thumbs/cluster_6/079_cell_1761648455356_912349010008_43407_0000.jpg
6,/home/wangqianqian/project/FS/data/28gusui&pizang/03/45/cell_1761648336240_912349010008_32564_0100.png,thumbs/cluster_6/080_cell_1761648336240_912349010008_32564_0100.jpg
6,/home/wangqianqian/project/FS/data/28gusui&pizang/03/14/cell_1761646452838_912349010008_68415_0000.png,thumbs/cluster_6/081_cell_1761646452838_912349010008_68415_0000.jpg
6,/home/wangqianqian/project/FS/data/28gusui&pizang/03/50/cell_1761648600508_912349010008_56435_0000.png,thumbs/cluster_6/082_cell_1761648600508_912349010008_56435_0000.jpg
6,/home/wangqianqian/project/FS/data/28gusui&pizang/03/55/cell_1761648936255_912349010008_89356_0100.png,thumbs/cluster_6/083_cell_1761648936255_912349010008_89356_0100.jpg
6,/home/wangqianqian/project/FS/data/28gusui&pizang/03/17/cell_1761646634785_912349010008_83759_0100.png,thumbs/cluster_6/084_cell_1761646634785_912349010008_83759_0100.jpg
6,/home/wangqianqian/project/FS/data/28gusui&pizang/03/02/cell_1761645773430_912349010008_13599_0000.png,thumbs/cluster_6/085_cell_1761645773430_912349010008_13599_0000.jpg
6,/home/wangqianqian/project/FS/data/28gusui&pizang/03/13/cell_1761646405015_912349010008_64143_0100.png,thumbs/cluster_6/086_cell_1761646405015_912349010008_64143_0100.jpg
6,/home/wangqianqian/project/FS/data/28gusui&pizang/03/14/cell_1761646495559_912349010008_72408_0000.png,thumbs/cluster_6/087_cell_1761646495559_912349010008_72408_0000.jpg
6,/home/wangqianqian/project/FS/data/28gusui&pizang/03/04/cell_1761645852934_912349010008_19903_0000.png,thumbs/cluster_6/088_cell_1761645852934_912349010008_19903_0000.jpg
6,/home/wangqianqian/project/FS/data/28gusui&pizang/03/03/cell_1761645813533_912349010008_16714_0000.png,thumbs/cluster_6/089_cell_1761645813533_912349010008_16714_0000.jpg
6,/home/wangqianqian/project/FS/data/28gusui&pizang/03/40/cell_1761648016667_912349010008_9064_0100.png,thumbs/cluster_6/090_cell_1761648016667_912349010008_9064_0100.jpg
6,/home/wangqianqian/project/FS/data/28gusui&pizang/03/12/cell_1761646344780_912349010008_59392_0100.png,thumbs/cluster_6/091_cell_1761646344780_912349010008_59392_0100.jpg
6,/home/wangqianqian/project/FS/data/28gusui&pizang/03/05/cell_1761645951672_912349010008_27763_0000.png,thumbs/cluster_6/092_cell_1761645951672_912349010008_27763_0000.jpg
6,/home/wangqianqian/project/FS/data/28gusui&pizang/03/04/cell_1761645845068_912349010008_19168_0000.png,thumbs/cluster_6/093_cell_1761645845068_912349010008_19168_0000.jpg
6,/home/wangqianqian/project/FS/data/28gusui&pizang/03/02/cell_1761645735203_912349010008_10805_0100.png,thumbs/cluster_6/094_cell_1761645735203_912349010008_10805_0100.jpg
6,/home/wangqianqian/project/FS/data/28gusui&pizang/03/03/cell_1761645816490_912349010008_16942_0000.png,thumbs/cluster_6/095_cell_1761645816490_912349010008_16942_0000.jpg
6,/home/wangqianqian/project/FS/data/28gusui&pizang/03/55/cell_1761648926336_912349010008_88485_0100.png,thumbs/cluster_6/096_cell_1761648926336_912349010008_88485_0100.jpg
6,/home/wangqianqian/project/FS/data/28gusui&pizang/03/18/cell_1761646700471_912349010008_89478_0000.png,thumbs/cluster_6/097_cell_1761646700471_912349010008_89478_0000.jpg
6,/home/wangqianqian/project/FS/data/28gusui&pizang/03/53/cell_1761648814206_912349010008_77978_0000.png,thumbs/cluster_6/098_cell_1761648814206_912349010008_77978_0000.jpg
6,/home/wangqianqian/project/FS/data/28gusui&pizang/03/18/cell_1761646721395_912349010008_91096_0000.png,thumbs/cluster_6/099_cell_1761646721395_912349010008_91096_0000.jpg
7,/home/wangqianqian/project/FS/data/28gusui&pizang/03/46/cell_1761648372841_912349010008_35883_0100.png,thumbs/cluster_7/000_cell_1761648372841_912349010008_35883_0100.jpg
7,/home/wangqianqian/project/FS/data/28gusui&pizang/03/49/cell_1761648553785_912349010008_51831_0000.png,thumbs/cluster_7/001_cell_1761648553785_912349010008_51831_0000.jpg
7,/home/wangqianqian/project/FS/data/28gusui&pizang/03/55/cell_1761648929776_912349010008_88790_0100.png,thumbs/cluster_7/002_cell_1761648929776_912349010008_88790_0100.jpg
7,/home/wangqianqian/project/FS/data/28gusui&pizang/03/46/cell_1761648376181_912349010008_36165_0100.png,thumbs/cluster_7/003_cell_1761648376181_912349010008_36165_0100.jpg
7,/home/wangqianqian/project/FS/data/28gusui&pizang/03/10/cell_1761646223035_912349010008_49232_0100.png,thumbs/cluster_7/004_cell_1761646223035_912349010008_49232_0100.jpg
7,/home/wangqianqian/project/FS/data/28gusui&pizang/03/54/cell_1761648894001_912349010008_85812_0000.png,thumbs/cluster_7/005_cell_1761648894001_912349010008_85812_0000.jpg
7,/home/wangqianqian/project/FS/data/28gusui&pizang/03/58/cell_1761649115663_912349010008_106808_0100.png,thumbs/cluster_7/006_cell_1761649115663_912349010008_106808_0100.jpg
7,/home/wangqianqian/project/FS/data/28gusui&pizang/03/14/cell_1761646457332_912349010008_68815_0000.png,thumbs/cluster_7/007_cell_1761646457332_912349010008_68815_0000.jpg
7,/home/wangqianqian/project/FS/data/28gusui&pizang/03/56/cell_1761649009306_912349010008_95852_0100.png,thumbs/cluster_7/008_cell_1761649009306_912349010008_95852_0100.jpg
7,/home/wangqianqian/project/FS/data/28gusui&pizang/03/55/cell_1761648946277_912349010008_90191_0000.png,thumbs/cluster_7/009_cell_1761648946277_912349010008_90191_0000.jpg
7,/home/wangqianqian/project/FS/data/28gusui&pizang/03/40/cell_1761648050448_912349010008_10735_0000.png,thumbs/cluster_7/010_cell_1761648050448_912349010008_10735_0000.jpg
7,/home/wangqianqian/project/FS/data/28gusui&pizang/03/17/cell_1761646627917_912349010008_83131_0000.png,thumbs/cluster_7/011_cell_1761646627917_912349010008_83131_0000.jpg
7,/home/wangqianqian/project/FS/data/28gusui&pizang/03/43/cell_1761648199040_912349010008_20739_0000.png,thumbs/cluster_7/012_cell_1761648199040_912349010008_20739_0000.jpg
7,/home/wangqianqian/project/FS/data/28gusui&pizang/03/47/cell_1761648475230_912349010008_45101_0000.png,thumbs/cluster_7/013_cell_1761648475230_912349010008_45101_0000.jpg
7,/home/wangqianqian/project/FS/data/28gusui&pizang/03/45/cell_1761648358962_912349010008_34661_0000.png,thumbs/cluster_7/014_cell_1761648358962_912349010008_34661_0000.jpg
7,/home/wangqianqian/project/FS/data/28gusui&pizang/03/55/cell_1761648958422_912349010008_91217_0000.png,thumbs/cluster_7/015_cell_1761648958422_912349010008_91217_0000.jpg
7,/home/wangqianqian/project/FS/data/28gusui&pizang/03/16/cell_1761646583188_912349010008_79432_0000.png,thumbs/cluster_7/016_cell_1761646583188_912349010008_79432_0000.jpg
7,/home/wangqianqian/project/FS/data/28gusui&pizang/03/10/cell_1761646226804_912349010008_49527_0000.png,thumbs/cluster_7/017_cell_1761646226804_912349010008_49527_0000.jpg
7,/home/wangqianqian/project/FS/data/28gusui&pizang/03/07/cell_1761646073038_912349010008_37880_0100.png,thumbs/cluster_7/018_cell_1761646073038_912349010008_37880_0100.jpg
7,/home/wangqianqian/project/FS/data/28gusui&pizang/03/15/cell_1761646541601_912349010008_76229_0000.png,thumbs/cluster_7/019_cell_1761646541601_912349010008_76229_0000.jpg
7,/home/wangqianqian/project/FS/data/28gusui&pizang/03/44/cell_1761648267869_912349010008_26594_0100.png,thumbs/cluster_7/020_cell_1761648267869_912349010008_26594_0100.jpg
7,/home/wangqianqian/project/FS/data/28gusui&pizang/03/55/cell_1761648956649_912349010008_91076_0000.png,thumbs/cluster_7/021_cell_1761648956649_912349010008_91076_0000.jpg
7,/home/wangqianqian/project/FS/data/28gusui&pizang/03/22/cell_1761646920296_912349010008_107661_0100.png,thumbs/cluster_7/022_cell_1761646920296_912349010008_107661_0100.jpg
7,/home/wangqianqian/project/FS/data/28gusui&pizang/03/53/cell_1761648793738_912349010008_75800_0100.png,thumbs/cluster_7/023_cell_1761648793738_912349010008_75800_0100.jpg
7,/home/wangqianqian/project/FS/data/28gusui&pizang/03/58/cell_1761649110478_912349010008_106215_0100.png,thumbs/cluster_7/024_cell_1761649110478_912349010008_106215_0100.jpg
7,/home/wangqianqian/project/FS/data/28gusui&pizang/03/45/cell_1761648337733_912349010008_32693_0000.png,thumbs/cluster_7/025_cell_1761648337733_912349010008_32693_0000.jpg
7,/home/wangqianqian/project/FS/data/28gusui&pizang/03/12/cell_1761646330091_912349010008_58224_0000.png,thumbs/cluster_7/026_cell_1761646330091_912349010008_58224_0000.jpg
7,/home/wangqianqian/project/FS/data/28gusui&pizang/03/54/cell_1761648867383_912349010008_83207_0000.png,thumbs/cluster_7/027_cell_1761648867383_912349010008_83207_0000.jpg
7,/home/wangqianqian/project/FS/data/28gusui&pizang/03/43/cell_1761648209162_912349010008_21615_0000.png,thumbs/cluster_7/028_cell_1761648209162_912349010008_21615_0000.jpg
7,/home/wangqianqian/project/FS/data/28gusui&pizang/03/46/cell_1761648405208_912349010008_38686_0000.png,thumbs/cluster_7/029_cell_1761648405208_912349010008_38686_0000.jpg
7,/home/wangqianqian/project/FS/data/28gusui&pizang/03/13/cell_1761646395401_912349010008_63417_0000.png,thumbs/cluster_7/030_cell_1761646395401_912349010008_63417_0000.jpg
7,/home/wangqianqian/project/FS/data/28gusui&pizang/03/58/cell_1761649094813_912349010008_104600_0100.png,thumbs/cluster_7/031_cell_1761649094813_912349010008_104600_0100.jpg
7,/home/wangqianqian/project/FS/data/28gusui&pizang/03/41/cell_1761648098434_912349010008_13754_0000.png,thumbs/cluster_7/032_cell_1761648098434_912349010008_13754_0000.jpg
7,/home/wangqianqian/project/FS/data/28gusui&pizang/03/44/cell_1761648274282_912349010008_27219_0000.png,thumbs/cluster_7/033_cell_1761648274282_912349010008_27219_0000.jpg
7,/home/wangqianqian/project/FS/data/28gusui&pizang/03/51/cell_1761648666844_912349010008_63065_0000.png,thumbs/cluster_7/034_cell_1761648666844_912349010008_63065_0000.jpg
7,/home/wangqianqian/project/FS/data/28gusui&pizang/03/41/cell_1761648113190_912349010008_14593_0000.png,thumbs/cluster_7/035_cell_1761648113190_912349010008_14593_0000.jpg
7,/home/wangqianqian/project/FS/data/28gusui&pizang/03/17/cell_1761646669753_912349010008_86807_0100.png,thumbs/cluster_7/036_cell_1761646669753_912349010008_86807_0100.jpg
7,/home/wangqianqian/project/FS/data/28gusui&pizang/03/42/cell_1761648145298_912349010008_16890_0000.png,thumbs/cluster_7/037_cell_1761648145298_912349010008_16890_0000.jpg
7,/home/wangqianqian/project/FS/data/28gusui&pizang/03/46/cell_1761648361567_912349010008_34885_0000.png,thumbs/cluster_7/038_cell_1761648361567_912349010008_34885_0000.jpg
7,/home/wangqianqian/project/FS/data/28gusui&pizang/03/44/cell_1761648243593_912349010008_24443_0100.png,thumbs/cluster_7/039_cell_1761648243593_912349010008_24443_0100.jpg
7,/home/wangqianqian/project/FS/data/28gusui&pizang/03/47/cell_1761648455131_912349010008_43377_0100.png,thumbs/cluster_7/040_cell_1761648455131_912349010008_43377_0100.jpg
7,/home/wangqianqian/project/FS/data/28gusui&pizang/03/45/cell_1761648349109_912349010008_33758_0100.png,thumbs/cluster_7/041_cell_1761648349109_912349010008_33758_0100.jpg
7,/home/wangqianqian/project/FS/data/28gusui&pizang/03/40/cell_1761648034877_912349010008_10033_0100.png,thumbs/cluster_7/042_cell_1761648034877_912349010008_10033_0100.jpg
7,/home/wangqianqian/project/FS/data/28gusui&pizang/03/08/cell_1761646098344_912349010008_39790_0000.png,thumbs/cluster_7/043_cell_1761646098344_912349010008_39790_0000.jpg
7,/home/wangqianqian/project/FS/data/28gusui&pizang/03/40/cell_1761648051184_912349010008_10784_0100.png,thumbs/cluster_7/044_cell_1761648051184_912349010008_10784_0100.jpg
7,/home/wangqianqian/project/FS/data/28gusui&pizang/03/45/cell_1761648355614_912349010008_34352_0100.png,thumbs/cluster_7/045_cell_1761648355614_912349010008_34352_0100.jpg
7,/home/wangqianqian/project/FS/data/28gusui&pizang/03/03/cell_1761645829868_912349010008_17998_0000.png,thumbs/cluster_7/046_cell_1761645829868_912349010008_17998_0000.jpg
7,/home/wangqianqian/project/FS/data/28gusui&pizang/03/16/cell_1761646617773_912349010008_82269_0000.png,thumbs/cluster_7/047_cell_1761646617773_912349010008_82269_0000.jpg
7,/home/wangqianqian/project/FS/data/28gusui&pizang/03/05/cell_1761645910806_912349010008_24567_0000.png,thumbs/cluster_7/048_cell_1761645910806_912349010008_24567_0000.jpg
7,/home/wangqianqian/project/FS/data/28gusui&pizang/03/09/cell_1761646189698_912349010008_46539_0000.png,thumbs/cluster_7/049_cell_1761646189698_912349010008_46539_0000.jpg
7,/home/wangqianqian/project/FS/data/28gusui&pizang/03/52/cell_1761648764257_912349010008_72846_0100.png,thumbs/cluster_7/050_cell_1761648764257_912349010008_72846_0100.jpg
7,/home/wangqianqian/project/FS/data/28gusui&pizang/03/16/cell_1761646598171_912349010008_80608_0100.png,thumbs/cluster_7/051_cell_1761646598171_912349010008_80608_0100.jpg
7,/home/wangqianqian/project/FS/data/28gusui&pizang/03/59/cell_1761649147768_912349010008_110098_0000.png,thumbs/cluster_7/052_cell_1761649147768_912349010008_110098_0000.jpg
7,/home/wangqianqian/project/FS/data/28gusui&pizang/03/48/cell_1761648494837_912349010008_46815_0000.png,thumbs/cluster_7/053_cell_1761648494837_912349010008_46815_0000.jpg
7,/home/wangqianqian/project/FS/data/28gusui&pizang/03/50/cell_1761648611760_912349010008_57489_0000.png,thumbs/cluster_7/054_cell_1761648611760_912349010008_57489_0000.jpg
7,/home/wangqianqian/project/FS/data/28gusui&pizang/03/40/cell_1761648052105_912349010008_10828_0100.png,thumbs/cluster_7/055_cell_1761648052105_912349010008_10828_0100.jpg
7,/home/wangqianqian/project/FS/data/28gusui&pizang/03/15/cell_1761646516870_912349010008_74203_0100.png,thumbs/cluster_7/056_cell_1761646516870_912349010008_74203_0100.jpg
7,/home/wangqianqian/project/FS/data/28gusui&pizang/03/54/cell_1761648883128_912349010008_84769_0000.png,thumbs/cluster_7/057_cell_1761648883128_912349010008_84769_0000.jpg
7,/home/wangqianqian/project/FS/data/28gusui&pizang/03/54/cell_1761648860891_912349010008_82586_0000.png,thumbs/cluster_7/058_cell_1761648860891_912349010008_82586_0000.jpg
7,/home/wangqianqian/project/FS/data/28gusui&pizang/03/51/cell_1761648715947_912349010008_68135_0000.png,thumbs/cluster_7/059_cell_1761648715947_912349010008_68135_0000.jpg
7,/home/wangqianqian/project/FS/data/28gusui&pizang/03/17/cell_1761646643939_912349010008_84539_0100.png,thumbs/cluster_7/060_cell_1761646643939_912349010008_84539_0100.jpg
7,/home/wangqianqian/project/FS/data/28gusui&pizang/03/47/cell_1761648426220_912349010008_40657_0100.png,thumbs/cluster_7/061_cell_1761648426220_912349010008_40657_0100.jpg
7,/home/wangqianqian/project/FS/data/28gusui&pizang/03/55/cell_1761648950577_912349010008_90525_0000.png,thumbs/cluster_7/062_cell_1761648950577_912349010008_90525_0000.jpg
7,/home/wangqianqian/project/FS/data/28gusui&pizang/03/49/cell_1761648567516_912349010008_53146_0000.png,thumbs/cluster_7/063_cell_1761648567516_912349010008_53146_0000.jpg
7,/home/wangqianqian/project/FS/data/28gusui&pizang/03/42/cell_1761648140290_912349010008_16513_0100.png,thumbs/cluster_7/064_cell_1761648140290_912349010008_16513_0100.jpg
7,/home/wangqianqian/project/FS/data/28gusui&pizang/03/45/cell_1761648319592_912349010008_31078_0100.png,thumbs/cluster_7/065_cell_1761648319592_912349010008_31078_0100.jpg
7,/home/wangqianqian/project/FS/data/28gusui&pizang/03/20/cell_1761646852265_912349010008_102001_0000.png,thumbs/cluster_7/066_cell_1761646852265_912349010008_102001_0000.jpg
7,/home/wangqianqian/project/FS/data/28gusui&pizang/03/43/cell_1761648236738_912349010008_23824_0100.png,thumbs/cluster_7/067_cell_1761648236738_912349010008_23824_0100.jpg
7,/home/wangqianqian/project/FS/data/28gusui&pizang/03/48/cell_1761648480383_912349010008_45569_0100.png,thumbs/cluster_7/068_cell_1761648480383_912349010008_45569_0100.jpg
7,/home/wangqianqian/project/FS/data/28gusui&pizang/03/20/cell_1761646819551_912349010008_99265_0000.png,thumbs/cluster_7/069_cell_1761646819551_912349010008_99265_0000.jpg
7,/home/wangqianqian/project/FS/data/28gusui&pizang/03/47/cell_1761648476156_912349010008_45196_0000.png,thumbs/cluster_7/070_cell_1761648476156_912349010008_45196_0000.jpg
7,/home/wangqianqian/project/FS/data/28gusui&pizang/03/56/cell_1761649005249_912349010008_95478_0100.png,thumbs/cluster_7/071_cell_1761649005249_912349010008_95478_0100.jpg
7,/home/wangqianqian/project/FS/data/28gusui&pizang/03/48/cell_1761648532823_912349010008_49933_0100.png,thumbs/cluster_7/072_cell_1761648532823_912349010008_49933_0100.jpg
7,/home/wangqianqian/project/FS/data/28gusui&pizang/03/05/cell_1761645935040_912349010008_26397_0000.png,thumbs/cluster_7/073_cell_1761645935040_912349010008_26397_0000.jpg
7,/home/wangqianqian/project/FS/data/28gusui&pizang/03/12/cell_1761646350131_912349010008_59835_0000.png,thumbs/cluster_7/074_cell_1761646350131_912349010008_59835_0000.jpg
7,/home/wangqianqian/project/FS/data/28gusui&pizang/03/20/cell_1761646811357_912349010008_98572_0100.png,thumbs/cluster_7/075_cell_1761646811357_912349010008_98572_0100.jpg
7,/home/wangqianqian/project/FS/data/28gusui&pizang/03/51/cell_1761648708596_912349010008_67367_0000.png,thumbs/cluster_7/076_cell_1761648708596_912349010008_67367_0000.jpg
7,/home/wangqianqian/project/FS/data/28gusui&pizang/03/50/cell_1761648633966_912349010008_59681_0000.png,thumbs/cluster_7/077_cell_1761648633966_912349010008_59681_0000.jpg
7,/home/wangqianqian/project/FS/data/28gusui&pizang/03/12/cell_1761646326344_912349010008_57944_0000.png,thumbs/cluster_7/078_cell_1761646326344_912349010008_57944_0000.jpg
7,/home/wangqianqian/project/FS/data/28gusui&pizang/03/57/cell_1761649021561_912349010008_96977_0000.png,thumbs/cluster_7/079_cell_1761649021561_912349010008_96977_0000.jpg
7,/home/wangqianqian/project/FS/data/28gusui&pizang/03/06/cell_1761645972127_912349010008_29384_0000.png,thumbs/cluster_7/080_cell_1761645972127_912349010008_29384_0000.jpg
7,/home/wangqianqian/project/FS/data/28gusui&pizang/03/11/cell_1761646293565_912349010008_55127_0100.png,thumbs/cluster_7/081_cell_1761646293565_912349010008_55127_0100.jpg
7,/home/wangqianqian/project/FS/data/28gusui&pizang/03/20/cell_1761646832795_912349010008_100395_0100.png,thumbs/cluster_7/082_cell_1761646832795_912349010008_100395_0100.jpg
7,/home/wangqianqian/project/FS/data/28gusui&pizang/03/44/cell_1761648244426_912349010008_24506_0100.png,thumbs/cluster_7/083_cell_1761648244426_912349010008_24506_0100.jpg
7,/home/wangqianqian/project/FS/data/28gusui&pizang/03/45/cell_1761648309530_912349010008_30284_0100.png,thumbs/cluster_7/084_cell_1761648309530_912349010008_30284_0100.jpg
7,/home/wangqianqian/project/FS/data/28gusui&pizang/03/47/cell_1761648433987_912349010008_41434_0000.png,thumbs/cluster_7/085_cell_1761648433987_912349010008_41434_0000.jpg
7,/home/wangqianqian/project/FS/data/28gusui&pizang/03/44/cell_1761648247744_912349010008_24818_0000.png,thumbs/cluster_7/086_cell_1761648247744_912349010008_24818_0000.jpg
7,/home/wangqianqian/project/FS/data/28gusui&pizang/03/20/cell_1761646854493_912349010008_102227_0000.png,thumbs/cluster_7/087_cell_1761646854493_912349010008_102227_0000.jpg
7,/home/wangqianqian/project/FS/data/28gusui&pizang/03/48/cell_1761648512452_912349010008_48244_0000.png,thumbs/cluster_7/088_cell_1761648512452_912349010008_48244_0000.jpg
7,/home/wangqianqian/project/FS/data/28gusui&pizang/03/51/cell_1761648673306_912349010008_63669_0000.png,thumbs/cluster_7/089_cell_1761648673306_912349010008_63669_0000.jpg
7,/home/wangqianqian/project/FS/data/28gusui&pizang/03/39/cell_1761647953806_912349010008_6347_0000.png,thumbs/cluster_7/090_cell_1761647953806_912349010008_6347_0000.jpg
7,/home/wangqianqian/project/FS/data/28gusui&pizang/03/55/cell_1761648906368_912349010008_86818_0000.png,thumbs/cluster_7/091_cell_1761648906368_912349010008_86818_0000.jpg
7,/home/wangqianqian/project/FS/data/28gusui&pizang/03/07/cell_1761646036692_912349010008_34901_0100.png,thumbs/cluster_7/092_cell_1761646036692_912349010008_34901_0100.jpg
7,/home/wangqianqian/project/FS/data/28gusui&pizang/03/46/cell_1761648387623_912349010008_37171_0000.png,thumbs/cluster_7/093_cell_1761648387623_912349010008_37171_0000.jpg
7,/home/wangqianqian/project/FS/data/28gusui&pizang/03/54/cell_1761648899551_912349010008_86241_0000.png,thumbs/cluster_7/094_cell_1761648899551_912349010008_86241_0000.jpg
7,/home/wangqianqian/project/FS/data/28gusui&pizang/03/44/cell_1761648267869_912349010008_26593_0100.png,thumbs/cluster_7/095_cell_1761648267869_912349010008_26593_0100.jpg
7,/home/wangqianqian/project/FS/data/28gusui&pizang/03/50/cell_1761648632423_912349010008_59555_0000.png,thumbs/cluster_7/096_cell_1761648632423_912349010008_59555_0000.jpg
7,/home/wangqianqian/project/FS/data/28gusui&pizang/03/44/cell_1761648253791_912349010008_25345_0100.png,thumbs/cluster_7/097_cell_1761648253791_912349010008_25345_0100.jpg
7,/home/wangqianqian/project/FS/data/28gusui&pizang/03/19/cell_1761646797918_912349010008_97341_0100.png,thumbs/cluster_7/098_cell_1761646797918_912349010008_97341_0100.jpg
7,/home/wangqianqian/project/FS/data/28gusui&pizang/03/07/cell_1761646074094_912349010008_37953_0000.png,thumbs/cluster_7/099_cell_1761646074094_912349010008_37953_0000.jpg
8,/home/wangqianqian/project/FS/data/28gusui&pizang/03/20/cell_1761646851162_912349010008_101903_0000.png,thumbs/cluster_8/000_cell_1761646851162_912349010008_101903_0000.jpg
8,/home/wangqianqian/project/FS/data/28gusui&pizang/03/19/cell_1761646775442_912349010008_95520_0000.png,thumbs/cluster_8/001_cell_1761646775442_912349010008_95520_0000.jpg
8,/home/wangqianqian/project/FS/data/28gusui&pizang/03/20/cell_1761646809413_912349010008_98409_0100.png,thumbs/cluster_8/002_cell_1761646809413_912349010008_98409_0100.jpg
8,/home/wangqianqian/project/FS/data/28gusui&pizang/03/09/cell_1761646184508_912349010008_46139_0100.png,thumbs/cluster_8/003_cell_1761646184508_912349010008_46139_0100.jpg
8,/home/wangqianqian/project/FS/data/28gusui&pizang/03/57/cell_1761649028248_912349010008_97634_0100.png,thumbs/cluster_8/004_cell_1761649028248_912349010008_97634_0100.jpg
8,/home/wangqianqian/project/FS/data/28gusui&pizang/03/04/cell_1761645848167_912349010008_19483_0000.png,thumbs/cluster_8/005_cell_1761645848167_912349010008_19483_0000.jpg
8,/home/wangqianqian/project/FS/data/28gusui&pizang/03/46/cell_1761648412395_912349010008_39329_0000.png,thumbs/cluster_8/006_cell_1761648412395_912349010008_39329_0000.jpg
8,/home/wangqianqian/project/FS/data/28gusui&pizang/03/59/cell_1761649149347_912349010008_110250_0000.png,thumbs/cluster_8/007_cell_1761649149347_912349010008_110250_0000.jpg
8,/home/wangqianqian/project/FS/data/28gusui&pizang/03/56/cell_1761648973122_912349010008_92523_0000.png,thumbs/cluster_8/008_cell_1761648973122_912349010008_92523_0000.jpg
8,/home/wangqianqian/project/FS/data/28gusui&pizang/03/56/cell_1761649015865_912349010008_96419_0000.png,thumbs/cluster_8/009_cell_1761649015865_912349010008_96419_0000.jpg
8,/home/wangqianqian/project/FS/data/28gusui&pizang/03/07/cell_1761646035351_912349010008_34804_0100.png,thumbs/cluster_8/010_cell_1761646035351_912349010008_34804_0100.jpg
8,/home/wangqianqian/project/FS/data/28gusui&pizang/03/51/cell_1761648704606_912349010008_66915_0000.png,thumbs/cluster_8/011_cell_1761648704606_912349010008_66915_0000.jpg
8,/home/wangqianqian/project/FS/data/28gusui&pizang/03/16/cell_1761646567968_912349010008_78261_0100.png,thumbs/cluster_8/012_cell_1761646567968_912349010008_78261_0100.jpg
8,/home/wangqianqian/project/FS/data/28gusui&pizang/03/51/cell_1761648703140_912349010008_66746_0000.png,thumbs/cluster_8/013_cell_1761648703140_912349010008_66746_0000.jpg
8,/home/wangqianqian/project/FS/data/28gusui&pizang/03/04/cell_1761645849414_912349010008_19571_0000.png,thumbs/cluster_8/014_cell_1761645849414_912349010008_19571_0000.jpg
8,/home/wangqianqian/project/FS/data/28gusui&pizang/03/49/cell_1761648598870_912349010008_56273_0100.png,thumbs/cluster_8/015_cell_1761648598870_912349010008_56273_0100.jpg
8,/home/wangqianqian/project/FS/data/28gusui&pizang/03/09/cell_1761646188177_912349010008_46419_0000.png,thumbs/cluster_8/016_cell_1761646188177_912349010008_46419_0000.jpg
8,/home/wangqianqian/project/FS/data/28gusui&pizang/03/17/cell_1761646662846_912349010008_86181_0100.png,thumbs/cluster_8/017_cell_1761646662846_912349010008_86181_0100.jpg
8,/home/wangqianqian/project/FS/data/28gusui&pizang/03/49/cell_1761648567760_912349010008_53169_0100.png,thumbs/cluster_8/018_cell_1761648567760_912349010008_53169_0100.jpg
8,/home/wangqianqian/project/FS/data/28gusui&pizang/03/17/cell_1761646621664_912349010008_82603_0000.png,thumbs/cluster_8/019_cell_1761646621664_912349010008_82603_0000.jpg
8,/home/wangqianqian/project/FS/data/28gusui&pizang/03/56/cell_1761649008923_912349010008_95813_0100.png,thumbs/cluster_8/020_cell_1761649008923_912349010008_95813_0100.jpg
8,/home/wangqianqian/project/FS/data/28gusui&pizang/03/21/cell_1761646907900_912349010008_106624_0000.png,thumbs/cluster_8/021_cell_1761646907900_912349010008_106624_0000.jpg
8,/home/wangqianqian/project/FS/data/28gusui&pizang/03/20/cell_1761646851140_912349010008_101898_0000.png,thumbs/cluster_8/022_cell_1761646851140_912349010008_101898_0000.jpg
8,/home/wangqianqian/project/FS/data/28gusui&pizang/03/20/cell_1761646810795_912349010008_98514_0100.png,thumbs/cluster_8/023_cell_1761646810795_912349010008_98514_0100.jpg
8,/home/wangqianqian/project/FS/data/28gusui&pizang/03/19/cell_1761646788837_912349010008_96582_0000.png,thumbs/cluster_8/024_cell_1761646788837_912349010008_96582_0000.jpg
8,/home/wangqianqian/project/FS/data/28gusui&pizang/03/57/cell_1761649062692_912349010008_101179_0100.png,thumbs/cluster_8/025_cell_1761649062692_912349010008_101179_0100.jpg
8,/home/wangqianqian/project/FS/data/28gusui&pizang/03/54/cell_1761648860095_912349010008_82493_0000.png,thumbs/cluster_8/026_cell_1761648860095_912349010008_82493_0000.jpg
8,/home/wangqianqian/project/FS/data/28gusui&pizang/03/52/cell_1761648728031_912349010008_69282_0100.png,thumbs/cluster_8/027_cell_1761648728031_912349010008_69282_0100.jpg
8,/home/wangqianqian/project/FS/data/28gusui&pizang/03/57/cell_1761649053939_912349010008_100262_0000.png,thumbs/cluster_8/028_cell_1761649053939_912349010008_100262_0000.jpg
8,/home/wangqianqian/project/FS/data/28gusui&pizang/03/14/cell_1761646446720_912349010008_67869_0000.png,thumbs/cluster_8/029_cell_1761646446720_912349010008_67869_0000.jpg
8,/home/wangqianqian/project/FS/data/28gusui&pizang/03/13/cell_1761646393786_912349010008_63295_0000.png,thumbs/cluster_8/030_cell_1761646393786_912349010008_63295_0000.jpg
8,/home/wangqianqian/project/FS/data/28gusui&pizang/03/05/cell_1761645928812_912349010008_25922_0100.png,thumbs/cluster_8/031_cell_1761645928812_912349010008_25922_0100.jpg
8,/home/wangqianqian/project/FS/data/28gusui&pizang/03/06/cell_1761645990703_912349010008_30940_0000.png,thumbs/cluster_8/032_cell_1761645990703_912349010008_30940_0000.jpg
8,/home/wangqianqian/project/FS/data/28gusui&pizang/03/16/cell_1761646591798_912349010008_80101_0000.png,thumbs/cluster_8/033_cell_1761646591798_912349010008_80101_0000.jpg
8,/home/wangqianqian/project/FS/data/28gusui&pizang/03/56/cell_1761648994951_912349010008_94493_0100.png,thumbs/cluster_8/034_cell_1761648994951_912349010008_94493_0100.jpg
8,/home/wangqianqian/project/FS/data/28gusui&pizang/03/49/cell_1761648583022_912349010008_54622_0100.png,thumbs/cluster_8/035_cell_1761648583022_912349010008_54622_0100.jpg
8,/home/wangqianqian/project/FS/data/28gusui&pizang/03/18/cell_1761646718986_912349010008_90906_0100.png,thumbs/cluster_8/036_cell_1761646718986_912349010008_90906_0100.jpg
8,/home/wangqianqian/project/FS/data/28gusui&pizang/03/01/cell_1761645713870_912349010008_9255_0000.png,thumbs/cluster_8/037_cell_1761645713870_912349010008_9255_0000.jpg
8,/home/wangqianqian/project/FS/data/28gusui&pizang/03/58/cell_1761649136607_912349010008_108942_0000.png,thumbs/cluster_8/038_cell_1761649136607_912349010008_108942_0000.jpg
8,/home/wangqianqian/project/FS/data/28gusui&pizang/03/45/cell_1761648330154_912349010008_32004_0100.png,thumbs/cluster_8/039_cell_1761648330154_912349010008_32004_0100.jpg
8,/home/wangqianqian/project/FS/data/28gusui&pizang/03/05/cell_1761645940059_912349010008_26794_0000.png,thumbs/cluster_8/040_cell_1761645940059_912349010008_26794_0000.jpg
8,/home/wangqianqian/project/FS/data/28gusui&pizang/03/48/cell_1761648492739_912349010008_46625_0100.png,thumbs/cluster_8/041_cell_1761648492739_912349010008_46625_0100.jpg
8,/home/wangqianqian/project/FS/data/28gusui&pizang/03/48/cell_1761648491157_912349010008_46478_0100.png,thumbs/cluster_8/042_cell_1761648491157_912349010008_46478_0100.jpg
8,/home/wangqianqian/project/FS/data/28gusui&pizang/03/04/cell_1761645856203_912349010008_20188_0000.png,thumbs/cluster_8/043_cell_1761645856203_912349010008_20188_0000.jpg
8,/home/wangqianqian/project/FS/data/28gusui&pizang/03/56/cell_1761648970761_912349010008_92318_0100.png,thumbs/cluster_8/044_cell_1761648970761_912349010008_92318_0100.jpg
8,/home/wangqianqian/project/FS/data/28gusui&pizang/03/13/cell_1761646436682_912349010008_66928_0100.png,thumbs/cluster_8/045_cell_1761646436682_912349010008_66928_0100.jpg
8,/home/wangqianqian/project/FS/data/28gusui&pizang/03/18/cell_1761646695570_912349010008_89112_0100.png,thumbs/cluster_8/046_cell_1761646695570_912349010008_89112_0100.jpg
8,/home/wangqianqian/project/FS/data/28gusui&pizang/03/07/cell_1761646054607_912349010008_36521_0100.png,thumbs/cluster_8/047_cell_1761646054607_912349010008_36521_0100.jpg
8,/home/wangqianqian/project/FS/data/28gusui&pizang/03/56/cell_1761648995443_912349010008_94532_0000.png,thumbs/cluster_8/048_cell_1761648995443_912349010008_94532_0000.jpg
8,/home/wangqianqian/project/FS/data/28gusui&pizang/03/08/cell_1761646094802_912349010008_39523_0100.png,thumbs/cluster_8/049_cell_1761646094802_912349010008_39523_0100.jpg
8,/home/wangqianqian/project/FS/data/28gusui&pizang/03/48/cell_1761648495976_912349010008_46918_0000.png,thumbs/cluster_8/050_cell_1761648495976_912349010008_46918_0000.jpg
8,/home/wangqianqian/project/FS/data/28gusui&pizang/03/02/cell_1761645738761_912349010008_11036_0000.png,thumbs/cluster_8/051_cell_1761645738761_912349010008_11036_0000.jpg
8,/home/wangqianqian/project/FS/data/28gusui&pizang/03/58/cell_1761649089066_912349010008_103949_0000.png,thumbs/cluster_8/052_cell_1761649089066_912349010008_103949_0000.jpg
8,/home/wangqianqian/project/FS/data/28gusui&pizang/03/09/cell_1761646183581_912349010008_46055_0100.png,thumbs/cluster_8/053_cell_1761646183581_912349010008_46055_0100.jpg
8,/home/wangqianqian/project/FS/data/28gusui&pizang/03/18/cell_1761646738054_912349010008_92538_0000.png,thumbs/cluster_8/054_cell_1761646738054_912349010008_92538_0000.jpg
8,/home/wangqianqian/project/FS/data/28gusui&pizang/03/43/cell_1761648200400_912349010008_20857_0100.png,thumbs/cluster_8/055_cell_1761648200400_912349010008_20857_0100.jpg
8,/home/wangqianqian/project/FS/data/28gusui&pizang/03/52/cell_1761648745633_912349010008_71077_0100.png,thumbs/cluster_8/056_cell_1761648745633_912349010008_71077_0100.jpg
8,/home/wangqianqian/project/FS/data/28gusui&pizang/03/45/cell_1761648306889_912349010008_30054_0100.png,thumbs/cluster_8/057_cell_1761648306889_912349010008_30054_0100.jpg
8,/home/wangqianqian/project/FS/data/28gusui&pizang/03/59/cell_1761649167494_912349010008_112214_0000.png,thumbs/cluster_8/058_cell_1761649167494_912349010008_112214_0000.jpg
8,/home/wangqianqian/project/FS/data/28gusui&pizang/03/05/cell_1761645911560_912349010008_24634_0000.png,thumbs/cluster_8/059_cell_1761645911560_912349010008_24634_0000.jpg
8,/home/wangqianqian/project/FS/data/28gusui&pizang/03/15/cell_1761646518687_912349010008_74360_0000.png,thumbs/cluster_8/060_cell_1761646518687_912349010008_74360_0000.jpg
8,/home/wangqianqian/project/FS/data/28gusui&pizang/03/47/cell_1761648452684_912349010008_43181_0000.png,thumbs/cluster_8/061_cell_1761648452684_912349010008_43181_0000.jpg
8,/home/wangqianqian/project/FS/data/28gusui&pizang/03/52/cell_1761648739225_912349010008_70428_0000.png,thumbs/cluster_8/062_cell_1761648739225_912349010008_70428_0000.jpg
8,/home/wangqianqian/project/FS/data/28gusui&pizang/03/51/cell_1761648683332_912349010008_64714_0000.png,thumbs/cluster_8/063_cell_1761648683332_912349010008_64714_0000.jpg
8,/home/wangqianqian/project/FS/data/28gusui&pizang/03/55/cell_1761648943626_912349010008_89948_0000.png,thumbs/cluster_8/064_cell_1761648943626_912349010008_89948_0000.jpg
8,/home/wangqianqian/project/FS/data/28gusui&pizang/03/49/cell_1761648571038_912349010008_53476_0000.png,thumbs/cluster_8/065_cell_1761648571038_912349010008_53476_0000.jpg
8,/home/wangqianqian/project/FS/data/28gusui&pizang/03/42/cell_1761648134106_912349010008_16058_0100.png,thumbs/cluster_8/066_cell_1761648134106_912349010008_16058_0100.jpg
8,/home/wangqianqian/project/FS/data/28gusui&pizang/03/50/cell_1761648631813_912349010008_59486_0000.png,thumbs/cluster_8/067_cell_1761648631813_912349010008_59486_0000.jpg
8,/home/wangqianqian/project/FS/data/28gusui&pizang/03/44/cell_1761648277908_912349010008_27600_0100.png,thumbs/cluster_8/068_cell_1761648277908_912349010008_27600_0100.jpg
8,/home/wangqianqian/project/FS/data/28gusui&pizang/03/02/cell_1761645725453_912349010008_10155_0100.png,thumbs/cluster_8/069_cell_1761645725453_912349010008_10155_0100.jpg
8,/home/wangqianqian/project/FS/data/28gusui&pizang/03/54/cell_1761648894331_912349010008_85846_0100.png,thumbs/cluster_8/070_cell_1761648894331_912349010008_85846_0100.jpg
8,/home/wangqianqian/project/FS/data/28gusui&pizang/03/16/cell_1761646614745_912349010008_81988_0100.png,thumbs/cluster_8/071_cell_1761646614745_912349010008_81988_0100.jpg
8,/home/wangqianqian/project/FS/data/28gusui&pizang/03/52/cell_1761648736630_912349010008_70133_0100.png,thumbs/cluster_8/072_cell_1761648736630_912349010008_70133_0100.jpg
8,/home/wangqianqian/project/FS/data/28gusui&pizang/03/55/cell_1761648947560_912349010008_90279_0000.png,thumbs/cluster_8/073_cell_1761648947560_912349010008_90279_0000.jpg
8,/home/wangqianqian/project/FS/data/28gusui&pizang/03/52/cell_1761648769377_912349010008_73328_0100.png,thumbs/cluster_8/074_cell_1761648769377_912349010008_73328_0100.jpg
8,/home/wangqianqian/project/FS/data/28gusui&pizang/03/52/cell_1761648749465_912349010008_71423_0000.png,thumbs/cluster_8/075_cell_1761648749465_912349010008_71423_0000.jpg
8,/home/wangqianqian/project/FS/data/28gusui&pizang/03/15/cell_1761646524857_912349010008_74908_0000.png,thumbs/cluster_8/076_cell_1761646524857_912349010008_74908_0000.jpg
8,/home/wangqianqian/project/FS/data/28gusui&pizang/03/45/cell_1761648320792_912349010008_31158_0100.png,thumbs/cluster_8/077_cell_1761648320792_912349010008_31158_0100.jpg
8,/home/wangqianqian/project/FS/data/28gusui&pizang/03/50/cell_1761648624627_912349010008_58747_0100.png,thumbs/cluster_8/078_cell_1761648624627_912349010008_58747_0100.jpg
8,/home/wangqianqian/project/FS/data/28gusui&pizang/03/54/cell_1761648861117_912349010008_82613_0000.png,thumbs/cluster_8/079_cell_1761648861117_912349010008_82613_0000.jpg
8,/home/wangqianqian/project/FS/data/28gusui&pizang/03/56/cell_1761648997448_912349010008_94759_0000.png,thumbs/cluster_8/080_cell_1761648997448_912349010008_94759_0000.jpg
8,/home/wangqianqian/project/FS/data/28gusui&pizang/03/02/cell_1761645722235_912349010008_9919_0000.png,thumbs/cluster_8/081_cell_1761645722235_912349010008_9919_0000.jpg
8,/home/wangqianqian/project/FS/data/28gusui&pizang/03/04/cell_1761645885013_912349010008_22680_0000.png,thumbs/cluster_8/082_cell_1761645885013_912349010008_22680_0000.jpg
8,/home/wangqianqian/project/FS/data/28gusui&pizang/03/16/cell_1761646598020_912349010008_80600_0100.png,thumbs/cluster_8/083_cell_1761646598020_912349010008_80600_0100.jpg
8,/home/wangqianqian/project/FS/data/28gusui&pizang/03/52/cell_1761648771570_912349010008_73540_0000.png,thumbs/cluster_8/084_cell_1761648771570_912349010008_73540_0000.jpg
8,/home/wangqianqian/project/FS/data/28gusui&pizang/03/42/cell_1761648128057_912349010008_15599_0000.png,thumbs/cluster_8/085_cell_1761648128057_912349010008_15599_0000.jpg
8,/home/wangqianqian/project/FS/data/28gusui&pizang/03/58/cell_1761649106781_912349010008_105820_0000.png,thumbs/cluster_8/086_cell_1761649106781_912349010008_105820_0000.jpg
8,/home/wangqianqian/project/FS/data/28gusui&pizang/03/44/cell_1761648257108_912349010008_25628_0100.png,thumbs/cluster_8/087_cell_1761648257108_912349010008_25628_0100.jpg
8,/home/wangqianqian/project/FS/data/28gusui&pizang/03/19/cell_1761646754683_912349010008_93844_0100.png,thumbs/cluster_8/088_cell_1761646754683_912349010008_93844_0100.jpg
8,/home/wangqianqian/project/FS/data/28gusui&pizang/03/58/cell_1761649083322_912349010008_103316_0000.png,thumbs/cluster_8/089_cell_1761649083322_912349010008_103316_0000.jpg
8,/home/wangqianqian/project/FS/data/28gusui&pizang/03/58/cell_1761649091097_912349010008_104185_0100.png,thumbs/cluster_8/090_cell_1761649091097_912349010008_104185_0100.jpg
8,/home/wangqianqian/project/FS/data/28gusui&pizang/03/02/cell_1761645753578_912349010008_12188_0100.png,thumbs/cluster_8/091_cell_1761645753578_912349010008_12188_0100.jpg
8,/home/wangqianqian/project/FS/data/28gusui&pizang/03/07/cell_1761646075682_912349010008_38059_0000.png,thumbs/cluster_8/092_cell_1761646075682_912349010008_38059_0000.jpg
8,/home/wangqianqian/project/FS/data/28gusui&pizang/03/43/cell_1761648187801_912349010008_19914_0000.png,thumbs/cluster_8/093_cell_1761648187801_912349010008_19914_0000.jpg
8,/home/wangqianqian/project/FS/data/28gusui&pizang/03/05/cell_1761645918816_912349010008_25138_0000.png,thumbs/cluster_8/094_cell_1761645918816_912349010008_25138_0000.jpg
8,/home/wangqianqian/project/FS/data/28gusui&pizang/03/17/cell_1761646677741_912349010008_87566_0000.png,thumbs/cluster_8/095_cell_1761646677741_912349010008_87566_0000.jpg
8,/home/wangqianqian/project/FS/data/28gusui&pizang/03/21/cell_1761646878290_912349010008_104225_0000.png,thumbs/cluster_8/096_cell_1761646878290_912349010008_104225_0000.jpg
8,/home/wangqianqian/project/FS/data/28gusui&pizang/03/59/cell_1761649150030_912349010008_110312_0100.png,thumbs/cluster_8/097_cell_1761649150030_912349010008_110312_0100.jpg
8,/home/wangqianqian/project/FS/data/28gusui&pizang/03/15/cell_1761646515595_912349010008_74102_0000.png,thumbs/cluster_8/098_cell_1761646515595_912349010008_74102_0000.jpg
8,/home/wangqianqian/project/FS/data/28gusui&pizang/03/55/cell_1761648959387_912349010008_91296_0000.png,thumbs/cluster_8/099_cell_1761648959387_912349010008_91296_0000.jpg
9,/home/wangqianqian/project/FS/data/28gusui&pizang/03/19/cell_1761646767921_912349010008_94896_0100.png,thumbs/cluster_9/000_cell_1761646767921_912349010008_94896_0100.jpg
9,/home/wangqianqian/project/FS/data/28gusui&pizang/03/45/cell_1761648309044_912349010008_30241_0000.png,thumbs/cluster_9/001_cell_1761648309044_912349010008_30241_0000.jpg
9,/home/wangqianqian/project/FS/data/28gusui&pizang/03/44/cell_1761648274594_912349010008_27253_0100.png,thumbs/cluster_9/002_cell_1761648274594_912349010008_27253_0100.jpg
9,/home/wangqianqian/project/FS/data/28gusui&pizang/03/56/cell_1761648965630_912349010008_91835_0000.png,thumbs/cluster_9/003_cell_1761648965630_912349010008_91835_0000.jpg
9,/home/wangqianqian/project/FS/data/28gusui&pizang/03/39/cell_1761647980340_912349010008_7411_0000.png,thumbs/cluster_9/004_cell_1761647980340_912349010008_7411_0000.jpg
9,/home/wangqianqian/project/FS/data/28gusui&pizang/03/18/cell_1761646716591_912349010008_90730_0100.png,thumbs/cluster_9/005_cell_1761646716591_912349010008_90730_0100.jpg
9,/home/wangqianqian/project/FS/data/28gusui&pizang/03/15/cell_1761646533595_912349010008_75558_0000.png,thumbs/cluster_9/006_cell_1761646533595_912349010008_75558_0000.jpg
9,/home/wangqianqian/project/FS/data/28gusui&pizang/03/02/cell_1761645731678_912349010008_10568_0000.png,thumbs/cluster_9/007_cell_1761645731678_912349010008_10568_0000.jpg
9,/home/wangqianqian/project/FS/data/28gusui&pizang/03/50/cell_1761648657196_912349010008_62094_0000.png,thumbs/cluster_9/008_cell_1761648657196_912349010008_62094_0000.jpg
9,/home/wangqianqian/project/FS/data/28gusui&pizang/03/08/cell_1761646097879_912349010008_39760_0000.png,thumbs/cluster_9/009_cell_1761646097879_912349010008_39760_0000.jpg
9,/home/wangqianqian/project/FS/data/28gusui&pizang/03/19/cell_1761646756897_912349010008_94018_0000.png,thumbs/cluster_9/010_cell_1761646756897_912349010008_94018_0000.jpg
9,/home/wangqianqian/project/FS/data/28gusui&pizang/03/04/cell_1761645868486_912349010008_21295_0100.png,thumbs/cluster_9/011_cell_1761645868486_912349010008_21295_0100.jpg
9,/home/wangqianqian/project/FS/data/28gusui&pizang/03/46/cell_1761648367174_912349010008_35393_0100.png,thumbs/cluster_9/012_cell_1761648367174_912349010008_35393_0100.jpg
9,/home/wangqianqian/project/FS/data/28gusui&pizang/03/06/cell_1761645962566_912349010008_28599_0000.png,thumbs/cluster_9/013_cell_1761645962566_912349010008_28599_0000.jpg
9,/home/wangqianqian/project/FS/data/28gusui&pizang/03/17/cell_1761646653617_912349010008_85400_0100.png,thumbs/cluster_9/014_cell_1761646653617_912349010008_85400_0100.jpg
9,/home/wangqianqian/project/FS/data/28gusui&pizang/03/12/cell_1761646342402_912349010008_59189_0000.png,thumbs/cluster_9/015_cell_1761646342402_912349010008_59189_0000.jpg
9,/home/wangqianqian/project/FS/data/28gusui&pizang/03/40/cell_1761648049853_912349010008_10714_0000.png,thumbs/cluster_9/016_cell_1761648049853_912349010008_10714_0000.jpg
9,/home/wangqianqian/project/FS/data/28gusui&pizang/03/49/cell_1761648577117_912349010008_54079_0100.png,thumbs/cluster_9/017_cell_1761648577117_912349010008_54079_0100.jpg
9,/home/wangqianqian/project/FS/data/28gusui&pizang/03/44/cell_1761648263249_912349010008_26153_0100.png,thumbs/cluster_9/018_cell_1761648263249_912349010008_26153_0100.jpg
9,/home/wangqianqian/project/FS/data/28gusui&pizang/03/01/cell_1761645690421_912349010008_7870_0100.png,thumbs/cluster_9/019_cell_1761645690421_912349010008_7870_0100.jpg
9,/home/wangqianqian/project/FS/data/28gusui&pizang/03/42/cell_1761648177752_912349010008_19146_0000.png,thumbs/cluster_9/020_cell_1761648177752_912349010008_19146_0000.jpg
9,/home/wangqianqian/project/FS/data/28gusui&pizang/03/13/cell_1761646388231_912349010008_62916_0000.png,thumbs/cluster_9/021_cell_1761646388231_912349010008_62916_0000.jpg
9,/home/wangqianqian/project/FS/data/28gusui&pizang/03/44/cell_1761648294330_912349010008_29013_0100.png,thumbs/cluster_9/022_cell_1761648294330_912349010008_29013_0100.jpg
9,/home/wangqianqian/project/FS/data/28gusui&pizang/03/54/cell_1761648845223_912349010008_80967_0000.png,thumbs/cluster_9/023_cell_1761648845223_912349010008_80967_0000.jpg
9,/home/wangqianqian/project/FS/data/28gusui&pizang/03/41/cell_1761648073019_912349010008_12049_0000.png,thumbs/cluster_9/024_cell_1761648073019_912349010008_12049_0000.jpg
9,/home/wangqianqian/project/FS/data/28gusui&pizang/03/53/cell_1761648812747_912349010008_77838_0100.png,thumbs/cluster_9/025_cell_1761648812747_912349010008_77838_0100.jpg
9,/home/wangqianqian/project/FS/data/28gusui&pizang/03/16/cell_1761646601046_912349010008_80868_0100.png,thumbs/cluster_9/026_cell_1761646601046_912349010008_80868_0100.jpg
9,/home/wangqianqian/project/FS/data/28gusui&pizang/03/19/cell_1761646755296_912349010008_93881_0100.png,thumbs/cluster_9/027_cell_1761646755296_912349010008_93881_0100.jpg
9,/home/wangqianqian/project/FS/data/28gusui&pizang/03/52/cell_1761648738914_912349010008_70382_0000.png,thumbs/cluster_9/028_cell_1761648738914_912349010008_70382_0000.jpg
9,/home/wangqianqian/project/FS/data/28gusui&pizang/03/09/cell_1761646177928_912349010008_45601_0000.png,thumbs/cluster_9/029_cell_1761646177928_912349010008_45601_0000.jpg
9,/home/wangqianqian/project/FS/data/28gusui&pizang/03/50/cell_1761648623007_912349010008_58589_0000.png,thumbs/cluster_9/030_cell_1761648623007_912349010008_58589_0000.jpg
9,/home/wangqianqian/project/FS/data/28gusui&pizang/03/15/cell_1761646546038_912349010008_76629_0000.png,thumbs/cluster_9/031_cell_1761646546038_912349010008_76629_0000.jpg
9,/home/wangqianqian/project/FS/data/28gusui&pizang/03/09/cell_1761646153817_912349010008_43846_0000.png,thumbs/cluster_9/032_cell_1761646153817_912349010008_43846_0000.jpg
9,/home/wangqianqian/project/FS/data/28gusui&pizang/03/06/cell_1761645968920_912349010008_29125_0000.png,thumbs/cluster_9/033_cell_1761645968920_912349010008_29125_0000.jpg
9,/home/wangqianqian/project/FS/data/28gusui&pizang/03/16/cell_1761646618437_912349010008_82320_0000.png,thumbs/cluster_9/034_cell_1761646618437_912349010008_82320_0000.jpg
9,/home/wangqianqian/project/FS/data/28gusui&pizang/03/44/cell_1761648278492_912349010008_27632_0000.png,thumbs/cluster_9/035_cell_1761648278492_912349010008_27632_0000.jpg
9,/home/wangqianqian/project/FS/data/28gusui&pizang/03/09/cell_1761646161472_912349010008_44441_0000.png,thumbs/cluster_9/036_cell_1761646161472_912349010008_44441_0000.jpg
9,/home/wangqianqian/project/FS/data/28gusui&pizang/03/41/cell_1761648062589_912349010008_11433_0100.png,thumbs/cluster_9/037_cell_1761648062589_912349010008_11433_0100.jpg
9,/home/wangqianqian/project/FS/data/28gusui&pizang/03/14/cell_1761646480346_912349010008_70857_0000.png,thumbs/cluster_9/038_cell_1761646480346_912349010008_70857_0000.jpg
9,/home/wangqianqian/project/FS/data/28gusui&pizang/03/51/cell_1761648664333_912349010008_62840_0100.png,thumbs/cluster_9/039_cell_1761648664333_912349010008_62840_0100.jpg
9,/home/wangqianqian/project/FS/data/28gusui&pizang/03/43/cell_1761648202258_912349010008_21010_0000.png,thumbs/cluster_9/040_cell_1761648202258_912349010008_21010_0000.jpg
9,/home/wangqianqian/project/FS/data/28gusui&pizang/03/49/cell_1761648571109_912349010008_53489_0000.png,thumbs/cluster_9/041_cell_1761648571109_912349010008_53489_0000.jpg
9,/home/wangqianqian/project/FS/data/28gusui&pizang/03/40/cell_1761648043476_912349010008_10385_0000.png,thumbs/cluster_9/042_cell_1761648043476_912349010008_10385_0000.jpg
9,/home/wangqianqian/project/FS/data/28gusui&pizang/03/40/cell_1761648035002_912349010008_10044_0000.png,thumbs/cluster_9/043_cell_1761648035002_912349010008_10044_0000.jpg
9,/home/wangqianqian/project/FS/data/28gusui&pizang/03/44/cell_1761648241943_912349010008_24287_0100.png,thumbs/cluster_9/044_cell_1761648241943_912349010008_24287_0100.jpg
9,/home/wangqianqian/project/FS/data/28gusui&pizang/03/42/cell_1761648138426_912349010008_16374_0100.png,thumbs/cluster_9/045_cell_1761648138426_912349010008_16374_0100.jpg
9,/home/wangqianqian/project/FS/data/28gusui&pizang/03/40/cell_1761648049208_912349010008_10684_0100.png,thumbs/cluster_9/046_cell_1761648049208_912349010008_10684_0100.jpg
9,/home/wangqianqian/project/FS/data/28gusui&pizang/03/03/cell_1761645800609_912349010008_15716_0000.png,thumbs/cluster_9/047_cell_1761645800609_912349010008_15716_0000.jpg
9,/home/wangqianqian/project/FS/data/28gusui&pizang/03/40/cell_1761648014371_912349010008_8940_0000.png,thumbs/cluster_9/048_cell_1761648014371_912349010008_8940_0000.jpg
9,/home/wangqianqian/project/FS/data/28gusui&pizang/03/56/cell_1761649008294_912349010008_95767_0100.png,thumbs/cluster_9/049_cell_1761649008294_912349010008_95767_0100.jpg
9,/home/wangqianqian/project/FS/data/28gusui&pizang/03/06/cell_1761646015455_912349010008_33078_0000.png,thumbs/cluster_9/050_cell_1761646015455_912349010008_33078_0000.jpg
9,/home/wangqianqian/project/FS/data/28gusui&pizang/03/55/cell_1761648940157_912349010008_89673_0100.png,thumbs/cluster_9/051_cell_1761648940157_912349010008_89673_0100.jpg
9,/home/wangqianqian/project/FS/data/28gusui&pizang/03/14/cell_1761646496705_912349010008_72527_0100.png,thumbs/cluster_9/052_cell_1761646496705_912349010008_72527_0100.jpg
9,/home/wangqianqian/project/FS/data/28gusui&pizang/03/47/cell_1761648427435_912349010008_40782_0000.png,thumbs/cluster_9/053_cell_1761648427435_912349010008_40782_0000.jpg
9,/home/wangqianqian/project/FS/data/28gusui&pizang/03/18/cell_1761646695644_912349010008_89119_0000.png,thumbs/cluster_9/054_cell_1761646695644_912349010008_89119_0000.jpg
9,/home/wangqianqian/project/FS/data/28gusui&pizang/03/51/cell_1761648668946_912349010008_63263_0000.png,thumbs/cluster_9/055_cell_1761648668946_912349010008_63263_0000.jpg
9,/home/wangqianqian/project/FS/data/28gusui&pizang/03/46/cell_1761648374319_912349010008_36016_0000.png,thumbs/cluster_9/056_cell_1761648374319_912349010008_36016_0000.jpg
9,/home/wangqianqian/project/FS/data/28gusui&pizang/03/08/cell_1761646085443_912349010008_38806_0000.png,thumbs/cluster_9/057_cell_1761646085443_912349010008_38806_0000.jpg
9,/home/wangqianqian/project/FS/data/28gusui&pizang/03/06/cell_1761645973145_912349010008_29464_0100.png,thumbs/cluster_9/058_cell_1761645973145_912349010008_29464_0100.jpg
9,/home/wangqianqian/project/FS/data/28gusui&pizang/03/39/cell_1761647966472_912349010008_6858_0100.png,thumbs/cluster_9/059_cell_1761647966472_912349010008_6858_0100.jpg
9,/home/wangqianqian/project/FS/data/28gusui&pizang/03/42/cell_1761648157242_912349010008_17704_0000.png,thumbs/cluster_9/060_cell_1761648157242_912349010008_17704_0000.jpg
9,/home/wangqianqian/project/FS/data/28gusui&pizang/03/44/cell_1761648261099_912349010008_25981_0100.png,thumbs/cluster_9/061_cell_1761648261099_912349010008_25981_0100.jpg
9,/home/wangqianqian/project/FS/data/28gusui&pizang/03/43/cell_1761648237881_912349010008_23934_0000.png,thumbs/cluster_9/062_cell_1761648237881_912349010008_23934_0000.jpg
9,/home/wangqianqian/project/FS/data/28gusui&pizang/03/49/cell_1761648563505_912349010008_52721_0100.png,thumbs/cluster_9/063_cell_1761648563505_912349010008_52721_0100.jpg
9,/home/wangqianqian/project/FS/data/28gusui&pizang/03/49/cell_1761648596761_912349010008_56063_0000.png,thumbs/cluster_9/064_cell_1761648596761_912349010008_56063_0000.jpg
9,/home/wangqianqian/project/FS/data/28gusui&pizang/03/19/cell_1761646761037_912349010008_94334_0000.png,thumbs/cluster_9/065_cell_1761646761037_912349010008_94334_0000.jpg
9,/home/wangqianqian/project/FS/data/28gusui&pizang/03/39/cell_1761647954965_912349010008_6404_0000.png,thumbs/cluster_9/066_cell_1761647954965_912349010008_6404_0000.jpg
9,/home/wangqianqian/project/FS/data/28gusui&pizang/03/20/cell_1761646836737_912349010008_100691_0000.png,thumbs/cluster_9/067_cell_1761646836737_912349010008_100691_0000.jpg
9,/home/wangqianqian/project/FS/data/28gusui&pizang/03/16/cell_1761646611427_912349010008_81706_0000.png,thumbs/cluster_9/068_cell_1761646611427_912349010008_81706_0000.jpg
9,/home/wangqianqian/project/FS/data/28gusui&pizang/03/58/cell_1761649111301_912349010008_106331_0000.png,thumbs/cluster_9/069_cell_1761649111301_912349010008_106331_0000.jpg
9,/home/wangqianqian/project/FS/data/28gusui&pizang/03/59/cell_1761649179713_912349010008_113509_0100.png,thumbs/cluster_9/070_cell_1761649179713_912349010008_113509_0100.jpg
9,/home/wangqianqian/project/FS/data/28gusui&pizang/03/49/cell_1761648596264_912349010008_56011_0000.png,thumbs/cluster_9/071_cell_1761648596264_912349010008_56011_0000.jpg
9,/home/wangqianqian/project/FS/data/28gusui&pizang/03/56/cell_1761648965509_912349010008_91821_0000.png,thumbs/cluster_9/072_cell_1761648965509_912349010008_91821_0000.jpg
9,/home/wangqianqian/project/FS/data/28gusui&pizang/03/11/cell_1761646266876_912349010008_52737_0100.png,thumbs/cluster_9/073_cell_1761646266876_912349010008_52737_0100.jpg
9,/home/wangqianqian/project/FS/data/28gusui&pizang/03/50/cell_1761648614709_912349010008_57768_0100.png,thumbs/cluster_9/074_cell_1761648614709_912349010008_57768_0100.jpg
9,/home/wangqianqian/project/FS/data/28gusui&pizang/03/58/cell_1761649095424_912349010008_104662_0100.png,thumbs/cluster_9/075_cell_1761649095424_912349010008_104662_0100.jpg
9,/home/wangqianqian/project/FS/data/28gusui&pizang/03/13/cell_1761646434612_912349010008_66741_0100.png,thumbs/cluster_9/076_cell_1761646434612_912349010008_66741_0100.jpg
9,/home/wangqianqian/project/FS/data/28gusui&pizang/03/58/cell_1761649110636_912349010008_106245_0000.png,thumbs/cluster_9/077_cell_1761649110636_912349010008_106245_0000.jpg
9,/home/wangqianqian/project/FS/data/28gusui&pizang/03/17/cell_1761646663161_912349010008_86201_0000.png,thumbs/cluster_9/078_cell_1761646663161_912349010008_86201_0000.jpg
9,/home/wangqianqian/project/FS/data/28gusui&pizang/03/45/cell_1761648359069_912349010008_34673_0100.png,thumbs/cluster_9/079_cell_1761648359069_912349010008_34673_0100.jpg
9,/home/wangqianqian/project/FS/data/28gusui&pizang/03/57/cell_1761649026027_912349010008_97388_0100.png,thumbs/cluster_9/080_cell_1761649026027_912349010008_97388_0100.jpg
9,/home/wangqianqian/project/FS/data/28gusui&pizang/03/59/cell_1761649173126_912349010008_112854_0000.png,thumbs/cluster_9/081_cell_1761649173126_912349010008_112854_0000.jpg
9,/home/wangqianqian/project/FS/data/28gusui&pizang/03/46/cell_1761648384193_912349010008_36861_0100.png,thumbs/cluster_9/082_cell_1761648384193_912349010008_36861_0100.jpg
9,/home/wangqianqian/project/FS/data/28gusui&pizang/03/55/cell_1761648954420_912349010008_90858_0100.png,thumbs/cluster_9/083_cell_1761648954420_912349010008_90858_0100.jpg
9,/home/wangqianqian/project/FS/data/28gusui&pizang/03/18/cell_1761646736011_912349010008_92368_0000.png,thumbs/cluster_9/084_cell_1761646736011_912349010008_92368_0000.jpg
9,/home/wangqianqian/project/FS/data/28gusui&pizang/03/41/cell_1761648110893_912349010008_14440_0000.png,thumbs/cluster_9/085_cell_1761648110893_912349010008_14440_0000.jpg
9,/home/wangqianqian/project/FS/data/28gusui&pizang/03/08/cell_1761646139324_912349010008_42764_0000.png,thumbs/cluster_9/086_cell_1761646139324_912349010008_42764_0000.jpg
9,/home/wangqianqian/project/FS/data/28gusui&pizang/03/15/cell_1761646545107_912349010008_76542_0000.png,thumbs/cluster_9/087_cell_1761646545107_912349010008_76542_0000.jpg
9,/home/wangqianqian/project/FS/data/28gusui&pizang/03/03/cell_1761645781440_912349010008_14204_0000.png,thumbs/cluster_9/088_cell_1761645781440_912349010008_14204_0000.jpg
9,/home/wangqianqian/project/FS/data/28gusui&pizang/03/41/cell_1761648076142_912349010008_12232_0000.png,thumbs/cluster_9/089_cell_1761648076142_912349010008_12232_0000.jpg
9,/home/wangqianqian/project/FS/data/28gusui&pizang/03/52/cell_1761648765137_912349010008_72941_0000.png,thumbs/cluster_9/090_cell_1761648765137_912349010008_72941_0000.jpg
9,/home/wangqianqian/project/FS/data/28gusui&pizang/03/01/cell_1761645699613_912349010008_8374_0100.png,thumbs/cluster_9/091_cell_1761645699613_912349010008_8374_0100.jpg
9,/home/wangqianqian/project/FS/data/28gusui&pizang/03/51/cell_1761648714441_912349010008_68018_0000.png,thumbs/cluster_9/092_cell_1761648714441_912349010008_68018_0000.jpg
9,/home/wangqianqian/project/FS/data/28gusui&pizang/03/51/cell_1761648711722_912349010008_67707_0100.png,thumbs/cluster_9/093_cell_1761648711722_912349010008_67707_0100.jpg
9,/home/wangqianqian/project/FS/data/28gusui&pizang/03/56/cell_1761648986313_912349010008_93684_0000.png,thumbs/cluster_9/094_cell_1761648986313_912349010008_93684_0000.jpg
9,/home/wangqianqian/project/FS/data/28gusui&pizang/03/36/cell_1761647796469_912349010008_738_0000.png,thumbs/cluster_9/095_cell_1761647796469_912349010008_738_0000.jpg
9,/home/wangqianqian/project/FS/data/28gusui&pizang/03/44/cell_1761648281680_912349010008_27925_0100.png,thumbs/cluster_9/096_cell_1761648281680_912349010008_27925_0100.jpg
9,/home/wangqianqian/project/FS/data/28gusui&pizang/03/05/cell_1761645921542_912349010008_25339_0100.png,thumbs/cluster_9/097_cell_1761645921542_912349010008_25339_0100.jpg
9,/home/wangqianqian/project/FS/data/28gusui&pizang/03/21/cell_1761646874749_912349010008_103958_0000.png,thumbs/cluster_9/098_cell_1761646874749_912349010008_103958_0000.jpg
9,/home/wangqianqian/project/FS/data/28gusui&pizang/03/47/cell_1761648433768_912349010008_41406_0000.png,thumbs/cluster_9/099_cell_1761648433768_912349010008_41406_0000.jpg
10,/home/wangqianqian/project/FS/data/28gusui&pizang/03/04/cell_1761645852847_912349010008_19894_0000.png,thumbs/cluster_10/000_cell_1761645852847_912349010008_19894_0000.jpg
10,/home/wangqianqian/project/FS/data/28gusui&pizang/03/13/cell_1761646416515_912349010008_65077_0100.png,thumbs/cluster_10/001_cell_1761646416515_912349010008_65077_0100.jpg
10,/home/wangqianqian/project/FS/data/28gusui&pizang/03/56/cell_1761648990389_912349010008_94048_0000.png,thumbs/cluster_10/002_cell_1761648990389_912349010008_94048_0000.jpg
10,/home/wangqianqian/project/FS/data/28gusui&pizang/03/01/cell_1761645706339_912349010008_8772_0100.png,thumbs/cluster_10/003_cell_1761645706339_912349010008_8772_0100.jpg
10,/home/wangqianqian/project/FS/data/28gusui&pizang/03/14/cell_1761646471982_912349010008_70134_0000.png,thumbs/cluster_10/004_cell_1761646471982_912349010008_70134_0000.jpg
10,/home/wangqianqian/project/FS/data/28gusui&pizang/03/08/cell_1761646097249_912349010008_39707_0000.png,thumbs/cluster_10/005_cell_1761646097249_912349010008_39707_0000.jpg
10,/home/wangqianqian/project/FS/data/28gusui&pizang/03/06/cell_1761646002842_912349010008_31931_0000.png,thumbs/cluster_10/006_cell_1761646002842_912349010008_31931_0000.jpg
10,/home/wangqianqian/project/FS/data/28gusui&pizang/03/40/cell_1761648032357_912349010008_9906_0100.png,thumbs/cluster_10/007_cell_1761648032357_912349010008_9906_0100.jpg
10,/home/wangqianqian/project/FS/data/28gusui&pizang/03/46/cell_1761648390781_912349010008_37416_0000.png,thumbs/cluster_10/008_cell_1761648390781_912349010008_37416_0000.jpg
10,/home/wangqianqian/project/FS/data/28gusui&pizang/03/14/cell_1761646457622_912349010008_68839_0000.png,thumbs/cluster_10/009_cell_1761646457622_912349010008_68839_0000.jpg
10,/home/wangqianqian/project/FS/data/28gusui&pizang/03/49/cell_1761648546068_912349010008_51140_0000.png,thumbs/cluster_10/010_cell_1761648546068_912349010008_51140_0000.jpg
10,/home/wangqianqian/project/FS/data/28gusui&pizang/03/51/cell_1761648696371_912349010008_66047_0000.png,thumbs/cluster_10/011_cell_1761648696371_912349010008_66047_0000.jpg
10,/home/wangqianqian/project/FS/data/28gusui&pizang/03/12/cell_1761646372699_912349010008_61717_0000.png,thumbs/cluster_10/012_cell_1761646372699_912349010008_61717_0000.jpg
10,/home/wangqianqian/project/FS/data/28gusui&pizang/03/35/cell_1761647713167_912349010008_148_0000.png,thumbs/cluster_10/013_cell_1761647713167_912349010008_148_0000.jpg
10,/home/wangqianqian/project/FS/data/28gusui&pizang/03/51/cell_1761648674876_912349010008_63819_0000.png,thumbs/cluster_10/014_cell_1761648674876_912349010008_63819_0000.jpg
10,/home/wangqianqian/project/FS/data/28gusui&pizang/03/10/cell_1761646224544_912349010008_49339_0100.png,thumbs/cluster_10/015_cell_1761646224544_912349010008_49339_0100.jpg
10,/home/wangqianqian/project/FS/data/28gusui&pizang/03/58/cell_1761649124385_912349010008_107687_0000.png,thumbs/cluster_10/016_cell_1761649124385_912349010008_107687_0000.jpg
10,/home/wangqianqian/project/FS/data/28gusui&pizang/03/54/cell_1761648851521_912349010008_81621_0000.png,thumbs/cluster_10/017_cell_1761648851521_912349010008_81621_0000.jpg
10,/home/wangqianqian/project/FS/data/28gusui&pizang/03/47/cell_1761648458630_912349010008_43683_0100.png,thumbs/cluster_10/018_cell_1761648458630_912349010008_43683_0100.jpg
10,/home/wangqianqian/project/FS/data/28gusui&pizang/03/09/cell_1761646188696_912349010008_46458_0100.png,thumbs/cluster_10/019_cell_1761646188696_912349010008_46458_0100.jpg
10,/home/wangqianqian/project/FS/data/28gusui&pizang/03/04/cell_1761645865223_912349010008_21020_0100.png,thumbs/cluster_10/020_cell_1761645865223_912349010008_21020_0100.jpg
10,/home/wangqianqian/project/FS/data/28gusui&pizang/03/09/cell_1761646143249_912349010008_43034_0000.png,thumbs/cluster_10/021_cell_1761646143249_912349010008_43034_0000.jpg
10,/home/wangqianqian/project/FS/data/28gusui&pizang/03/58/cell_1761649108763_912349010008_106037_0100.png,thumbs/cluster_10/022_cell_1761649108763_912349010008_106037_0100.jpg
10,/home/wangqianqian/project/FS/data/28gusui&pizang/03/13/cell_1761646400100_912349010008_63779_0000.png,thumbs/cluster_10/023_cell_1761646400100_912349010008_63779_0000.jpg
10,/home/wangqianqian/project/FS/data/28gusui&pizang/03/02/cell_1761645769456_912349010008_13311_0100.png,thumbs/cluster_10/024_cell_1761645769456_912349010008_13311_0100.jpg
10,/home/wangqianqian/project/FS/data/28gusui&pizang/03/05/cell_1761645926432_912349010008_25767_0000.png,thumbs/cluster_10/025_cell_1761645926432_912349010008_25767_0000.jpg
10,/home/wangqianqian/project/FS/data/28gusui&pizang/03/05/cell_1761645906966_912349010008_24302_0100.png,thumbs/cluster_10/026_cell_1761645906966_912349010008_24302_0100.jpg
10,/home/wangqianqian/project/FS/data/28gusui&pizang/03/55/cell_1761648914608_912349010008_87461_0000.png,thumbs/cluster_10/027_cell_1761648914608_912349010008_87461_0000.jpg
10,/home/wangqianqian/project/FS/data/28gusui&pizang/03/17/cell_1761646635249_912349010008_83803_0100.png,thumbs/cluster_10/028_cell_1761646635249_912349010008_83803_0100.jpg
10,/home/wangqianqian/project/FS/data/28gusui&pizang/03/10/cell_1761646253522_912349010008_51689_0000.png,thumbs/cluster_10/029_cell_1761646253522_912349010008_51689_0000.jpg
10,/home/wangqianqian/project/FS/data/28gusui&pizang/03/52/cell_1761648773411_912349010008_73679_0000.png,thumbs/cluster_10/030_cell_1761648773411_912349010008_73679_0000.jpg
10,/home/wangqianqian/project/FS/data/28gusui&pizang/03/56/cell_1761649011326_912349010008_96042_0000.png,thumbs/cluster_10/031_cell_1761649011326_912349010008_96042_0000.jpg
10,/home/wangqianqian/project/FS/data/28gusui&pizang/03/39/cell_1761647967510_912349010008_6898_0000.png,thumbs/cluster_10/032_cell_1761647967510_912349010008_6898_0000.jpg
10,/home/wangqianqian/project/FS/data/28gusui&pizang/03/41/cell_1761648094709_912349010008_13515_0000.png,thumbs/cluster_10/033_cell_1761648094709_912349010008_13515_0000.jpg
10,/home/wangqianqian/project/FS/data/28gusui&pizang/03/51/cell_1761648696250_912349010008_66030_0000.png,thumbs/cluster_10/034_cell_1761648696250_912349010008_66030_0000.jpg
10,/home/wangqianqian/project/FS/data/28gusui&pizang/03/45/cell_1761648300555_912349010008_29523_0000.png,thumbs/cluster_10/035_cell_1761648300555_912349010008_29523_0000.jpg
10,/home/wangqianqian/project/FS/data/28gusui&pizang/03/18/cell_1761646722794_912349010008_91208_0000.png,thumbs/cluster_10/036_cell_1761646722794_912349010008_91208_0000.jpg
10,/home/wangqianqian/project/FS/data/28gusui&pizang/03/51/cell_1761648686141_912349010008_64975_0000.png,thumbs/cluster_10/037_cell_1761648686141_912349010008_64975_0000.jpg
10,/home/wangqianqian/project/FS/data/28gusui&pizang/03/15/cell_1761646550942_912349010008_77009_0100.png,thumbs/cluster_10/038_cell_1761646550942_912349010008_77009_0100.jpg
10,/home/wangqianqian/project/FS/data/28gusui&pizang/03/20/cell_1761646830181_912349010008_100197_0000.png,thumbs/cluster_10/039_cell_1761646830181_912349010008_100197_0000.jpg
10,/home/wangqianqian/project/FS/data/28gusui&pizang/03/02/cell_1761645738092_912349010008_10980_0100.png,thumbs/cluster_10/040_cell_1761645738092_912349010008_10980_0100.jpg
10,/home/wangqianqian/project/FS/data/28gusui&pizang/03/16/cell_1761646605796_912349010008_81289_0000.png,thumbs/cluster_10/041_cell_1761646605796_912349010008_81289_0000.jpg
10,/home/wangqianqian/project/FS/data/28gusui&pizang/03/52/cell_1761648727974_912349010008_69271_0000.png,thumbs/cluster_10/042_cell_1761648727974_912349010008_69271_0000.jpg
10,/home/wangqianqian/project/FS/data/28gusui&pizang/03/56/cell_1761648969549_912349010008_92170_0100.png,thumbs/cluster_10/043_cell_1761648969549_912349010008_92170_0100.jpg
10,/home/wangqianqian/project/FS/data/28gusui&pizang/03/35/cell_1761647737659_912349010008_216_0000.png,thumbs/cluster_10/044_cell_1761647737659_912349010008_216_0000.jpg
10,/home/wangqianqian/project/FS/data/28gusui&pizang/03/16/cell_1761646615892_912349010008_82100_0100.png,thumbs/cluster_10/045_cell_1761646615892_912349010008_82100_0100.jpg
10,/home/wangqianqian/project/FS/data/28gusui&pizang/03/10/cell_1761646222596_912349010008_49195_0100.png,thumbs/cluster_10/046_cell_1761646222596_912349010008_49195_0100.jpg
10,/home/wangqianqian/project/FS/data/28gusui&pizang/03/47/cell_1761648476599_912349010008_45233_0000.png,thumbs/cluster_10/047_cell_1761648476599_912349010008_45233_0000.jpg
10,/home/wangqianqian/project/FS/data/28gusui&pizang/03/16/cell_1761646591866_912349010008_80108_0000.png,thumbs/cluster_10/048_cell_1761646591866_912349010008_80108_0000.jpg
10,/home/wangqianqian/project/FS/data/28gusui&pizang/03/59/cell_1761649168405_912349010008_112314_0000.png,thumbs/cluster_10/049_cell_1761649168405_912349010008_112314_0000.jpg
10,/home/wangqianqian/project/FS/data/28gusui&pizang/03/14/cell_1761646498027_912349010008_72639_0000.png,thumbs/cluster_10/050_cell_1761646498027_912349010008_72639_0000.jpg
10,/home/wangqianqian/project/FS/data/28gusui&pizang/03/08/cell_1761646082925_912349010008_38600_0000.png,thumbs/cluster_10/051_cell_1761646082925_912349010008_38600_0000.jpg
10,/home/wangqianqian/project/FS/data/28gusui&pizang/03/54/cell_1761648884725_912349010008_84920_0100.png,thumbs/cluster_10/052_cell_1761648884725_912349010008_84920_0100.jpg
10,/home/wangqianqian/project/FS/data/28gusui&pizang/03/46/cell_1761648404209_912349010008_38594_0100.png,thumbs/cluster_10/053_cell_1761648404209_912349010008_38594_0100.jpg
10,/home/wangqianqian/project/FS/data/28gusui&pizang/03/45/cell_1761648348813_912349010008_33732_0100.png,thumbs/cluster_10/054_cell_1761648348813_912349010008_33732_0100.jpg
10,/home/wangqianqian/project/FS/data/28gusui&pizang/03/59/cell_1761649168800_912349010008_112360_0100.png,thumbs/cluster_10/055_cell_1761649168800_912349010008_112360_0100.jpg
10,/home/wangqianqian/project/FS/data/28gusui&pizang/03/09/cell_1761646176375_912349010008_45473_0000.png,thumbs/cluster_10/056_cell_1761646176375_912349010008_45473_0000.jpg
10,/home/wangqianqian/project/FS/data/28gusui&pizang/03/54/cell_1761648847814_912349010008_81232_0000.png,thumbs/cluster_10/057_cell_1761648847814_912349010008_81232_0000.jpg
10,/home/wangqianqian/project/FS/data/28gusui&pizang/03/53/cell_1761648782875_912349010008_74577_0000.png,thumbs/cluster_10/058_cell_1761648782875_912349010008_74577_0000.jpg
10,/home/wangqianqian/project/FS/data/28gusui&pizang/03/08/cell_1761646106018_912349010008_40395_0100.png,thumbs/cluster_10/059_cell_1761646106018_912349010008_40395_0100.jpg
10,/home/wangqianqian/project/FS/data/28gusui&pizang/03/42/cell_1761648153217_912349010008_17435_0100.png,thumbs/cluster_10/060_cell_1761648153217_912349010008_17435_0100.jpg
10,/home/wangqianqian/project/FS/data/28gusui&pizang/03/53/cell_1761648821871_912349010008_78722_0100.png,thumbs/cluster_10/061_cell_1761648821871_912349010008_78722_0100.jpg
10,/home/wangqianqian/project/FS/data/28gusui&pizang/03/59/cell_1761649172144_912349010008_112738_0100.png,thumbs/cluster_10/062_cell_1761649172144_912349010008_112738_0100.jpg
10,/home/wangqianqian/project/FS/data/28gusui&pizang/03/54/cell_1761648854470_912349010008_81892_0000.png,thumbs/cluster_10/063_cell_1761648854470_912349010008_81892_0000.jpg
10,/home/wangqianqian/project/FS/data/28gusui&pizang/03/19/cell_1761646787072_912349010008_96434_0000.png,thumbs/cluster_10/064_cell_1761646787072_912349010008_96434_0000.jpg
10,/home/wangqianqian/project/FS/data/28gusui&pizang/03/57/cell_1761649057254_912349010008_100610_0000.png,thumbs/cluster_10/065_cell_1761649057254_912349010008_100610_0000.jpg
10,/home/wangqianqian/project/FS/data/28gusui&pizang/03/45/cell_1761648321162_912349010008_31189_0000.png,thumbs/cluster_10/066_cell_1761648321162_912349010008_31189_0000.jpg
10,/home/wangqianqian/project/FS/data/28gusui&pizang/03/02/cell_1761645738037_912349010008_10977_0000.png,thumbs/cluster_10/067_cell_1761645738037_912349010008_10977_0000.jpg
10,/home/wangqianqian/project/FS/data/28gusui&pizang/03/13/cell_1761646427970_912349010008_66150_0000.png,thumbs/cluster_10/068_cell_1761646427970_912349010008_66150_0000.jpg
10,/home/wangqianqian/project/FS/data/28gusui&pizang/03/58/cell_1761649090558_912349010008_104110_0000.png,thumbs/cluster_10/069_cell_1761649090558_912349010008_104110_0000.jpg
10,/home/wangqianqian/project/FS/data/28gusui&pizang/03/48/cell_1761648494259_912349010008_46761_0100.png,thumbs/cluster_10/070_cell_1761648494259_912349010008_46761_0100.jpg
10,/home/wangqianqian/project/FS/data/28gusui&pizang/03/45/cell_1761648330274_912349010008_32024_0000.png,thumbs/cluster_10/071_cell_1761648330274_912349010008_32024_0000.jpg
10,/home/wangqianqian/project/FS/data/28gusui&pizang/03/54/cell_1761648885063_912349010008_84967_0000.png,thumbs/cluster_10/072_cell_1761648885063_912349010008_84967_0000.jpg
10,/home/wangqianqian/project/FS/data/28gusui&pizang/03/14/cell_1761646494868_912349010008_72326_0000.png,thumbs/cluster_10/073_cell_1761646494868_912349010008_72326_0000.jpg
10,/home/wangqianqian/project/FS/data/28gusui&pizang/03/58/cell_1761649101913_912349010008_105311_0000.png,thumbs/cluster_10/074_cell_1761649101913_912349010008_105311_0000.jpg
10,/home/wangqianqian/project/FS/data/28gusui&pizang/03/53/cell_1761648832813_912349010008_79734_0100.png,thumbs/cluster_10/075_cell_1761648832813_912349010008_79734_0100.jpg
10,/home/wangqianqian/project/FS/data/28gusui&pizang/03/44/cell_1761648292890_912349010008_28929_0100.png,thumbs/cluster_10/076_cell_1761648292890_912349010008_28929_0100.jpg
10,/home/wangqianqian/project/FS/data/28gusui&pizang/03/16/cell_1761646607651_912349010008_81438_0100.png,thumbs/cluster_10/077_cell_1761646607651_912349010008_81438_0100.jpg
10,/home/wangqianqian/project/FS/data/28gusui&pizang/03/09/cell_1761646159899_912349010008_44324_0100.png,thumbs/cluster_10/078_cell_1761646159899_912349010008_44324_0100.jpg
10,/home/wangqianqian/project/FS/data/28gusui&pizang/03/53/cell_1761648795824_912349010008_76032_0000.png,thumbs/cluster_10/079_cell_1761648795824_912349010008_76032_0000.jpg
10,/home/wangqianqian/project/FS/data/28gusui&pizang/03/49/cell_1761648553560_912349010008_51813_0100.png,thumbs/cluster_10/080_cell_1761648553560_912349010008_51813_0100.jpg
10,/home/wangqianqian/project/FS/data/28gusui&pizang/03/06/cell_1761645978086_912349010008_29918_0100.png,thumbs/cluster_10/081_cell_1761645978086_912349010008_29918_0100.jpg
10,/home/wangqianqian/project/FS/data/28gusui&pizang/03/43/cell_1761648206839_912349010008_21418_0100.png,thumbs/cluster_10/082_cell_1761648206839_912349010008_21418_0100.jpg
10,/home/wangqianqian/project/FS/data/28gusui&pizang/03/41/cell_1761648105281_912349010008_14137_0000.png,thumbs/cluster_10/083_cell_1761648105281_912349010008_14137_0000.jpg
10,/home/wangqianqian/project/FS/data/28gusui&pizang/03/42/cell_1761648167215_912349010008_18374_0100.png,thumbs/cluster_10/084_cell_1761648167215_912349010008_18374_0100.jpg
10,/home/wangqianqian/project/FS/data/28gusui&pizang/03/14/cell_1761646449599_912349010008_68145_0100.png,thumbs/cluster_10/085_cell_1761646449599_912349010008_68145_0100.jpg
10,/home/wangqianqian/project/FS/data/28gusui&pizang/03/56/cell_1761648979914_912349010008_93113_0000.png,thumbs/cluster_10/086_cell_1761648979914_912349010008_93113_0000.jpg
10,/home/wangqianqian/project/FS/data/28gusui&pizang/03/17/cell_1761646637327_912349010008_83973_0100.png,thumbs/cluster_10/087_cell_1761646637327_912349010008_83973_0100.jpg
10,/home/wangqianqian/project/FS/data/28gusui&pizang/03/52/cell_1761648731628_912349010008_69615_0000.png,thumbs/cluster_10/088_cell_1761648731628_912349010008_69615_0000.jpg
10,/home/wangqianqian/project/FS/data/28gusui&pizang/03/18/cell_1761646681932_912349010008_87915_0100.png,thumbs/cluster_10/089_cell_1761646681932_912349010008_87915_0100.jpg
10,/home/wangqianqian/project/FS/data/28gusui&pizang/03/52/cell_1761648726265_912349010008_69119_0000.png,thumbs/cluster_10/090_cell_1761648726265_912349010008_69119_0000.jpg
10,/home/wangqianqian/project/FS/data/28gusui&pizang/03/02/cell_1761645721067_912349010008_9847_0000.png,thumbs/cluster_10/091_cell_1761645721067_912349010008_9847_0000.jpg
10,/home/wangqianqian/project/FS/data/28gusui&pizang/03/06/cell_1761646008172_912349010008_32372_0000.png,thumbs/cluster_10/092_cell_1761646008172_912349010008_32372_0000.jpg
10,/home/wangqianqian/project/FS/data/28gusui&pizang/03/02/cell_1761645740289_912349010008_11179_0000.png,thumbs/cluster_10/093_cell_1761645740289_912349010008_11179_0000.jpg
10,/home/wangqianqian/project/FS/data/28gusui&pizang/03/58/cell_1761649117939_912349010008_107035_0000.png,thumbs/cluster_10/094_cell_1761649117939_912349010008_107035_0000.jpg
10,/home/wangqianqian/project/FS/data/28gusui&pizang/03/04/cell_1761645883163_912349010008_22553_0100.png,thumbs/cluster_10/095_cell_1761645883163_912349010008_22553_0100.jpg
10,/home/wangqianqian/project/FS/data/28gusui&pizang/03/53/cell_1761648801824_912349010008_76684_0000.png,thumbs/cluster_10/096_cell_1761648801824_912349010008_76684_0000.jpg
10,/home/wangqianqian/project/FS/data/28gusui&pizang/03/40/cell_1761648001014_912349010008_8281_0000.png,thumbs/cluster_10/097_cell_1761648001014_912349010008_8281_0000.jpg
10,/home/wangqianqian/project/FS/data/28gusui&pizang/03/52/cell_1761648770045_912349010008_73386_0100.png,thumbs/cluster_10/098_cell_1761648770045_912349010008_73386_0100.jpg
10,/home/wangqianqian/project/FS/data/28gusui&pizang/03/04/cell_1761645887000_912349010008_22825_0000.png,thumbs/cluster_10/099_cell_1761645887000_912349010008_22825_0000.jpg
11,/home/wangqianqian/project/FS/data/28gusui&pizang/03/49/cell_1761648550847_912349010008_51574_0100.png,thumbs/cluster_11/000_cell_1761648550847_912349010008_51574_0100.jpg
11,/home/wangqianqian/project/FS/data/28gusui&pizang/03/19/cell_1761646798235_912349010008_97389_0100.png,thumbs/cluster_11/001_cell_1761646798235_912349010008_97389_0100.jpg
11,/home/wangqianqian/project/FS/data/28gusui&pizang/03/54/cell_1761648883003_912349010008_84762_0000.png,thumbs/cluster_11/002_cell_1761648883003_912349010008_84762_0000.jpg
11,/home/wangqianqian/project/FS/data/28gusui&pizang/03/40/cell_1761648054372_912349010008_10955_0000.png,thumbs/cluster_11/003_cell_1761648054372_912349010008_10955_0000.jpg
11,/home/wangqianqian/project/FS/data/28gusui&pizang/03/19/cell_1761646751066_912349010008_93551_0100.png,thumbs/cluster_11/004_cell_1761646751066_912349010008_93551_0100.jpg
11,/home/wangqianqian/project/FS/data/28gusui&pizang/03/52/cell_1761648737087_912349010008_70183_0000.png,thumbs/cluster_11/005_cell_1761648737087_912349010008_70183_0000.jpg
11,/home/wangqianqian/project/FS/data/28gusui&pizang/03/16/cell_1761646617595_912349010008_82255_0000.png,thumbs/cluster_11/006_cell_1761646617595_912349010008_82255_0000.jpg
11,/home/wangqianqian/project/FS/data/28gusui&pizang/03/50/cell_1761648635268_912349010008_59852_0100.png,thumbs/cluster_11/007_cell_1761648635268_912349010008_59852_0100.jpg
11,/home/wangqianqian/project/FS/data/28gusui&pizang/03/50/cell_1761648646661_912349010008_61017_0000.png,thumbs/cluster_11/008_cell_1761648646661_912349010008_61017_0000.jpg
11,/home/wangqianqian/project/FS/data/28gusui&pizang/03/10/cell_1761646220340_912349010008_48994_0000.png,thumbs/cluster_11/009_cell_1761646220340_912349010008_48994_0000.jpg
11,/home/wangqianqian/project/FS/data/28gusui&pizang/03/52/cell_1761648741265_912349010008_70615_0000.png,thumbs/cluster_11/010_cell_1761648741265_912349010008_70615_0000.jpg
11,/home/wangqianqian/project/FS/data/28gusui&pizang/03/16/cell_1761646611100_912349010008_81677_0100.png,thumbs/cluster_11/011_cell_1761646611100_912349010008_81677_0100.jpg
11,/home/wangqianqian/project/FS/data/28gusui&pizang/03/10/cell_1761646215670_912349010008_48597_0000.png,thumbs/cluster_11/012_cell_1761646215670_912349010008_48597_0000.jpg
11,/home/wangqianqian/project/FS/data/28gusui&pizang/03/42/cell_1761648148981_912349010008_17126_0000.png,thumbs/cluster_11/013_cell_1761648148981_912349010008_17126_0000.jpg
11,/home/wangqianqian/project/FS/data/28gusui&pizang/03/13/cell_1761646381467_912349010008_62412_0000.png,thumbs/cluster_11/014_cell_1761646381467_912349010008_62412_0000.jpg
11,/home/wangqianqian/project/FS/data/28gusui&pizang/03/54/cell_1761648889881_912349010008_85450_0000.png,thumbs/cluster_11/015_cell_1761648889881_912349010008_85450_0000.jpg
11,/home/wangqianqian/project/FS/data/28gusui&pizang/03/44/cell_1761648247888_912349010008_24837_0100.png,thumbs/cluster_11/016_cell_1761648247888_912349010008_24837_0100.jpg
11,/home/wangqianqian/project/FS/data/28gusui&pizang/03/18/cell_1761646693360_912349010008_88949_0000.png,thumbs/cluster_11/017_cell_1761646693360_912349010008_88949_0000.jpg
11,/home/wangqianqian/project/FS/data/28gusui&pizang/03/12/cell_1761646326724_912349010008_57971_0100.png,thumbs/cluster_11/018_cell_1761646326724_912349010008_57971_0100.jpg
11,/home/wangqianqian/project/FS/data/28gusui&pizang/03/19/cell_1761646749482_912349010008_93427_0000.png,thumbs/cluster_11/019_cell_1761646749482_912349010008_93427_0000.jpg
11,/home/wangqianqian/project/FS/data/28gusui&pizang/03/16/cell_1761646618011_912349010008_82288_0100.png,thumbs/cluster_11/020_cell_1761646618011_912349010008_82288_0100.jpg
11,/home/wangqianqian/project/FS/data/28gusui&pizang/03/11/cell_1761646277372_912349010008_53643_0000.png,thumbs/cluster_11/021_cell_1761646277372_912349010008_53643_0000.jpg
11,/home/wangqianqian/project/FS/data/28gusui&pizang/03/03/cell_1761645834322_912349010008_18310_0100.png,thumbs/cluster_11/022_cell_1761645834322_912349010008_18310_0100.jpg
11,/home/wangqianqian/project/FS/data/28gusui&pizang/03/56/cell_1761648973856_912349010008_92582_0100.png,thumbs/cluster_11/023_cell_1761648973856_912349010008_92582_0100.jpg
11,/home/wangqianqian/project/FS/data/28gusui&pizang/03/45/cell_1761648346210_912349010008_33481_0000.png,thumbs/cluster_11/024_cell_1761648346210_912349010008_33481_0000.jpg
11,/home/wangqianqian/project/FS/data/28gusui&pizang/03/58/cell_1761649106343_912349010008_105766_0000.png,thumbs/cluster_11/025_cell_1761649106343_912349010008_105766_0000.jpg
11,/home/wangqianqian/project/FS/data/28gusui&pizang/03/49/cell_1761648582673_912349010008_54584_0000.png,thumbs/cluster_11/026_cell_1761648582673_912349010008_54584_0000.jpg
11,/home/wangqianqian/project/FS/data/28gusui&pizang/03/07/cell_1761646023119_912349010008_33742_0100.png,thumbs/cluster_11/027_cell_1761646023119_912349010008_33742_0100.jpg
11,/home/wangqianqian/project/FS/data/28gusui&pizang/03/52/cell_1761648759122_912349010008_72377_0000.png,thumbs/cluster_11/028_cell_1761648759122_912349010008_72377_0000.jpg
11,/home/wangqianqian/project/FS/data/28gusui&pizang/03/21/cell_1761646905844_912349010008_106461_0100.png,thumbs/cluster_11/029_cell_1761646905844_912349010008_106461_0100.jpg
11,/home/wangqianqian/project/FS/data/28gusui&pizang/03/45/cell_1761648343625_912349010008_33245_0000.png,thumbs/cluster_11/030_cell_1761648343625_912349010008_33245_0000.jpg
11,/home/wangqianqian/project/FS/data/28gusui&pizang/03/48/cell_1761648513852_912349010008_48346_0000.png,thumbs/cluster_11/031_cell_1761648513852_912349010008_48346_0000.jpg
11,/home/wangqianqian/project/FS/data/28gusui&pizang/03/51/cell_1761648667123_912349010008_63087_0000.png,thumbs/cluster_11/032_cell_1761648667123_912349010008_63087_0000.jpg
11,/home/wangqianqian/project/FS/data/28gusui&pizang/03/10/cell_1761646255829_912349010008_51881_0000.png,thumbs/cluster_11/033_cell_1761646255829_912349010008_51881_0000.jpg
11,/home/wangqianqian/project/FS/data/28gusui&pizang/03/49/cell_1761648595806_912349010008_55957_0100.png,thumbs/cluster_11/034_cell_1761648595806_912349010008_55957_0100.jpg
11,/home/wangqianqian/project/FS/data/28gusui&pizang/03/44/cell_1761648295882_912349010008_29145_0000.png,thumbs/cluster_11/035_cell_1761648295882_912349010008_29145_0000.jpg
11,/home/wangqianqian/project/FS/data/28gusui&pizang/03/51/cell_1761648707343_912349010008_67229_0000.png,thumbs/cluster_11/036_cell_1761648707343_912349010008_67229_0000.jpg
11,/home/wangqianqian/project/FS/data/28gusui&pizang/03/56/cell_1761648969770_912349010008_92211_0100.png,thumbs/cluster_11/037_cell_1761648969770_912349010008_92211_0100.jpg
11,/home/wangqianqian/project/FS/data/28gusui&pizang/03/50/cell_1761648632688_912349010008_59583_0000.png,thumbs/cluster_11/038_cell_1761648632688_912349010008_59583_0000.jpg
11,/home/wangqianqian/project/FS/data/28gusui&pizang/03/59/cell_1761649164258_912349010008_111871_0000.png,thumbs/cluster_11/039_cell_1761649164258_912349010008_111871_0000.jpg
11,/home/wangqianqian/project/FS/data/28gusui&pizang/03/56/cell_1761648981596_912349010008_93260_0000.png,thumbs/cluster_11/040_cell_1761648981596_912349010008_93260_0000.jpg
11,/home/wangqianqian/project/FS/data/28gusui&pizang/03/21/cell_1761646870156_912349010008_103603_0100.png,thumbs/cluster_11/041_cell_1761646870156_912349010008_103603_0100.jpg
11,/home/wangqianqian/project/FS/data/28gusui&pizang/03/50/cell_1761648646673_912349010008_61018_0100.png,thumbs/cluster_11/042_cell_1761648646673_912349010008_61018_0100.jpg
11,/home/wangqianqian/project/FS/data/28gusui&pizang/03/48/cell_1761648487845_912349010008_46213_0100.png,thumbs/cluster_11/043_cell_1761648487845_912349010008_46213_0100.jpg
11,/home/wangqianqian/project/FS/data/28gusui&pizang/03/53/cell_1761648798762_912349010008_76354_0000.png,thumbs/cluster_11/044_cell_1761648798762_912349010008_76354_0000.jpg
11,/home/wangqianqian/project/FS/data/28gusui&pizang/03/14/cell_1761646465707_912349010008_69574_0000.png,thumbs/cluster_11/045_cell_1761646465707_912349010008_69574_0000.jpg
11,/home/wangqianqian/project/FS/data/28gusui&pizang/03/47/cell_1761648422349_912349010008_40310_0000.png,thumbs/cluster_11/046_cell_1761648422349_912349010008_40310_0000.jpg
11,/home/wangqianqian/project/FS/data/28gusui&pizang/03/50/cell_1761648619561_912349010008_58274_0000.png,thumbs/cluster_11/047_cell_1761648619561_912349010008_58274_0000.jpg
11,/home/wangqianqian/project/FS/data/28gusui&pizang/03/51/cell_1761648712335_912349010008_67783_0100.png,thumbs/cluster_11/048_cell_1761648712335_912349010008_67783_0100.jpg
11,/home/wangqianqian/project/FS/data/28gusui&pizang/03/18/cell_1761646729959_912349010008_91849_0000.png,thumbs/cluster_11/049_cell_1761646729959_912349010008_91849_0000.jpg
11,/home/wangqianqian/project/FS/data/28gusui&pizang/03/04/cell_1761645878548_912349010008_22152_0000.png,thumbs/cluster_11/050_cell_1761645878548_912349010008_22152_0000.jpg
11,/home/wangqianqian/project/FS/data/28gusui&pizang/03/48/cell_1761648484969_912349010008_45974_0100.png,thumbs/cluster_11/051_cell_1761648484969_912349010008_45974_0100.jpg
11,/home/wangqianqian/project/FS/data/28gusui&pizang/03/13/cell_1761646423489_912349010008_65700_0100.png,thumbs/cluster_11/052_cell_1761646423489_912349010008_65700_0100.jpg
11,/home/wangqianqian/project/FS/data/28gusui&pizang/03/21/cell_1761646887799_912349010008_104982_0100.png,thumbs/cluster_11/053_cell_1761646887799_912349010008_104982_0100.jpg
11,/home/wangqianqian/project/FS/data/28gusui&pizang/03/02/cell_1761645777210_912349010008_13897_0100.png,thumbs/cluster_11/054_cell_1761645777210_912349010008_13897_0100.jpg
11,/home/wangqianqian/project/FS/data/28gusui&pizang/03/11/cell_1761646272871_912349010008_53246_0000.png,thumbs/cluster_11/055_cell_1761646272871_912349010008_53246_0000.jpg
11,/home/wangqianqian/project/FS/data/28gusui&pizang/03/59/cell_1761649177729_912349010008_113301_0000.png,thumbs/cluster_11/056_cell_1761649177729_912349010008_113301_0000.jpg
11,/home/wangqianqian/project/FS/data/28gusui&pizang/03/58/cell_1761649112548_912349010008_106480_0100.png,thumbs/cluster_11/057_cell_1761649112548_912349010008_106480_0100.jpg
11,/home/wangqianqian/project/FS/data/28gusui&pizang/03/58/cell_1761649114417_912349010008_106695_0000.png,thumbs/cluster_11/058_cell_1761649114417_912349010008_106695_0000.jpg
11,/home/wangqianqian/project/FS/data/28gusui&pizang/03/54/cell_1761648846961_912349010008_81135_0000.png,thumbs/cluster_11/059_cell_1761648846961_912349010008_81135_0000.jpg
11,/home/wangqianqian/project/FS/data/28gusui&pizang/03/57/cell_1761649058744_912349010008_100769_0000.png,thumbs/cluster_11/060_cell_1761649058744_912349010008_100769_0000.jpg
11,/home/wangqianqian/project/FS/data/28gusui&pizang/03/04/cell_1761645879802_912349010008_22289_0000.png,thumbs/cluster_11/061_cell_1761645879802_912349010008_22289_0000.jpg
11,/home/wangqianqian/project/FS/data/28gusui&pizang/03/49/cell_1761648568174_912349010008_53204_0000.png,thumbs/cluster_11/062_cell_1761648568174_912349010008_53204_0000.jpg
11,/home/wangqianqian/project/FS/data/28gusui&pizang/03/06/cell_1761645986633_912349010008_30637_0000.png,thumbs/cluster_11/063_cell_1761645986633_912349010008_30637_0000.jpg
11,/home/wangqianqian/project/FS/data/28gusui&pizang/03/46/cell_1761648407433_912349010008_38861_0000.png,thumbs/cluster_11/064_cell_1761648407433_912349010008_38861_0000.jpg
11,/home/wangqianqian/project/FS/data/28gusui&pizang/03/05/cell_1761645921530_912349010008_25338_0000.png,thumbs/cluster_11/065_cell_1761645921530_912349010008_25338_0000.jpg
11,/home/wangqianqian/project/FS/data/28gusui&pizang/03/17/cell_1761646639873_912349010008_84172_0100.png,thumbs/cluster_11/066_cell_1761646639873_912349010008_84172_0100.jpg
11,/home/wangqianqian/project/FS/data/28gusui&pizang/03/49/cell_1761648556323_912349010008_52079_0000.png,thumbs/cluster_11/067_cell_1761648556323_912349010008_52079_0000.jpg
11,/home/wangqianqian/project/FS/data/28gusui&pizang/03/55/cell_1761648918049_912349010008_87713_0000.png,thumbs/cluster_11/068_cell_1761648918049_912349010008_87713_0000.jpg
11,/home/wangqianqian/project/FS/data/28gusui&pizang/03/02/cell_1761645775951_912349010008_13778_0000.png,thumbs/cluster_11/069_cell_1761645775951_912349010008_13778_0000.jpg
11,/home/wangqianqian/project/FS/data/28gusui&pizang/03/55/cell_1761648920566_912349010008_87902_0000.png,thumbs/cluster_11/070_cell_1761648920566_912349010008_87902_0000.jpg
11,/home/wangqianqian/project/FS/data/28gusui&pizang/03/04/cell_1761645853741_912349010008_19963_0000.png,thumbs/cluster_11/071_cell_1761645853741_912349010008_19963_0000.jpg
11,/home/wangqianqian/project/FS/data/28gusui&pizang/03/18/cell_1761646682254_912349010008_87943_0100.png,thumbs/cluster_11/072_cell_1761646682254_912349010008_87943_0100.jpg
11,/home/wangqianqian/project/FS/data/28gusui&pizang/03/11/cell_1761646313587_912349010008_56847_0100.png,thumbs/cluster_11/073_cell_1761646313587_912349010008_56847_0100.jpg
11,/home/wangqianqian/project/FS/data/28gusui&pizang/03/50/cell_1761648658107_912349010008_62190_0000.png,thumbs/cluster_11/074_cell_1761648658107_912349010008_62190_0000.jpg
11,/home/wangqianqian/project/FS/data/28gusui&pizang/03/52/cell_1761648756496_912349010008_72117_0100.png,thumbs/cluster_11/075_cell_1761648756496_912349010008_72117_0100.jpg
11,/home/wangqianqian/project/FS/data/28gusui&pizang/03/47/cell_1761648451768_912349010008_43099_0000.png,thumbs/cluster_11/076_cell_1761648451768_912349010008_43099_0000.jpg
11,/home/wangqianqian/project/FS/data/28gusui&pizang/03/50/cell_1761648627625_912349010008_59062_0000.png,thumbs/cluster_11/077_cell_1761648627625_912349010008_59062_0000.jpg
11,/home/wangqianqian/project/FS/data/28gusui&pizang/03/48/cell_1761648537746_912349010008_50385_0000.png,thumbs/cluster_11/078_cell_1761648537746_912349010008_50385_0000.jpg
11,/home/wangqianqian/project/FS/data/28gusui&pizang/03/47/cell_1761648458708_912349010008_43689_0100.png,thumbs/cluster_11/079_cell_1761648458708_912349010008_43689_0100.jpg
11,/home/wangqianqian/project/FS/data/28gusui&pizang/03/05/cell_1761645926338_912349010008_25752_0100.png,thumbs/cluster_11/080_cell_1761645926338_912349010008_25752_0100.jpg
11,/home/wangqianqian/project/FS/data/28gusui&pizang/03/57/cell_1761649062576_912349010008_101167_0000.png,thumbs/cluster_11/081_cell_1761649062576_912349010008_101167_0000.jpg
11,/home/wangqianqian/project/FS/data/28gusui&pizang/03/12/cell_1761646345233_912349010008_59437_0100.png,thumbs/cluster_11/082_cell_1761646345233_912349010008_59437_0100.jpg
11,/home/wangqianqian/project/FS/data/28gusui&pizang/03/04/cell_1761645852790_912349010008_19891_0000.png,thumbs/cluster_11/083_cell_1761645852790_912349010008_19891_0000.jpg
11,/home/wangqianqian/project/FS/data/28gusui&pizang/03/50/cell_1761648640219_912349010008_60321_0000.png,thumbs/cluster_11/084_cell_1761648640219_912349010008_60321_0000.jpg
11,/home/wangqianqian/project/FS/data/28gusui&pizang/03/21/cell_1761646876958_912349010008_104126_0100.png,thumbs/cluster_11/085_cell_1761646876958_912349010008_104126_0100.jpg
11,/home/wangqianqian/project/FS/data/28gusui&pizang/03/47/cell_1761648426288_912349010008_40670_0000.png,thumbs/cluster_11/086_cell_1761648426288_912349010008_40670_0000.jpg
11,/home/wangqianqian/project/FS/data/28gusui&pizang/03/50/cell_1761648622217_912349010008_58512_0100.png,thumbs/cluster_11/087_cell_1761648622217_912349010008_58512_0100.jpg
11,/home/wangqianqian/project/FS/data/28gusui&pizang/03/04/cell_1761645865059_912349010008_20990_0100.png,thumbs/cluster_11/088_cell_1761645865059_912349010008_20990_0100.jpg
11,/home/wangqianqian/project/FS/data/28gusui&pizang/03/08/cell_1761646093542_912349010008_39441_0000.png,thumbs/cluster_11/089_cell_1761646093542_912349010008_39441_0000.jpg
11,/home/wangqianqian/project/FS/data/28gusui&pizang/03/57/cell_1761649021369_912349010008_96959_0100.png,thumbs/cluster_11/090_cell_1761649021369_912349010008_96959_0100.jpg
11,/home/wangqianqian/project/FS/data/28gusui&pizang/03/06/cell_1761646002214_912349010008_31878_0000.png,thumbs/cluster_11/091_cell_1761646002214_912349010008_31878_0000.jpg
11,/home/wangqianqian/project/FS/data/28gusui&pizang/03/19/cell_1761646788860_912349010008_96584_0000.png,thumbs/cluster_11/092_cell_1761646788860_912349010008_96584_0000.jpg
11,/home/wangqianqian/project/FS/data/28gusui&pizang/03/17/cell_1761646632899_912349010008_83580_0000.png,thumbs/cluster_11/093_cell_1761646632899_912349010008_83580_0000.jpg
11,/home/wangqianqian/project/FS/data/28gusui&pizang/03/51/cell_1761648716300_912349010008_68164_0000.png,thumbs/cluster_11/094_cell_1761648716300_912349010008_68164_0000.jpg
11,/home/wangqianqian/project/FS/data/28gusui&pizang/03/50/cell_1761648631106_912349010008_59411_0100.png,thumbs/cluster_11/095_cell_1761648631106_912349010008_59411_0100.jpg
11,/home/wangqianqian/project/FS/data/28gusui&pizang/03/47/cell_1761648459428_912349010008_43767_0000.png,thumbs/cluster_11/096_cell_1761648459428_912349010008_43767_0000.jpg
11,/home/wangqianqian/project/FS/data/28gusui&pizang/03/12/cell_1761646370728_912349010008_61556_0000.png,thumbs/cluster_11/097_cell_1761646370728_912349010008_61556_0000.jpg
11,/home/wangqianqian/project/FS/data/28gusui&pizang/03/47/cell_1761648422303_912349010008_40303_0100.png,thumbs/cluster_11/098_cell_1761648422303_912349010008_40303_0100.jpg
11,/home/wangqianqian/project/FS/data/28gusui&pizang/03/57/cell_1761649070917_912349010008_102019_0000.png,thumbs/cluster_11/099_cell_1761649070917_912349010008_102019_0000.jpg
12,/home/wangqianqian/project/FS/data/28gusui&pizang/03/56/cell_1761649000159_912349010008_95014_0100.png,thumbs/cluster_12/000_cell_1761649000159_912349010008_95014_0100.jpg
12,/home/wangqianqian/project/FS/data/28gusui&pizang/03/02/cell_1761645744738_912349010008_11548_0000.png,thumbs/cluster_12/001_cell_1761645744738_912349010008_11548_0000.jpg
12,/home/wangqianqian/project/FS/data/28gusui&pizang/03/59/cell_1761649159476_912349010008_111378_0000.png,thumbs/cluster_12/002_cell_1761649159476_912349010008_111378_0000.jpg
12,/home/wangqianqian/project/FS/data/28gusui&pizang/03/46/cell_1761648370984_912349010008_35724_0100.png,thumbs/cluster_12/003_cell_1761648370984_912349010008_35724_0100.jpg
12,/home/wangqianqian/project/FS/data/28gusui&pizang/03/54/cell_1761648846983_912349010008_81140_0000.png,thumbs/cluster_12/004_cell_1761648846983_912349010008_81140_0000.jpg
12,/home/wangqianqian/project/FS/data/28gusui&pizang/03/47/cell_1761648454779_912349010008_43344_0000.png,thumbs/cluster_12/005_cell_1761648454779_912349010008_43344_0000.jpg
12,/home/wangqianqian/project/FS/data/28gusui&pizang/03/43/cell_1761648187583_912349010008_19889_0100.png,thumbs/cluster_12/006_cell_1761648187583_912349010008_19889_0100.jpg
12,/home/wangqianqian/project/FS/data/28gusui&pizang/03/07/cell_1761646029878_912349010008_34334_0000.png,thumbs/cluster_12/007_cell_1761646029878_912349010008_34334_0000.jpg
12,/home/wangqianqian/project/FS/data/28gusui&pizang/03/13/cell_1761646411843_912349010008_64696_0000.png,thumbs/cluster_12/008_cell_1761646411843_912349010008_64696_0000.jpg
12,/home/wangqianqian/project/FS/data/28gusui&pizang/03/13/cell_1761646396619_912349010008_63511_0000.png,thumbs/cluster_12/009_cell_1761646396619_912349010008_63511_0000.jpg
12,/home/wangqianqian/project/FS/data/28gusui&pizang/03/18/cell_1761646690460_912349010008_88696_0100.png,thumbs/cluster_12/010_cell_1761646690460_912349010008_88696_0100.jpg
12,/home/wangqianqian/project/FS/data/28gusui&pizang/03/04/cell_1761645848055_912349010008_19474_0100.png,thumbs/cluster_12/011_cell_1761645848055_912349010008_19474_0100.jpg
12,/home/wangqianqian/project/FS/data/28gusui&pizang/03/51/cell_1761648696417_912349010008_66048_0100.png,thumbs/cluster_12/012_cell_1761648696417_912349010008_66048_0100.jpg
12,/home/wangqianqian/project/FS/data/28gusui&pizang/03/46/cell_1761648383008_912349010008_36772_0000.png,thumbs/cluster_12/013_cell_1761648383008_912349010008_36772_0000.jpg
12,/home/wangqianqian/project/FS/data/28gusui&pizang/03/49/cell_1761648569629_912349010008_53325_0000.png,thumbs/cluster_12/014_cell_1761648569629_912349010008_53325_0000.jpg
12,/home/wangqianqian/project/FS/data/28gusui&pizang/03/10/cell_1761646240155_912349010008_50631_0000.png,thumbs/cluster_12/015_cell_1761646240155_912349010008_50631_0000.jpg
12,/home/wangqianqian/project/FS/data/28gusui&pizang/03/58/cell_1761649128541_912349010008_108129_0000.png,thumbs/cluster_12/016_cell_1761649128541_912349010008_108129_0000.jpg
12,/home/wangqianqian/project/FS/data/28gusui&pizang/03/08/cell_1761646139576_912349010008_42787_0000.png,thumbs/cluster_12/017_cell_1761646139576_912349010008_42787_0000.jpg
12,/home/wangqianqian/project/FS/data/28gusui&pizang/03/17/cell_1761646628770_912349010008_83198_0000.png,thumbs/cluster_12/018_cell_1761646628770_912349010008_83198_0000.jpg
12,/home/wangqianqian/project/FS/data/28gusui&pizang/03/17/cell_1761646655437_912349010008_85546_0100.png,thumbs/cluster_12/019_cell_1761646655437_912349010008_85546_0100.jpg
12,/home/wangqianqian/project/FS/data/28gusui&pizang/03/20/cell_1761646804828_912349010008_98017_0000.png,thumbs/cluster_12/020_cell_1761646804828_912349010008_98017_0000.jpg
12,/home/wangqianqian/project/FS/data/28gusui&pizang/03/04/cell_1761645860720_912349010008_20607_0100.png,thumbs/cluster_12/021_cell_1761645860720_912349010008_20607_0100.jpg
12,/home/wangqianqian/project/FS/data/28gusui&pizang/03/07/cell_1761646027701_912349010008_34130_0000.png,thumbs/cluster_12/022_cell_1761646027701_912349010008_34130_0000.jpg
12,/home/wangqianqian/project/FS/data/28gusui&pizang/03/18/cell_1761646694152_912349010008_89006_0000.png,thumbs/cluster_12/023_cell_1761646694152_912349010008_89006_0000.jpg
12,/home/wangqianqian/project/FS/data/28gusui&pizang/03/49/cell_1761648578952_912349010008_54238_0000.png,thumbs/cluster_12/024_cell_1761648578952_912349010008_54238_0000.jpg
12,/home/wangqianqian/project/FS/data/28gusui&pizang/03/09/cell_1761646157085_912349010008_44102_0000.png,thumbs/cluster_12/025_cell_1761646157085_912349010008_44102_0000.jpg
12,/home/wangqianqian/project/FS/data/28gusui&pizang/03/49/cell_1761648567325_912349010008_53128_0000.png,thumbs/cluster_12/026_cell_1761648567325_912349010008_53128_0000.jpg
12,/home/wangqianqian/project/FS/data/28gusui&pizang/03/51/cell_1761648685122_912349010008_64871_0100.png,thumbs/cluster_12/027_cell_1761648685122_912349010008_64871_0100.jpg
12,/home/wangqianqian/project/FS/data/28gusui&pizang/03/47/cell_1761648430676_912349010008_41090_0000.png,thumbs/cluster_12/028_cell_1761648430676_912349010008_41090_0000.jpg
12,/home/wangqianqian/project/FS/data/28gusui&pizang/03/56/cell_1761648999598_912349010008_94966_0100.png,thumbs/cluster_12/029_cell_1761648999598_912349010008_94966_0100.jpg
12,/home/wangqianqian/project/FS/data/28gusui&pizang/03/36/cell_1761647788432_912349010008_560_0000.png,thumbs/cluster_12/030_cell_1761647788432_912349010008_560_0000.jpg
12,/home/wangqianqian/project/FS/data/28gusui&pizang/03/48/cell_1761648504683_912349010008_47626_0000.png,thumbs/cluster_12/031_cell_1761648504683_912349010008_47626_0000.jpg
12,/home/wangqianqian/project/FS/data/28gusui&pizang/03/52/cell_1761648725605_912349010008_69066_0000.png,thumbs/cluster_12/032_cell_1761648725605_912349010008_69066_0000.jpg
12,/home/wangqianqian/project/FS/data/28gusui&pizang/03/49/cell_1761648594984_912349010008_55848_0100.png,thumbs/cluster_12/033_cell_1761648594984_912349010008_55848_0100.jpg
12,/home/wangqianqian/project/FS/data/28gusui&pizang/03/58/cell_1761649113795_912349010008_106614_0000.png,thumbs/cluster_12/034_cell_1761649113795_912349010008_106614_0000.jpg
12,/home/wangqianqian/project/FS/data/28gusui&pizang/03/07/cell_1761646069020_912349010008_37606_0100.png,thumbs/cluster_12/035_cell_1761646069020_912349010008_37606_0100.jpg
12,/home/wangqianqian/project/FS/data/28gusui&pizang/03/55/cell_1761648941174_912349010008_89751_0100.png,thumbs/cluster_12/036_cell_1761648941174_912349010008_89751_0100.jpg
12,/home/wangqianqian/project/FS/data/28gusui&pizang/03/59/cell_1761649179127_912349010008_113426_0000.png,thumbs/cluster_12/037_cell_1761649179127_912349010008_113426_0000.jpg
12,/home/wangqianqian/project/FS/data/28gusui&pizang/03/51/cell_1761648688453_912349010008_65249_0000.png,thumbs/cluster_12/038_cell_1761648688453_912349010008_65249_0000.jpg
12,/home/wangqianqian/project/FS/data/28gusui&pizang/03/02/cell_1761645737390_912349010008_10926_0000.png,thumbs/cluster_12/039_cell_1761645737390_912349010008_10926_0000.jpg
12,/home/wangqianqian/project/FS/data/28gusui&pizang/03/45/cell_1761648328061_912349010008_31806_0000.png,thumbs/cluster_12/040_cell_1761648328061_912349010008_31806_0000.jpg
12,/home/wangqianqian/project/FS/data/28gusui&pizang/03/59/cell_1761649173158_912349010008_112860_0000.png,thumbs/cluster_12/041_cell_1761649173158_912349010008_112860_0000.jpg
12,/home/wangqianqian/project/FS/data/28gusui&pizang/03/15/cell_1761646507616_912349010008_73451_0100.png,thumbs/cluster_12/042_cell_1761646507616_912349010008_73451_0100.jpg
12,/home/wangqianqian/project/FS/data/28gusui&pizang/03/53/cell_1761648829816_912349010008_79457_0100.png,thumbs/cluster_12/043_cell_1761648829816_912349010008_79457_0100.jpg
12,/home/wangqianqian/project/FS/data/28gusui&pizang/03/46/cell_1761648400070_912349010008_38229_0000.png,thumbs/cluster_12/044_cell_1761648400070_912349010008_38229_0000.jpg
12,/home/wangqianqian/project/FS/data/28gusui&pizang/03/55/cell_1761648945172_912349010008_90090_0000.png,thumbs/cluster_12/045_cell_1761648945172_912349010008_90090_0000.jpg
12,/home/wangqianqian/project/FS/data/28gusui&pizang/03/17/cell_1761646668786_912349010008_86719_0000.png,thumbs/cluster_12/046_cell_1761646668786_912349010008_86719_0000.jpg
12,/home/wangqianqian/project/FS/data/28gusui&pizang/03/55/cell_1761648931280_912349010008_88931_0100.png,thumbs/cluster_12/047_cell_1761648931280_912349010008_88931_0100.jpg
12,/home/wangqianqian/project/FS/data/28gusui&pizang/03/52/cell_1761648774777_912349010008_73814_0000.png,thumbs/cluster_12/048_cell_1761648774777_912349010008_73814_0000.jpg
12,/home/wangqianqian/project/FS/data/28gusui&pizang/03/12/cell_1761646371974_912349010008_61650_0000.png,thumbs/cluster_12/049_cell_1761646371974_912349010008_61650_0000.jpg
12,/home/wangqianqian/project/FS/data/28gusui&pizang/03/58/cell_1761649127457_912349010008_107993_0100.png,thumbs/cluster_12/050_cell_1761649127457_912349010008_107993_0100.jpg
12,/home/wangqianqian/project/FS/data/28gusui&pizang/03/17/cell_1761646643566_912349010008_84512_0100.png,thumbs/cluster_12/051_cell_1761646643566_912349010008_84512_0100.jpg
12,/home/wangqianqian/project/FS/data/28gusui&pizang/03/04/cell_1761645883220_912349010008_22555_0000.png,thumbs/cluster_12/052_cell_1761645883220_912349010008_22555_0000.jpg
12,/home/wangqianqian/project/FS/data/28gusui&pizang/03/59/cell_1761649163454_912349010008_111794_0100.png,thumbs/cluster_12/053_cell_1761649163454_912349010008_111794_0100.jpg
12,/home/wangqianqian/project/FS/data/28gusui&pizang/03/14/cell_1761646454345_912349010008_68553_0000.png,thumbs/cluster_12/054_cell_1761646454345_912349010008_68553_0000.jpg
12,/home/wangqianqian/project/FS/data/28gusui&pizang/03/14/cell_1761646468481_912349010008_69824_0000.png,thumbs/cluster_12/055_cell_1761646468481_912349010008_69824_0000.jpg
12,/home/wangqianqian/project/FS/data/28gusui&pizang/03/46/cell_1761648380154_912349010008_36525_0100.png,thumbs/cluster_12/056_cell_1761648380154_912349010008_36525_0100.jpg
12,/home/wangqianqian/project/FS/data/28gusui&pizang/03/09/cell_1761646143190_912349010008_43028_0100.png,thumbs/cluster_12/057_cell_1761646143190_912349010008_43028_0100.jpg
12,/home/wangqianqian/project/FS/data/28gusui&pizang/03/51/cell_1761648692941_912349010008_65716_0000.png,thumbs/cluster_12/058_cell_1761648692941_912349010008_65716_0000.jpg
12,/home/wangqianqian/project/FS/data/28gusui&pizang/03/44/cell_1761648255706_912349010008_25522_0000.png,thumbs/cluster_12/059_cell_1761648255706_912349010008_25522_0000.jpg
12,/home/wangqianqian/project/FS/data/28gusui&pizang/03/09/cell_1761646167833_912349010008_44894_0000.png,thumbs/cluster_12/060_cell_1761646167833_912349010008_44894_0000.jpg
12,/home/wangqianqian/project/FS/data/28gusui&pizang/03/50/cell_1761648625390_912349010008_58825_0000.png,thumbs/cluster_12/061_cell_1761648625390_912349010008_58825_0000.jpg
12,/home/wangqianqian/project/FS/data/28gusui&pizang/03/20/cell_1761646829704_912349010008_100141_0000.png,thumbs/cluster_12/062_cell_1761646829704_912349010008_100141_0000.jpg
12,/home/wangqianqian/project/FS/data/28gusui&pizang/03/56/cell_1761649008025_912349010008_95745_0000.png,thumbs/cluster_12/063_cell_1761649008025_912349010008_95745_0000.jpg
12,/home/wangqianqian/project/FS/data/28gusui&pizang/03/12/cell_1761646335477_912349010008_58665_0100.png,thumbs/cluster_12/064_cell_1761646335477_912349010008_58665_0100.jpg
12,/home/wangqianqian/project/FS/data/28gusui&pizang/03/49/cell_1761648573068_912349010008_53713_0000.png,thumbs/cluster_12/065_cell_1761648573068_912349010008_53713_0000.jpg
12,/home/wangqianqian/project/FS/data/28gusui&pizang/03/12/cell_1761646372109_912349010008_61666_0100.png,thumbs/cluster_12/066_cell_1761646372109_912349010008_61666_0100.jpg
12,/home/wangqianqian/project/FS/data/28gusui&pizang/03/47/cell_1761648446924_912349010008_42675_0000.png,thumbs/cluster_12/067_cell_1761648446924_912349010008_42675_0000.jpg
12,/home/wangqianqian/project/FS/data/28gusui&pizang/03/07/cell_1761646063062_912349010008_37186_0100.png,thumbs/cluster_12/068_cell_1761646063062_912349010008_37186_0100.jpg
12,/home/wangqianqian/project/FS/data/28gusui&pizang/03/12/cell_1761646368945_912349010008_61398_0000.png,thumbs/cluster_12/069_cell_1761646368945_912349010008_61398_0000.jpg
12,/home/wangqianqian/project/FS/data/28gusui&pizang/03/12/cell_1761646327054_912349010008_57985_0000.png,thumbs/cluster_12/070_cell_1761646327054_912349010008_57985_0000.jpg
12,/home/wangqianqian/project/FS/data/28gusui&pizang/03/16/cell_1761646619674_912349010008_82438_0100.png,thumbs/cluster_12/071_cell_1761646619674_912349010008_82438_0100.jpg
12,/home/wangqianqian/project/FS/data/28gusui&pizang/03/06/cell_1761645977040_912349010008_29831_0000.png,thumbs/cluster_12/072_cell_1761645977040_912349010008_29831_0000.jpg
12,/home/wangqianqian/project/FS/data/28gusui&pizang/03/06/cell_1761646009334_912349010008_32493_0100.png,thumbs/cluster_12/073_cell_1761646009334_912349010008_32493_0100.jpg
12,/home/wangqianqian/project/FS/data/28gusui&pizang/03/54/cell_1761648893155_912349010008_85745_0100.png,thumbs/cluster_12/074_cell_1761648893155_912349010008_85745_0100.jpg
12,/home/wangqianqian/project/FS/data/28gusui&pizang/03/05/cell_1761645921183_912349010008_25303_0000.png,thumbs/cluster_12/075_cell_1761645921183_912349010008_25303_0000.jpg
12,/home/wangqianqian/project/FS/data/28gusui&pizang/03/52/cell_1761648733973_912349010008_69837_0000.png,thumbs/cluster_12/076_cell_1761648733973_912349010008_69837_0000.jpg
12,/home/wangqianqian/project/FS/data/28gusui&pizang/03/12/cell_1761646356069_912349010008_60342_0100.png,thumbs/cluster_12/077_cell_1761646356069_912349010008_60342_0100.jpg
12,/home/wangqianqian/project/FS/data/28gusui&pizang/03/51/cell_1761648689065_912349010008_65295_0000.png,thumbs/cluster_12/078_cell_1761648689065_912349010008_65295_0000.jpg
12,/home/wangqianqian/project/FS/data/28gusui&pizang/03/53/cell_1761648813988_912349010008_77965_0000.png,thumbs/cluster_12/079_cell_1761648813988_912349010008_77965_0000.jpg
12,/home/wangqianqian/project/FS/data/28gusui&pizang/03/48/cell_1761648510741_912349010008_48115_0100.png,thumbs/cluster_12/080_cell_1761648510741_912349010008_48115_0100.jpg
12,/home/wangqianqian/project/FS/data/28gusui&pizang/03/47/cell_1761648438324_912349010008_41912_0100.png,thumbs/cluster_12/081_cell_1761648438324_912349010008_41912_0100.jpg
12,/home/wangqianqian/project/FS/data/28gusui&pizang/03/14/cell_1761646456747_912349010008_68764_0000.png,thumbs/cluster_12/082_cell_1761646456747_912349010008_68764_0000.jpg
12,/home/wangqianqian/project/FS/data/28gusui&pizang/03/56/cell_1761648996436_912349010008_94662_0100.png,thumbs/cluster_12/083_cell_1761648996436_912349010008_94662_0100.jpg
12,/home/wangqianqian/project/FS/data/28gusui&pizang/03/47/cell_1761648432560_912349010008_41271_0000.png,thumbs/cluster_12/084_cell_1761648432560_912349010008_41271_0000.jpg
12,/home/wangqianqian/project/FS/data/28gusui&pizang/03/05/cell_1761645905923_912349010008_24210_0000.png,thumbs/cluster_12/085_cell_1761645905923_912349010008_24210_0000.jpg
12,/home/wangqianqian/project/FS/data/28gusui&pizang/03/16/cell_1761646613209_912349010008_81858_0000.png,thumbs/cluster_12/086_cell_1761646613209_912349010008_81858_0000.jpg
12,/home/wangqianqian/project/FS/data/28gusui&pizang/03/06/cell_1761645972589_912349010008_29408_0100.png,thumbs/cluster_12/087_cell_1761645972589_912349010008_29408_0100.jpg
12,/home/wangqianqian/project/FS/data/28gusui&pizang/03/21/cell_1761646884494_912349010008_104754_0000.png,thumbs/cluster_12/088_cell_1761646884494_912349010008_104754_0000.jpg
12,/home/wangqianqian/project/FS/data/28gusui&pizang/03/17/cell_1761646620902_912349010008_82543_0000.png,thumbs/cluster_12/089_cell_1761646620902_912349010008_82543_0000.jpg
12,/home/wangqianqian/project/FS/data/28gusui&pizang/03/03/cell_1761645786973_912349010008_14655_0100.png,thumbs/cluster_12/090_cell_1761645786973_912349010008_14655_0100.jpg
12,/home/wangqianqian/project/FS/data/28gusui&pizang/03/15/cell_1761646506871_912349010008_73390_0000.png,thumbs/cluster_12/091_cell_1761646506871_912349010008_73390_0000.jpg
12,/home/wangqianqian/project/FS/data/28gusui&pizang/03/54/cell_1761648841073_912349010008_80534_0000.png,thumbs/cluster_12/092_cell_1761648841073_912349010008_80534_0000.jpg
12,/home/wangqianqian/project/FS/data/28gusui&pizang/03/10/cell_1761646228492_912349010008_49658_0000.png,thumbs/cluster_12/093_cell_1761646228492_912349010008_49658_0000.jpg
12,/home/wangqianqian/project/FS/data/28gusui&pizang/03/56/cell_1761648966989_912349010008_91941_0100.png,thumbs/cluster_12/094_cell_1761648966989_912349010008_91941_0100.jpg
12,/home/wangqianqian/project/FS/data/28gusui&pizang/03/12/cell_1761646327366_912349010008_58006_0000.png,thumbs/cluster_12/095_cell_1761646327366_912349010008_58006_0000.jpg
12,/home/wangqianqian/project/FS/data/28gusui&pizang/03/11/cell_1761646288970_912349010008_54689_0000.png,thumbs/cluster_12/096_cell_1761646288970_912349010008_54689_0000.jpg
12,/home/wangqianqian/project/FS/data/28gusui&pizang/03/51/cell_1761648696664_912349010008_66072_0000.png,thumbs/cluster_12/097_cell_1761648696664_912349010008_66072_0000.jpg
12,/home/wangqianqian/project/FS/data/28gusui&pizang/03/12/cell_1761646373607_912349010008_61800_0000.png,thumbs/cluster_12/098_cell_1761646373607_912349010008_61800_0000.jpg
12,/home/wangqianqian/project/FS/data/28gusui&pizang/03/52/cell_1761648771405_912349010008_73524_0100.png,thumbs/cluster_12/099_cell_1761648771405_912349010008_73524_0100.jpg
13,/home/wangqianqian/project/FS/data/28gusui&pizang/03/45/cell_1761648304425_912349010008_29844_0000.png,thumbs/cluster_13/000_cell_1761648304425_912349010008_29844_0000.jpg
13,/home/wangqianqian/project/FS/data/28gusui&pizang/03/39/cell_1761647943971_912349010008_5939_0000.png,thumbs/cluster_13/001_cell_1761647943971_912349010008_5939_0000.jpg
13,/home/wangqianqian/project/FS/data/28gusui&pizang/03/01/cell_1761645712883_912349010008_9187_0100.png,thumbs/cluster_13/002_cell_1761645712883_912349010008_9187_0100.jpg
13,/home/wangqianqian/project/FS/data/28gusui&pizang/03/48/cell_1761648527314_912349010008_49433_0100.png,thumbs/cluster_13/003_cell_1761648527314_912349010008_49433_0100.jpg
13,/home/wangqianqian/project/FS/data/28gusui&pizang/03/05/cell_1761645924183_912349010008_25588_0100.png,thumbs/cluster_13/004_cell_1761645924183_912349010008_25588_0100.jpg
13,/home/wangqianqian/project/FS/data/28gusui&pizang/03/52/cell_1761648758569_912349010008_72325_0100.png,thumbs/cluster_13/005_cell_1761648758569_912349010008_72325_0100.jpg
13,/home/wangqianqian/project/FS/data/28gusui&pizang/03/44/cell_1761648270261_912349010008_26817_0000.png,thumbs/cluster_13/006_cell_1761648270261_912349010008_26817_0000.jpg
13,/home/wangqianqian/project/FS/data/28gusui&pizang/03/57/cell_1761649043366_912349010008_99158_0100.png,thumbs/cluster_13/007_cell_1761649043366_912349010008_99158_0100.jpg
13,/home/wangqianqian/project/FS/data/28gusui&pizang/03/58/cell_1761649097812_912349010008_104897_0000.png,thumbs/cluster_13/008_cell_1761649097812_912349010008_104897_0000.jpg
13,/home/wangqianqian/project/FS/data/28gusui&pizang/03/14/cell_1761646459727_912349010008_69044_0000.png,thumbs/cluster_13/009_cell_1761646459727_912349010008_69044_0000.jpg
13,/home/wangqianqian/project/FS/data/28gusui&pizang/03/50/cell_1761648655883_912349010008_61982_0100.png,thumbs/cluster_13/010_cell_1761648655883_912349010008_61982_0100.jpg
13,/home/wangqianqian/project/FS/data/28gusui&pizang/03/59/cell_1761649152023_912349010008_110537_0000.png,thumbs/cluster_13/011_cell_1761649152023_912349010008_110537_0000.jpg
13,/home/wangqianqian/project/FS/data/28gusui&pizang/03/13/cell_1761646407523_912349010008_64357_0100.png,thumbs/cluster_13/012_cell_1761646407523_912349010008_64357_0100.jpg
13,/home/wangqianqian/project/FS/data/28gusui&pizang/03/20/cell_1761646853254_912349010008_102097_0100.png,thumbs/cluster_13/013_cell_1761646853254_912349010008_102097_0100.jpg
13,/home/wangqianqian/project/FS/data/28gusui&pizang/03/46/cell_1761648417259_912349010008_39828_0000.png,thumbs/cluster_13/014_cell_1761648417259_912349010008_39828_0000.jpg
13,/home/wangqianqian/project/FS/data/28gusui&pizang/03/04/cell_1761645882247_912349010008_22478_0000.png,thumbs/cluster_13/015_cell_1761645882247_912349010008_22478_0000.jpg
13,/home/wangqianqian/project/FS/data/28gusui&pizang/03/19/cell_1761646758707_912349010008_94159_0100.png,thumbs/cluster_13/016_cell_1761646758707_912349010008_94159_0100.jpg
13,/home/wangqianqian/project/FS/data/28gusui&pizang/03/46/cell_1761648375111_912349010008_36054_0100.png,thumbs/cluster_13/017_cell_1761648375111_912349010008_36054_0100.jpg
13,/home/wangqianqian/project/FS/data/28gusui&pizang/03/03/cell_1761645819636_912349010008_17166_0100.png,thumbs/cluster_13/018_cell_1761645819636_912349010008_17166_0100.jpg
13,/home/wangqianqian/project/FS/data/28gusui&pizang/03/55/cell_1761648952198_912349010008_90662_0000.png,thumbs/cluster_13/019_cell_1761648952198_912349010008_90662_0000.jpg
13,/home/wangqianqian/project/FS/data/28gusui&pizang/03/02/cell_1761645731120_912349010008_10527_0100.png,thumbs/cluster_13/020_cell_1761645731120_912349010008_10527_0100.jpg
13,/home/wangqianqian/project/FS/data/28gusui&pizang/03/50/cell_1761648644314_912349010008_60747_0100.png,thumbs/cluster_13/021_cell_1761648644314_912349010008_60747_0100.jpg
13,/home/wangqianqian/project/FS/data/28gusui&pizang/03/38/cell_1761647902491_912349010008_4523_0000.png,thumbs/cluster_13/022_cell_1761647902491_912349010008_4523_0000.jpg
13,/home/wangqianqian/project/FS/data/28gusui&pizang/03/41/cell_1761648110910_912349010008_14444_0100.png,thumbs/cluster_13/023_cell_1761648110910_912349010008_14444_0100.jpg
13,/home/wangqianqian/project/FS/data/28gusui&pizang/03/59/cell_1761649172854_912349010008_112824_0000.png,thumbs/cluster_13/024_cell_1761649172854_912349010008_112824_0000.jpg
13,/home/wangqianqian/project/FS/data/28gusui&pizang/03/47/cell_1761648453060_912349010008_43213_0000.png,thumbs/cluster_13/025_cell_1761648453060_912349010008_43213_0000.jpg
13,/home/wangqianqian/project/FS/data/28gusui&pizang/03/13/cell_1761646411441_912349010008_64658_0100.png,thumbs/cluster_13/026_cell_1761646411441_912349010008_64658_0100.jpg
13,/home/wangqianqian/project/FS/data/28gusui&pizang/03/50/cell_1761648601580_912349010008_56541_0000.png,thumbs/cluster_13/027_cell_1761648601580_912349010008_56541_0000.jpg
13,/home/wangqianqian/project/FS/data/28gusui&pizang/03/58/cell_1761649092627_912349010008_104388_0100.png,thumbs/cluster_13/028_cell_1761649092627_912349010008_104388_0100.jpg
13,/home/wangqianqian/project/FS/data/28gusui&pizang/03/47/cell_1761648425657_912349010008_40605_0000.png,thumbs/cluster_13/029_cell_1761648425657_912349010008_40605_0000.jpg
13,/home/wangqianqian/project/FS/data/28gusui&pizang/03/53/cell_1761648796912_912349010008_76156_0100.png,thumbs/cluster_13/030_cell_1761648796912_912349010008_76156_0100.jpg
13,/home/wangqianqian/project/FS/data/28gusui&pizang/03/54/cell_1761648853380_912349010008_81802_0100.png,thumbs/cluster_13/031_cell_1761648853380_912349010008_81802_0100.jpg
13,/home/wangqianqian/project/FS/data/28gusui&pizang/03/02/cell_1761645754178_912349010008_12226_0000.png,thumbs/cluster_13/032_cell_1761645754178_912349010008_12226_0000.jpg
13,/home/wangqianqian/project/FS/data/28gusui&pizang/03/57/cell_1761649040548_912349010008_98843_0000.png,thumbs/cluster_13/033_cell_1761649040548_912349010008_98843_0000.jpg
13,/home/wangqianqian/project/FS/data/28gusui&pizang/03/20/cell_1761646806604_912349010008_98177_0000.png,thumbs/cluster_13/034_cell_1761646806604_912349010008_98177_0000.jpg
13,/home/wangqianqian/project/FS/data/28gusui&pizang/03/57/cell_1761649025996_912349010008_97384_0000.png,thumbs/cluster_13/035_cell_1761649025996_912349010008_97384_0000.jpg
13,/home/wangqianqian/project/FS/data/28gusui&pizang/03/48/cell_1761648506599_912349010008_47767_0000.png,thumbs/cluster_13/036_cell_1761648506599_912349010008_47767_0000.jpg
13,/home/wangqianqian/project/FS/data/28gusui&pizang/03/03/cell_1761645821717_912349010008_17351_0100.png,thumbs/cluster_13/037_cell_1761645821717_912349010008_17351_0100.jpg
13,/home/wangqianqian/project/FS/data/28gusui&pizang/03/16/cell_1761646610167_912349010008_81605_0100.png,thumbs/cluster_13/038_cell_1761646610167_912349010008_81605_0100.jpg
13,/home/wangqianqian/project/FS/data/28gusui&pizang/03/56/cell_1761649016342_912349010008_96465_0000.png,thumbs/cluster_13/039_cell_1761649016342_912349010008_96465_0000.jpg
13,/home/wangqianqian/project/FS/data/28gusui&pizang/03/58/cell_1761649117347_912349010008_106981_0100.png,thumbs/cluster_13/040_cell_1761649117347_912349010008_106981_0100.jpg
13,/home/wangqianqian/project/FS/data/28gusui&pizang/03/20/cell_1761646823871_912349010008_99644_0000.png,thumbs/cluster_13/041_cell_1761646823871_912349010008_99644_0000.jpg
13,/home/wangqianqian/project/FS/data/28gusui&pizang/03/46/cell_1761648363437_912349010008_35040_0000.png,thumbs/cluster_13/042_cell_1761648363437_912349010008_35040_0000.jpg
13,/home/wangqianqian/project/FS/data/28gusui&pizang/03/45/cell_1761648349563_912349010008_33801_0100.png,thumbs/cluster_13/043_cell_1761648349563_912349010008_33801_0100.jpg
13,/home/wangqianqian/project/FS/data/28gusui&pizang/03/52/cell_1761648741588_912349010008_70654_0000.png,thumbs/cluster_13/044_cell_1761648741588_912349010008_70654_0000.jpg
13,/home/wangqianqian/project/FS/data/28gusui&pizang/03/17/cell_1761646649002_912349010008_85008_0000.png,thumbs/cluster_13/045_cell_1761646649002_912349010008_85008_0000.jpg
13,/home/wangqianqian/project/FS/data/28gusui&pizang/03/20/cell_1761646851709_912349010008_101961_0100.png,thumbs/cluster_13/046_cell_1761646851709_912349010008_101961_0100.jpg
13,/home/wangqianqian/project/FS/data/28gusui&pizang/03/17/cell_1761646633498_912349010008_83633_0000.png,thumbs/cluster_13/047_cell_1761646633498_912349010008_83633_0000.jpg
13,/home/wangqianqian/project/FS/data/28gusui&pizang/03/39/cell_1761647993241_912349010008_7930_0000.png,thumbs/cluster_13/048_cell_1761647993241_912349010008_7930_0000.jpg
13,/home/wangqianqian/project/FS/data/28gusui&pizang/03/54/cell_1761648853869_912349010008_81843_0000.png,thumbs/cluster_13/049_cell_1761648853869_912349010008_81843_0000.jpg
13,/home/wangqianqian/project/FS/data/28gusui&pizang/03/56/cell_1761649013154_912349010008_96206_0000.png,thumbs/cluster_13/050_cell_1761649013154_912349010008_96206_0000.jpg
13,/home/wangqianqian/project/FS/data/28gusui&pizang/03/06/cell_1761645997284_912349010008_31464_0100.png,thumbs/cluster_13/051_cell_1761645997284_912349010008_31464_0100.jpg
13,/home/wangqianqian/project/FS/data/28gusui&pizang/03/49/cell_1761648563180_912349010008_52692_0100.png,thumbs/cluster_13/052_cell_1761648563180_912349010008_52692_0100.jpg
13,/home/wangqianqian/project/FS/data/28gusui&pizang/03/47/cell_1761648430322_912349010008_41052_0000.png,thumbs/cluster_13/053_cell_1761648430322_912349010008_41052_0000.jpg
13,/home/wangqianqian/project/FS/data/28gusui&pizang/03/52/cell_1761648761983_912349010008_72635_0100.png,thumbs/cluster_13/054_cell_1761648761983_912349010008_72635_0100.jpg
13,/home/wangqianqian/project/FS/data/28gusui&pizang/03/50/cell_1761648637944_912349010008_60130_0100.png,thumbs/cluster_13/055_cell_1761648637944_912349010008_60130_0100.jpg
13,/home/wangqianqian/project/FS/data/28gusui&pizang/03/11/cell_1761646299719_912349010008_55689_0000.png,thumbs/cluster_13/056_cell_1761646299719_912349010008_55689_0000.jpg
13,/home/wangqianqian/project/FS/data/28gusui&pizang/03/50/cell_1761648627086_912349010008_59005_0100.png,thumbs/cluster_13/057_cell_1761648627086_912349010008_59005_0100.jpg
13,/home/wangqianqian/project/FS/data/28gusui&pizang/03/42/cell_1761648173344_912349010008_18849_0100.png,thumbs/cluster_13/058_cell_1761648173344_912349010008_18849_0100.jpg
13,/home/wangqianqian/project/FS/data/28gusui&pizang/03/10/cell_1761646249218_912349010008_51390_0100.png,thumbs/cluster_13/059_cell_1761646249218_912349010008_51390_0100.jpg
13,/home/wangqianqian/project/FS/data/28gusui&pizang/03/19/cell_1761646770991_912349010008_95141_0000.png,thumbs/cluster_13/060_cell_1761646770991_912349010008_95141_0000.jpg
13,/home/wangqianqian/project/FS/data/28gusui&pizang/03/04/cell_1761645862294_912349010008_20708_0100.png,thumbs/cluster_13/061_cell_1761645862294_912349010008_20708_0100.jpg
13,/home/wangqianqian/project/FS/data/28gusui&pizang/03/07/cell_1761646068270_912349010008_37557_0100.png,thumbs/cluster_13/062_cell_1761646068270_912349010008_37557_0100.jpg
13,/home/wangqianqian/project/FS/data/28gusui&pizang/03/18/cell_1761646691667_912349010008_88813_0000.png,thumbs/cluster_13/063_cell_1761646691667_912349010008_88813_0000.jpg
13,/home/wangqianqian/project/FS/data/28gusui&pizang/03/55/cell_1761648914215_912349010008_87434_0000.png,thumbs/cluster_13/064_cell_1761648914215_912349010008_87434_0000.jpg
13,/home/wangqianqian/project/FS/data/28gusui&pizang/03/13/cell_1761646427988_912349010008_66151_0100.png,thumbs/cluster_13/065_cell_1761646427988_912349010008_66151_0100.jpg
13,/home/wangqianqian/project/FS/data/28gusui&pizang/03/54/cell_1761648889661_912349010008_85426_0100.png,thumbs/cluster_13/066_cell_1761648889661_912349010008_85426_0100.jpg
13,/home/wangqianqian/project/FS/data/28gusui&pizang/03/58/cell_1761649124782_912349010008_107732_0000.png,thumbs/cluster_13/067_cell_1761649124782_912349010008_107732_0000.jpg
13,/home/wangqianqian/project/FS/data/28gusui&pizang/03/45/cell_1761648354486_912349010008_34244_0100.png,thumbs/cluster_13/068_cell_1761648354486_912349010008_34244_0100.jpg
13,/home/wangqianqian/project/FS/data/28gusui&pizang/03/46/cell_1761648408671_912349010008_38978_0000.png,thumbs/cluster_13/069_cell_1761648408671_912349010008_38978_0000.jpg
13,/home/wangqianqian/project/FS/data/28gusui&pizang/03/51/cell_1761648712559_912349010008_67806_0100.png,thumbs/cluster_13/070_cell_1761648712559_912349010008_67806_0100.jpg
13,/home/wangqianqian/project/FS/data/28gusui&pizang/03/52/cell_1761648757845_912349010008_72262_0100.png,thumbs/cluster_13/071_cell_1761648757845_912349010008_72262_0100.jpg
13,/home/wangqianqian/project/FS/data/28gusui&pizang/03/51/cell_1761648710936_912349010008_67630_0000.png,thumbs/cluster_13/072_cell_1761648710936_912349010008_67630_0000.jpg
13,/home/wangqianqian/project/FS/data/28gusui&pizang/03/57/cell_1761649023321_912349010008_97163_0000.png,thumbs/cluster_13/073_cell_1761649023321_912349010008_97163_0000.jpg
13,/home/wangqianqian/project/FS/data/28gusui&pizang/03/06/cell_1761646013015_912349010008_32844_0100.png,thumbs/cluster_13/074_cell_1761646013015_912349010008_32844_0100.jpg
13,/home/wangqianqian/project/FS/data/28gusui&pizang/03/19/cell_1761646767112_912349010008_94823_0000.png,thumbs/cluster_13/075_cell_1761646767112_912349010008_94823_0000.jpg
13,/home/wangqianqian/project/FS/data/28gusui&pizang/03/41/cell_1761648107981_912349010008_14276_0000.png,thumbs/cluster_13/076_cell_1761648107981_912349010008_14276_0000.jpg
13,/home/wangqianqian/project/FS/data/28gusui&pizang/03/06/cell_1761646008976_912349010008_32459_0000.png,thumbs/cluster_13/077_cell_1761646008976_912349010008_32459_0000.jpg
13,/home/wangqianqian/project/FS/data/28gusui&pizang/03/56/cell_1761648969875_912349010008_92220_0000.png,thumbs/cluster_13/078_cell_1761648969875_912349010008_92220_0000.jpg
13,/home/wangqianqian/project/FS/data/28gusui&pizang/03/48/cell_1761648496990_912349010008_47001_0000.png,thumbs/cluster_13/079_cell_1761648496990_912349010008_47001_0000.jpg
13,/home/wangqianqian/project/FS/data/28gusui&pizang/03/20/cell_1761646828893_912349010008_100080_0100.png,thumbs/cluster_13/080_cell_1761646828893_912349010008_100080_0100.jpg
13,/home/wangqianqian/project/FS/data/28gusui&pizang/03/14/cell_1761646485623_912349010008_71397_0100.png,thumbs/cluster_13/081_cell_1761646485623_912349010008_71397_0100.jpg
13,/home/wangqianqian/project/FS/data/28gusui&pizang/03/48/cell_1761648491558_912349010008_46507_0100.png,thumbs/cluster_13/082_cell_1761648491558_912349010008_46507_0100.jpg
13,/home/wangqianqian/project/FS/data/28gusui&pizang/03/58/cell_1761649127851_912349010008_108045_0000.png,thumbs/cluster_13/083_cell_1761649127851_912349010008_108045_0000.jpg
13,/home/wangqianqian/project/FS/data/28gusui&pizang/03/11/cell_1761646272183_912349010008_53189_0100.png,thumbs/cluster_13/084_cell_1761646272183_912349010008_53189_0100.jpg
13,/home/wangqianqian/project/FS/data/28gusui&pizang/03/12/cell_1761646352752_912349010008_60088_0000.png,thumbs/cluster_13/085_cell_1761646352752_912349010008_60088_0000.jpg
13,/home/wangqianqian/project/FS/data/28gusui&pizang/03/06/cell_1761645968032_912349010008_29046_0100.png,thumbs/cluster_13/086_cell_1761645968032_912349010008_29046_0100.jpg
13,/home/wangqianqian/project/FS/data/28gusui&pizang/03/14/cell_1761646457775_912349010008_68852_0000.png,thumbs/cluster_13/087_cell_1761646457775_912349010008_68852_0000.jpg
13,/home/wangqianqian/project/FS/data/28gusui&pizang/03/01/cell_1761645689842_912349010008_7844_0000.png,thumbs/cluster_13/088_cell_1761645689842_912349010008_7844_0000.jpg
13,/home/wangqianqian/project/FS/data/28gusui&pizang/03/56/cell_1761648960935_912349010008_91444_0000.png,thumbs/cluster_13/089_cell_1761648960935_912349010008_91444_0000.jpg
13,/home/wangqianqian/project/FS/data/28gusui&pizang/03/17/cell_1761646668203_912349010008_86669_0000.png,thumbs/cluster_13/090_cell_1761646668203_912349010008_86669_0000.jpg
13,/home/wangqianqian/project/FS/data/28gusui&pizang/03/16/cell_1761646600019_912349010008_80776_0000.png,thumbs/cluster_13/091_cell_1761646600019_912349010008_80776_0000.jpg
13,/home/wangqianqian/project/FS/data/28gusui&pizang/03/48/cell_1761648508972_912349010008_48000_0100.png,thumbs/cluster_13/092_cell_1761648508972_912349010008_48000_0100.jpg
13,/home/wangqianqian/project/FS/data/28gusui&pizang/03/21/cell_1761646907233_912349010008_106567_0100.png,thumbs/cluster_13/093_cell_1761646907233_912349010008_106567_0100.jpg
13,/home/wangqianqian/project/FS/data/28gusui&pizang/03/18/cell_1761646705826_912349010008_89888_0100.png,thumbs/cluster_13/094_cell_1761646705826_912349010008_89888_0100.jpg
13,/home/wangqianqian/project/FS/data/28gusui&pizang/03/13/cell_1761646383091_912349010008_62538_0100.png,thumbs/cluster_13/095_cell_1761646383091_912349010008_62538_0100.jpg
13,/home/wangqianqian/project/FS/data/28gusui&pizang/03/55/cell_1761648945557_912349010008_90122_0100.png,thumbs/cluster_13/096_cell_1761648945557_912349010008_90122_0100.jpg
13,/home/wangqianqian/project/FS/data/28gusui&pizang/03/09/cell_1761646177704_912349010008_45587_0000.png,thumbs/cluster_13/097_cell_1761646177704_912349010008_45587_0000.jpg
13,/home/wangqianqian/project/FS/data/28gusui&pizang/03/46/cell_1761648406706_912349010008_38800_0000.png,thumbs/cluster_13/098_cell_1761648406706_912349010008_38800_0000.jpg
13,/home/wangqianqian/project/FS/data/28gusui&pizang/03/56/cell_1761649015477_912349010008_96381_0100.png,thumbs/cluster_13/099_cell_1761649015477_912349010008_96381_0100.jpg
14,/home/wangqianqian/project/FS/data/28gusui&pizang/03/51/cell_1761648718847_912349010008_68408_0000.png,thumbs/cluster_14/000_cell_1761648718847_912349010008_68408_0000.jpg
14,/home/wangqianqian/project/FS/data/28gusui&pizang/03/13/cell_1761646395456_912349010008_63422_0100.png,thumbs/cluster_14/001_cell_1761646395456_912349010008_63422_0100.jpg
14,/home/wangqianqian/project/FS/data/28gusui&pizang/03/13/cell_1761646420271_912349010008_65427_0100.png,thumbs/cluster_14/002_cell_1761646420271_912349010008_65427_0100.jpg
14,/home/wangqianqian/project/FS/data/28gusui&pizang/03/50/cell_1761648651191_912349010008_61481_0000.png,thumbs/cluster_14/003_cell_1761648651191_912349010008_61481_0000.jpg
14,/home/wangqianqian/project/FS/data/28gusui&pizang/03/58/cell_1761649135944_912349010008_108880_0100.png,thumbs/cluster_14/004_cell_1761649135944_912349010008_108880_0100.jpg
14,/home/wangqianqian/project/FS/data/28gusui&pizang/03/13/cell_1761646412831_912349010008_64772_0000.png,thumbs/cluster_14/005_cell_1761646412831_912349010008_64772_0000.jpg
14,/home/wangqianqian/project/FS/data/28gusui&pizang/03/42/cell_1761648128468_912349010008_15637_0000.png,thumbs/cluster_14/006_cell_1761648128468_912349010008_15637_0000.jpg
14,/home/wangqianqian/project/FS/data/28gusui&pizang/03/16/cell_1761646603135_912349010008_81048_0100.png,thumbs/cluster_14/007_cell_1761646603135_912349010008_81048_0100.jpg
14,/home/wangqianqian/project/FS/data/28gusui&pizang/03/08/cell_1761646129771_912349010008_42113_0000.png,thumbs/cluster_14/008_cell_1761646129771_912349010008_42113_0000.jpg
14,/home/wangqianqian/project/FS/data/28gusui&pizang/03/18/cell_1761646683868_912349010008_88117_0000.png,thumbs/cluster_14/009_cell_1761646683868_912349010008_88117_0000.jpg
14,/home/wangqianqian/project/FS/data/28gusui&pizang/03/45/cell_1761648356204_912349010008_34395_0000.png,thumbs/cluster_14/010_cell_1761648356204_912349010008_34395_0000.jpg
14,/home/wangqianqian/project/FS/data/28gusui&pizang/03/56/cell_1761649008021_912349010008_95743_0000.png,thumbs/cluster_14/011_cell_1761649008021_912349010008_95743_0000.jpg
14,/home/wangqianqian/project/FS/data/28gusui&pizang/03/16/cell_1761646617661_912349010008_82261_0000.png,thumbs/cluster_14/012_cell_1761646617661_912349010008_82261_0000.jpg
14,/home/wangqianqian/project/FS/data/28gusui&pizang/03/51/cell_1761648661434_912349010008_62550_0000.png,thumbs/cluster_14/013_cell_1761648661434_912349010008_62550_0000.jpg
14,/home/wangqianqian/project/FS/data/28gusui&pizang/03/39/cell_1761647976570_912349010008_7281_0000.png,thumbs/cluster_14/014_cell_1761647976570_912349010008_7281_0000.jpg
14,/home/wangqianqian/project/FS/data/28gusui&pizang/03/03/cell_1761645806520_912349010008_16170_0000.png,thumbs/cluster_14/015_cell_1761645806520_912349010008_16170_0000.jpg
14,/home/wangqianqian/project/FS/data/28gusui&pizang/03/09/cell_1761646147817_912349010008_43360_0100.png,thumbs/cluster_14/016_cell_1761646147817_912349010008_43360_0100.jpg
14,/home/wangqianqian/project/FS/data/28gusui&pizang/03/42/cell_1761648173896_912349010008_18898_0100.png,thumbs/cluster_14/017_cell_1761648173896_912349010008_18898_0100.jpg
14,/home/wangqianqian/project/FS/data/28gusui&pizang/03/42/cell_1761648146559_912349010008_16981_0000.png,thumbs/cluster_14/018_cell_1761648146559_912349010008_16981_0000.jpg
14,/home/wangqianqian/project/FS/data/28gusui&pizang/03/39/cell_1761647962819_912349010008_6701_0000.png,thumbs/cluster_14/019_cell_1761647962819_912349010008_6701_0000.jpg
14,/home/wangqianqian/project/FS/data/28gusui&pizang/03/09/cell_1761646194572_912349010008_46868_0000.png,thumbs/cluster_14/020_cell_1761646194572_912349010008_46868_0000.jpg
14,/home/wangqianqian/project/FS/data/28gusui&pizang/03/46/cell_1761648369605_912349010008_35589_0100.png,thumbs/cluster_14/021_cell_1761648369605_912349010008_35589_0100.jpg
14,/home/wangqianqian/project/FS/data/28gusui&pizang/03/42/cell_1761648141396_912349010008_16603_0100.png,thumbs/cluster_14/022_cell_1761648141396_912349010008_16603_0100.jpg
14,/home/wangqianqian/project/FS/data/28gusui&pizang/03/10/cell_1761646233036_912349010008_50025_0000.png,thumbs/cluster_14/023_cell_1761646233036_912349010008_50025_0000.jpg
14,/home/wangqianqian/project/FS/data/28gusui&pizang/03/51/cell_1761648662083_912349010008_62632_0000.png,thumbs/cluster_14/024_cell_1761648662083_912349010008_62632_0000.jpg
14,/home/wangqianqian/project/FS/data/28gusui&pizang/03/17/cell_1761646667888_912349010008_86635_0100.png,thumbs/cluster_14/025_cell_1761646667888_912349010008_86635_0100.jpg
14,/home/wangqianqian/project/FS/data/28gusui&pizang/03/42/cell_1761648123955_912349010008_15328_0100.png,thumbs/cluster_14/026_cell_1761648123955_912349010008_15328_0100.jpg
14,/home/wangqianqian/project/FS/data/28gusui&pizang/03/38/cell_1761647937111_912349010008_5667_0000.png,thumbs/cluster_14/027_cell_1761647937111_912349010008_5667_0000.jpg
14,/home/wangqianqian/project/FS/data/28gusui&pizang/03/16/cell_1761646562575_912349010008_77910_0100.png,thumbs/cluster_14/028_cell_1761646562575_912349010008_77910_0100.jpg
14,/home/wangqianqian/project/FS/data/28gusui&pizang/03/20/cell_1761646839686_912349010008_100939_0000.png,thumbs/cluster_14/029_cell_1761646839686_912349010008_100939_0000.jpg
14,/home/wangqianqian/project/FS/data/28gusui&pizang/03/44/cell_1761648299197_912349010008_29422_0100.png,thumbs/cluster_14/030_cell_1761648299197_912349010008_29422_0100.jpg
14,/home/wangqianqian/project/FS/data/28gusui&pizang/03/56/cell_1761648989396_912349010008_93952_0000.png,thumbs/cluster_14/031_cell_1761648989396_912349010008_93952_0000.jpg
14,/home/wangqianqian/project/FS/data/28gusui&pizang/03/51/cell_1761648660021_912349010008_62416_0100.png,thumbs/cluster_14/032_cell_1761648660021_912349010008_62416_0100.jpg
14,/home/wangqianqian/project/FS/data/28gusui&pizang/03/03/cell_1761645815672_912349010008_16882_0000.png,thumbs/cluster_14/033_cell_1761645815672_912349010008_16882_0000.jpg
14,/home/wangqianqian/project/FS/data/28gusui&pizang/03/05/cell_1761645930837_912349010008_26084_0000.png,thumbs/cluster_14/034_cell_1761645930837_912349010008_26084_0000.jpg
14,/home/wangqianqian/project/FS/data/28gusui&pizang/03/40/cell_1761648018115_912349010008_9132_0000.png,thumbs/cluster_14/035_cell_1761648018115_912349010008_9132_0000.jpg
14,/home/wangqianqian/project/FS/data/28gusui&pizang/03/03/cell_1761645797730_912349010008_15479_0000.png,thumbs/cluster_14/036_cell_1761645797730_912349010008_15479_0000.jpg
14,/home/wangqianqian/project/FS/data/28gusui&pizang/03/08/cell_1761646104472_912349010008_40270_0000.png,thumbs/cluster_14/037_cell_1761646104472_912349010008_40270_0000.jpg
14,/home/wangqianqian/project/FS/data/28gusui&pizang/03/09/cell_1761646142844_912349010008_43001_0000.png,thumbs/cluster_14/038_cell_1761646142844_912349010008_43001_0000.jpg
14,/home/wangqianqian/project/FS/data/28gusui&pizang/03/10/cell_1761646204547_912349010008_47657_0000.png,thumbs/cluster_14/039_cell_1761646204547_912349010008_47657_0000.jpg
14,/home/wangqianqian/project/FS/data/28gusui&pizang/03/41/cell_1761648111068_912349010008_14455_0000.png,thumbs/cluster_14/040_cell_1761648111068_912349010008_14455_0000.jpg
14,/home/wangqianqian/project/FS/data/28gusui&pizang/03/50/cell_1761648614385_912349010008_57747_0100.png,thumbs/cluster_14/041_cell_1761648614385_912349010008_57747_0100.jpg
14,/home/wangqianqian/project/FS/data/28gusui&pizang/03/07/cell_1761646073198_912349010008_37894_0000.png,thumbs/cluster_14/042_cell_1761646073198_912349010008_37894_0000.jpg
14,/home/wangqianqian/project/FS/data/28gusui&pizang/03/10/cell_1761646254027_912349010008_51725_0100.png,thumbs/cluster_14/043_cell_1761646254027_912349010008_51725_0100.jpg
14,/home/wangqianqian/project/FS/data/28gusui&pizang/03/01/cell_1761645688621_912349010008_7777_0000.png,thumbs/cluster_14/044_cell_1761645688621_912349010008_7777_0000.jpg
14,/home/wangqianqian/project/FS/data/28gusui&pizang/03/05/cell_1761645927191_912349010008_25807_0000.png,thumbs/cluster_14/045_cell_1761645927191_912349010008_25807_0000.jpg
14,/home/wangqianqian/project/FS/data/28gusui&pizang/03/40/cell_1761648011836_912349010008_8826_0000.png,thumbs/cluster_14/046_cell_1761648011836_912349010008_8826_0000.jpg
14,/home/wangqianqian/project/FS/data/28gusui&pizang/03/16/cell_1761646616900_912349010008_82194_0000.png,thumbs/cluster_14/047_cell_1761646616900_912349010008_82194_0000.jpg
14,/home/wangqianqian/project/FS/data/28gusui&pizang/03/07/cell_1761646066833_912349010008_37445_0100.png,thumbs/cluster_14/048_cell_1761646066833_912349010008_37445_0100.jpg
14,/home/wangqianqian/project/FS/data/28gusui&pizang/03/21/cell_1761646908367_912349010008_106654_0100.png,thumbs/cluster_14/049_cell_1761646908367_912349010008_106654_0100.jpg
14,/home/wangqianqian/project/FS/data/28gusui&pizang/03/10/cell_1761646215172_912349010008_48551_0100.png,thumbs/cluster_14/050_cell_1761646215172_912349010008_48551_0100.jpg
14,/home/wangqianqian/project/FS/data/28gusui&pizang/03/04/cell_1761645890080_912349010008_23032_0100.png,thumbs/cluster_14/051_cell_1761645890080_912349010008_23032_0100.jpg
14,/home/wangqianqian/project/FS/data/28gusui&pizang/03/09/cell_1761646195200_912349010008_46929_0000.png,thumbs/cluster_14/052_cell_1761646195200_912349010008_46929_0000.jpg
14,/home/wangqianqian/project/FS/data/28gusui&pizang/03/17/cell_1761646620460_912349010008_82506_0000.png,thumbs/cluster_14/053_cell_1761646620460_912349010008_82506_0000.jpg
14,/home/wangqianqian/project/FS/data/28gusui&pizang/03/50/cell_1761648627726_912349010008_59078_0000.png,thumbs/cluster_14/054_cell_1761648627726_912349010008_59078_0000.jpg
14,/home/wangqianqian/project/FS/data/28gusui&pizang/03/55/cell_1761648953692_912349010008_90805_0100.png,thumbs/cluster_14/055_cell_1761648953692_912349010008_90805_0100.jpg
14,/home/wangqianqian/project/FS/data/28gusui&pizang/03/58/cell_1761649106037_912349010008_105737_0000.png,thumbs/cluster_14/056_cell_1761649106037_912349010008_105737_0000.jpg
14,/home/wangqianqian/project/FS/data/28gusui&pizang/03/16/cell_1761646600725_912349010008_80840_0000.png,thumbs/cluster_14/057_cell_1761646600725_912349010008_80840_0000.jpg
14,/home/wangqianqian/project/FS/data/28gusui&pizang/03/41/cell_1761648076137_912349010008_12228_0100.png,thumbs/cluster_14/058_cell_1761648076137_912349010008_12228_0100.jpg
14,/home/wangqianqian/project/FS/data/28gusui&pizang/03/51/cell_1761648672315_912349010008_63565_0000.png,thumbs/cluster_14/059_cell_1761648672315_912349010008_63565_0000.jpg
14,/home/wangqianqian/project/FS/data/28gusui&pizang/03/04/cell_1761645849684_912349010008_19600_0000.png,thumbs/cluster_14/060_cell_1761645849684_912349010008_19600_0000.jpg
14,/home/wangqianqian/project/FS/data/28gusui&pizang/03/47/cell_1761648466546_912349010008_44376_0100.png,thumbs/cluster_14/061_cell_1761648466546_912349010008_44376_0100.jpg
14,/home/wangqianqian/project/FS/data/28gusui&pizang/03/13/cell_1761646416028_912349010008_65030_0100.png,thumbs/cluster_14/062_cell_1761646416028_912349010008_65030_0100.jpg
14,/home/wangqianqian/project/FS/data/28gusui&pizang/03/14/cell_1761646457642_912349010008_68845_0100.png,thumbs/cluster_14/063_cell_1761646457642_912349010008_68845_0100.jpg
14,/home/wangqianqian/project/FS/data/28gusui&pizang/03/50/cell_1761648651972_912349010008_61577_0100.png,thumbs/cluster_14/064_cell_1761648651972_912349010008_61577_0100.jpg
14,/home/wangqianqian/project/FS/data/28gusui&pizang/03/52/cell_1761648771036_912349010008_73480_0100.png,thumbs/cluster_14/065_cell_1761648771036_912349010008_73480_0100.jpg
14,/home/wangqianqian/project/FS/data/28gusui&pizang/03/07/cell_1761646038490_912349010008_35068_0100.png,thumbs/cluster_14/066_cell_1761646038490_912349010008_35068_0100.jpg
14,/home/wangqianqian/project/FS/data/28gusui&pizang/03/06/cell_1761646011120_912349010008_32684_0000.png,thumbs/cluster_14/067_cell_1761646011120_912349010008_32684_0000.jpg
14,/home/wangqianqian/project/FS/data/28gusui&pizang/03/13/cell_1761646435450_912349010008_66818_0000.png,thumbs/cluster_14/068_cell_1761646435450_912349010008_66818_0000.jpg
14,/home/wangqianqian/project/FS/data/28gusui&pizang/03/07/cell_1761646030113_912349010008_34354_0000.png,thumbs/cluster_14/069_cell_1761646030113_912349010008_34354_0000.jpg
14,/home/wangqianqian/project/FS/data/28gusui&pizang/03/21/cell_1761646867183_912349010008_103362_0000.png,thumbs/cluster_14/070_cell_1761646867183_912349010008_103362_0000.jpg
14,/home/wangqianqian/project/FS/data/28gusui&pizang/03/54/cell_1761648890780_912349010008_85533_0100.png,thumbs/cluster_14/071_cell_1761648890780_912349010008_85533_0100.jpg
14,/home/wangqianqian/project/FS/data/28gusui&pizang/03/21/cell_1761646910307_912349010008_106828_0100.png,thumbs/cluster_14/072_cell_1761646910307_912349010008_106828_0100.jpg
14,/home/wangqianqian/project/FS/data/28gusui&pizang/03/54/cell_1761648881563_912349010008_84617_0000.png,thumbs/cluster_14/073_cell_1761648881563_912349010008_84617_0000.jpg
14,/home/wangqianqian/project/FS/data/28gusui&pizang/03/11/cell_1761646304263_912349010008_56070_0000.png,thumbs/cluster_14/074_cell_1761646304263_912349010008_56070_0000.jpg
14,/home/wangqianqian/project/FS/data/28gusui&pizang/03/46/cell_1761648377575_912349010008_36280_0000.png,thumbs/cluster_14/075_cell_1761648377575_912349010008_36280_0000.jpg
14,/home/wangqianqian/project/FS/data/28gusui&pizang/03/16/cell_1761646599529_912349010008_80724_0100.png,thumbs/cluster_14/076_cell_1761646599529_912349010008_80724_0100.jpg
14,/home/wangqianqian/project/FS/data/28gusui&pizang/03/10/cell_1761646259688_912349010008_52181_0000.png,thumbs/cluster_14/077_cell_1761646259688_912349010008_52181_0000.jpg
14,/home/wangqianqian/project/FS/data/28gusui&pizang/03/46/cell_1761648379250_912349010008_36439_0000.png,thumbs/cluster_14/078_cell_1761648379250_912349010008_36439_0000.jpg
14,/home/wangqianqian/project/FS/data/28gusui&pizang/03/16/cell_1761646571554_912349010008_78567_0000.png,thumbs/cluster_14/079_cell_1761646571554_912349010008_78567_0000.jpg
14,/home/wangqianqian/project/FS/data/28gusui&pizang/03/58/cell_1761649135227_912349010008_108806_0000.png,thumbs/cluster_14/080_cell_1761649135227_912349010008_108806_0000.jpg
14,/home/wangqianqian/project/FS/data/28gusui&pizang/03/02/cell_1761645739721_912349010008_11134_0000.png,thumbs/cluster_14/081_cell_1761645739721_912349010008_11134_0000.jpg
14,/home/wangqianqian/project/FS/data/28gusui&pizang/03/06/cell_1761645992818_912349010008_31118_0100.png,thumbs/cluster_14/082_cell_1761645992818_912349010008_31118_0100.jpg
14,/home/wangqianqian/project/FS/data/28gusui&pizang/03/21/cell_1761646866154_912349010008_103290_0100.png,thumbs/cluster_14/083_cell_1761646866154_912349010008_103290_0100.jpg
14,/home/wangqianqian/project/FS/data/28gusui&pizang/03/04/cell_1761645842907_912349010008_18972_0000.png,thumbs/cluster_14/084_cell_1761645842907_912349010008_18972_0000.jpg
14,/home/wangqianqian/project/FS/data/28gusui&pizang/03/04/cell_1761645863341_912349010008_20809_0000.png,thumbs/cluster_14/085_cell_1761645863341_912349010008_20809_0000.jpg
14,/home/wangqianqian/project/FS/data/28gusui&pizang/03/14/cell_1761646456697_912349010008_68759_0000.png,thumbs/cluster_14/086_cell_1761646456697_912349010008_68759_0000.jpg
14,/home/wangqianqian/project/FS/data/28gusui&pizang/03/48/cell_1761648509983_912349010008_48071_0000.png,thumbs/cluster_14/087_cell_1761648509983_912349010008_48071_0000.jpg
14,/home/wangqianqian/project/FS/data/28gusui&pizang/03/09/cell_1761646182425_912349010008_45962_0000.png,thumbs/cluster_14/088_cell_1761646182425_912349010008_45962_0000.jpg
14,/home/wangqianqian/project/FS/data/28gusui&pizang/03/03/cell_1761645820330_912349010008_17223_0100.png,thumbs/cluster_14/089_cell_1761645820330_912349010008_17223_0100.jpg
14,/home/wangqianqian/project/FS/data/28gusui&pizang/03/14/cell_1761646495960_912349010008_72436_0100.png,thumbs/cluster_14/090_cell_1761646495960_912349010008_72436_0100.jpg
14,/home/wangqianqian/project/FS/data/28gusui&pizang/03/56/cell_1761648966876_912349010008_91937_0000.png,thumbs/cluster_14/091_cell_1761648966876_912349010008_91937_0000.jpg
14,/home/wangqianqian/project/FS/data/28gusui&pizang/03/52/cell_1761648742666_912349010008_70765_0100.png,thumbs/cluster_14/092_cell_1761648742666_912349010008_70765_0100.jpg
14,/home/wangqianqian/project/FS/data/28gusui&pizang/03/04/cell_1761645889920_912349010008_23024_0000.png,thumbs/cluster_14/093_cell_1761645889920_912349010008_23024_0000.jpg
14,/home/wangqianqian/project/FS/data/28gusui&pizang/03/52/cell_1761648747898_912349010008_71284_0000.png,thumbs/cluster_14/094_cell_1761648747898_912349010008_71284_0000.jpg
14,/home/wangqianqian/project/FS/data/28gusui&pizang/03/12/cell_1761646347292_912349010008_59615_0000.png,thumbs/cluster_14/095_cell_1761646347292_912349010008_59615_0000.jpg
14,/home/wangqianqian/project/FS/data/28gusui&pizang/03/12/cell_1761646351750_912349010008_59999_0100.png,thumbs/cluster_14/096_cell_1761646351750_912349010008_59999_0100.jpg
14,/home/wangqianqian/project/FS/data/28gusui&pizang/03/16/cell_1761646604903_912349010008_81218_0000.png,thumbs/cluster_14/097_cell_1761646604903_912349010008_81218_0000.jpg
14,/home/wangqianqian/project/FS/data/28gusui&pizang/03/43/cell_1761648238457_912349010008_23989_0000.png,thumbs/cluster_14/098_cell_1761648238457_912349010008_23989_0000.jpg
14,/home/wangqianqian/project/FS/data/28gusui&pizang/03/14/cell_1761646458285_912349010008_68909_0100.png,thumbs/cluster_14/099_cell_1761646458285_912349010008_68909_0100.jpg
15,/home/wangqianqian/project/FS/data/28gusui&pizang/03/21/cell_1761646863707_912349010008_103071_0000.png,thumbs/cluster_15/000_cell_1761646863707_912349010008_103071_0000.jpg
15,/home/wangqianqian/project/FS/data/28gusui&pizang/03/44/cell_1761648292413_912349010008_28876_0000.png,thumbs/cluster_15/001_cell_1761648292413_912349010008_28876_0000.jpg
15,/home/wangqianqian/project/FS/data/28gusui&pizang/03/18/cell_1761646739227_912349010008_92642_0000.png,thumbs/cluster_15/002_cell_1761646739227_912349010008_92642_0000.jpg
15,/home/wangqianqian/project/FS/data/28gusui&pizang/03/05/cell_1761645921903_912349010008_25383_0100.png,thumbs/cluster_15/003_cell_1761645921903_912349010008_25383_0100.jpg
15,/home/wangqianqian/project/FS/data/28gusui&pizang/03/43/cell_1761648233042_912349010008_23512_0100.png,thumbs/cluster_15/004_cell_1761648233042_912349010008_23512_0100.jpg
15,/home/wangqianqian/project/FS/data/28gusui&pizang/03/53/cell_1761648807184_912349010008_77276_0100.png,thumbs/cluster_15/005_cell_1761648807184_912349010008_77276_0100.jpg
15,/home/wangqianqian/project/FS/data/28gusui&pizang/03/53/cell_1761648782296_912349010008_74532_0000.png,thumbs/cluster_15/006_cell_1761648782296_912349010008_74532_0000.jpg
15,/home/wangqianqian/project/FS/data/28gusui&pizang/03/19/cell_1761646781035_912349010008_95973_0000.png,thumbs/cluster_15/007_cell_1761646781035_912349010008_95973_0000.jpg
15,/home/wangqianqian/project/FS/data/28gusui&pizang/03/42/cell_1761648165375_912349010008_18226_0000.png,thumbs/cluster_15/008_cell_1761648165375_912349010008_18226_0000.jpg
15,/home/wangqianqian/project/FS/data/28gusui&pizang/03/15/cell_1761646538260_912349010008_75938_0100.png,thumbs/cluster_15/009_cell_1761646538260_912349010008_75938_0100.jpg
15,/home/wangqianqian/project/FS/data/28gusui&pizang/03/44/cell_1761648258407_912349010008_25727_0000.png,thumbs/cluster_15/010_cell_1761648258407_912349010008_25727_0000.jpg
15,/home/wangqianqian/project/FS/data/28gusui&pizang/03/49/cell_1761648551415_912349010008_51609_0000.png,thumbs/cluster_15/011_cell_1761648551415_912349010008_51609_0000.jpg
15,/home/wangqianqian/project/FS/data/28gusui&pizang/03/04/cell_1761645892150_912349010008_23190_0000.png,thumbs/cluster_15/012_cell_1761645892150_912349010008_23190_0000.jpg
15,/home/wangqianqian/project/FS/data/28gusui&pizang/03/58/cell_1761649085260_912349010008_103502_0100.png,thumbs/cluster_15/013_cell_1761649085260_912349010008_103502_0100.jpg
15,/home/wangqianqian/project/FS/data/28gusui&pizang/03/08/cell_1761646092709_912349010008_39367_0100.png,thumbs/cluster_15/014_cell_1761646092709_912349010008_39367_0100.jpg
15,/home/wangqianqian/project/FS/data/28gusui&pizang/03/59/cell_1761649156052_912349010008_110991_0100.png,thumbs/cluster_15/015_cell_1761649156052_912349010008_110991_0100.jpg
15,/home/wangqianqian/project/FS/data/28gusui&pizang/03/06/cell_1761645998459_912349010008_31564_0000.png,thumbs/cluster_15/016_cell_1761645998459_912349010008_31564_0000.jpg
15,/home/wangqianqian/project/FS/data/28gusui&pizang/03/41/cell_1761648078454_912349010008_12401_0000.png,thumbs/cluster_15/017_cell_1761648078454_912349010008_12401_0000.jpg
15,/home/wangqianqian/project/FS/data/28gusui&pizang/03/54/cell_1761648896134_912349010008_86006_0000.png,thumbs/cluster_15/018_cell_1761648896134_912349010008_86006_0000.jpg
15,/home/wangqianqian/project/FS/data/28gusui&pizang/03/45/cell_1761648343930_912349010008_33280_0000.png,thumbs/cluster_15/019_cell_1761648343930_912349010008_33280_0000.jpg
15,/home/wangqianqian/project/FS/data/28gusui&pizang/03/45/cell_1761648315086_912349010008_30740_0100.png,thumbs/cluster_15/020_cell_1761648315086_912349010008_30740_0100.jpg
15,/home/wangqianqian/project/FS/data/28gusui&pizang/03/17/cell_1761646633046_912349010008_83598_0100.png,thumbs/cluster_15/021_cell_1761646633046_912349010008_83598_0100.jpg
15,/home/wangqianqian/project/FS/data/28gusui&pizang/03/09/cell_1761646158822_912349010008_44246_0100.png,thumbs/cluster_15/022_cell_1761646158822_912349010008_44246_0100.jpg
15,/home/wangqianqian/project/FS/data/28gusui&pizang/03/16/cell_1761646580910_912349010008_79281_0100.png,thumbs/cluster_15/023_cell_1761646580910_912349010008_79281_0100.jpg
15,/home/wangqianqian/project/FS/data/28gusui&pizang/03/21/cell_1761646901857_912349010008_106165_0000.png,thumbs/cluster_15/024_cell_1761646901857_912349010008_106165_0000.jpg
15,/home/wangqianqian/project/FS/data/28gusui&pizang/03/14/cell_1761646480886_912349010008_70919_0000.png,thumbs/cluster_15/025_cell_1761646480886_912349010008_70919_0000.jpg
15,/home/wangqianqian/project/FS/data/28gusui&pizang/03/01/cell_1761645718646_912349010008_9665_0000.png,thumbs/cluster_15/026_cell_1761645718646_912349010008_9665_0000.jpg
15,/home/wangqianqian/project/FS/data/28gusui&pizang/03/06/cell_1761645978131_912349010008_29921_0100.png,thumbs/cluster_15/027_cell_1761645978131_912349010008_29921_0100.jpg
15,/home/wangqianqian/project/FS/data/28gusui&pizang/03/20/cell_1761646855197_912349010008_102287_0000.png,thumbs/cluster_15/028_cell_1761646855197_912349010008_102287_0000.jpg
15,/home/wangqianqian/project/FS/data/28gusui&pizang/03/58/cell_1761649081895_912349010008_103159_0000.png,thumbs/cluster_15/029_cell_1761649081895_912349010008_103159_0000.jpg
15,/home/wangqianqian/project/FS/data/28gusui&pizang/03/08/cell_1761646125788_912349010008_41814_0000.png,thumbs/cluster_15/030_cell_1761646125788_912349010008_41814_0000.jpg
15,/home/wangqianqian/project/FS/data/28gusui&pizang/03/21/cell_1761646910199_912349010008_106816_0000.png,thumbs/cluster_15/031_cell_1761646910199_912349010008_106816_0000.jpg
15,/home/wangqianqian/project/FS/data/28gusui&pizang/03/04/cell_1761645891974_912349010008_23172_0000.png,thumbs/cluster_15/032_cell_1761645891974_912349010008_23172_0000.jpg
15,/home/wangqianqian/project/FS/data/28gusui&pizang/03/12/cell_1761646365913_912349010008_61163_0100.png,thumbs/cluster_15/033_cell_1761646365913_912349010008_61163_0100.jpg
15,/home/wangqianqian/project/FS/data/28gusui&pizang/03/49/cell_1761648574957_912349010008_53891_0000.png,thumbs/cluster_15/034_cell_1761648574957_912349010008_53891_0000.jpg
15,/home/wangqianqian/project/FS/data/28gusui&pizang/03/54/cell_1761648886173_912349010008_85067_0000.png,thumbs/cluster_15/035_cell_1761648886173_912349010008_85067_0000.jpg
15,/home/wangqianqian/project/FS/data/28gusui&pizang/03/58/cell_1761649099357_912349010008_105056_0000.png,thumbs/cluster_15/036_cell_1761649099357_912349010008_105056_0000.jpg
15,/home/wangqianqian/project/FS/data/28gusui&pizang/03/08/cell_1761646135659_912349010008_42498_0100.png,thumbs/cluster_15/037_cell_1761646135659_912349010008_42498_0100.jpg
15,/home/wangqianqian/project/FS/data/28gusui&pizang/03/41/cell_1761648061931_912349010008_11388_0100.png,thumbs/cluster_15/038_cell_1761648061931_912349010008_11388_0100.jpg
15,/home/wangqianqian/project/FS/data/28gusui&pizang/03/56/cell_1761648975261_912349010008_92690_0100.png,thumbs/cluster_15/039_cell_1761648975261_912349010008_92690_0100.jpg
15,/home/wangqianqian/project/FS/data/28gusui&pizang/03/05/cell_1761645928113_912349010008_25877_0000.png,thumbs/cluster_15/040_cell_1761645928113_912349010008_25877_0000.jpg
15,/home/wangqianqian/project/FS/data/28gusui&pizang/03/20/cell_1761646847054_912349010008_101560_0100.png,thumbs/cluster_15/041_cell_1761646847054_912349010008_101560_0100.jpg
15,/home/wangqianqian/project/FS/data/28gusui&pizang/03/46/cell_1761648407878_912349010008_38900_0000.png,thumbs/cluster_15/042_cell_1761648407878_912349010008_38900_0000.jpg
15,/home/wangqianqian/project/FS/data/28gusui&pizang/03/54/cell_1761648852903_912349010008_81774_0100.png,thumbs/cluster_15/043_cell_1761648852903_912349010008_81774_0100.jpg
15,/home/wangqianqian/project/FS/data/28gusui&pizang/03/16/cell_1761646615949_912349010008_82109_0000.png,thumbs/cluster_15/044_cell_1761646615949_912349010008_82109_0000.jpg
15,/home/wangqianqian/project/FS/data/28gusui&pizang/03/08/cell_1761646098287_912349010008_39788_0100.png,thumbs/cluster_15/045_cell_1761646098287_912349010008_39788_0100.jpg
15,/home/wangqianqian/project/FS/data/28gusui&pizang/03/17/cell_1761646669429_912349010008_86769_0100.png,thumbs/cluster_15/046_cell_1761646669429_912349010008_86769_0100.jpg
15,/home/wangqianqian/project/FS/data/28gusui&pizang/03/04/cell_1761645882533_912349010008_22506_0000.png,thumbs/cluster_15/047_cell_1761645882533_912349010008_22506_0000.jpg
15,/home/wangqianqian/project/FS/data/28gusui&pizang/03/15/cell_1761646502047_912349010008_72994_0100.png,thumbs/cluster_15/048_cell_1761646502047_912349010008_72994_0100.jpg
15,/home/wangqianqian/project/FS/data/28gusui&pizang/03/07/cell_1761646069774_912349010008_37656_0000.png,thumbs/cluster_15/049_cell_1761646069774_912349010008_37656_0000.jpg
15,/home/wangqianqian/project/FS/data/28gusui&pizang/03/41/cell_1761648077388_912349010008_12333_0100.png,thumbs/cluster_15/050_cell_1761648077388_912349010008_12333_0100.jpg
15,/home/wangqianqian/project/FS/data/28gusui&pizang/03/09/cell_1761646158964_912349010008_44255_0100.png,thumbs/cluster_15/051_cell_1761646158964_912349010008_44255_0100.jpg
15,/home/wangqianqian/project/FS/data/28gusui&pizang/03/59/cell_1761649155105_912349010008_110891_0000.png,thumbs/cluster_15/052_cell_1761649155105_912349010008_110891_0000.jpg
15,/home/wangqianqian/project/FS/data/28gusui&pizang/03/47/cell_1761648479024_912349010008_45444_0000.png,thumbs/cluster_15/053_cell_1761648479024_912349010008_45444_0000.jpg
15,/home/wangqianqian/project/FS/data/28gusui&pizang/03/16/cell_1761646560476_912349010008_77766_0100.png,thumbs/cluster_15/054_cell_1761646560476_912349010008_77766_0100.jpg
15,/home/wangqianqian/project/FS/data/28gusui&pizang/03/46/cell_1761648367474_912349010008_35423_0100.png,thumbs/cluster_15/055_cell_1761648367474_912349010008_35423_0100.jpg
15,/home/wangqianqian/project/FS/data/28gusui&pizang/03/08/cell_1761646130377_912349010008_42137_0100.png,thumbs/cluster_15/056_cell_1761646130377_912349010008_42137_0100.jpg
15,/home/wangqianqian/project/FS/data/28gusui&pizang/03/56/cell_1761649010550_912349010008_95977_0000.png,thumbs/cluster_15/057_cell_1761649010550_912349010008_95977_0000.jpg
15,/home/wangqianqian/project/FS/data/28gusui&pizang/03/56/cell_1761649014889_912349010008_96336_0100.png,thumbs/cluster_15/058_cell_1761649014889_912349010008_96336_0100.jpg
15,/home/wangqianqian/project/FS/data/28gusui&pizang/03/17/cell_1761646667597_912349010008_86611_0000.png,thumbs/cluster_15/059_cell_1761646667597_912349010008_86611_0000.jpg
15,/home/wangqianqian/project/FS/data/28gusui&pizang/03/04/cell_1761645886154_912349010008_22770_0000.png,thumbs/cluster_15/060_cell_1761645886154_912349010008_22770_0000.jpg
15,/home/wangqianqian/project/FS/data/28gusui&pizang/03/44/cell_1761648291983_912349010008_28836_0100.png,thumbs/cluster_15/061_cell_1761648291983_912349010008_28836_0100.jpg
15,/home/wangqianqian/project/FS/data/28gusui&pizang/03/56/cell_1761649009105_912349010008_95828_0100.png,thumbs/cluster_15/062_cell_1761649009105_912349010008_95828_0100.jpg
15,/home/wangqianqian/project/FS/data/28gusui&pizang/03/52/cell_1761648737485_912349010008_70226_0100.png,thumbs/cluster_15/063_cell_1761648737485_912349010008_70226_0100.jpg
15,/home/wangqianqian/project/FS/data/28gusui&pizang/03/40/cell_1761648015339_912349010008_8993_0100.png,thumbs/cluster_15/064_cell_1761648015339_912349010008_8993_0100.jpg
15,/home/wangqianqian/project/FS/data/28gusui&pizang/03/08/cell_1761646107911_912349010008_40509_0000.png,thumbs/cluster_15/065_cell_1761646107911_912349010008_40509_0000.jpg
15,/home/wangqianqian/project/FS/data/28gusui&pizang/03/14/cell_1761646453128_912349010008_68440_0100.png,thumbs/cluster_15/066_cell_1761646453128_912349010008_68440_0100.jpg
15,/home/wangqianqian/project/FS/data/28gusui&pizang/03/15/cell_1761646539789_912349010008_76082_0100.png,thumbs/cluster_15/067_cell_1761646539789_912349010008_76082_0100.jpg
15,/home/wangqianqian/project/FS/data/28gusui&pizang/03/41/cell_1761648088640_912349010008_13124_0100.png,thumbs/cluster_15/068_cell_1761648088640_912349010008_13124_0100.jpg
15,/home/wangqianqian/project/FS/data/28gusui&pizang/03/53/cell_1761648804601_912349010008_77013_0100.png,thumbs/cluster_15/069_cell_1761648804601_912349010008_77013_0100.jpg
15,/home/wangqianqian/project/FS/data/28gusui&pizang/03/54/cell_1761648884059_912349010008_84863_0000.png,thumbs/cluster_15/070_cell_1761648884059_912349010008_84863_0000.jpg
15,/home/wangqianqian/project/FS/data/28gusui&pizang/03/52/cell_1761648776057_912349010008_73924_0100.png,thumbs/cluster_15/071_cell_1761648776057_912349010008_73924_0100.jpg
15,/home/wangqianqian/project/FS/data/28gusui&pizang/03/20/cell_1761646814838_912349010008_98881_0100.png,thumbs/cluster_15/072_cell_1761646814838_912349010008_98881_0100.jpg
15,/home/wangqianqian/project/FS/data/28gusui&pizang/03/58/cell_1761649119862_912349010008_107244_0000.png,thumbs/cluster_15/073_cell_1761649119862_912349010008_107244_0000.jpg
15,/home/wangqianqian/project/FS/data/28gusui&pizang/03/18/cell_1761646699154_912349010008_89372_0100.png,thumbs/cluster_15/074_cell_1761646699154_912349010008_89372_0100.jpg
15,/home/wangqianqian/project/FS/data/28gusui&pizang/03/12/cell_1761646328874_912349010008_58123_0000.png,thumbs/cluster_15/075_cell_1761646328874_912349010008_58123_0000.jpg
15,/home/wangqianqian/project/FS/data/28gusui&pizang/03/50/cell_1761648611188_912349010008_57419_0100.png,thumbs/cluster_15/076_cell_1761648611188_912349010008_57419_0100.jpg
15,/home/wangqianqian/project/FS/data/28gusui&pizang/03/56/cell_1761648998162_912349010008_94827_0000.png,thumbs/cluster_15/077_cell_1761648998162_912349010008_94827_0000.jpg
15,/home/wangqianqian/project/FS/data/28gusui&pizang/03/56/cell_1761648968008_912349010008_92037_0100.png,thumbs/cluster_15/078_cell_1761648968008_912349010008_92037_0100.jpg
15,/home/wangqianqian/project/FS/data/28gusui&pizang/03/54/cell_1761648862502_912349010008_82745_0100.png,thumbs/cluster_15/079_cell_1761648862502_912349010008_82745_0100.jpg
15,/home/wangqianqian/project/FS/data/28gusui&pizang/03/45/cell_1761648335954_912349010008_32541_0100.png,thumbs/cluster_15/080_cell_1761648335954_912349010008_32541_0100.jpg
15,/home/wangqianqian/project/FS/data/28gusui&pizang/03/21/cell_1761646901203_912349010008_106117_0000.png,thumbs/cluster_15/081_cell_1761646901203_912349010008_106117_0000.jpg
15,/home/wangqianqian/project/FS/data/28gusui&pizang/03/52/cell_1761648742312_912349010008_70735_0000.png,thumbs/cluster_15/082_cell_1761648742312_912349010008_70735_0000.jpg
15,/home/wangqianqian/project/FS/data/28gusui&pizang/03/03/cell_1761645811936_912349010008_16575_0000.png,thumbs/cluster_15/083_cell_1761645811936_912349010008_16575_0000.jpg
15,/home/wangqianqian/project/FS/data/28gusui&pizang/03/58/cell_1761649114509_912349010008_106702_0100.png,thumbs/cluster_15/084_cell_1761649114509_912349010008_106702_0100.jpg
15,/home/wangqianqian/project/FS/data/28gusui&pizang/03/19/cell_1761646768876_912349010008_94975_0000.png,thumbs/cluster_15/085_cell_1761646768876_912349010008_94975_0000.jpg
15,/home/wangqianqian/project/FS/data/28gusui&pizang/03/01/cell_1761645715220_912349010008_9370_0100.png,thumbs/cluster_15/086_cell_1761645715220_912349010008_9370_0100.jpg
15,/home/wangqianqian/project/FS/data/28gusui&pizang/03/18/cell_1761646731018_912349010008_91937_0000.png,thumbs/cluster_15/087_cell_1761646731018_912349010008_91937_0000.jpg
15,/home/wangqianqian/project/FS/data/28gusui&pizang/03/56/cell_1761649019946_912349010008_96807_0100.png,thumbs/cluster_15/088_cell_1761649019946_912349010008_96807_0100.jpg
15,/home/wangqianqian/project/FS/data/28gusui&pizang/03/56/cell_1761648991131_912349010008_94121_0100.png,thumbs/cluster_15/089_cell_1761648991131_912349010008_94121_0100.jpg
15,/home/wangqianqian/project/FS/data/28gusui&pizang/03/43/cell_1761648203843_912349010008_21130_0000.png,thumbs/cluster_15/090_cell_1761648203843_912349010008_21130_0000.jpg
15,/home/wangqianqian/project/FS/data/28gusui&pizang/03/42/cell_1761648127736_912349010008_15586_0100.png,thumbs/cluster_15/091_cell_1761648127736_912349010008_15586_0100.jpg
15,/home/wangqianqian/project/FS/data/28gusui&pizang/03/54/cell_1761648855180_912349010008_81970_0100.png,thumbs/cluster_15/092_cell_1761648855180_912349010008_81970_0100.jpg
15,/home/wangqianqian/project/FS/data/28gusui&pizang/03/13/cell_1761646427718_912349010008_66121_0000.png,thumbs/cluster_15/093_cell_1761646427718_912349010008_66121_0000.jpg
15,/home/wangqianqian/project/FS/data/28gusui&pizang/03/55/cell_1761648903055_912349010008_86545_0100.png,thumbs/cluster_15/094_cell_1761648903055_912349010008_86545_0100.jpg
15,/home/wangqianqian/project/FS/data/28gusui&pizang/03/54/cell_1761648864677_912349010008_82935_0000.png,thumbs/cluster_15/095_cell_1761648864677_912349010008_82935_0000.jpg
15,/home/wangqianqian/project/FS/data/28gusui&pizang/03/47/cell_1761648476389_912349010008_45214_0100.png,thumbs/cluster_15/096_cell_1761648476389_912349010008_45214_0100.jpg
15,/home/wangqianqian/project/FS/data/28gusui&pizang/03/07/cell_1761646046695_912349010008_35764_0000.png,thumbs/cluster_15/097_cell_1761646046695_912349010008_35764_0000.jpg
15,/home/wangqianqian/project/FS/data/28gusui&pizang/03/55/cell_1761648924440_912349010008_88263_0000.png,thumbs/cluster_15/098_cell_1761648924440_912349010008_88263_0000.jpg
15,/home/wangqianqian/project/FS/data/28gusui&pizang/03/02/cell_1761645774958_912349010008_13709_0000.png,thumbs/cluster_15/099_cell_1761645774958_912349010008_13709_0000.jpg
16,/home/wangqianqian/project/FS/data/28gusui&pizang/03/51/cell_1761648668576_912349010008_63227_0100.png,thumbs/cluster_16/000_cell_1761648668576_912349010008_63227_0100.jpg
16,/home/wangqianqian/project/FS/data/28gusui&pizang/03/45/cell_1761648312817_912349010008_30552_0100.png,thumbs/cluster_16/001_cell_1761648312817_912349010008_30552_0100.jpg
16,/home/wangqianqian/project/FS/data/28gusui&pizang/03/12/cell_1761646322463_912349010008_57572_0100.png,thumbs/cluster_16/002_cell_1761646322463_912349010008_57572_0100.jpg
16,/home/wangqianqian/project/FS/data/28gusui&pizang/03/55/cell_1761648901203_912349010008_86392_0000.png,thumbs/cluster_16/003_cell_1761648901203_912349010008_86392_0000.jpg
16,/home/wangqianqian/project/FS/data/28gusui&pizang/03/04/cell_1761645888160_912349010008_22918_0100.png,thumbs/cluster_16/004_cell_1761645888160_912349010008_22918_0100.jpg
16,/home/wangqianqian/project/FS/data/28gusui&pizang/03/56/cell_1761648974989_912349010008_92673_0000.png,thumbs/cluster_16/005_cell_1761648974989_912349010008_92673_0000.jpg
16,/home/wangqianqian/project/FS/data/28gusui&pizang/03/18/cell_1761646685035_912349010008_88246_0000.png,thumbs/cluster_16/006_cell_1761646685035_912349010008_88246_0000.jpg
16,/home/wangqianqian/project/FS/data/28gusui&pizang/03/34/cell_1761647696828_912349010008_90_0100.png,thumbs/cluster_16/007_cell_1761647696828_912349010008_90_0100.jpg
16,/home/wangqianqian/project/FS/data/28gusui&pizang/03/47/cell_1761648437209_912349010008_41795_0000.png,thumbs/cluster_16/008_cell_1761648437209_912349010008_41795_0000.jpg
16,/home/wangqianqian/project/FS/data/28gusui&pizang/03/14/cell_1761646451742_912349010008_68331_0000.png,thumbs/cluster_16/009_cell_1761646451742_912349010008_68331_0000.jpg
16,/home/wangqianqian/project/FS/data/28gusui&pizang/03/57/cell_1761649059504_912349010008_100866_0000.png,thumbs/cluster_16/010_cell_1761649059504_912349010008_100866_0000.jpg
16,/home/wangqianqian/project/FS/data/28gusui&pizang/03/49/cell_1761648591018_912349010008_55396_0100.png,thumbs/cluster_16/011_cell_1761648591018_912349010008_55396_0100.jpg
16,/home/wangqianqian/project/FS/data/28gusui&pizang/03/14/cell_1761646463500_912349010008_69367_0000.png,thumbs/cluster_16/012_cell_1761646463500_912349010008_69367_0000.jpg
16,/home/wangqianqian/project/FS/data/28gusui&pizang/03/45/cell_1761648319434_912349010008_31068_0000.png,thumbs/cluster_16/013_cell_1761648319434_912349010008_31068_0000.jpg
16,/home/wangqianqian/project/FS/data/28gusui&pizang/03/43/cell_1761648192769_912349010008_20284_0100.png,thumbs/cluster_16/014_cell_1761648192769_912349010008_20284_0100.jpg
16,/home/wangqianqian/project/FS/data/28gusui&pizang/03/16/cell_1761646587611_912349010008_79749_0100.png,thumbs/cluster_16/015_cell_1761646587611_912349010008_79749_0100.jpg
16,/home/wangqianqian/project/FS/data/28gusui&pizang/03/36/cell_1761647780953_912349010008_403_0000.png,thumbs/cluster_16/016_cell_1761647780953_912349010008_403_0000.jpg
16,/home/wangqianqian/project/FS/data/28gusui&pizang/03/55/cell_1761648930939_912349010008_88905_0100.png,thumbs/cluster_16/017_cell_1761648930939_912349010008_88905_0100.jpg
16,/home/wangqianqian/project/FS/data/28gusui&pizang/03/57/cell_1761649076955_912349010008_102647_0000.png,thumbs/cluster_16/018_cell_1761649076955_912349010008_102647_0000.jpg
16,/home/wangqianqian/project/FS/data/28gusui&pizang/03/44/cell_1761648266521_912349010008_26467_0000.png,thumbs/cluster_16/019_cell_1761648266521_912349010008_26467_0000.jpg
16,/home/wangqianqian/project/FS/data/28gusui&pizang/03/35/cell_1761647718352_912349010008_165_0100.png,thumbs/cluster_16/020_cell_1761647718352_912349010008_165_0100.jpg
16,/home/wangqianqian/project/FS/data/28gusui&pizang/03/56/cell_1761648984467_912349010008_93524_0100.png,thumbs/cluster_16/021_cell_1761648984467_912349010008_93524_0100.jpg
16,/home/wangqianqian/project/FS/data/28gusui&pizang/03/40/cell_1761648018777_912349010008_9169_0100.png,thumbs/cluster_16/022_cell_1761648018777_912349010008_9169_0100.jpg
16,/home/wangqianqian/project/FS/data/28gusui&pizang/03/35/cell_1761647749267_912349010008_244_0100.png,thumbs/cluster_16/023_cell_1761647749267_912349010008_244_0100.jpg
16,/home/wangqianqian/project/FS/data/28gusui&pizang/03/35/cell_1761647718352_912349010008_165_0000.png,thumbs/cluster_16/024_cell_1761647718352_912349010008_165_0000.jpg
16,/home/wangqianqian/project/FS/data/28gusui&pizang/03/49/cell_1761648569488_912349010008_53321_0100.png,thumbs/cluster_16/025_cell_1761648569488_912349010008_53321_0100.jpg
16,/home/wangqianqian/project/FS/data/28gusui&pizang/03/41/cell_1761648119819_912349010008_15038_0100.png,thumbs/cluster_16/026_cell_1761648119819_912349010008_15038_0100.jpg
16,/home/wangqianqian/project/FS/data/28gusui&pizang/03/52/cell_1761648756683_912349010008_72138_0000.png,thumbs/cluster_16/027_cell_1761648756683_912349010008_72138_0000.jpg
16,/home/wangqianqian/project/FS/data/28gusui&pizang/03/14/cell_1761646452542_912349010008_68384_0000.png,thumbs/cluster_16/028_cell_1761646452542_912349010008_68384_0000.jpg
16,/home/wangqianqian/project/FS/data/28gusui&pizang/03/50/cell_1761648640856_912349010008_60398_0000.png,thumbs/cluster_16/029_cell_1761648640856_912349010008_60398_0000.jpg
16,/home/wangqianqian/project/FS/data/28gusui&pizang/03/41/cell_1761648090515_912349010008_13241_0100.png,thumbs/cluster_16/030_cell_1761648090515_912349010008_13241_0100.jpg
16,/home/wangqianqian/project/FS/data/28gusui&pizang/03/51/cell_1761648679862_912349010008_64330_0100.png,thumbs/cluster_16/031_cell_1761648679862_912349010008_64330_0100.jpg
16,/home/wangqianqian/project/FS/data/28gusui&pizang/03/17/cell_1761646666290_912349010008_86493_0100.png,thumbs/cluster_16/032_cell_1761646666290_912349010008_86493_0100.jpg
16,/home/wangqianqian/project/FS/data/28gusui&pizang/03/50/cell_1761648613440_912349010008_57649_0000.png,thumbs/cluster_16/033_cell_1761648613440_912349010008_57649_0000.jpg
16,/home/wangqianqian/project/FS/data/28gusui&pizang/03/40/cell_1761648047005_912349010008_10582_0100.png,thumbs/cluster_16/034_cell_1761648047005_912349010008_10582_0100.jpg
16,/home/wangqianqian/project/FS/data/28gusui&pizang/03/51/cell_1761648677440_912349010008_64060_0000.png,thumbs/cluster_16/035_cell_1761648677440_912349010008_64060_0000.jpg
16,/home/wangqianqian/project/FS/data/28gusui&pizang/03/16/cell_1761646576337_912349010008_78945_0000.png,thumbs/cluster_16/036_cell_1761646576337_912349010008_78945_0000.jpg
16,/home/wangqianqian/project/FS/data/28gusui&pizang/03/55/cell_1761648946432_912349010008_90203_0000.png,thumbs/cluster_16/037_cell_1761648946432_912349010008_90203_0000.jpg
16,/home/wangqianqian/project/FS/data/28gusui&pizang/03/38/cell_1761647933031_912349010008_5503_0100.png,thumbs/cluster_16/038_cell_1761647933031_912349010008_5503_0100.jpg
16,/home/wangqianqian/project/FS/data/28gusui&pizang/03/56/cell_1761648988476_912349010008_93860_0000.png,thumbs/cluster_16/039_cell_1761648988476_912349010008_93860_0000.jpg
16,/home/wangqianqian/project/FS/data/28gusui&pizang/03/47/cell_1761648436540_912349010008_41731_0000.png,thumbs/cluster_16/040_cell_1761648436540_912349010008_41731_0000.jpg
16,/home/wangqianqian/project/FS/data/28gusui&pizang/03/47/cell_1761648451772_912349010008_43101_0000.png,thumbs/cluster_16/041_cell_1761648451772_912349010008_43101_0000.jpg
16,/home/wangqianqian/project/FS/data/28gusui&pizang/03/02/cell_1761645777554_912349010008_13925_0000.png,thumbs/cluster_16/042_cell_1761645777554_912349010008_13925_0000.jpg
16,/home/wangqianqian/project/FS/data/28gusui&pizang/03/39/cell_1761647958222_912349010008_6521_0100.png,thumbs/cluster_16/043_cell_1761647958222_912349010008_6521_0100.jpg
16,/home/wangqianqian/project/FS/data/28gusui&pizang/03/56/cell_1761648986029_912349010008_93665_0100.png,thumbs/cluster_16/044_cell_1761648986029_912349010008_93665_0100.jpg
16,/home/wangqianqian/project/FS/data/28gusui&pizang/03/38/cell_1761647923681_912349010008_5138_0100.png,thumbs/cluster_16/045_cell_1761647923681_912349010008_5138_0100.jpg
16,/home/wangqianqian/project/FS/data/28gusui&pizang/03/43/cell_1761648188470_912349010008_19968_0000.png,thumbs/cluster_16/046_cell_1761648188470_912349010008_19968_0000.jpg
16,/home/wangqianqian/project/FS/data/28gusui&pizang/03/35/cell_1761647754009_912349010008_257_0100.png,thumbs/cluster_16/047_cell_1761647754009_912349010008_257_0100.jpg
16,/home/wangqianqian/project/FS/data/28gusui&pizang/03/39/cell_1761647984015_912349010008_7534_0100.png,thumbs/cluster_16/048_cell_1761647984015_912349010008_7534_0100.jpg
16,/home/wangqianqian/project/FS/data/28gusui&pizang/03/55/cell_1761648914201_912349010008_87431_0000.png,thumbs/cluster_16/049_cell_1761648914201_912349010008_87431_0000.jpg
16,/home/wangqianqian/project/FS/data/28gusui&pizang/03/19/cell_1761646764563_912349010008_94615_0000.png,thumbs/cluster_16/050_cell_1761646764563_912349010008_94615_0000.jpg
16,/home/wangqianqian/project/FS/data/28gusui&pizang/03/54/cell_1761648852446_912349010008_81720_0100.png,thumbs/cluster_16/051_cell_1761648852446_912349010008_81720_0100.jpg
16,/home/wangqianqian/project/FS/data/28gusui&pizang/03/55/cell_1761648931913_912349010008_88983_0000.png,thumbs/cluster_16/052_cell_1761648931913_912349010008_88983_0000.jpg
16,/home/wangqianqian/project/FS/data/28gusui&pizang/03/48/cell_1761648491799_912349010008_46532_0100.png,thumbs/cluster_16/053_cell_1761648491799_912349010008_46532_0100.jpg
16,/home/wangqianqian/project/FS/data/28gusui&pizang/03/13/cell_1761646418611_912349010008_65254_0000.png,thumbs/cluster_16/054_cell_1761646418611_912349010008_65254_0000.jpg
16,/home/wangqianqian/project/FS/data/28gusui&pizang/03/44/cell_1761648274332_912349010008_27226_0000.png,thumbs/cluster_16/055_cell_1761648274332_912349010008_27226_0000.jpg
16,/home/wangqianqian/project/FS/data/28gusui&pizang/03/56/cell_1761648967257_912349010008_91963_0000.png,thumbs/cluster_16/056_cell_1761648967257_912349010008_91963_0000.jpg
16,/home/wangqianqian/project/FS/data/28gusui&pizang/03/16/cell_1761646564936_912349010008_78049_0100.png,thumbs/cluster_16/057_cell_1761646564936_912349010008_78049_0100.jpg
16,/home/wangqianqian/project/FS/data/28gusui&pizang/03/59/cell_1761649150595_912349010008_110379_0000.png,thumbs/cluster_16/058_cell_1761649150595_912349010008_110379_0000.jpg
16,/home/wangqianqian/project/FS/data/28gusui&pizang/03/43/cell_1761648193275_912349010008_20315_0100.png,thumbs/cluster_16/059_cell_1761648193275_912349010008_20315_0100.jpg
16,/home/wangqianqian/project/FS/data/28gusui&pizang/03/46/cell_1761648388515_912349010008_37230_0000.png,thumbs/cluster_16/060_cell_1761648388515_912349010008_37230_0000.jpg
16,/home/wangqianqian/project/FS/data/28gusui&pizang/03/48/cell_1761648523009_912349010008_49060_0100.png,thumbs/cluster_16/061_cell_1761648523009_912349010008_49060_0100.jpg
16,/home/wangqianqian/project/FS/data/28gusui&pizang/03/47/cell_1761648462777_912349010008_44047_0000.png,thumbs/cluster_16/062_cell_1761648462777_912349010008_44047_0000.jpg
16,/home/wangqianqian/project/FS/data/28gusui&pizang/03/50/cell_1761648622062_912349010008_58501_0000.png,thumbs/cluster_16/063_cell_1761648622062_912349010008_58501_0000.jpg
16,/home/wangqianqian/project/FS/data/28gusui&pizang/03/38/cell_1761647919245_912349010008_5020_0100.png,thumbs/cluster_16/064_cell_1761647919245_912349010008_5020_0100.jpg
16,/home/wangqianqian/project/FS/data/28gusui&pizang/03/43/cell_1761648199476_912349010008_20781_0000.png,thumbs/cluster_16/065_cell_1761648199476_912349010008_20781_0000.jpg
16,/home/wangqianqian/project/FS/data/28gusui&pizang/03/14/cell_1761646453913_912349010008_68510_0100.png,thumbs/cluster_16/066_cell_1761646453913_912349010008_68510_0100.jpg
16,/home/wangqianqian/project/FS/data/28gusui&pizang/03/52/cell_1761648757392_912349010008_72207_0100.png,thumbs/cluster_16/067_cell_1761648757392_912349010008_72207_0100.jpg
16,/home/wangqianqian/project/FS/data/28gusui&pizang/03/41/cell_1761648074709_912349010008_12134_0000.png,thumbs/cluster_16/068_cell_1761648074709_912349010008_12134_0000.jpg
16,/home/wangqianqian/project/FS/data/28gusui&pizang/03/13/cell_1761646430816_912349010008_66424_0000.png,thumbs/cluster_16/069_cell_1761646430816_912349010008_66424_0000.jpg
16,/home/wangqianqian/project/FS/data/28gusui&pizang/03/11/cell_1761646291007_912349010008_54872_0000.png,thumbs/cluster_16/070_cell_1761646291007_912349010008_54872_0000.jpg
16,/home/wangqianqian/project/FS/data/28gusui&pizang/03/45/cell_1761648355392_912349010008_34333_0000.png,thumbs/cluster_16/071_cell_1761648355392_912349010008_34333_0000.jpg
16,/home/wangqianqian/project/FS/data/28gusui&pizang/03/43/cell_1761648219488_912349010008_22396_0000.png,thumbs/cluster_16/072_cell_1761648219488_912349010008_22396_0000.jpg
16,/home/wangqianqian/project/FS/data/28gusui&pizang/03/58/cell_1761649139171_912349010008_109194_0100.png,thumbs/cluster_16/073_cell_1761649139171_912349010008_109194_0100.jpg
16,/home/wangqianqian/project/FS/data/28gusui&pizang/03/48/cell_1761648489822_912349010008_46365_0000.png,thumbs/cluster_16/074_cell_1761648489822_912349010008_46365_0000.jpg
16,/home/wangqianqian/project/FS/data/28gusui&pizang/03/41/cell_1761648110959_912349010008_14447_0000.png,thumbs/cluster_16/075_cell_1761648110959_912349010008_14447_0000.jpg
16,/home/wangqianqian/project/FS/data/28gusui&pizang/03/49/cell_1761648549508_912349010008_51466_0100.png,thumbs/cluster_16/076_cell_1761648549508_912349010008_51466_0100.jpg
16,/home/wangqianqian/project/FS/data/28gusui&pizang/03/18/cell_1761646738187_912349010008_92556_0000.png,thumbs/cluster_16/077_cell_1761646738187_912349010008_92556_0000.jpg
16,/home/wangqianqian/project/FS/data/28gusui&pizang/03/45/cell_1761648314573_912349010008_30694_0100.png,thumbs/cluster_16/078_cell_1761648314573_912349010008_30694_0100.jpg
16,/home/wangqianqian/project/FS/data/28gusui&pizang/03/39/cell_1761647955812_912349010008_6438_0000.png,thumbs/cluster_16/079_cell_1761647955812_912349010008_6438_0000.jpg
16,/home/wangqianqian/project/FS/data/28gusui&pizang/03/41/cell_1761648061354_912349010008_11344_0000.png,thumbs/cluster_16/080_cell_1761648061354_912349010008_11344_0000.jpg
16,/home/wangqianqian/project/FS/data/28gusui&pizang/03/40/cell_1761648006082_912349010008_8520_0000.png,thumbs/cluster_16/081_cell_1761648006082_912349010008_8520_0000.jpg
16,/home/wangqianqian/project/FS/data/28gusui&pizang/03/45/cell_1761648306376_912349010008_30012_0100.png,thumbs/cluster_16/082_cell_1761648306376_912349010008_30012_0100.jpg
16,/home/wangqianqian/project/FS/data/28gusui&pizang/03/03/cell_1761645831360_912349010008_18112_0100.png,thumbs/cluster_16/083_cell_1761645831360_912349010008_18112_0100.jpg
16,/home/wangqianqian/project/FS/data/28gusui&pizang/03/39/cell_1761647972716_912349010008_7115_0000.png,thumbs/cluster_16/084_cell_1761647972716_912349010008_7115_0000.jpg
16,/home/wangqianqian/project/FS/data/28gusui&pizang/03/42/cell_1761648132035_912349010008_15888_0000.png,thumbs/cluster_16/085_cell_1761648132035_912349010008_15888_0000.jpg
16,/home/wangqianqian/project/FS/data/28gusui&pizang/03/52/cell_1761648722193_912349010008_68744_0100.png,thumbs/cluster_16/086_cell_1761648722193_912349010008_68744_0100.jpg
16,/home/wangqianqian/project/FS/data/28gusui&pizang/03/57/cell_1761649028620_912349010008_97676_0000.png,thumbs/cluster_16/087_cell_1761649028620_912349010008_97676_0000.jpg
16,/home/wangqianqian/project/FS/data/28gusui&pizang/03/04/cell_1761645856447_912349010008_20211_0000.png,thumbs/cluster_16/088_cell_1761645856447_912349010008_20211_0000.jpg
16,/home/wangqianqian/project/FS/data/28gusui&pizang/03/48/cell_1761648533152_912349010008_49967_0100.png,thumbs/cluster_16/089_cell_1761648533152_912349010008_49967_0100.jpg
16,/home/wangqianqian/project/FS/data/28gusui&pizang/03/45/cell_1761648340812_912349010008_32975_0100.png,thumbs/cluster_16/090_cell_1761648340812_912349010008_32975_0100.jpg
16,/home/wangqianqian/project/FS/data/28gusui&pizang/03/16/cell_1761646587158_912349010008_79715_0000.png,thumbs/cluster_16/091_cell_1761646587158_912349010008_79715_0000.jpg
16,/home/wangqianqian/project/FS/data/28gusui&pizang/03/49/cell_1761648551516_912349010008_51624_0000.png,thumbs/cluster_16/092_cell_1761648551516_912349010008_51624_0000.jpg
16,/home/wangqianqian/project/FS/data/28gusui&pizang/03/43/cell_1761648185273_912349010008_19706_0100.png,thumbs/cluster_16/093_cell_1761648185273_912349010008_19706_0100.jpg
16,/home/wangqianqian/project/FS/data/28gusui&pizang/03/57/cell_1761649064796_912349010008_101403_0000.png,thumbs/cluster_16/094_cell_1761649064796_912349010008_101403_0000.jpg
16,/home/wangqianqian/project/FS/data/28gusui&pizang/03/39/cell_1761647948591_912349010008_6125_0100.png,thumbs/cluster_16/095_cell_1761647948591_912349010008_6125_0100.jpg
16,/home/wangqianqian/project/FS/data/28gusui&pizang/03/06/cell_1761645986041_912349010008_30597_0000.png,thumbs/cluster_16/096_cell_1761645986041_912349010008_30597_0000.jpg
16,/home/wangqianqian/project/FS/data/28gusui&pizang/03/52/cell_1761648739379_912349010008_70449_0100.png,thumbs/cluster_16/097_cell_1761648739379_912349010008_70449_0100.jpg
16,/home/wangqianqian/project/FS/data/28gusui&pizang/03/55/cell_1761648943061_912349010008_89905_0100.png,thumbs/cluster_16/098_cell_1761648943061_912349010008_89905_0100.jpg
16,/home/wangqianqian/project/FS/data/28gusui&pizang/03/57/cell_1761649036714_912349010008_98433_0100.png,thumbs/cluster_16/099_cell_1761649036714_912349010008_98433_0100.jpg
17,/home/wangqianqian/project/FS/data/28gusui&pizang/03/43/cell_1761648218264_912349010008_22314_0100.png,thumbs/cluster_17/000_cell_1761648218264_912349010008_22314_0100.jpg
17,/home/wangqianqian/project/FS/data/28gusui&pizang/03/21/cell_1761646915401_912349010008_107275_0100.png,thumbs/cluster_17/001_cell_1761646915401_912349010008_107275_0100.jpg
17,/home/wangqianqian/project/FS/data/28gusui&pizang/03/40/cell_1761648018166_912349010008_9133_0000.png,thumbs/cluster_17/002_cell_1761648018166_912349010008_9133_0000.jpg
17,/home/wangqianqian/project/FS/data/28gusui&pizang/03/44/cell_1761648245834_912349010008_24649_0100.png,thumbs/cluster_17/003_cell_1761648245834_912349010008_24649_0100.jpg
17,/home/wangqianqian/project/FS/data/28gusui&pizang/03/43/cell_1761648226336_912349010008_22947_0000.png,thumbs/cluster_17/004_cell_1761648226336_912349010008_22947_0000.jpg
17,/home/wangqianqian/project/FS/data/28gusui&pizang/03/53/cell_1761648818759_912349010008_78455_0100.png,thumbs/cluster_17/005_cell_1761648818759_912349010008_78455_0100.jpg
17,/home/wangqianqian/project/FS/data/28gusui&pizang/03/50/cell_1761648633676_912349010008_59661_0000.png,thumbs/cluster_17/006_cell_1761648633676_912349010008_59661_0000.jpg
17,/home/wangqianqian/project/FS/data/28gusui&pizang/03/15/cell_1761646558622_912349010008_77615_0100.png,thumbs/cluster_17/007_cell_1761646558622_912349010008_77615_0100.jpg
17,/home/wangqianqian/project/FS/data/28gusui&pizang/03/11/cell_1761646276109_912349010008_53535_0100.png,thumbs/cluster_17/008_cell_1761646276109_912349010008_53535_0100.jpg
17,/home/wangqianqian/project/FS/data/28gusui&pizang/03/51/cell_1761648699632_912349010008_66413_0100.png,thumbs/cluster_17/009_cell_1761648699632_912349010008_66413_0100.jpg
17,/home/wangqianqian/project/FS/data/28gusui&pizang/03/04/cell_1761645872671_912349010008_21633_0000.png,thumbs/cluster_17/010_cell_1761645872671_912349010008_21633_0000.jpg
17,/home/wangqianqian/project/FS/data/28gusui&pizang/03/21/cell_1761646916628_912349010008_107365_0100.png,thumbs/cluster_17/011_cell_1761646916628_912349010008_107365_0100.jpg
17,/home/wangqianqian/project/FS/data/28gusui&pizang/03/06/cell_1761645982501_912349010008_30293_0100.png,thumbs/cluster_17/012_cell_1761645982501_912349010008_30293_0100.jpg
17,/home/wangqianqian/project/FS/data/28gusui&pizang/03/55/cell_1761648953874_912349010008_90821_0000.png,thumbs/cluster_17/013_cell_1761648953874_912349010008_90821_0000.jpg
17,/home/wangqianqian/project/FS/data/28gusui&pizang/03/55/cell_1761648932061_912349010008_88997_0000.png,thumbs/cluster_17/014_cell_1761648932061_912349010008_88997_0000.jpg
17,/home/wangqianqian/project/FS/data/28gusui&pizang/03/36/cell_1761647771065_912349010008_308_0000.png,thumbs/cluster_17/015_cell_1761647771065_912349010008_308_0000.jpg
17,/home/wangqianqian/project/FS/data/28gusui&pizang/03/40/cell_1761648011842_912349010008_8827_0000.png,thumbs/cluster_17/016_cell_1761648011842_912349010008_8827_0000.jpg
17,/home/wangqianqian/project/FS/data/28gusui&pizang/03/03/cell_1761645797086_912349010008_15439_0000.png,thumbs/cluster_17/017_cell_1761645797086_912349010008_15439_0000.jpg
17,/home/wangqianqian/project/FS/data/28gusui&pizang/03/03/cell_1761645810762_912349010008_16485_0000.png,thumbs/cluster_17/018_cell_1761645810762_912349010008_16485_0000.jpg
17,/home/wangqianqian/project/FS/data/28gusui&pizang/03/14/cell_1761646492056_912349010008_72041_0200.png,thumbs/cluster_17/019_cell_1761646492056_912349010008_72041_0200.jpg
17,/home/wangqianqian/project/FS/data/28gusui&pizang/03/05/cell_1761645948021_912349010008_27467_0100.png,thumbs/cluster_17/020_cell_1761645948021_912349010008_27467_0100.jpg
17,/home/wangqianqian/project/FS/data/28gusui&pizang/03/41/cell_1761648106416_912349010008_14186_0000.png,thumbs/cluster_17/021_cell_1761648106416_912349010008_14186_0000.jpg
17,/home/wangqianqian/project/FS/data/28gusui&pizang/03/58/cell_1761649117167_912349010008_106957_0100.png,thumbs/cluster_17/022_cell_1761649117167_912349010008_106957_0100.jpg
17,/home/wangqianqian/project/FS/data/28gusui&pizang/03/20/cell_1761646824595_912349010008_99700_0100.png,thumbs/cluster_17/023_cell_1761646824595_912349010008_99700_0100.jpg
17,/home/wangqianqian/project/FS/data/28gusui&pizang/03/51/cell_1761648715429_912349010008_68087_0000.png,thumbs/cluster_17/024_cell_1761648715429_912349010008_68087_0000.jpg
17,/home/wangqianqian/project/FS/data/28gusui&pizang/03/16/cell_1761646606270_912349010008_81322_0100.png,thumbs/cluster_17/025_cell_1761646606270_912349010008_81322_0100.jpg
17,/home/wangqianqian/project/FS/data/28gusui&pizang/03/59/cell_1761649162150_912349010008_111674_0100.png,thumbs/cluster_17/026_cell_1761649162150_912349010008_111674_0100.jpg
17,/home/wangqianqian/project/FS/data/28gusui&pizang/03/57/cell_1761649078747_912349010008_102821_0100.png,thumbs/cluster_17/027_cell_1761649078747_912349010008_102821_0100.jpg
17,/home/wangqianqian/project/FS/data/28gusui&pizang/03/38/cell_1761647917971_912349010008_4983_0000.png,thumbs/cluster_17/028_cell_1761647917971_912349010008_4983_0000.jpg
17,/home/wangqianqian/project/FS/data/28gusui&pizang/03/55/cell_1761648926687_912349010008_88519_0000.png,thumbs/cluster_17/029_cell_1761648926687_912349010008_88519_0000.jpg
17,/home/wangqianqian/project/FS/data/28gusui&pizang/03/58/cell_1761649100782_912349010008_105207_0000.png,thumbs/cluster_17/030_cell_1761649100782_912349010008_105207_0000.jpg
17,/home/wangqianqian/project/FS/data/28gusui&pizang/03/52/cell_1761648763330_912349010008_72766_0000.png,thumbs/cluster_17/031_cell_1761648763330_912349010008_72766_0000.jpg
17,/home/wangqianqian/project/FS/data/28gusui&pizang/03/45/cell_1761648358793_912349010008_34644_0000.png,thumbs/cluster_17/032_cell_1761648358793_912349010008_34644_0000.jpg
17,/home/wangqianqian/project/FS/data/28gusui&pizang/03/35/cell_1761647753861_912349010008_255_0100.png,thumbs/cluster_17/033_cell_1761647753861_912349010008_255_0100.jpg
17,/home/wangqianqian/project/FS/data/28gusui&pizang/03/43/cell_1761648208809_912349010008_21585_0100.png,thumbs/cluster_17/034_cell_1761648208809_912349010008_21585_0100.jpg
17,/home/wangqianqian/project/FS/data/28gusui&pizang/03/51/cell_1761648712335_912349010008_67782_0100.png,thumbs/cluster_17/035_cell_1761648712335_912349010008_67782_0100.jpg
17,/home/wangqianqian/project/FS/data/28gusui&pizang/03/04/cell_1761645854517_912349010008_20037_0100.png,thumbs/cluster_17/036_cell_1761645854517_912349010008_20037_0100.jpg
17,/home/wangqianqian/project/FS/data/28gusui&pizang/03/45/cell_1761648343262_912349010008_33216_0000.png,thumbs/cluster_17/037_cell_1761648343262_912349010008_33216_0000.jpg
17,/home/wangqianqian/project/FS/data/28gusui&pizang/03/35/cell_1761647753882_912349010008_256_0000.png,thumbs/cluster_17/038_cell_1761647753882_912349010008_256_0000.jpg
17,/home/wangqianqian/project/FS/data/28gusui&pizang/03/21/cell_1761646891919_912349010008_105315_0000.png,thumbs/cluster_17/039_cell_1761646891919_912349010008_105315_0000.jpg
17,/home/wangqianqian/project/FS/data/28gusui&pizang/03/52/cell_1761648748826_912349010008_71378_0100.png,thumbs/cluster_17/040_cell_1761648748826_912349010008_71378_0100.jpg
17,/home/wangqianqian/project/FS/data/28gusui&pizang/03/44/cell_1761648292648_912349010008_28900_0100.png,thumbs/cluster_17/041_cell_1761648292648_912349010008_28900_0100.jpg
17,/home/wangqianqian/project/FS/data/28gusui&pizang/03/12/cell_1761646320732_912349010008_57463_0100.png,thumbs/cluster_17/042_cell_1761646320732_912349010008_57463_0100.jpg
17,/home/wangqianqian/project/FS/data/28gusui&pizang/03/52/cell_1761648736002_912349010008_70060_0200.png,thumbs/cluster_17/043_cell_1761648736002_912349010008_70060_0200.jpg
17,/home/wangqianqian/project/FS/data/28gusui&pizang/03/13/cell_1761646388657_912349010008_62946_0000.png,thumbs/cluster_17/044_cell_1761646388657_912349010008_62946_0000.jpg
17,/home/wangqianqian/project/FS/data/28gusui&pizang/03/12/cell_1761646330038_912349010008_58219_0000.png,thumbs/cluster_17/045_cell_1761646330038_912349010008_58219_0000.jpg
17,/home/wangqianqian/project/FS/data/28gusui&pizang/03/19/cell_1761646766346_912349010008_94756_0100.png,thumbs/cluster_17/046_cell_1761646766346_912349010008_94756_0100.jpg
17,/home/wangqianqian/project/FS/data/28gusui&pizang/03/53/cell_1761648785616_912349010008_74871_0000.png,thumbs/cluster_17/047_cell_1761648785616_912349010008_74871_0000.jpg
17,/home/wangqianqian/project/FS/data/28gusui&pizang/03/41/cell_1761648098752_912349010008_13764_0100.png,thumbs/cluster_17/048_cell_1761648098752_912349010008_13764_0100.jpg
17,/home/wangqianqian/project/FS/data/28gusui&pizang/03/42/cell_1761648162066_912349010008_18038_0100.png,thumbs/cluster_17/049_cell_1761648162066_912349010008_18038_0100.jpg
17,/home/wangqianqian/project/FS/data/28gusui&pizang/03/46/cell_1761648408352_912349010008_38951_0000.png,thumbs/cluster_17/050_cell_1761648408352_912349010008_38951_0000.jpg
17,/home/wangqianqian/project/FS/data/28gusui&pizang/03/40/cell_1761648043844_912349010008_10396_0100.png,thumbs/cluster_17/051_cell_1761648043844_912349010008_10396_0100.jpg
17,/home/wangqianqian/project/FS/data/28gusui&pizang/03/18/cell_1761646683456_912349010008_88079_0100.png,thumbs/cluster_17/052_cell_1761646683456_912349010008_88079_0100.jpg
17,/home/wangqianqian/project/FS/data/28gusui&pizang/03/44/cell_1761648286059_912349010008_28309_0000.png,thumbs/cluster_17/053_cell_1761648286059_912349010008_28309_0000.jpg
17,/home/wangqianqian/project/FS/data/28gusui&pizang/03/35/cell_1761647708260_912349010008_133_0000.png,thumbs/cluster_17/054_cell_1761647708260_912349010008_133_0000.jpg
17,/home/wangqianqian/project/FS/data/28gusui&pizang/03/08/cell_1761646089407_912349010008_39133_0000.png,thumbs/cluster_17/055_cell_1761646089407_912349010008_39133_0000.jpg
17,/home/wangqianqian/project/FS/data/28gusui&pizang/03/21/cell_1761646910985_912349010008_106901_0100.png,thumbs/cluster_17/056_cell_1761646910985_912349010008_106901_0100.jpg
17,/home/wangqianqian/project/FS/data/28gusui&pizang/03/03/cell_1761645799746_912349010008_15637_0000.png,thumbs/cluster_17/057_cell_1761645799746_912349010008_15637_0000.jpg
17,/home/wangqianqian/project/FS/data/28gusui&pizang/03/11/cell_1761646290691_912349010008_54838_0100.png,thumbs/cluster_17/058_cell_1761646290691_912349010008_54838_0100.jpg
17,/home/wangqianqian/project/FS/data/28gusui&pizang/03/18/cell_1761646722962_912349010008_91218_0000.png,thumbs/cluster_17/059_cell_1761646722962_912349010008_91218_0000.jpg
17,/home/wangqianqian/project/FS/data/28gusui&pizang/03/05/cell_1761645936776_912349010008_26525_0100.png,thumbs/cluster_17/060_cell_1761645936776_912349010008_26525_0100.jpg
17,/home/wangqianqian/project/FS/data/28gusui&pizang/03/35/cell_1761647708767_912349010008_134_0000.png,thumbs/cluster_17/061_cell_1761647708767_912349010008_134_0000.jpg
17,/home/wangqianqian/project/FS/data/28gusui&pizang/03/12/cell_1761646340055_912349010008_59009_0100.png,thumbs/cluster_17/062_cell_1761646340055_912349010008_59009_0100.jpg
17,/home/wangqianqian/project/FS/data/28gusui&pizang/03/55/cell_1761648908834_912349010008_87007_0100.png,thumbs/cluster_17/063_cell_1761648908834_912349010008_87007_0100.jpg
17,/home/wangqianqian/project/FS/data/28gusui&pizang/03/44/cell_1761648263719_912349010008_26190_0000.png,thumbs/cluster_17/064_cell_1761648263719_912349010008_26190_0000.jpg
17,/home/wangqianqian/project/FS/data/28gusui&pizang/03/48/cell_1761648531516_912349010008_49795_0200.png,thumbs/cluster_17/065_cell_1761648531516_912349010008_49795_0200.jpg
17,/home/wangqianqian/project/FS/data/28gusui&pizang/03/49/cell_1761648583210_912349010008_54636_0000.png,thumbs/cluster_17/066_cell_1761648583210_912349010008_54636_0000.jpg
17,/home/wangqianqian/project/FS/data/28gusui&pizang/03/59/cell_1761649171244_912349010008_112644_0000.png,thumbs/cluster_17/067_cell_1761649171244_912349010008_112644_0000.jpg
17,/home/wangqianqian/project/FS/data/28gusui&pizang/03/02/cell_1761645752284_912349010008_12075_0000.png,thumbs/cluster_17/068_cell_1761645752284_912349010008_12075_0000.jpg
17,/home/wangqianqian/project/FS/data/28gusui&pizang/03/11/cell_1761646304527_912349010008_56099_0100.png,thumbs/cluster_17/069_cell_1761646304527_912349010008_56099_0100.jpg
17,/home/wangqianqian/project/FS/data/28gusui&pizang/03/44/cell_1761648297054_912349010008_29250_0000.png,thumbs/cluster_17/070_cell_1761648297054_912349010008_29250_0000.jpg
17,/home/wangqianqian/project/FS/data/28gusui&pizang/03/41/cell_1761648097408_912349010008_13678_0000.png,thumbs/cluster_17/071_cell_1761648097408_912349010008_13678_0000.jpg
17,/home/wangqianqian/project/FS/data/28gusui&pizang/03/48/cell_1761648480894_912349010008_45621_0000.png,thumbs/cluster_17/072_cell_1761648480894_912349010008_45621_0000.jpg
17,/home/wangqianqian/project/FS/data/28gusui&pizang/03/21/cell_1761646869869_912349010008_103580_0100.png,thumbs/cluster_17/073_cell_1761646869869_912349010008_103580_0100.jpg
17,/home/wangqianqian/project/FS/data/28gusui&pizang/03/10/cell_1761646238746_912349010008_50513_0000.png,thumbs/cluster_17/074_cell_1761646238746_912349010008_50513_0000.jpg
17,/home/wangqianqian/project/FS/data/28gusui&pizang/03/55/cell_1761648947119_912349010008_90254_0100.png,thumbs/cluster_17/075_cell_1761648947119_912349010008_90254_0100.jpg
17,/home/wangqianqian/project/FS/data/28gusui&pizang/03/06/cell_1761646006443_912349010008_32252_0000.png,thumbs/cluster_17/076_cell_1761646006443_912349010008_32252_0000.jpg
17,/home/wangqianqian/project/FS/data/28gusui&pizang/03/45/cell_1761648304860_912349010008_29885_0100.png,thumbs/cluster_17/077_cell_1761648304860_912349010008_29885_0100.jpg
17,/home/wangqianqian/project/FS/data/28gusui&pizang/03/50/cell_1761648635083_912349010008_59821_0100.png,thumbs/cluster_17/078_cell_1761648635083_912349010008_59821_0100.jpg
17,/home/wangqianqian/project/FS/data/28gusui&pizang/03/34/cell_1761647694334_912349010008_77_0000.png,thumbs/cluster_17/079_cell_1761647694334_912349010008_77_0000.jpg
17,/home/wangqianqian/project/FS/data/28gusui&pizang/03/11/cell_1761646315590_912349010008_57021_0000.png,thumbs/cluster_17/080_cell_1761646315590_912349010008_57021_0000.jpg
17,/home/wangqianqian/project/FS/data/28gusui&pizang/03/59/cell_1761649172254_912349010008_112754_0000.png,thumbs/cluster_17/081_cell_1761649172254_912349010008_112754_0000.jpg
17,/home/wangqianqian/project/FS/data/28gusui&pizang/03/42/cell_1761648160210_912349010008_17948_0100.png,thumbs/cluster_17/082_cell_1761648160210_912349010008_17948_0100.jpg
17,/home/wangqianqian/project/FS/data/28gusui&pizang/03/49/cell_1761648585334_912349010008_54818_0000.png,thumbs/cluster_17/083_cell_1761648585334_912349010008_54818_0000.jpg
17,/home/wangqianqian/project/FS/data/28gusui&pizang/03/21/cell_1761646861338_912349010008_102846_0100.png,thumbs/cluster_17/084_cell_1761646861338_912349010008_102846_0100.jpg
17,/home/wangqianqian/project/FS/data/28gusui&pizang/03/20/cell_1761646827905_912349010008_100002_0100.png,thumbs/cluster_17/085_cell_1761646827905_912349010008_100002_0100.jpg
17,/home/wangqianqian/project/FS/data/28gusui&pizang/03/51/cell_1761648665315_912349010008_62918_0100.png,thumbs/cluster_17/086_cell_1761648665315_912349010008_62918_0100.jpg
17,/home/wangqianqian/project/FS/data/28gusui&pizang/03/48/cell_1761648536582_912349010008_50289_0000.png,thumbs/cluster_17/087_cell_1761648536582_912349010008_50289_0000.jpg
17,/home/wangqianqian/project/FS/data/28gusui&pizang/03/19/cell_1761646745470_912349010008_93121_0000.png,thumbs/cluster_17/088_cell_1761646745470_912349010008_93121_0000.jpg
17,/home/wangqianqian/project/FS/data/28gusui&pizang/03/51/cell_1761648671737_912349010008_63515_0000.png,thumbs/cluster_17/089_cell_1761648671737_912349010008_63515_0000.jpg
17,/home/wangqianqian/project/FS/data/28gusui&pizang/03/49/cell_1761648580845_912349010008_54437_0000.png,thumbs/cluster_17/090_cell_1761648580845_912349010008_54437_0000.jpg
17,/home/wangqianqian/project/FS/data/28gusui&pizang/03/21/cell_1761646909841_912349010008_106780_0100.png,thumbs/cluster_17/091_cell_1761646909841_912349010008_106780_0100.jpg
17,/home/wangqianqian/project/FS/data/28gusui&pizang/03/17/cell_1761646676702_912349010008_87476_0100.png,thumbs/cluster_17/092_cell_1761646676702_912349010008_87476_0100.jpg
17,/home/wangqianqian/project/FS/data/28gusui&pizang/03/38/cell_1761647911739_912349010008_4776_0000.png,thumbs/cluster_17/093_cell_1761647911739_912349010008_4776_0000.jpg
17,/home/wangqianqian/project/FS/data/28gusui&pizang/03/02/cell_1761645777836_912349010008_13956_0000.png,thumbs/cluster_17/094_cell_1761645777836_912349010008_13956_0000.jpg
17,/home/wangqianqian/project/FS/data/28gusui&pizang/03/42/cell_1761648169987_912349010008_18617_0200.png,thumbs/cluster_17/095_cell_1761648169987_912349010008_18617_0200.jpg
17,/home/wangqianqian/project/FS/data/28gusui&pizang/03/41/cell_1761648065702_912349010008_11624_0000.png,thumbs/cluster_17/096_cell_1761648065702_912349010008_11624_0000.jpg
17,/home/wangqianqian/project/FS/data/28gusui&pizang/03/40/cell_1761648032476_912349010008_9914_0000.png,thumbs/cluster_17/097_cell_1761648032476_912349010008_9914_0000.jpg
17,/home/wangqianqian/project/FS/data/28gusui&pizang/03/43/cell_1761648223826_912349010008_22729_0100.png,thumbs/cluster_17/098_cell_1761648223826_912349010008_22729_0100.jpg
17,/home/wangqianqian/project/FS/data/28gusui&pizang/03/16/cell_1761646573208_912349010008_78696_0000.png,thumbs/cluster_17/099_cell_1761646573208_912349010008_78696_0000.jpg
