image_path,cluster_label
/home/wangqianqian/project/FS/data/28gusui&pizang/03/36/cell_1761647790082_912349010008_589_0100.png,0
/home/wangqianqian/project/FS/data/28gusui&pizang/03/42/cell_1761648132428_912349010008_15929_0100.png,0
/home/wangqianqian/project/FS/data/28gusui&pizang/03/51/cell_1761648689916_912349010008_65368_0000.png,0
/home/wangqianqian/project/FS/data/28gusui&pizang/03/51/cell_1761648719673_912349010008_68495_0100.png,0
/home/wangqianqian/project/FS/data/28gusui&pizang/03/44/cell_1761648243447_912349010008_24429_0100.png,0
/home/wangqianqian/project/FS/data/28gusui&pizang/03/50/cell_1761648601643_912349010008_56548_0000.png,0
/home/wangqianqian/project/FS/data/28gusui&pizang/03/44/cell_1761648276007_912349010008_27408_0000.png,0
/home/wangqianqian/project/FS/data/28gusui&pizang/03/48/cell_1761648514215_912349010008_48373_0000.png,0
/home/wangqianqian/project/FS/data/28gusui&pizang/03/55/cell_1761648953874_912349010008_90821_0000.png,0
/home/wangqianqian/project/FS/data/28gusui&pizang/03/41/cell_1761648062871_912349010008_11454_0100.png,0
/home/wangqianqian/project/FS/data/28gusui&pizang/03/46/cell_1761648369528_912349010008_35585_0100.png,0
/home/wangqianqian/project/FS/data/28gusui&pizang/03/40/cell_1761648029482_912349010008_9744_0000.png,0
/home/wangqianqian/project/FS/data/28gusui&pizang/03/53/cell_1761648785616_912349010008_74871_0100.png,0
/home/wangqianqian/project/FS/data/28gusui&pizang/03/49/cell_1761648599665_912349010008_56344_0100.png,0
/home/wangqianqian/project/FS/data/28gusui&pizang/03/43/cell_1761648230911_912349010008_23341_0000.png,0
/home/wangqianqian/project/FS/data/28gusui&pizang/03/35/cell_1761647710190_912349010008_145_0100.png,0
/home/wangqianqian/project/FS/data/28gusui&pizang/03/45/cell_1761648323195_912349010008_31367_0100.png,0
/home/wangqianqian/project/FS/data/28gusui&pizang/03/35/cell_1761647759341_912349010008_272_0000.png,0
/home/wangqianqian/project/FS/data/28gusui&pizang/03/54/cell_1761648877924_912349010008_84262_0100.png,0
/home/wangqianqian/project/FS/data/28gusui&pizang/03/47/cell_1761648451538_912349010008_43071_0000.png,0
/home/wangqianqian/project/FS/data/28gusui&pizang/03/51/cell_1761648706656_912349010008_67153_0000.png,0
/home/wangqianqian/project/FS/data/28gusui&pizang/03/49/cell_1761648562699_912349010008_52643_0000.png,0
/home/wangqianqian/project/FS/data/28gusui&pizang/03/47/cell_1761648453300_912349010008_43229_0100.png,0
/home/wangqianqian/project/FS/data/28gusui&pizang/03/58/cell_1761649091322_912349010008_104208_0100.png,0
/home/wangqianqian/project/FS/data/28gusui&pizang/03/52/cell_1761648728780_912349010008_69352_0000.png,0
/home/wangqianqian/project/FS/data/28gusui&pizang/03/43/cell_1761648237244_912349010008_23876_0000.png,0
/home/wangqianqian/project/FS/data/28gusui&pizang/03/53/cell_1761648831500_912349010008_79613_0000.png,0
/home/wangqianqian/project/FS/data/28gusui&pizang/03/48/cell_1761648501774_912349010008_47384_0100.png,0
/home/wangqianqian/project/FS/data/28gusui&pizang/03/46/cell_1761648361709_912349010008_34910_0000.png,0
/home/wangqianqian/project/FS/data/28gusui&pizang/03/35/cell_1761647706904_912349010008_128_0100.png,0
/home/wangqianqian/project/FS/data/28gusui&pizang/03/45/cell_1761648351744_912349010008_33985_0000.png,0
/home/wangqianqian/project/FS/data/28gusui&pizang/03/36/cell_1761647765703_912349010008_282_0000.png,0
/home/wangqianqian/project/FS/data/28gusui&pizang/03/44/cell_1761648262168_912349010008_26054_0100.png,0
/home/wangqianqian/project/FS/data/28gusui&pizang/03/49/cell_1761648570207_912349010008_53394_0100.png,0
/home/wangqianqian/project/FS/data/28gusui&pizang/03/56/cell_1761649003629_912349010008_95336_0100.png,0
/home/wangqianqian/project/FS/data/28gusui&pizang/03/40/cell_1761648037411_912349010008_10145_0000.png,0
/home/wangqianqian/project/FS/data/28gusui&pizang/03/45/cell_1761648354212_912349010008_34215_0000.png,0
/home/wangqianqian/project/FS/data/28gusui&pizang/03/48/cell_1761648500436_912349010008_47260_0000.png,0
/home/wangqianqian/project/FS/data/28gusui&pizang/03/46/cell_1761648408552_912349010008_38969_0100.png,0
/home/wangqianqian/project/FS/data/28gusui&pizang/03/56/cell_1761648963823_912349010008_91687_0100.png,0
/home/wangqianqian/project/FS/data/28gusui&pizang/03/50/cell_1761648650779_912349010008_61433_0100.png,0
/home/wangqianqian/project/FS/data/28gusui&pizang/03/53/cell_1761648836519_912349010008_80085_0100.png,0
/home/wangqianqian/project/FS/data/28gusui&pizang/03/38/cell_1761647938856_912349010008_5728_0100.png,0
/home/wangqianqian/project/FS/data/28gusui&pizang/03/50/cell_1761648601643_912349010008_56548_0100.png,0
/home/wangqianqian/project/FS/data/28gusui&pizang/03/48/cell_1761648509049_912349010008_48003_0000.png,0
/home/wangqianqian/project/FS/data/28gusui&pizang/03/42/cell_1761648121749_912349010008_15156_0000.png,0
/home/wangqianqian/project/FS/data/28gusui&pizang/03/48/cell_1761648522488_912349010008_49020_0100.png,0
/home/wangqianqian/project/FS/data/28gusui&pizang/03/41/cell_1761648077678_912349010008_12345_0000.png,0
/home/wangqianqian/project/FS/data/28gusui&pizang/03/52/cell_1761648754984_912349010008_71981_0000.png,0
/home/wangqianqian/project/FS/data/28gusui&pizang/03/49/cell_1761648595057_912349010008_55851_0000.png,0
/home/wangqianqian/project/FS/data/28gusui&pizang/03/51/cell_1761648688222_912349010008_65217_0000.png,0
/home/wangqianqian/project/FS/data/28gusui&pizang/03/48/cell_1761648489182_912349010008_46329_0100.png,0
/home/wangqianqian/project/FS/data/28gusui&pizang/03/52/cell_1761648757687_912349010008_72239_0000.png,0
/home/wangqianqian/project/FS/data/28gusui&pizang/03/56/cell_1761648991436_912349010008_94159_0100.png,0
/home/wangqianqian/project/FS/data/28gusui&pizang/03/35/cell_1761647734766_912349010008_210_0100.png,0
/home/wangqianqian/project/FS/data/28gusui&pizang/03/42/cell_1761648177766_912349010008_19147_0100.png,0
/home/wangqianqian/project/FS/data/28gusui&pizang/03/59/cell_1761649171244_912349010008_112644_0100.png,0
/home/wangqianqian/project/FS/data/28gusui&pizang/03/36/cell_1761647769815_912349010008_301_0000.png,0
/home/wangqianqian/project/FS/data/28gusui&pizang/03/42/cell_1761648160210_912349010008_17948_0100.png,0
/home/wangqianqian/project/FS/data/28gusui&pizang/03/50/cell_1761648646124_912349010008_60975_0000.png,0
/home/wangqianqian/project/FS/data/28gusui&pizang/03/52/cell_1761648758442_912349010008_72318_0000.png,0
/home/wangqianqian/project/FS/data/28gusui&pizang/03/47/cell_1761648432544_912349010008_41269_0000.png,0
/home/wangqianqian/project/FS/data/28gusui&pizang/03/41/cell_1761648077678_912349010008_12345_0100.png,0
/home/wangqianqian/project/FS/data/28gusui&pizang/03/51/cell_1761648673039_912349010008_63647_0100.png,0
/home/wangqianqian/project/FS/data/28gusui&pizang/03/39/cell_1761647997904_912349010008_8108_0000.png,0
/home/wangqianqian/project/FS/data/28gusui&pizang/03/44/cell_1761648286059_912349010008_28309_0100.png,0
/home/wangqianqian/project/FS/data/28gusui&pizang/03/56/cell_1761648977971_912349010008_92945_0100.png,0
/home/wangqianqian/project/FS/data/28gusui&pizang/03/35/cell_1761647722605_912349010008_175_0000.png,0
/home/wangqianqian/project/FS/data/28gusui&pizang/03/35/cell_1761647726935_912349010008_191_0000.png,0
/home/wangqianqian/project/FS/data/28gusui&pizang/03/38/cell_1761647900473_912349010008_4460_0000.png,0
/home/wangqianqian/project/FS/data/28gusui&pizang/03/55/cell_1761648926687_912349010008_88519_0100.png,0
/home/wangqianqian/project/FS/data/28gusui&pizang/03/48/cell_1761648480894_912349010008_45621_0000.png,0
/home/wangqianqian/project/FS/data/28gusui&pizang/03/45/cell_1761648304468_912349010008_29852_0000.png,0
/home/wangqianqian/project/FS/data/28gusui&pizang/03/41/cell_1761648087024_912349010008_13027_0100.png,0
/home/wangqianqian/project/FS/data/28gusui&pizang/03/49/cell_1761648571705_912349010008_53557_0100.png,0
/home/wangqianqian/project/FS/data/28gusui&pizang/03/47/cell_1761648426006_912349010008_40642_0000.png,0
/home/wangqianqian/project/FS/data/28gusui&pizang/03/35/cell_1761647757150_912349010008_264_0100.png,0
/home/wangqianqian/project/FS/data/28gusui&pizang/03/46/cell_1761648361389_912349010008_34876_0100.png,0
/home/wangqianqian/project/FS/data/28gusui&pizang/03/53/cell_1761648784829_912349010008_74787_0100.png,0
/home/wangqianqian/project/FS/data/28gusui&pizang/03/48/cell_1761648536582_912349010008_50289_0100.png,0
/home/wangqianqian/project/FS/data/28gusui&pizang/03/44/cell_1761648249148_912349010008_24948_0000.png,0
/home/wangqianqian/project/FS/data/28gusui&pizang/03/58/cell_1761649091559_912349010008_104247_0000.png,0
/home/wangqianqian/project/FS/data/28gusui&pizang/03/47/cell_1761648478458_912349010008_45385_0000.png,0
/home/wangqianqian/project/FS/data/28gusui&pizang/03/52/cell_1761648767578_912349010008_73149_0100.png,0
/home/wangqianqian/project/FS/data/28gusui&pizang/03/51/cell_1761648685461_912349010008_64912_0000.png,0
/home/wangqianqian/project/FS/data/28gusui&pizang/03/59/cell_1761649156412_912349010008_111035_0100.png,0
/home/wangqianqian/project/FS/data/28gusui&pizang/03/58/cell_1761649084580_912349010008_103434_0100.png,0
/home/wangqianqian/project/FS/data/28gusui&pizang/03/35/cell_1761647707565_912349010008_129_0000.png,0
/home/wangqianqian/project/FS/data/28gusui&pizang/03/49/cell_1761648580614_912349010008_54418_0000.png,0
/home/wangqianqian/project/FS/data/28gusui&pizang/03/42/cell_1761648137666_912349010008_16312_0000.png,0
/home/wangqianqian/project/FS/data/28gusui&pizang/03/55/cell_1761648953968_912349010008_90825_0000.png,0
/home/wangqianqian/project/FS/data/28gusui&pizang/03/40/cell_1761648011842_912349010008_8827_0100.png,0
/home/wangqianqian/project/FS/data/28gusui&pizang/03/36/cell_1761647788859_912349010008_566_0100.png,0
/home/wangqianqian/project/FS/data/28gusui&pizang/03/59/cell_1761649170765_912349010008_112593_0100.png,0
/home/wangqianqian/project/FS/data/28gusui&pizang/03/42/cell_1761648155863_912349010008_17633_0000.png,0
/home/wangqianqian/project/FS/data/28gusui&pizang/03/41/cell_1761648119027_912349010008_14974_0000.png,0
/home/wangqianqian/project/FS/data/28gusui&pizang/03/46/cell_1761648379556_912349010008_36472_0000.png,0
/home/wangqianqian/project/FS/data/28gusui&pizang/03/47/cell_1761648473301_912349010008_44933_0100.png,0
/home/wangqianqian/project/FS/data/28gusui&pizang/03/54/cell_1761648859357_912349010008_82392_0000.png,0
/home/wangqianqian/project/FS/data/28gusui&pizang/03/41/cell_1761648076549_912349010008_12263_0000.png,0
/home/wangqianqian/project/FS/data/28gusui&pizang/03/47/cell_1761648471964_912349010008_44809_0100.png,1
/home/wangqianqian/project/FS/data/28gusui&pizang/03/47/cell_1761648430108_912349010008_41020_0000.png,1
/home/wangqianqian/project/FS/data/28gusui&pizang/03/54/cell_1761648883152_912349010008_84774_0100.png,1
/home/wangqianqian/project/FS/data/28gusui&pizang/03/48/cell_1761648500898_912349010008_47311_0000.png,1
/home/wangqianqian/project/FS/data/28gusui&pizang/03/59/cell_1761649145618_912349010008_109889_0000.png,1
/home/wangqianqian/project/FS/data/28gusui&pizang/03/54/cell_1761648867616_912349010008_83238_0100.png,1
/home/wangqianqian/project/FS/data/28gusui&pizang/03/57/cell_1761649040060_912349010008_98771_0100.png,1
/home/wangqianqian/project/FS/data/28gusui&pizang/03/54/cell_1761648868408_912349010008_83313_0000.png,1
/home/wangqianqian/project/FS/data/28gusui&pizang/03/48/cell_1761648538864_912349010008_50473_0000.png,1
/home/wangqianqian/project/FS/data/28gusui&pizang/03/58/cell_1761649091724_912349010008_104269_0100.png,1
/home/wangqianqian/project/FS/data/28gusui&pizang/03/55/cell_1761648943631_912349010008_89950_0000.png,1
/home/wangqianqian/project/FS/data/28gusui&pizang/03/40/cell_1761648059834_912349010008_11264_0100.png,1
/home/wangqianqian/project/FS/data/28gusui&pizang/03/57/cell_1761649065532_912349010008_101488_0000.png,1
/home/wangqianqian/project/FS/data/28gusui&pizang/03/58/cell_1761649101562_912349010008_105282_0000.png,1
/home/wangqianqian/project/FS/data/28gusui&pizang/03/48/cell_1761648516573_912349010008_48552_0000.png,1
/home/wangqianqian/project/FS/data/28gusui&pizang/03/38/cell_1761647921579_912349010008_5087_0000.png,1
/home/wangqianqian/project/FS/data/28gusui&pizang/03/56/cell_1761648989830_912349010008_93999_0100.png,1
/home/wangqianqian/project/FS/data/28gusui&pizang/03/48/cell_1761648499167_912349010008_47175_0100.png,1
/home/wangqianqian/project/FS/data/28gusui&pizang/03/50/cell_1761648644947_912349010008_60817_0100.png,1
/home/wangqianqian/project/FS/data/28gusui&pizang/03/59/cell_1761649151934_912349010008_110533_0100.png,1
/home/wangqianqian/project/FS/data/28gusui&pizang/03/45/cell_1761648340498_912349010008_32944_0100.png,1
/home/wangqianqian/project/FS/data/28gusui&pizang/03/52/cell_1761648729875_912349010008_69458_0000.png,1
/home/wangqianqian/project/FS/data/28gusui&pizang/03/52/cell_1761648741685_912349010008_70668_0000.png,1
/home/wangqianqian/project/FS/data/28gusui&pizang/03/50/cell_1761648615645_912349010008_57878_0000.png,1
/home/wangqianqian/project/FS/data/28gusui&pizang/03/56/cell_1761648971496_912349010008_92394_0100.png,1
/home/wangqianqian/project/FS/data/28gusui&pizang/03/47/cell_1761648446819_912349010008_42665_0000.png,1
/home/wangqianqian/project/FS/data/28gusui&pizang/03/58/cell_1761649088007_912349010008_103829_0000.png,1
/home/wangqianqian/project/FS/data/28gusui&pizang/03/45/cell_1761648348056_912349010008_33679_0000.png,1
/home/wangqianqian/project/FS/data/28gusui&pizang/03/58/cell_1761649128541_912349010008_108127_0100.png,1
/home/wangqianqian/project/FS/data/28gusui&pizang/03/47/cell_1761648427169_912349010008_40759_0100.png,1
/home/wangqianqian/project/FS/data/28gusui&pizang/03/44/cell_1761648245191_912349010008_24578_0100.png,1
/home/wangqianqian/project/FS/data/28gusui&pizang/03/56/cell_1761648997835_912349010008_94802_0000.png,1
/home/wangqianqian/project/FS/data/28gusui&pizang/03/55/cell_1761648932304_912349010008_89021_0000.png,1
/home/wangqianqian/project/FS/data/28gusui&pizang/03/49/cell_1761648587616_912349010008_55059_0100.png,1
/home/wangqianqian/project/FS/data/28gusui&pizang/03/51/cell_1761648718232_912349010008_68356_0000.png,1
/home/wangqianqian/project/FS/data/28gusui&pizang/03/57/cell_1761649060651_912349010008_100978_0000.png,1
/home/wangqianqian/project/FS/data/28gusui&pizang/03/48/cell_1761648537971_912349010008_50407_0100.png,1
/home/wangqianqian/project/FS/data/28gusui&pizang/03/57/cell_1761649047689_912349010008_99634_0100.png,1
/home/wangqianqian/project/FS/data/28gusui&pizang/03/55/cell_1761648943450_912349010008_89932_0000.png,1
/home/wangqianqian/project/FS/data/28gusui&pizang/03/52/cell_1761648721949_912349010008_68719_0100.png,1
/home/wangqianqian/project/FS/data/28gusui&pizang/03/52/cell_1761648774068_912349010008_73737_0100.png,1
/home/wangqianqian/project/FS/data/28gusui&pizang/03/50/cell_1761648659150_912349010008_62317_0000.png,1
/home/wangqianqian/project/FS/data/28gusui&pizang/03/43/cell_1761648206373_912349010008_21380_0100.png,1
/home/wangqianqian/project/FS/data/28gusui&pizang/03/43/cell_1761648239998_912349010008_24130_0100.png,1
/home/wangqianqian/project/FS/data/28gusui&pizang/03/56/cell_1761649009772_912349010008_95902_0100.png,1
/home/wangqianqian/project/FS/data/28gusui&pizang/03/59/cell_1761649149934_912349010008_110299_0000.png,1
/home/wangqianqian/project/FS/data/28gusui&pizang/03/42/cell_1761648163860_912349010008_18124_0100.png,1
/home/wangqianqian/project/FS/data/28gusui&pizang/03/57/cell_1761649076521_912349010008_102609_0100.png,1
/home/wangqianqian/project/FS/data/28gusui&pizang/03/49/cell_1761648550937_912349010008_51585_0100.png,1
/home/wangqianqian/project/FS/data/28gusui&pizang/03/54/cell_1761648891416_912349010008_85600_0100.png,1
/home/wangqianqian/project/FS/data/28gusui&pizang/03/47/cell_1761648473594_912349010008_44970_0100.png,1
/home/wangqianqian/project/FS/data/28gusui&pizang/03/44/cell_1761648260872_912349010008_25955_0100.png,1
/home/wangqianqian/project/FS/data/28gusui&pizang/03/50/cell_1761648643188_912349010008_60618_0000.png,1
/home/wangqianqian/project/FS/data/28gusui&pizang/03/56/cell_1761648965031_912349010008_91788_0000.png,1
/home/wangqianqian/project/FS/data/28gusui&pizang/03/48/cell_1761648491114_912349010008_46476_0100.png,1
/home/wangqianqian/project/FS/data/28gusui&pizang/03/52/cell_1761648729659_912349010008_69443_0100.png,1
/home/wangqianqian/project/FS/data/28gusui&pizang/03/58/cell_1761649125442_912349010008_107794_0000.png,1
/home/wangqianqian/project/FS/data/28gusui&pizang/03/43/cell_1761648202403_912349010008_21019_0000.png,1
/home/wangqianqian/project/FS/data/28gusui&pizang/03/59/cell_1761649145143_912349010008_109844_0000.png,1
/home/wangqianqian/project/FS/data/28gusui&pizang/03/54/cell_1761648848789_912349010008_81321_0100.png,1
/home/wangqianqian/project/FS/data/28gusui&pizang/03/47/cell_1761648455302_912349010008_43398_0100.png,1
/home/wangqianqian/project/FS/data/28gusui&pizang/03/40/cell_1761648025329_912349010008_9504_0000.png,1
/home/wangqianqian/project/FS/data/28gusui&pizang/03/44/cell_1761648279799_912349010008_27746_0100.png,1
/home/wangqianqian/project/FS/data/28gusui&pizang/03/51/cell_1761648693574_912349010008_65781_0000.png,1
/home/wangqianqian/project/FS/data/28gusui&pizang/03/47/cell_1761648452855_912349010008_43196_0100.png,1
/home/wangqianqian/project/FS/data/28gusui&pizang/03/47/cell_1761648422735_912349010008_40356_0000.png,1
/home/wangqianqian/project/FS/data/28gusui&pizang/03/42/cell_1761648172692_912349010008_18800_0100.png,1
/home/wangqianqian/project/FS/data/28gusui&pizang/03/52/cell_1761648739038_912349010008_70401_0000.png,1
/home/wangqianqian/project/FS/data/28gusui&pizang/03/48/cell_1761648499673_912349010008_47207_0000.png,1
/home/wangqianqian/project/FS/data/28gusui&pizang/03/47/cell_1761648437514_912349010008_41827_0100.png,1
/home/wangqianqian/project/FS/data/28gusui&pizang/03/50/cell_1761648639653_912349010008_60285_0000.png,1
/home/wangqianqian/project/FS/data/28gusui&pizang/03/49/cell_1761648593162_912349010008_55607_0100.png,1
/home/wangqianqian/project/FS/data/28gusui&pizang/03/54/cell_1761648872882_912349010008_83745_0100.png,1
/home/wangqianqian/project/FS/data/28gusui&pizang/03/44/cell_1761648281109_912349010008_27858_0100.png,1
/home/wangqianqian/project/FS/data/28gusui&pizang/03/44/cell_1761648258553_912349010008_25749_0000.png,1
/home/wangqianqian/project/FS/data/28gusui&pizang/03/56/cell_1761649016217_912349010008_96446_0000.png,1
/home/wangqianqian/project/FS/data/28gusui&pizang/03/36/cell_1761647782093_912349010008_425_0000.png,1
/home/wangqianqian/project/FS/data/28gusui&pizang/03/56/cell_1761649018644_912349010008_96688_0000.png,1
/home/wangqianqian/project/FS/data/28gusui&pizang/03/54/cell_1761648872353_912349010008_83708_0100.png,1
/home/wangqianqian/project/FS/data/28gusui&pizang/03/45/cell_1761648338871_912349010008_32782_0000.png,1
/home/wangqianqian/project/FS/data/28gusui&pizang/03/55/cell_1761648926175_912349010008_88459_0000.png,1
/home/wangqianqian/project/FS/data/28gusui&pizang/03/42/cell_1761648133288_912349010008_15998_0000.png,1
/home/wangqianqian/project/FS/data/28gusui&pizang/03/54/cell_1761648888491_912349010008_85312_0100.png,1
/home/wangqianqian/project/FS/data/28gusui&pizang/03/46/cell_1761648416050_912349010008_39687_0000.png,1
/home/wangqianqian/project/FS/data/28gusui&pizang/03/38/cell_1761647919603_912349010008_5032_0100.png,1
/home/wangqianqian/project/FS/data/28gusui&pizang/03/45/cell_1761648357865_912349010008_34532_0000.png,1
/home/wangqianqian/project/FS/data/28gusui&pizang/03/40/cell_1761648032133_912349010008_9891_0000.png,1
/home/wangqianqian/project/FS/data/28gusui&pizang/03/52/cell_1761648770717_912349010008_73456_0000.png,1
/home/wangqianqian/project/FS/data/28gusui&pizang/03/39/cell_1761647993111_912349010008_7920_0100.png,1
/home/wangqianqian/project/FS/data/28gusui&pizang/03/47/cell_1761648472611_912349010008_44877_0000.png,1
/home/wangqianqian/project/FS/data/28gusui&pizang/03/59/cell_1761649172602_912349010008_112787_0000.png,1
/home/wangqianqian/project/FS/data/28gusui&pizang/03/49/cell_1761648545529_912349010008_51088_0000.png,1
/home/wangqianqian/project/FS/data/28gusui&pizang/03/42/cell_1761648168859_912349010008_18523_0100.png,1
/home/wangqianqian/project/FS/data/28gusui&pizang/03/49/cell_1761648596020_912349010008_55983_0000.png,1
/home/wangqianqian/project/FS/data/28gusui&pizang/03/44/cell_1761648299581_912349010008_29445_0000.png,1
/home/wangqianqian/project/FS/data/28gusui&pizang/03/48/cell_1761648533416_912349010008_49989_0000.png,1
/home/wangqianqian/project/FS/data/28gusui&pizang/03/56/cell_1761648969597_912349010008_92181_0100.png,1
/home/wangqianqian/project/FS/data/28gusui&pizang/03/55/cell_1761648932652_912349010008_89050_0100.png,1
/home/wangqianqian/project/FS/data/28gusui&pizang/03/38/cell_1761647904424_912349010008_4583_0000.png,1
/home/wangqianqian/project/FS/data/28gusui&pizang/03/41/cell_1761648103747_912349010008_14031_0000.png,1
/home/wangqianqian/project/FS/data/28gusui&pizang/03/49/cell_1761648598967_912349010008_56284_0100.png,2
/home/wangqianqian/project/FS/data/28gusui&pizang/03/43/cell_1761648228820_912349010008_23160_0000.png,2
/home/wangqianqian/project/FS/data/28gusui&pizang/03/39/cell_1761647941924_912349010008_5867_0100.png,2
/home/wangqianqian/project/FS/data/28gusui&pizang/03/56/cell_1761649002030_912349010008_95186_0000.png,2
/home/wangqianqian/project/FS/data/28gusui&pizang/03/52/cell_1761648759333_912349010008_72396_0100.png,2
/home/wangqianqian/project/FS/data/28gusui&pizang/03/36/cell_1761647772339_912349010008_312_0100.png,2
/home/wangqianqian/project/FS/data/28gusui&pizang/03/51/cell_1761648710194_912349010008_67545_0100.png,2
/home/wangqianqian/project/FS/data/28gusui&pizang/03/50/cell_1761648653578_912349010008_61739_0100.png,2
/home/wangqianqian/project/FS/data/28gusui&pizang/03/42/cell_1761648178945_912349010008_19250_0000.png,2
/home/wangqianqian/project/FS/data/28gusui&pizang/03/57/cell_1761649037108_912349010008_98487_0100.png,2
/home/wangqianqian/project/FS/data/28gusui&pizang/03/36/cell_1761647791447_912349010008_609_0100.png,2
/home/wangqianqian/project/FS/data/28gusui&pizang/03/55/cell_1761648930939_912349010008_88905_0000.png,2
/home/wangqianqian/project/FS/data/28gusui&pizang/03/50/cell_1761648622062_912349010008_58501_0000.png,2
/home/wangqianqian/project/FS/data/28gusui&pizang/03/43/cell_1761648237914_912349010008_23936_0100.png,2
/home/wangqianqian/project/FS/data/28gusui&pizang/03/42/cell_1761648122348_912349010008_15213_0000.png,2
/home/wangqianqian/project/FS/data/28gusui&pizang/03/46/cell_1761648396599_912349010008_37947_0100.png,2
/home/wangqianqian/project/FS/data/28gusui&pizang/03/47/cell_1761648446158_912349010008_42598_0000.png,2
/home/wangqianqian/project/FS/data/28gusui&pizang/03/43/cell_1761648237364_912349010008_23894_0100.png,2
/home/wangqianqian/project/FS/data/28gusui&pizang/03/59/cell_1761649178933_912349010008_113401_0100.png,2
/home/wangqianqian/project/FS/data/28gusui&pizang/03/47/cell_1761648478827_912349010008_45420_0100.png,2
/home/wangqianqian/project/FS/data/28gusui&pizang/03/50/cell_1761648606478_912349010008_56997_0000.png,2
/home/wangqianqian/project/FS/data/28gusui&pizang/03/48/cell_1761648529642_912349010008_49619_0100.png,2
/home/wangqianqian/project/FS/data/28gusui&pizang/03/48/cell_1761648519144_912349010008_48758_0100.png,2
/home/wangqianqian/project/FS/data/28gusui&pizang/03/50/cell_1761648659954_912349010008_62404_0100.png,2
/home/wangqianqian/project/FS/data/28gusui&pizang/03/57/cell_1761649028620_912349010008_97676_0100.png,2
/home/wangqianqian/project/FS/data/28gusui&pizang/03/40/cell_1761648032261_912349010008_9897_0100.png,2
/home/wangqianqian/project/FS/data/28gusui&pizang/03/58/cell_1761649136518_912349010008_108933_0000.png,2
/home/wangqianqian/project/FS/data/28gusui&pizang/03/47/cell_1761648449238_912349010008_42891_0100.png,2
/home/wangqianqian/project/FS/data/28gusui&pizang/03/51/cell_1761648688858_912349010008_65281_0100.png,2
/home/wangqianqian/project/FS/data/28gusui&pizang/03/44/cell_1761648299240_912349010008_29423_0000.png,2
/home/wangqianqian/project/FS/data/28gusui&pizang/03/45/cell_1761648349096_912349010008_33755_0100.png,2
/home/wangqianqian/project/FS/data/28gusui&pizang/03/54/cell_1761648849887_912349010008_81435_0100.png,2
/home/wangqianqian/project/FS/data/28gusui&pizang/03/50/cell_1761648610099_912349010008_57313_0000.png,2
/home/wangqianqian/project/FS/data/28gusui&pizang/03/41/cell_1761648061354_912349010008_11344_0000.png,2
/home/wangqianqian/project/FS/data/28gusui&pizang/03/46/cell_1761648419793_912349010008_40060_0100.png,2
/home/wangqianqian/project/FS/data/28gusui&pizang/03/49/cell_1761648568228_912349010008_53210_0000.png,2
/home/wangqianqian/project/FS/data/28gusui&pizang/03/49/cell_1761648591018_912349010008_55396_0100.png,2
/home/wangqianqian/project/FS/data/28gusui&pizang/03/43/cell_1761648199476_912349010008_20781_0100.png,2
/home/wangqianqian/project/FS/data/28gusui&pizang/03/49/cell_1761648587048_912349010008_55012_0000.png,2
/home/wangqianqian/project/FS/data/28gusui&pizang/03/45/cell_1761648308289_912349010008_30162_0000.png,2
/home/wangqianqian/project/FS/data/28gusui&pizang/03/53/cell_1761648797067_912349010008_76169_0000.png,2
/home/wangqianqian/project/FS/data/28gusui&pizang/03/49/cell_1761648589531_912349010008_55229_0000.png,2
/home/wangqianqian/project/FS/data/28gusui&pizang/03/54/cell_1761648888001_912349010008_85260_0000.png,2
/home/wangqianqian/project/FS/data/28gusui&pizang/03/42/cell_1761648122212_912349010008_15188_0000.png,2
/home/wangqianqian/project/FS/data/28gusui&pizang/03/49/cell_1761648584222_912349010008_54717_0100.png,2
/home/wangqianqian/project/FS/data/28gusui&pizang/03/50/cell_1761648619748_912349010008_58295_0000.png,2
/home/wangqianqian/project/FS/data/28gusui&pizang/03/49/cell_1761648563038_912349010008_52683_0000.png,2
/home/wangqianqian/project/FS/data/28gusui&pizang/03/34/cell_1761647697041_912349010008_91_0000.png,2
/home/wangqianqian/project/FS/data/28gusui&pizang/03/48/cell_1761648538106_912349010008_50425_0000.png,2
/home/wangqianqian/project/FS/data/28gusui&pizang/03/35/cell_1761647740752_912349010008_227_0000.png,2
/home/wangqianqian/project/FS/data/28gusui&pizang/03/52/cell_1761648776689_912349010008_73978_0000.png,2
/home/wangqianqian/project/FS/data/28gusui&pizang/03/41/cell_1761648093856_912349010008_13470_0000.png,2
/home/wangqianqian/project/FS/data/28gusui&pizang/03/35/cell_1761647754900_912349010008_260_0000.png,2
/home/wangqianqian/project/FS/data/28gusui&pizang/03/50/cell_1761648615584_912349010008_57865_0000.png,2
/home/wangqianqian/project/FS/data/28gusui&pizang/03/41/cell_1761648116692_912349010008_14829_0000.png,2
/home/wangqianqian/project/FS/data/28gusui&pizang/03/36/cell_1761647798682_912349010008_799_0100.png,2
/home/wangqianqian/project/FS/data/28gusui&pizang/03/40/cell_1761648009144_912349010008_8680_0100.png,2
/home/wangqianqian/project/FS/data/28gusui&pizang/03/50/cell_1761648607842_912349010008_57116_0000.png,2
/home/wangqianqian/project/FS/data/28gusui&pizang/03/39/cell_1761647945121_912349010008_6005_0000.png,2
/home/wangqianqian/project/FS/data/28gusui&pizang/03/53/cell_1761648829811_912349010008_79455_0100.png,2
/home/wangqianqian/project/FS/data/28gusui&pizang/03/38/cell_1761647936957_912349010008_5664_0000.png,2
/home/wangqianqian/project/FS/data/28gusui&pizang/03/38/cell_1761647905986_912349010008_4628_0000.png,2
/home/wangqianqian/project/FS/data/28gusui&pizang/03/38/cell_1761647921674_912349010008_5090_0000.png,2
/home/wangqianqian/project/FS/data/28gusui&pizang/03/40/cell_1761648032261_912349010008_9897_0000.png,2
/home/wangqianqian/project/FS/data/28gusui&pizang/03/51/cell_1761648668576_912349010008_63227_0100.png,2
/home/wangqianqian/project/FS/data/28gusui&pizang/03/51/cell_1761648686266_912349010008_64995_0000.png,2
/home/wangqianqian/project/FS/data/28gusui&pizang/03/50/cell_1761648626202_912349010008_58918_0100.png,2
/home/wangqianqian/project/FS/data/28gusui&pizang/03/54/cell_1761648862961_912349010008_82800_0000.png,2
/home/wangqianqian/project/FS/data/28gusui&pizang/03/42/cell_1761648123644_912349010008_15293_0000.png,2
/home/wangqianqian/project/FS/data/28gusui&pizang/03/38/cell_1761647933046_912349010008_5507_0000.png,2
/home/wangqianqian/project/FS/data/28gusui&pizang/03/47/cell_1761648448629_912349010008_42833_0000.png,2
/home/wangqianqian/project/FS/data/28gusui&pizang/03/44/cell_1761648290884_912349010008_28728_0100.png,2
/home/wangqianqian/project/FS/data/28gusui&pizang/03/51/cell_1761648677440_912349010008_64060_0000.png,2
/home/wangqianqian/project/FS/data/28gusui&pizang/03/59/cell_1761649165144_912349010008_111985_0000.png,2
/home/wangqianqian/project/FS/data/28gusui&pizang/03/38/cell_1761647939667_912349010008_5780_0100.png,2
/home/wangqianqian/project/FS/data/28gusui&pizang/03/40/cell_1761648045622_912349010008_10496_0000.png,2
/home/wangqianqian/project/FS/data/28gusui&pizang/03/38/cell_1761647918113_912349010008_4993_0000.png,2
/home/wangqianqian/project/FS/data/28gusui&pizang/03/38/cell_1761647910118_912349010008_4745_0000.png,2
/home/wangqianqian/project/FS/data/28gusui&pizang/03/47/cell_1761648451772_912349010008_43101_0000.png,2
/home/wangqianqian/project/FS/data/28gusui&pizang/03/51/cell_1761648709976_912349010008_67525_0000.png,2
/home/wangqianqian/project/FS/data/28gusui&pizang/03/42/cell_1761648122348_912349010008_15213_0100.png,2
/home/wangqianqian/project/FS/data/28gusui&pizang/03/51/cell_1761648706477_912349010008_67139_0100.png,2
/home/wangqianqian/project/FS/data/28gusui&pizang/03/57/cell_1761649053618_912349010008_100230_0100.png,2
/home/wangqianqian/project/FS/data/28gusui&pizang/03/55/cell_1761648951991_912349010008_90645_0100.png,2
/home/wangqianqian/project/FS/data/28gusui&pizang/03/49/cell_1761648589605_912349010008_55236_0000.png,2
/home/wangqianqian/project/FS/data/28gusui&pizang/03/52/cell_1761648758934_912349010008_72356_0000.png,2
/home/wangqianqian/project/FS/data/28gusui&pizang/03/45/cell_1761648314281_912349010008_30671_0000.png,2
/home/wangqianqian/project/FS/data/28gusui&pizang/03/35/cell_1761647705439_912349010008_117_0100.png,2
/home/wangqianqian/project/FS/data/28gusui&pizang/03/47/cell_1761648427956_912349010008_40823_0100.png,2
/home/wangqianqian/project/FS/data/28gusui&pizang/03/56/cell_1761649018757_912349010008_96698_0000.png,2
/home/wangqianqian/project/FS/data/28gusui&pizang/03/47/cell_1761648473551_912349010008_44962_0000.png,2
/home/wangqianqian/project/FS/data/28gusui&pizang/03/44/cell_1761648278423_912349010008_27623_0000.png,2
/home/wangqianqian/project/FS/data/28gusui&pizang/03/41/cell_1761648060894_912349010008_11318_0100.png,2
/home/wangqianqian/project/FS/data/28gusui&pizang/03/51/cell_1761648668345_912349010008_63208_0000.png,2
/home/wangqianqian/project/FS/data/28gusui&pizang/03/47/cell_1761648462777_912349010008_44047_0000.png,2
/home/wangqianqian/project/FS/data/28gusui&pizang/03/53/cell_1761648813083_912349010008_77877_0100.png,2
/home/wangqianqian/project/FS/data/28gusui&pizang/03/45/cell_1761648349096_912349010008_33755_0000.png,2
/home/wangqianqian/project/FS/data/28gusui&pizang/03/51/cell_1761648684763_912349010008_64835_0100.png,2
/home/wangqianqian/project/FS/data/28gusui&pizang/03/34/cell_1761647696828_912349010008_90_0000.png,2
/home/wangqianqian/project/FS/data/28gusui&pizang/03/47/cell_1761648469385_912349010008_44590_0000.png,2
/home/wangqianqian/project/FS/data/28gusui&pizang/03/52/cell_1761648736052_912349010008_70066_0000.png,3
/home/wangqianqian/project/FS/data/28gusui&pizang/03/59/cell_1761649150553_912349010008_110375_0100.png,3
/home/wangqianqian/project/FS/data/28gusui&pizang/03/59/cell_1761649169110_912349010008_112380_0000.png,3
/home/wangqianqian/project/FS/data/28gusui&pizang/03/59/cell_1761649177605_912349010008_113292_0000.png,3
/home/wangqianqian/project/FS/data/28gusui&pizang/03/42/cell_1761648127257_912349010008_15556_0000.png,3
/home/wangqianqian/project/FS/data/28gusui&pizang/03/38/cell_1761647918984_912349010008_5013_0000.png,3
/home/wangqianqian/project/FS/data/28gusui&pizang/03/39/cell_1761647943490_912349010008_5927_0000.png,3
/home/wangqianqian/project/FS/data/28gusui&pizang/03/55/cell_1761648901337_912349010008_86402_0000.png,3
/home/wangqianqian/project/FS/data/28gusui&pizang/03/42/cell_1761648174522_912349010008_18948_0100.png,3
/home/wangqianqian/project/FS/data/28gusui&pizang/03/48/cell_1761648537159_912349010008_50333_0100.png,3
/home/wangqianqian/project/FS/data/28gusui&pizang/03/57/cell_1761649035708_912349010008_98354_0100.png,3
/home/wangqianqian/project/FS/data/28gusui&pizang/03/54/cell_1761648870837_912349010008_83544_0000.png,3
/home/wangqianqian/project/FS/data/28gusui&pizang/03/52/cell_1761648752705_912349010008_71745_0100.png,3
/home/wangqianqian/project/FS/data/28gusui&pizang/03/48/cell_1761648499981_912349010008_47234_0000.png,3
/home/wangqianqian/project/FS/data/28gusui&pizang/03/35/cell_1761647730888_912349010008_198_0100.png,3
/home/wangqianqian/project/FS/data/28gusui&pizang/03/46/cell_1761648363579_912349010008_35068_0100.png,3
/home/wangqianqian/project/FS/data/28gusui&pizang/03/38/cell_1761647939812_912349010008_5791_0000.png,3
/home/wangqianqian/project/FS/data/28gusui&pizang/03/57/cell_1761649029028_912349010008_97715_0000.png,3
/home/wangqianqian/project/FS/data/28gusui&pizang/03/43/cell_1761648205422_912349010008_21284_0000.png,3
/home/wangqianqian/project/FS/data/28gusui&pizang/03/50/cell_1761648633580_912349010008_59653_0100.png,3
/home/wangqianqian/project/FS/data/28gusui&pizang/03/53/cell_1761648831712_912349010008_79627_0000.png,3
/home/wangqianqian/project/FS/data/28gusui&pizang/03/48/cell_1761648532351_912349010008_49882_0100.png,3
/home/wangqianqian/project/FS/data/28gusui&pizang/03/57/cell_1761649071941_912349010008_102136_0100.png,3
/home/wangqianqian/project/FS/data/28gusui&pizang/03/51/cell_1761648695180_912349010008_65929_0000.png,3
/home/wangqianqian/project/FS/data/28gusui&pizang/03/44/cell_1761648289473_912349010008_28648_0100.png,3
/home/wangqianqian/project/FS/data/28gusui&pizang/03/43/cell_1761648215356_912349010008_22118_0100.png,3
/home/wangqianqian/project/FS/data/28gusui&pizang/03/46/cell_1761648363381_912349010008_35030_0100.png,3
/home/wangqianqian/project/FS/data/28gusui&pizang/03/41/cell_1761648112317_912349010008_14531_0100.png,3
/home/wangqianqian/project/FS/data/28gusui&pizang/03/47/cell_1761648459350_912349010008_43759_0100.png,3
/home/wangqianqian/project/FS/data/28gusui&pizang/03/39/cell_1761647993696_912349010008_7941_0000.png,3
/home/wangqianqian/project/FS/data/28gusui&pizang/03/57/cell_1761649035422_912349010008_98329_0000.png,3
/home/wangqianqian/project/FS/data/28gusui&pizang/03/48/cell_1761648537424_912349010008_50353_0100.png,3
/home/wangqianqian/project/FS/data/28gusui&pizang/03/51/cell_1761648719387_912349010008_68467_0100.png,3
/home/wangqianqian/project/FS/data/28gusui&pizang/03/53/cell_1761648801033_912349010008_76591_0000.png,3
/home/wangqianqian/project/FS/data/28gusui&pizang/03/58/cell_1761649132798_912349010008_108552_0000.png,3
/home/wangqianqian/project/FS/data/28gusui&pizang/03/56/cell_1761648982578_912349010008_93349_0100.png,3
/home/wangqianqian/project/FS/data/28gusui&pizang/03/44/cell_1761648264643_912349010008_26289_0000.png,3
/home/wangqianqian/project/FS/data/28gusui&pizang/03/42/cell_1761648138722_912349010008_16400_0100.png,3
/home/wangqianqian/project/FS/data/28gusui&pizang/03/39/cell_1761647983031_912349010008_7475_0000.png,3
/home/wangqianqian/project/FS/data/28gusui&pizang/03/46/cell_1761648414848_912349010008_39566_0000.png,3
/home/wangqianqian/project/FS/data/28gusui&pizang/03/41/cell_1761648092219_912349010008_13372_0100.png,3
/home/wangqianqian/project/FS/data/28gusui&pizang/03/58/cell_1761649105005_912349010008_105627_0000.png,3
/home/wangqianqian/project/FS/data/28gusui&pizang/03/43/cell_1761648210949_912349010008_21766_0000.png,3
/home/wangqianqian/project/FS/data/28gusui&pizang/03/52/cell_1761648759253_912349010008_72388_0000.png,3
/home/wangqianqian/project/FS/data/28gusui&pizang/03/42/cell_1761648134634_912349010008_16098_0000.png,3
/home/wangqianqian/project/FS/data/28gusui&pizang/03/53/cell_1761648807765_912349010008_77339_0000.png,3
/home/wangqianqian/project/FS/data/28gusui&pizang/03/55/cell_1761648900741_912349010008_86367_0000.png,3
/home/wangqianqian/project/FS/data/28gusui&pizang/03/52/cell_1761648763750_912349010008_72804_0000.png,3
/home/wangqianqian/project/FS/data/28gusui&pizang/03/38/cell_1761647916427_912349010008_4927_0000.png,3
/home/wangqianqian/project/FS/data/28gusui&pizang/03/55/cell_1761648945720_912349010008_90135_0100.png,3
/home/wangqianqian/project/FS/data/28gusui&pizang/03/58/cell_1761649111981_912349010008_106407_0000.png,3
/home/wangqianqian/project/FS/data/28gusui&pizang/03/43/cell_1761648223192_912349010008_22685_0000.png,3
/home/wangqianqian/project/FS/data/28gusui&pizang/03/54/cell_1761648895399_912349010008_85919_0000.png,3
/home/wangqianqian/project/FS/data/28gusui&pizang/03/41/cell_1761648117488_912349010008_14887_0100.png,3
/home/wangqianqian/project/FS/data/28gusui&pizang/03/50/cell_1761648608858_912349010008_57196_0000.png,3
/home/wangqianqian/project/FS/data/28gusui&pizang/03/46/cell_1761648379407_912349010008_36456_0000.png,3
/home/wangqianqian/project/FS/data/28gusui&pizang/03/44/cell_1761648280540_912349010008_27808_0100.png,3
/home/wangqianqian/project/FS/data/28gusui&pizang/03/39/cell_1761647966304_912349010008_6849_0100.png,3
/home/wangqianqian/project/FS/data/28gusui&pizang/03/50/cell_1761648601924_912349010008_56568_0100.png,3
/home/wangqianqian/project/FS/data/28gusui&pizang/03/39/cell_1761647952602_912349010008_6308_0000.png,3
/home/wangqianqian/project/FS/data/28gusui&pizang/03/59/cell_1761649145034_912349010008_109833_0000.png,3
/home/wangqianqian/project/FS/data/28gusui&pizang/03/49/cell_1761648590547_912349010008_55362_0000.png,3
/home/wangqianqian/project/FS/data/28gusui&pizang/03/43/cell_1761648208355_912349010008_21553_0100.png,3
/home/wangqianqian/project/FS/data/28gusui&pizang/03/45/cell_1761648339018_912349010008_32804_0000.png,3
/home/wangqianqian/project/FS/data/28gusui&pizang/03/44/cell_1761648297440_912349010008_29277_0000.png,3
/home/wangqianqian/project/FS/data/28gusui&pizang/03/48/cell_1761648521029_912349010008_48896_0000.png,3
/home/wangqianqian/project/FS/data/28gusui&pizang/03/47/cell_1761648435635_912349010008_41618_0000.png,3
/home/wangqianqian/project/FS/data/28gusui&pizang/03/47/cell_1761648461234_912349010008_43916_0000.png,3
/home/wangqianqian/project/FS/data/28gusui&pizang/03/50/cell_1761648644785_912349010008_60799_0100.png,3
/home/wangqianqian/project/FS/data/28gusui&pizang/03/57/cell_1761649049588_912349010008_99813_0000.png,3
/home/wangqianqian/project/FS/data/28gusui&pizang/03/49/cell_1761648586606_912349010008_54960_0000.png,3
/home/wangqianqian/project/FS/data/28gusui&pizang/03/41/cell_1761648079474_912349010008_12481_0000.png,3
/home/wangqianqian/project/FS/data/28gusui&pizang/03/53/cell_1761648796921_912349010008_76159_0100.png,3
/home/wangqianqian/project/FS/data/28gusui&pizang/03/50/cell_1761648655237_912349010008_61938_0100.png,3
/home/wangqianqian/project/FS/data/28gusui&pizang/03/55/cell_1761648907284_912349010008_86881_0000.png,3
/home/wangqianqian/project/FS/data/28gusui&pizang/03/44/cell_1761648260101_912349010008_25876_0100.png,3
/home/wangqianqian/project/FS/data/28gusui&pizang/03/49/cell_1761648587614_912349010008_55058_0000.png,3
/home/wangqianqian/project/FS/data/28gusui&pizang/03/45/cell_1761648330436_912349010008_32053_0100.png,3
/home/wangqianqian/project/FS/data/28gusui&pizang/03/49/cell_1761648584027_912349010008_54697_0100.png,3
/home/wangqianqian/project/FS/data/28gusui&pizang/03/52/cell_1761648730293_912349010008_69491_0100.png,3
/home/wangqianqian/project/FS/data/28gusui&pizang/03/41/cell_1761648090715_912349010008_13253_0100.png,3
/home/wangqianqian/project/FS/data/28gusui&pizang/03/51/cell_1761648709086_912349010008_67413_0000.png,3
/home/wangqianqian/project/FS/data/28gusui&pizang/03/52/cell_1761648755357_912349010008_72025_0000.png,3
/home/wangqianqian/project/FS/data/28gusui&pizang/03/42/cell_1761648121251_912349010008_15125_0000.png,3
/home/wangqianqian/project/FS/data/28gusui&pizang/03/40/cell_1761648053465_912349010008_10906_0100.png,3
/home/wangqianqian/project/FS/data/28gusui&pizang/03/42/cell_1761648160776_912349010008_17982_0000.png,3
/home/wangqianqian/project/FS/data/28gusui&pizang/03/41/cell_1761648079833_912349010008_12507_0000.png,3
/home/wangqianqian/project/FS/data/28gusui&pizang/03/52/cell_1761648761938_912349010008_72631_0000.png,3
/home/wangqianqian/project/FS/data/28gusui&pizang/03/51/cell_1761648666397_912349010008_63024_0000.png,3
/home/wangqianqian/project/FS/data/28gusui&pizang/03/46/cell_1761648380512_912349010008_36552_0100.png,3
/home/wangqianqian/project/FS/data/28gusui&pizang/03/47/cell_1761648432590_912349010008_41278_0100.png,3
/home/wangqianqian/project/FS/data/28gusui&pizang/03/59/cell_1761649165147_912349010008_111987_0000.png,3
/home/wangqianqian/project/FS/data/28gusui&pizang/03/35/cell_1761647745874_912349010008_238_0000.png,3
/home/wangqianqian/project/FS/data/28gusui&pizang/03/41/cell_1761648103324_912349010008_14009_0000.png,3
/home/wangqianqian/project/FS/data/28gusui&pizang/03/50/cell_1761648659150_912349010008_62317_0100.png,3
/home/wangqianqian/project/FS/data/28gusui&pizang/03/53/cell_1761648828656_912349010008_79363_0100.png,3
/home/wangqianqian/project/FS/data/28gusui&pizang/03/55/cell_1761648946445_912349010008_90204_0000.png,3
/home/wangqianqian/project/FS/data/28gusui&pizang/03/52/cell_1761648767589_912349010008_73150_0000.png,3
/home/wangqianqian/project/FS/data/28gusui&pizang/03/55/cell_1761648904432_912349010008_86670_0000.png,3
/home/wangqianqian/project/FS/data/28gusui&pizang/03/42/cell_1761648125004_912349010008_15409_0000.png,3
/home/wangqianqian/project/FS/data/28gusui&pizang/03/44/cell_1761648295624_912349010008_29126_0000.png,4
/home/wangqianqian/project/FS/data/28gusui&pizang/03/58/cell_1761649105324_912349010008_105661_0000.png,4
/home/wangqianqian/project/FS/data/28gusui&pizang/03/50/cell_1761648614986_912349010008_57797_0000.png,4
/home/wangqianqian/project/FS/data/28gusui&pizang/03/50/cell_1761648645160_912349010008_60852_0000.png,4
/home/wangqianqian/project/FS/data/28gusui&pizang/03/58/cell_1761649099077_912349010008_105029_0000.png,4
/home/wangqianqian/project/FS/data/28gusui&pizang/03/46/cell_1761648367688_912349010008_35432_0000.png,4
/home/wangqianqian/project/FS/data/28gusui&pizang/03/48/cell_1761648528224_912349010008_49496_0000.png,4
/home/wangqianqian/project/FS/data/28gusui&pizang/03/45/cell_1761648358652_912349010008_34616_0000.png,4
/home/wangqianqian/project/FS/data/28gusui&pizang/03/57/cell_1761649072197_912349010008_102155_0000.png,4
/home/wangqianqian/project/FS/data/28gusui&pizang/03/49/cell_1761648588205_912349010008_55114_0000.png,4
/home/wangqianqian/project/FS/data/28gusui&pizang/03/52/cell_1761648729892_912349010008_69461_0000.png,4
/home/wangqianqian/project/FS/data/28gusui&pizang/03/49/cell_1761648562305_912349010008_52605_0100.png,4
/home/wangqianqian/project/FS/data/28gusui&pizang/03/50/cell_1761648632641_912349010008_59575_0100.png,4
/home/wangqianqian/project/FS/data/28gusui&pizang/03/53/cell_1761648839007_912349010008_80306_0100.png,4
/home/wangqianqian/project/FS/data/28gusui&pizang/03/53/cell_1761648796721_912349010008_76131_0000.png,4
/home/wangqianqian/project/FS/data/28gusui&pizang/03/40/cell_1761648023013_912349010008_9407_0100.png,4
/home/wangqianqian/project/FS/data/28gusui&pizang/03/48/cell_1761648497157_912349010008_47009_0000.png,4
/home/wangqianqian/project/FS/data/28gusui&pizang/03/45/cell_1761648327632_912349010008_31752_0000.png,4
/home/wangqianqian/project/FS/data/28gusui&pizang/03/53/cell_1761648788675_912349010008_75233_0100.png,4
/home/wangqianqian/project/FS/data/28gusui&pizang/03/57/cell_1761649063267_912349010008_101244_0100.png,4
/home/wangqianqian/project/FS/data/28gusui&pizang/03/42/cell_1761648128568_912349010008_15647_0000.png,4
/home/wangqianqian/project/FS/data/28gusui&pizang/03/58/cell_1761649119615_912349010008_107214_0000.png,4
/home/wangqianqian/project/FS/data/28gusui&pizang/03/52/cell_1761648742986_912349010008_70810_0000.png,4
/home/wangqianqian/project/FS/data/28gusui&pizang/03/51/cell_1761648715685_912349010008_68108_0000.png,4
/home/wangqianqian/project/FS/data/28gusui&pizang/03/48/cell_1761648534941_912349010008_50151_0100.png,4
/home/wangqianqian/project/FS/data/28gusui&pizang/03/54/cell_1761648889793_912349010008_85441_0000.png,4
/home/wangqianqian/project/FS/data/28gusui&pizang/03/47/cell_1761648450629_912349010008_43003_0000.png,4
/home/wangqianqian/project/FS/data/28gusui&pizang/03/41/cell_1761648076906_912349010008_12285_0100.png,4
/home/wangqianqian/project/FS/data/28gusui&pizang/03/48/cell_1761648539406_912349010008_50519_0000.png,4
/home/wangqianqian/project/FS/data/28gusui&pizang/03/51/cell_1761648682662_912349010008_64629_0100.png,4
/home/wangqianqian/project/FS/data/28gusui&pizang/03/58/cell_1761649107945_912349010008_105942_0100.png,4
/home/wangqianqian/project/FS/data/28gusui&pizang/03/40/cell_1761648017715_912349010008_9114_0100.png,4
/home/wangqianqian/project/FS/data/28gusui&pizang/03/47/cell_1761648450015_912349010008_42960_0000.png,4
/home/wangqianqian/project/FS/data/28gusui&pizang/03/44/cell_1761648253136_912349010008_25301_0000.png,4
/home/wangqianqian/project/FS/data/28gusui&pizang/03/48/cell_1761648511391_912349010008_48148_0000.png,4
/home/wangqianqian/project/FS/data/28gusui&pizang/03/52/cell_1761648733680_912349010008_69807_0100.png,4
/home/wangqianqian/project/FS/data/28gusui&pizang/03/48/cell_1761648518653_912349010008_48726_0100.png,4
/home/wangqianqian/project/FS/data/28gusui&pizang/03/50/cell_1761648646643_912349010008_61014_0000.png,4
/home/wangqianqian/project/FS/data/28gusui&pizang/03/53/cell_1761648825608_912349010008_79088_0100.png,4
/home/wangqianqian/project/FS/data/28gusui&pizang/03/52/cell_1761648723595_912349010008_68871_0100.png,4
/home/wangqianqian/project/FS/data/28gusui&pizang/03/49/cell_1761648589992_912349010008_55287_0000.png,4
/home/wangqianqian/project/FS/data/28gusui&pizang/03/58/cell_1761649087422_912349010008_103758_0000.png,4
/home/wangqianqian/project/FS/data/28gusui&pizang/03/53/cell_1761648790787_912349010008_75465_0100.png,4
/home/wangqianqian/project/FS/data/28gusui&pizang/03/52/cell_1761648753357_912349010008_71810_0100.png,4
/home/wangqianqian/project/FS/data/28gusui&pizang/03/55/cell_1761648949526_912349010008_90437_0000.png,4
/home/wangqianqian/project/FS/data/28gusui&pizang/03/57/cell_1761649062406_912349010008_101149_0100.png,4
/home/wangqianqian/project/FS/data/28gusui&pizang/03/41/cell_1761648085116_912349010008_12894_0000.png,4
/home/wangqianqian/project/FS/data/28gusui&pizang/03/45/cell_1761648310344_912349010008_30351_0000.png,4
/home/wangqianqian/project/FS/data/28gusui&pizang/03/53/cell_1761648793991_912349010008_75826_0000.png,4
/home/wangqianqian/project/FS/data/28gusui&pizang/03/53/cell_1761648812514_912349010008_77814_0000.png,4
/home/wangqianqian/project/FS/data/28gusui&pizang/03/54/cell_1761648889588_912349010008_85421_0000.png,4
/home/wangqianqian/project/FS/data/28gusui&pizang/03/52/cell_1761648746688_912349010008_71162_0100.png,4
/home/wangqianqian/project/FS/data/28gusui&pizang/03/42/cell_1761648163858_912349010008_18123_0100.png,4
/home/wangqianqian/project/FS/data/28gusui&pizang/03/56/cell_1761648972803_912349010008_92489_0000.png,4
/home/wangqianqian/project/FS/data/28gusui&pizang/03/46/cell_1761648384645_912349010008_36911_0000.png,4
/home/wangqianqian/project/FS/data/28gusui&pizang/03/59/cell_1761649178430_912349010008_113362_0000.png,4
/home/wangqianqian/project/FS/data/28gusui&pizang/03/53/cell_1761648809363_912349010008_77524_0100.png,4
/home/wangqianqian/project/FS/data/28gusui&pizang/03/57/cell_1761649062528_912349010008_101161_0100.png,4
/home/wangqianqian/project/FS/data/28gusui&pizang/03/50/cell_1761648652925_912349010008_61679_0100.png,4
/home/wangqianqian/project/FS/data/28gusui&pizang/03/41/cell_1761648093161_912349010008_13434_0000.png,4
/home/wangqianqian/project/FS/data/28gusui&pizang/03/47/cell_1761648464334_912349010008_44174_0100.png,4
/home/wangqianqian/project/FS/data/28gusui&pizang/03/55/cell_1761648933457_912349010008_89115_0100.png,4
/home/wangqianqian/project/FS/data/28gusui&pizang/03/46/cell_1761648377417_912349010008_36264_0000.png,4
/home/wangqianqian/project/FS/data/28gusui&pizang/03/54/cell_1761648888116_912349010008_85273_0000.png,4
/home/wangqianqian/project/FS/data/28gusui&pizang/03/47/cell_1761648474015_912349010008_45009_0000.png,4
/home/wangqianqian/project/FS/data/28gusui&pizang/03/57/cell_1761649056013_912349010008_100467_0000.png,4
/home/wangqianqian/project/FS/data/28gusui&pizang/03/57/cell_1761649020697_912349010008_96893_0000.png,4
/home/wangqianqian/project/FS/data/28gusui&pizang/03/57/cell_1761649067201_912349010008_101649_0000.png,4
/home/wangqianqian/project/FS/data/28gusui&pizang/03/47/cell_1761648433987_912349010008_41434_0000.png,4
/home/wangqianqian/project/FS/data/28gusui&pizang/03/54/cell_1761648870382_912349010008_83505_0100.png,4
/home/wangqianqian/project/FS/data/28gusui&pizang/03/52/cell_1761648738858_912349010008_70370_0000.png,4
/home/wangqianqian/project/FS/data/28gusui&pizang/03/53/cell_1761648808892_912349010008_77464_0000.png,4
/home/wangqianqian/project/FS/data/28gusui&pizang/03/57/cell_1761649065487_912349010008_101480_0000.png,4
/home/wangqianqian/project/FS/data/28gusui&pizang/03/49/cell_1761648594679_912349010008_55819_0100.png,4
/home/wangqianqian/project/FS/data/28gusui&pizang/03/59/cell_1761649168184_912349010008_112283_0000.png,4
/home/wangqianqian/project/FS/data/28gusui&pizang/03/48/cell_1761648535878_912349010008_50234_0100.png,4
/home/wangqianqian/project/FS/data/28gusui&pizang/03/53/cell_1761648787675_912349010008_75095_0000.png,4
/home/wangqianqian/project/FS/data/28gusui&pizang/03/46/cell_1761648412772_912349010008_39367_0000.png,4
/home/wangqianqian/project/FS/data/28gusui&pizang/03/53/cell_1761648794889_912349010008_75934_0100.png,4
/home/wangqianqian/project/FS/data/28gusui&pizang/03/59/cell_1761649145052_912349010008_109835_0100.png,4
/home/wangqianqian/project/FS/data/28gusui&pizang/03/47/cell_1761648449460_912349010008_42910_0000.png,4
/home/wangqianqian/project/FS/data/28gusui&pizang/03/42/cell_1761648153976_912349010008_17487_0000.png,4
/home/wangqianqian/project/FS/data/28gusui&pizang/03/46/cell_1761648408417_912349010008_38960_0100.png,4
/home/wangqianqian/project/FS/data/28gusui&pizang/03/46/cell_1761648403950_912349010008_38572_0000.png,4
/home/wangqianqian/project/FS/data/28gusui&pizang/03/53/cell_1761648808786_912349010008_77452_0000.png,4
/home/wangqianqian/project/FS/data/28gusui&pizang/03/40/cell_1761648013554_912349010008_8902_0000.png,4
/home/wangqianqian/project/FS/data/28gusui&pizang/03/47/cell_1761648430676_912349010008_41090_0100.png,4
/home/wangqianqian/project/FS/data/28gusui&pizang/03/59/cell_1761649175947_912349010008_113130_0100.png,4
/home/wangqianqian/project/FS/data/28gusui&pizang/03/59/cell_1761649168356_912349010008_112302_0000.png,4
/home/wangqianqian/project/FS/data/28gusui&pizang/03/54/cell_1761648846120_912349010008_81042_0100.png,4
/home/wangqianqian/project/FS/data/28gusui&pizang/03/51/cell_1761648715256_912349010008_68069_0100.png,4
/home/wangqianqian/project/FS/data/28gusui&pizang/03/58/cell_1761649139563_912349010008_109244_0100.png,4
/home/wangqianqian/project/FS/data/28gusui&pizang/03/57/cell_1761649067117_912349010008_101637_0000.png,4
/home/wangqianqian/project/FS/data/28gusui&pizang/03/52/cell_1761648778615_912349010008_74151_0000.png,4
/home/wangqianqian/project/FS/data/28gusui&pizang/03/58/cell_1761649086110_912349010008_103595_0000.png,4
/home/wangqianqian/project/FS/data/28gusui&pizang/03/48/cell_1761648498941_912349010008_47162_0100.png,4
/home/wangqianqian/project/FS/data/28gusui&pizang/03/52/cell_1761648726983_912349010008_69190_0000.png,4
/home/wangqianqian/project/FS/data/28gusui&pizang/03/56/cell_1761648981148_912349010008_93234_0000.png,4
/home/wangqianqian/project/FS/data/28gusui&pizang/03/43/cell_1761648227021_912349010008_23008_0000.png,4
/home/wangqianqian/project/FS/data/28gusui&pizang/03/45/cell_1761648324883_912349010008_31510_0000.png,4
/home/wangqianqian/project/FS/data/28gusui&pizang/03/51/cell_1761648686885_912349010008_65065_0100.png,5
/home/wangqianqian/project/FS/data/28gusui&pizang/03/50/cell_1761648637593_912349010008_60098_0000.png,5
/home/wangqianqian/project/FS/data/28gusui&pizang/03/48/cell_1761648482621_912349010008_45762_0000.png,5
/home/wangqianqian/project/FS/data/28gusui&pizang/03/53/cell_1761648812394_912349010008_77800_0000.png,5
/home/wangqianqian/project/FS/data/28gusui&pizang/03/54/cell_1761648891724_912349010008_85623_0100.png,5
/home/wangqianqian/project/FS/data/28gusui&pizang/03/46/cell_1761648406529_912349010008_38783_0100.png,5
/home/wangqianqian/project/FS/data/28gusui&pizang/03/50/cell_1761648656619_912349010008_62042_0100.png,5
/home/wangqianqian/project/FS/data/28gusui&pizang/03/45/cell_1761648315415_912349010008_30767_0100.png,5
/home/wangqianqian/project/FS/data/28gusui&pizang/03/55/cell_1761648902506_912349010008_86497_0000.png,5
/home/wangqianqian/project/FS/data/28gusui&pizang/03/52/cell_1761648737678_912349010008_70251_0000.png,5
/home/wangqianqian/project/FS/data/28gusui&pizang/03/50/cell_1761648607686_912349010008_57094_0000.png,5
/home/wangqianqian/project/FS/data/28gusui&pizang/03/41/cell_1761648078454_912349010008_12401_0000.png,5
/home/wangqianqian/project/FS/data/28gusui&pizang/03/39/cell_1761647986297_912349010008_7631_0100.png,5
/home/wangqianqian/project/FS/data/28gusui&pizang/03/43/cell_1761648230734_912349010008_23331_0100.png,5
/home/wangqianqian/project/FS/data/28gusui&pizang/03/53/cell_1761648829975_912349010008_79476_0100.png,5
/home/wangqianqian/project/FS/data/28gusui&pizang/03/58/cell_1761649109659_912349010008_106124_0000.png,5
/home/wangqianqian/project/FS/data/28gusui&pizang/03/46/cell_1761648419097_912349010008_40013_0100.png,5
/home/wangqianqian/project/FS/data/28gusui&pizang/03/42/cell_1761648136016_912349010008_16202_0100.png,5
/home/wangqianqian/project/FS/data/28gusui&pizang/03/40/cell_1761648051157_912349010008_10779_0000.png,5
/home/wangqianqian/project/FS/data/28gusui&pizang/03/42/cell_1761648167024_912349010008_18358_0000.png,5
/home/wangqianqian/project/FS/data/28gusui&pizang/03/47/cell_1761648422200_912349010008_40290_0100.png,5
/home/wangqianqian/project/FS/data/28gusui&pizang/03/46/cell_1761648410773_912349010008_39182_0100.png,5
/home/wangqianqian/project/FS/data/28gusui&pizang/03/58/cell_1761649090018_912349010008_104057_0000.png,5
/home/wangqianqian/project/FS/data/28gusui&pizang/03/49/cell_1761648580176_912349010008_54367_0000.png,5
/home/wangqianqian/project/FS/data/28gusui&pizang/03/52/cell_1761648768572_912349010008_73231_0000.png,5
/home/wangqianqian/project/FS/data/28gusui&pizang/03/44/cell_1761648266204_912349010008_26425_0100.png,5
/home/wangqianqian/project/FS/data/28gusui&pizang/03/49/cell_1761648543643_912349010008_50922_0100.png,5
/home/wangqianqian/project/FS/data/28gusui&pizang/03/49/cell_1761648568558_912349010008_53243_0100.png,5
/home/wangqianqian/project/FS/data/28gusui&pizang/03/49/cell_1761648597088_912349010008_56112_0000.png,5
/home/wangqianqian/project/FS/data/28gusui&pizang/03/45/cell_1761648306487_912349010008_30030_0000.png,5
/home/wangqianqian/project/FS/data/28gusui&pizang/03/44/cell_1761648264357_912349010008_26262_0000.png,5
/home/wangqianqian/project/FS/data/28gusui&pizang/03/57/cell_1761649043402_912349010008_99163_0000.png,5
/home/wangqianqian/project/FS/data/28gusui&pizang/03/47/cell_1761648434676_912349010008_41513_0100.png,5
/home/wangqianqian/project/FS/data/28gusui&pizang/03/41/cell_1761648072930_912349010008_12044_0100.png,5
/home/wangqianqian/project/FS/data/28gusui&pizang/03/52/cell_1761648758177_912349010008_72293_0100.png,5
/home/wangqianqian/project/FS/data/28gusui&pizang/03/54/cell_1761648891171_912349010008_85568_0000.png,5
/home/wangqianqian/project/FS/data/28gusui&pizang/03/40/cell_1761648010657_912349010008_8756_0000.png,5
/home/wangqianqian/project/FS/data/28gusui&pizang/03/56/cell_1761648997982_912349010008_94810_0100.png,5
/home/wangqianqian/project/FS/data/28gusui&pizang/03/46/cell_1761648387578_912349010008_37167_0000.png,5
/home/wangqianqian/project/FS/data/28gusui&pizang/03/56/cell_1761648966411_912349010008_91898_0100.png,5
/home/wangqianqian/project/FS/data/28gusui&pizang/03/59/cell_1761649167494_912349010008_112214_0100.png,5
/home/wangqianqian/project/FS/data/28gusui&pizang/03/46/cell_1761648404044_912349010008_38578_0000.png,5
/home/wangqianqian/project/FS/data/28gusui&pizang/03/53/cell_1761648813482_912349010008_77916_0000.png,5
/home/wangqianqian/project/FS/data/28gusui&pizang/03/50/cell_1761648620513_912349010008_58352_0000.png,5
/home/wangqianqian/project/FS/data/28gusui&pizang/03/44/cell_1761648258673_912349010008_25769_0100.png,5
/home/wangqianqian/project/FS/data/28gusui&pizang/03/50/cell_1761648638330_912349010008_60162_0000.png,5
/home/wangqianqian/project/FS/data/28gusui&pizang/03/57/cell_1761649074590_912349010008_102400_0000.png,5
/home/wangqianqian/project/FS/data/28gusui&pizang/03/45/cell_1761648314554_912349010008_30690_0100.png,5
/home/wangqianqian/project/FS/data/28gusui&pizang/03/46/cell_1761648385401_912349010008_36976_0000.png,5
/home/wangqianqian/project/FS/data/28gusui&pizang/03/43/cell_1761648182792_912349010008_19504_0000.png,5
/home/wangqianqian/project/FS/data/28gusui&pizang/03/58/cell_1761649138154_912349010008_109101_0000.png,5
/home/wangqianqian/project/FS/data/28gusui&pizang/03/56/cell_1761648971879_912349010008_92429_0000.png,5
/home/wangqianqian/project/FS/data/28gusui&pizang/03/59/cell_1761649152579_912349010008_110594_0000.png,5
/home/wangqianqian/project/FS/data/28gusui&pizang/03/57/cell_1761649067770_912349010008_101711_0000.png,5
/home/wangqianqian/project/FS/data/28gusui&pizang/03/52/cell_1761648747735_912349010008_71268_0100.png,5
/home/wangqianqian/project/FS/data/28gusui&pizang/03/53/cell_1761648816783_912349010008_78236_0000.png,5
/home/wangqianqian/project/FS/data/28gusui&pizang/03/54/cell_1761648861633_912349010008_82658_0000.png,5
/home/wangqianqian/project/FS/data/28gusui&pizang/03/57/cell_1761649061178_912349010008_101042_0100.png,5
/home/wangqianqian/project/FS/data/28gusui&pizang/03/55/cell_1761648916589_912349010008_87599_0000.png,5
/home/wangqianqian/project/FS/data/28gusui&pizang/03/55/cell_1761648903014_912349010008_86539_0000.png,5
/home/wangqianqian/project/FS/data/28gusui&pizang/03/49/cell_1761648594366_912349010008_55770_0000.png,5
/home/wangqianqian/project/FS/data/28gusui&pizang/03/43/cell_1761648213637_912349010008_21995_0000.png,5
/home/wangqianqian/project/FS/data/28gusui&pizang/03/53/cell_1761648787672_912349010008_75094_0100.png,5
/home/wangqianqian/project/FS/data/28gusui&pizang/03/44/cell_1761648286287_912349010008_28328_0100.png,5
/home/wangqianqian/project/FS/data/28gusui&pizang/03/41/cell_1761648108165_912349010008_14284_0000.png,5
/home/wangqianqian/project/FS/data/28gusui&pizang/03/49/cell_1761648593091_912349010008_55602_0000.png,5
/home/wangqianqian/project/FS/data/28gusui&pizang/03/54/cell_1761648899227_912349010008_86216_0000.png,5
/home/wangqianqian/project/FS/data/28gusui&pizang/03/55/cell_1761648936255_912349010008_89356_0100.png,5
/home/wangqianqian/project/FS/data/28gusui&pizang/03/41/cell_1761648063201_912349010008_11491_0100.png,5
/home/wangqianqian/project/FS/data/28gusui&pizang/03/51/cell_1761648679540_912349010008_64290_0100.png,5
/home/wangqianqian/project/FS/data/28gusui&pizang/03/58/cell_1761649119336_912349010008_107181_0000.png,5
/home/wangqianqian/project/FS/data/28gusui&pizang/03/50/cell_1761648608490_912349010008_57165_0100.png,5
/home/wangqianqian/project/FS/data/28gusui&pizang/03/49/cell_1761648547607_912349010008_51290_0100.png,5
/home/wangqianqian/project/FS/data/28gusui&pizang/03/54/cell_1761648890013_912349010008_85460_0100.png,5
/home/wangqianqian/project/FS/data/28gusui&pizang/03/44/cell_1761648275109_912349010008_27319_0000.png,5
/home/wangqianqian/project/FS/data/28gusui&pizang/03/51/cell_1761648699756_912349010008_66427_0100.png,5
/home/wangqianqian/project/FS/data/28gusui&pizang/03/58/cell_1761649128824_912349010008_108157_0100.png,5
/home/wangqianqian/project/FS/data/28gusui&pizang/03/57/cell_1761649064202_912349010008_101343_0000.png,5
/home/wangqianqian/project/FS/data/28gusui&pizang/03/43/cell_1761648238009_912349010008_23949_0000.png,5
/home/wangqianqian/project/FS/data/28gusui&pizang/03/54/cell_1761648864495_912349010008_82912_0000.png,5
/home/wangqianqian/project/FS/data/28gusui&pizang/03/50/cell_1761648619489_912349010008_58264_0100.png,5
/home/wangqianqian/project/FS/data/28gusui&pizang/03/52/cell_1761648761869_912349010008_72625_0100.png,5
/home/wangqianqian/project/FS/data/28gusui&pizang/03/54/cell_1761648849078_912349010008_81349_0100.png,5
/home/wangqianqian/project/FS/data/28gusui&pizang/03/51/cell_1761648707135_912349010008_67206_0000.png,5
/home/wangqianqian/project/FS/data/28gusui&pizang/03/57/cell_1761649033510_912349010008_98134_0000.png,5
/home/wangqianqian/project/FS/data/28gusui&pizang/03/54/cell_1761648873878_912349010008_83859_0100.png,5
/home/wangqianqian/project/FS/data/28gusui&pizang/03/59/cell_1761649149576_912349010008_110264_0100.png,5
/home/wangqianqian/project/FS/data/28gusui&pizang/03/50/cell_1761648618661_912349010008_58188_0000.png,5
/home/wangqianqian/project/FS/data/28gusui&pizang/03/44/cell_1761648264390_912349010008_26271_0000.png,5
/home/wangqianqian/project/FS/data/28gusui&pizang/03/55/cell_1761648906568_912349010008_86829_0000.png,5
/home/wangqianqian/project/FS/data/28gusui&pizang/03/52/cell_1761648724940_912349010008_69008_0000.png,5
/home/wangqianqian/project/FS/data/28gusui&pizang/03/58/cell_1761649127035_912349010008_107947_0100.png,5
/home/wangqianqian/project/FS/data/28gusui&pizang/03/55/cell_1761648914816_912349010008_87468_0000.png,5
/home/wangqianqian/project/FS/data/28gusui&pizang/03/58/cell_1761649091514_912349010008_104238_0100.png,5
/home/wangqianqian/project/FS/data/28gusui&pizang/03/57/cell_1761649071182_912349010008_102046_0100.png,5
/home/wangqianqian/project/FS/data/28gusui&pizang/03/54/cell_1761648863551_912349010008_82837_0100.png,5
/home/wangqianqian/project/FS/data/28gusui&pizang/03/40/cell_1761648000970_912349010008_8278_0000.png,5
/home/wangqianqian/project/FS/data/28gusui&pizang/03/51/cell_1761648692137_912349010008_65624_0100.png,5
/home/wangqianqian/project/FS/data/28gusui&pizang/03/59/cell_1761649167442_912349010008_112210_0100.png,5
/home/wangqianqian/project/FS/data/28gusui&pizang/03/41/cell_1761648079712_912349010008_12495_0100.png,5
/home/wangqianqian/project/FS/data/28gusui&pizang/03/52/cell_1761648745119_912349010008_71027_0100.png,6
/home/wangqianqian/project/FS/data/28gusui&pizang/03/54/cell_1761648848084_912349010008_81259_0000.png,6
/home/wangqianqian/project/FS/data/28gusui&pizang/03/56/cell_1761648998442_912349010008_94849_0100.png,6
/home/wangqianqian/project/FS/data/28gusui&pizang/03/56/cell_1761648966039_912349010008_91872_0000.png,6
/home/wangqianqian/project/FS/data/28gusui&pizang/03/45/cell_1761648311983_912349010008_30489_0100.png,6
/home/wangqianqian/project/FS/data/28gusui&pizang/03/48/cell_1761648494852_912349010008_46816_0000.png,6
/home/wangqianqian/project/FS/data/28gusui&pizang/03/53/cell_1761648804407_912349010008_76993_0000.png,6
/home/wangqianqian/project/FS/data/28gusui&pizang/03/52/cell_1761648737981_912349010008_70278_0100.png,6
/home/wangqianqian/project/FS/data/28gusui&pizang/03/42/cell_1761648155674_912349010008_17611_0000.png,6
/home/wangqianqian/project/FS/data/28gusui&pizang/03/48/cell_1761648536902_912349010008_50306_0000.png,6
/home/wangqianqian/project/FS/data/28gusui&pizang/03/52/cell_1761648778701_912349010008_74162_0000.png,6
/home/wangqianqian/project/FS/data/28gusui&pizang/03/50/cell_1761648608464_912349010008_57164_0100.png,6
/home/wangqianqian/project/FS/data/28gusui&pizang/03/58/cell_1761649097824_912349010008_104898_0100.png,6
/home/wangqianqian/project/FS/data/28gusui&pizang/03/48/cell_1761648528506_912349010008_49530_0100.png,6
/home/wangqianqian/project/FS/data/28gusui&pizang/03/52/cell_1761648770423_912349010008_73418_0100.png,6
/home/wangqianqian/project/FS/data/28gusui&pizang/03/44/cell_1761648268461_912349010008_26644_0100.png,6
/home/wangqianqian/project/FS/data/28gusui&pizang/03/44/cell_1761648250117_912349010008_25017_0100.png,6
/home/wangqianqian/project/FS/data/28gusui&pizang/03/59/cell_1761649172169_912349010008_112742_0000.png,6
/home/wangqianqian/project/FS/data/28gusui&pizang/03/51/cell_1761648676140_912349010008_63922_0100.png,6
/home/wangqianqian/project/FS/data/28gusui&pizang/03/58/cell_1761649098475_912349010008_104973_0000.png,6
/home/wangqianqian/project/FS/data/28gusui&pizang/03/51/cell_1761648694468_912349010008_65865_0000.png,6
/home/wangqianqian/project/FS/data/28gusui&pizang/03/59/cell_1761649174323_912349010008_112973_0000.png,6
/home/wangqianqian/project/FS/data/28gusui&pizang/03/53/cell_1761648814525_912349010008_78023_0100.png,6
/home/wangqianqian/project/FS/data/28gusui&pizang/03/51/cell_1761648693475_912349010008_65765_0100.png,6
/home/wangqianqian/project/FS/data/28gusui&pizang/03/56/cell_1761648996436_912349010008_94662_0100.png,6
/home/wangqianqian/project/FS/data/28gusui&pizang/03/57/cell_1761649020040_912349010008_96817_0000.png,6
/home/wangqianqian/project/FS/data/28gusui&pizang/03/46/cell_1761648378281_912349010008_36336_0100.png,6
/home/wangqianqian/project/FS/data/28gusui&pizang/03/53/cell_1761648787300_912349010008_75063_0100.png,6
/home/wangqianqian/project/FS/data/28gusui&pizang/03/52/cell_1761648759939_912349010008_72446_0000.png,6
/home/wangqianqian/project/FS/data/28gusui&pizang/03/51/cell_1761648701253_912349010008_66568_0000.png,6
/home/wangqianqian/project/FS/data/28gusui&pizang/03/56/cell_1761648972909_912349010008_92500_0100.png,6
/home/wangqianqian/project/FS/data/28gusui&pizang/03/42/cell_1761648128723_912349010008_15651_0000.png,6
/home/wangqianqian/project/FS/data/28gusui&pizang/03/50/cell_1761648621956_912349010008_58494_0000.png,6
/home/wangqianqian/project/FS/data/28gusui&pizang/03/53/cell_1761648804309_912349010008_76980_0000.png,6
/home/wangqianqian/project/FS/data/28gusui&pizang/03/51/cell_1761648697171_912349010008_66137_0100.png,6
/home/wangqianqian/project/FS/data/28gusui&pizang/03/53/cell_1761648793290_912349010008_75745_0000.png,6
/home/wangqianqian/project/FS/data/28gusui&pizang/03/49/cell_1761648572149_912349010008_53606_0000.png,6
/home/wangqianqian/project/FS/data/28gusui&pizang/03/58/cell_1761649122752_912349010008_107530_0100.png,6
/home/wangqianqian/project/FS/data/28gusui&pizang/03/47/cell_1761648470109_912349010008_44659_0000.png,6
/home/wangqianqian/project/FS/data/28gusui&pizang/03/46/cell_1761648374298_912349010008_36012_0100.png,6
/home/wangqianqian/project/FS/data/28gusui&pizang/03/46/cell_1761648410354_912349010008_39137_0000.png,6
/home/wangqianqian/project/FS/data/28gusui&pizang/03/42/cell_1761648151498_912349010008_17310_0000.png,6
/home/wangqianqian/project/FS/data/28gusui&pizang/03/55/cell_1761648927450_912349010008_88592_0000.png,6
/home/wangqianqian/project/FS/data/28gusui&pizang/03/54/cell_1761648878766_912349010008_84354_0000.png,6
/home/wangqianqian/project/FS/data/28gusui&pizang/03/52/cell_1761648729844_912349010008_69456_0100.png,6
/home/wangqianqian/project/FS/data/28gusui&pizang/03/51/cell_1761648719985_912349010008_68525_0000.png,6
/home/wangqianqian/project/FS/data/28gusui&pizang/03/49/cell_1761648561240_912349010008_52510_0100.png,6
/home/wangqianqian/project/FS/data/28gusui&pizang/03/52/cell_1761648779635_912349010008_74262_0100.png,6
/home/wangqianqian/project/FS/data/28gusui&pizang/03/40/cell_1761648005404_912349010008_8501_0000.png,6
/home/wangqianqian/project/FS/data/28gusui&pizang/03/52/cell_1761648747300_912349010008_71232_0000.png,6
/home/wangqianqian/project/FS/data/28gusui&pizang/03/44/cell_1761648251310_912349010008_25129_0000.png,6
/home/wangqianqian/project/FS/data/28gusui&pizang/03/49/cell_1761648566388_912349010008_53046_0000.png,6
/home/wangqianqian/project/FS/data/28gusui&pizang/03/40/cell_1761648038918_912349010008_10216_0100.png,6
/home/wangqianqian/project/FS/data/28gusui&pizang/03/57/cell_1761649028153_912349010008_97618_0000.png,6
/home/wangqianqian/project/FS/data/28gusui&pizang/03/52/cell_1761648735913_912349010008_70053_0000.png,6
/home/wangqianqian/project/FS/data/28gusui&pizang/03/53/cell_1761648792481_912349010008_75648_0100.png,6
/home/wangqianqian/project/FS/data/28gusui&pizang/03/56/cell_1761649018486_912349010008_96661_0000.png,6
/home/wangqianqian/project/FS/data/28gusui&pizang/03/53/cell_1761648830198_912349010008_79495_0100.png,6
/home/wangqianqian/project/FS/data/28gusui&pizang/03/57/cell_1761649075563_912349010008_102501_0100.png,6
/home/wangqianqian/project/FS/data/28gusui&pizang/03/48/cell_1761648502760_912349010008_47486_0000.png,6
/home/wangqianqian/project/FS/data/28gusui&pizang/03/49/cell_1761648568293_912349010008_53218_0100.png,6
/home/wangqianqian/project/FS/data/28gusui&pizang/03/42/cell_1761648146204_912349010008_16957_0100.png,6
/home/wangqianqian/project/FS/data/28gusui&pizang/03/59/cell_1761649153378_912349010008_110686_0100.png,6
/home/wangqianqian/project/FS/data/28gusui&pizang/03/52/cell_1761648741367_912349010008_70626_0100.png,6
/home/wangqianqian/project/FS/data/28gusui&pizang/03/47/cell_1761648439245_912349010008_41986_0100.png,6
/home/wangqianqian/project/FS/data/28gusui&pizang/03/54/cell_1761648846245_912349010008_81064_0000.png,6
/home/wangqianqian/project/FS/data/28gusui&pizang/03/49/cell_1761648551065_912349010008_51591_0100.png,6
/home/wangqianqian/project/FS/data/28gusui&pizang/03/57/cell_1761649073319_912349010008_102264_0000.png,6
/home/wangqianqian/project/FS/data/28gusui&pizang/03/41/cell_1761648063078_912349010008_11474_0100.png,6
/home/wangqianqian/project/FS/data/28gusui&pizang/03/52/cell_1761648744430_912349010008_70949_0000.png,6
/home/wangqianqian/project/FS/data/28gusui&pizang/03/57/cell_1761649057304_912349010008_100614_0100.png,6
/home/wangqianqian/project/FS/data/28gusui&pizang/03/44/cell_1761648269812_912349010008_26767_0000.png,6
/home/wangqianqian/project/FS/data/28gusui&pizang/03/46/cell_1761648387448_912349010008_37162_0000.png,6
/home/wangqianqian/project/FS/data/28gusui&pizang/03/51/cell_1761648673798_912349010008_63711_0100.png,6
/home/wangqianqian/project/FS/data/28gusui&pizang/03/43/cell_1761648206974_912349010008_21437_0000.png,6
/home/wangqianqian/project/FS/data/28gusui&pizang/03/47/cell_1761648466096_912349010008_44325_0100.png,6
/home/wangqianqian/project/FS/data/28gusui&pizang/03/38/cell_1761647936465_912349010008_5635_0000.png,6
/home/wangqianqian/project/FS/data/28gusui&pizang/03/46/cell_1761648361627_912349010008_34898_0000.png,6
/home/wangqianqian/project/FS/data/28gusui&pizang/03/58/cell_1761649112068_912349010008_106418_0000.png,6
/home/wangqianqian/project/FS/data/28gusui&pizang/03/56/cell_1761649005918_912349010008_95536_0100.png,6
/home/wangqianqian/project/FS/data/28gusui&pizang/03/43/cell_1761648182113_912349010008_19450_0100.png,6
/home/wangqianqian/project/FS/data/28gusui&pizang/03/40/cell_1761648029233_912349010008_9725_0100.png,6
/home/wangqianqian/project/FS/data/28gusui&pizang/03/50/cell_1761648615168_912349010008_57826_0000.png,6
/home/wangqianqian/project/FS/data/28gusui&pizang/03/50/cell_1761648649867_912349010008_61337_0000.png,6
/home/wangqianqian/project/FS/data/28gusui&pizang/03/59/cell_1761649156354_912349010008_111033_0100.png,6
/home/wangqianqian/project/FS/data/28gusui&pizang/03/43/cell_1761648215815_912349010008_22144_0000.png,6
/home/wangqianqian/project/FS/data/28gusui&pizang/03/49/cell_1761648576350_912349010008_53998_0000.png,6
/home/wangqianqian/project/FS/data/28gusui&pizang/03/54/cell_1761648858626_912349010008_82310_0000.png,6
/home/wangqianqian/project/FS/data/28gusui&pizang/03/51/cell_1761648677852_912349010008_64099_0000.png,6
/home/wangqianqian/project/FS/data/28gusui&pizang/03/55/cell_1761648958295_912349010008_91208_0000.png,6
/home/wangqianqian/project/FS/data/28gusui&pizang/03/58/cell_1761649120319_912349010008_107282_0100.png,6
/home/wangqianqian/project/FS/data/28gusui&pizang/03/47/cell_1761648467778_912349010008_44458_0100.png,6
/home/wangqianqian/project/FS/data/28gusui&pizang/03/42/cell_1761648157631_912349010008_17746_0000.png,6
/home/wangqianqian/project/FS/data/28gusui&pizang/03/46/cell_1761648364258_912349010008_35119_0100.png,6
/home/wangqianqian/project/FS/data/28gusui&pizang/03/57/cell_1761649033858_912349010008_98171_0000.png,6
/home/wangqianqian/project/FS/data/28gusui&pizang/03/51/cell_1761648692226_912349010008_65637_0100.png,6
/home/wangqianqian/project/FS/data/28gusui&pizang/03/41/cell_1761648089885_912349010008_13197_0000.png,6
/home/wangqianqian/project/FS/data/28gusui&pizang/03/55/cell_1761648923932_912349010008_88219_0000.png,6
/home/wangqianqian/project/FS/data/28gusui&pizang/03/50/cell_1761648619611_912349010008_58286_0000.png,6
/home/wangqianqian/project/FS/data/28gusui&pizang/03/57/cell_1761649052129_912349010008_100067_0000.png,6
/home/wangqianqian/project/FS/data/28gusui&pizang/03/40/cell_1761648032959_912349010008_9941_0100.png,7
/home/wangqianqian/project/FS/data/28gusui&pizang/03/52/cell_1761648765085_912349010008_72934_0100.png,7
/home/wangqianqian/project/FS/data/28gusui&pizang/03/47/cell_1761648420223_912349010008_40105_0100.png,7
/home/wangqianqian/project/FS/data/28gusui&pizang/03/58/cell_1761649134219_912349010008_108702_0000.png,7
/home/wangqianqian/project/FS/data/28gusui&pizang/03/45/cell_1761648326818_912349010008_31680_0000.png,7
/home/wangqianqian/project/FS/data/28gusui&pizang/03/38/cell_1761647896643_912349010008_4305_0100.png,7
/home/wangqianqian/project/FS/data/28gusui&pizang/03/54/cell_1761648850801_912349010008_81527_0000.png,7
/home/wangqianqian/project/FS/data/28gusui&pizang/03/45/cell_1761648352962_912349010008_34092_0100.png,7
/home/wangqianqian/project/FS/data/28gusui&pizang/03/41/cell_1761648099607_912349010008_13817_0100.png,7
/home/wangqianqian/project/FS/data/28gusui&pizang/03/48/cell_1761648490493_912349010008_46435_0000.png,7
/home/wangqianqian/project/FS/data/28gusui&pizang/03/50/cell_1761648638850_912349010008_60218_0100.png,7
/home/wangqianqian/project/FS/data/28gusui&pizang/03/53/cell_1761648825774_912349010008_79104_0000.png,7
/home/wangqianqian/project/FS/data/28gusui&pizang/03/52/cell_1761648750159_912349010008_71502_0000.png,7
/home/wangqianqian/project/FS/data/28gusui&pizang/03/57/cell_1761649026088_912349010008_97394_0100.png,7
/home/wangqianqian/project/FS/data/28gusui&pizang/03/46/cell_1761648369044_912349010008_35548_0100.png,7
/home/wangqianqian/project/FS/data/28gusui&pizang/03/56/cell_1761648961820_912349010008_91515_0100.png,7
/home/wangqianqian/project/FS/data/28gusui&pizang/03/56/cell_1761648980130_912349010008_93137_0000.png,7
/home/wangqianqian/project/FS/data/28gusui&pizang/03/51/cell_1761648673206_912349010008_63658_0000.png,7
/home/wangqianqian/project/FS/data/28gusui&pizang/03/45/cell_1761648319823_912349010008_31100_0000.png,7
/home/wangqianqian/project/FS/data/28gusui&pizang/03/55/cell_1761648937738_912349010008_89469_0100.png,7
/home/wangqianqian/project/FS/data/28gusui&pizang/03/59/cell_1761649144228_912349010008_109752_0000.png,7
/home/wangqianqian/project/FS/data/28gusui&pizang/03/49/cell_1761648578594_912349010008_54202_0100.png,7
/home/wangqianqian/project/FS/data/28gusui&pizang/03/43/cell_1761648225488_912349010008_22870_0100.png,7
/home/wangqianqian/project/FS/data/28gusui&pizang/03/58/cell_1761649131794_912349010008_108470_0000.png,7
/home/wangqianqian/project/FS/data/28gusui&pizang/03/48/cell_1761648481699_912349010008_45686_0100.png,7
/home/wangqianqian/project/FS/data/28gusui&pizang/03/41/cell_1761648103379_912349010008_14011_0000.png,7
/home/wangqianqian/project/FS/data/28gusui&pizang/03/52/cell_1761648720927_912349010008_68637_0000.png,7
/home/wangqianqian/project/FS/data/28gusui&pizang/03/44/cell_1761648276008_912349010008_27409_0000.png,7
/home/wangqianqian/project/FS/data/28gusui&pizang/03/52/cell_1761648755014_912349010008_71986_0000.png,7
/home/wangqianqian/project/FS/data/28gusui&pizang/03/52/cell_1761648748235_912349010008_71317_0000.png,7
/home/wangqianqian/project/FS/data/28gusui&pizang/03/53/cell_1761648828282_912349010008_79326_0100.png,7
/home/wangqianqian/project/FS/data/28gusui&pizang/03/52/cell_1761648729680_912349010008_69445_0000.png,7
/home/wangqianqian/project/FS/data/28gusui&pizang/03/43/cell_1761648216954_912349010008_22214_0100.png,7
/home/wangqianqian/project/FS/data/28gusui&pizang/03/42/cell_1761648135904_912349010008_16194_0100.png,7
/home/wangqianqian/project/FS/data/28gusui&pizang/03/36/cell_1761647785328_912349010008_484_0000.png,7
/home/wangqianqian/project/FS/data/28gusui&pizang/03/52/cell_1761648760597_912349010008_72506_0100.png,7
/home/wangqianqian/project/FS/data/28gusui&pizang/03/45/cell_1761648326564_912349010008_31651_0000.png,7
/home/wangqianqian/project/FS/data/28gusui&pizang/03/57/cell_1761649026981_912349010008_97478_0000.png,7
/home/wangqianqian/project/FS/data/28gusui&pizang/03/53/cell_1761648786137_912349010008_74922_0000.png,7
/home/wangqianqian/project/FS/data/28gusui&pizang/03/55/cell_1761648944857_912349010008_90062_0100.png,7
/home/wangqianqian/project/FS/data/28gusui&pizang/03/51/cell_1761648682599_912349010008_64626_0000.png,7
/home/wangqianqian/project/FS/data/28gusui&pizang/03/59/cell_1761649160132_912349010008_111466_0000.png,7
/home/wangqianqian/project/FS/data/28gusui&pizang/03/53/cell_1761648817864_912349010008_78359_0000.png,7
/home/wangqianqian/project/FS/data/28gusui&pizang/03/50/cell_1761648600322_912349010008_56412_0100.png,7
/home/wangqianqian/project/FS/data/28gusui&pizang/03/48/cell_1761648483891_912349010008_45886_0000.png,7
/home/wangqianqian/project/FS/data/28gusui&pizang/03/44/cell_1761648267744_912349010008_26582_0100.png,7
/home/wangqianqian/project/FS/data/28gusui&pizang/03/48/cell_1761648493014_912349010008_46652_0000.png,7
/home/wangqianqian/project/FS/data/28gusui&pizang/03/47/cell_1761648438179_912349010008_41902_0000.png,7
/home/wangqianqian/project/FS/data/28gusui&pizang/03/46/cell_1761648406183_912349010008_38762_0100.png,7
/home/wangqianqian/project/FS/data/28gusui&pizang/03/49/cell_1761648563806_912349010008_52757_0100.png,7
/home/wangqianqian/project/FS/data/28gusui&pizang/03/43/cell_1761648228383_912349010008_23123_0000.png,7
/home/wangqianqian/project/FS/data/28gusui&pizang/03/48/cell_1761648507419_912349010008_47865_0100.png,7
/home/wangqianqian/project/FS/data/28gusui&pizang/03/45/cell_1761648308810_912349010008_30212_0100.png,7
/home/wangqianqian/project/FS/data/28gusui&pizang/03/40/cell_1761648011025_912349010008_8773_0000.png,7
/home/wangqianqian/project/FS/data/28gusui&pizang/03/47/cell_1761648471287_912349010008_44757_0100.png,7
/home/wangqianqian/project/FS/data/28gusui&pizang/03/49/cell_1761648575305_912349010008_53922_0000.png,7
/home/wangqianqian/project/FS/data/28gusui&pizang/03/39/cell_1761647956683_912349010008_6464_0000.png,7
/home/wangqianqian/project/FS/data/28gusui&pizang/03/49/cell_1761648584320_912349010008_54724_0000.png,7
/home/wangqianqian/project/FS/data/28gusui&pizang/03/42/cell_1761648158679_912349010008_17829_0000.png,7
/home/wangqianqian/project/FS/data/28gusui&pizang/03/47/cell_1761648460677_912349010008_43868_0000.png,7
/home/wangqianqian/project/FS/data/28gusui&pizang/03/46/cell_1761648375693_912349010008_36128_0100.png,7
/home/wangqianqian/project/FS/data/28gusui&pizang/03/44/cell_1761648266724_912349010008_26492_0000.png,7
/home/wangqianqian/project/FS/data/28gusui&pizang/03/51/cell_1761648708760_912349010008_67383_0000.png,7
/home/wangqianqian/project/FS/data/28gusui&pizang/03/49/cell_1761648596799_912349010008_56068_0000.png,7
/home/wangqianqian/project/FS/data/28gusui&pizang/03/52/cell_1761648738555_912349010008_70332_0100.png,7
/home/wangqianqian/project/FS/data/28gusui&pizang/03/36/cell_1761647789234_912349010008_578_0000.png,7
/home/wangqianqian/project/FS/data/28gusui&pizang/03/44/cell_1761648281743_912349010008_27934_0100.png,7
/home/wangqianqian/project/FS/data/28gusui&pizang/03/45/cell_1761648324615_912349010008_31481_0000.png,7
/home/wangqianqian/project/FS/data/28gusui&pizang/03/47/cell_1761648469648_912349010008_44612_0000.png,7
/home/wangqianqian/project/FS/data/28gusui&pizang/03/39/cell_1761647974896_912349010008_7211_0100.png,7
/home/wangqianqian/project/FS/data/28gusui&pizang/03/56/cell_1761648974829_912349010008_92660_0000.png,7
/home/wangqianqian/project/FS/data/28gusui&pizang/03/49/cell_1761648595437_912349010008_55905_0100.png,7
/home/wangqianqian/project/FS/data/28gusui&pizang/03/54/cell_1761648889671_912349010008_85432_0000.png,7
/home/wangqianqian/project/FS/data/28gusui&pizang/03/53/cell_1761648804848_912349010008_77047_0000.png,7
/home/wangqianqian/project/FS/data/28gusui&pizang/03/50/cell_1761648626264_912349010008_58930_0000.png,7
/home/wangqianqian/project/FS/data/28gusui&pizang/03/51/cell_1761648694961_912349010008_65911_0000.png,7
/home/wangqianqian/project/FS/data/28gusui&pizang/03/51/cell_1761648712346_912349010008_67785_0000.png,7
/home/wangqianqian/project/FS/data/28gusui&pizang/03/46/cell_1761648400075_912349010008_38232_0100.png,7
/home/wangqianqian/project/FS/data/28gusui&pizang/03/52/cell_1761648748010_912349010008_71301_0000.png,7
/home/wangqianqian/project/FS/data/28gusui&pizang/03/55/cell_1761648946188_912349010008_90185_0100.png,7
/home/wangqianqian/project/FS/data/28gusui&pizang/03/59/cell_1761649166605_912349010008_112132_0000.png,7
/home/wangqianqian/project/FS/data/28gusui&pizang/03/49/cell_1761648590671_912349010008_55374_0000.png,7
/home/wangqianqian/project/FS/data/28gusui&pizang/03/43/cell_1761648181969_912349010008_19435_0100.png,7
/home/wangqianqian/project/FS/data/28gusui&pizang/03/40/cell_1761648037131_912349010008_10138_0000.png,7
/home/wangqianqian/project/FS/data/28gusui&pizang/03/43/cell_1761648226863_912349010008_22991_0000.png,7
/home/wangqianqian/project/FS/data/28gusui&pizang/03/40/cell_1761648058022_912349010008_11146_0000.png,7
/home/wangqianqian/project/FS/data/28gusui&pizang/03/58/cell_1761649118061_912349010008_107051_0000.png,7
/home/wangqianqian/project/FS/data/28gusui&pizang/03/55/cell_1761648919406_912349010008_87814_0000.png,7
/home/wangqianqian/project/FS/data/28gusui&pizang/03/45/cell_1761648301744_912349010008_29618_0000.png,7
/home/wangqianqian/project/FS/data/28gusui&pizang/03/48/cell_1761648509983_912349010008_48071_0000.png,7
/home/wangqianqian/project/FS/data/28gusui&pizang/03/42/cell_1761648133268_912349010008_15996_0100.png,7
/home/wangqianqian/project/FS/data/28gusui&pizang/03/56/cell_1761648965509_912349010008_91821_0000.png,7
/home/wangqianqian/project/FS/data/28gusui&pizang/03/43/cell_1761648230284_912349010008_23286_0000.png,7
/home/wangqianqian/project/FS/data/28gusui&pizang/03/52/cell_1761648739066_912349010008_70410_0100.png,7
/home/wangqianqian/project/FS/data/28gusui&pizang/03/53/cell_1761648800120_912349010008_76499_0000.png,7
/home/wangqianqian/project/FS/data/28gusui&pizang/03/49/cell_1761648581904_912349010008_54516_0000.png,7
/home/wangqianqian/project/FS/data/28gusui&pizang/03/49/cell_1761648598500_912349010008_56242_0000.png,7
/home/wangqianqian/project/FS/data/28gusui&pizang/03/52/cell_1761648742019_912349010008_70706_0100.png,7
/home/wangqianqian/project/FS/data/28gusui&pizang/03/59/cell_1761649158935_912349010008_111297_0100.png,7
/home/wangqianqian/project/FS/data/28gusui&pizang/03/53/cell_1761648816700_912349010008_78225_0000.png,7
/home/wangqianqian/project/FS/data/28gusui&pizang/03/46/cell_1761648383581_912349010008_36816_0000.png,8
/home/wangqianqian/project/FS/data/28gusui&pizang/03/47/cell_1761648477038_912349010008_45268_0100.png,8
/home/wangqianqian/project/FS/data/28gusui&pizang/03/53/cell_1761648823249_912349010008_78855_0000.png,8
/home/wangqianqian/project/FS/data/28gusui&pizang/03/53/cell_1761648822988_912349010008_78838_0100.png,8
/home/wangqianqian/project/FS/data/28gusui&pizang/03/51/cell_1761648690239_912349010008_65391_0000.png,8
/home/wangqianqian/project/FS/data/28gusui&pizang/03/47/cell_1761648434111_912349010008_41457_0000.png,8
/home/wangqianqian/project/FS/data/28gusui&pizang/03/44/cell_1761648292486_912349010008_28883_0100.png,8
/home/wangqianqian/project/FS/data/28gusui&pizang/03/59/cell_1761649160070_912349010008_111459_0100.png,8
/home/wangqianqian/project/FS/data/28gusui&pizang/03/42/cell_1761648154823_912349010008_17533_0000.png,8
/home/wangqianqian/project/FS/data/28gusui&pizang/03/58/cell_1761649094051_912349010008_104532_0000.png,8
/home/wangqianqian/project/FS/data/28gusui&pizang/03/59/cell_1761649143616_912349010008_109682_0000.png,8
/home/wangqianqian/project/FS/data/28gusui&pizang/03/46/cell_1761648369235_912349010008_35564_0100.png,8
/home/wangqianqian/project/FS/data/28gusui&pizang/03/43/cell_1761648210228_912349010008_21697_0100.png,8
/home/wangqianqian/project/FS/data/28gusui&pizang/03/45/cell_1761648302784_912349010008_29689_0000.png,8
/home/wangqianqian/project/FS/data/28gusui&pizang/03/43/cell_1761648226874_912349010008_22993_0000.png,8
/home/wangqianqian/project/FS/data/28gusui&pizang/03/53/cell_1761648795779_912349010008_76028_0000.png,8
/home/wangqianqian/project/FS/data/28gusui&pizang/03/43/cell_1761648233712_912349010008_23567_0100.png,8
/home/wangqianqian/project/FS/data/28gusui&pizang/03/49/cell_1761648555434_912349010008_51995_0000.png,8
/home/wangqianqian/project/FS/data/28gusui&pizang/03/56/cell_1761648990889_912349010008_94093_0000.png,8
/home/wangqianqian/project/FS/data/28gusui&pizang/03/48/cell_1761648520460_912349010008_48857_0000.png,8
/home/wangqianqian/project/FS/data/28gusui&pizang/03/50/cell_1761648601052_912349010008_56491_0000.png,8
/home/wangqianqian/project/FS/data/28gusui&pizang/03/46/cell_1761648385347_912349010008_36971_0000.png,8
/home/wangqianqian/project/FS/data/28gusui&pizang/03/53/cell_1761648810625_912349010008_77649_0100.png,8
/home/wangqianqian/project/FS/data/28gusui&pizang/03/52/cell_1761648758820_912349010008_72342_0100.png,8
/home/wangqianqian/project/FS/data/28gusui&pizang/03/40/cell_1761648049622_912349010008_10704_0100.png,8
/home/wangqianqian/project/FS/data/28gusui&pizang/03/45/cell_1761648315181_912349010008_30744_0000.png,8
/home/wangqianqian/project/FS/data/28gusui&pizang/03/48/cell_1761648521621_912349010008_48942_0000.png,8
/home/wangqianqian/project/FS/data/28gusui&pizang/03/56/cell_1761648997027_912349010008_94723_0100.png,8
/home/wangqianqian/project/FS/data/28gusui&pizang/03/44/cell_1761648275019_912349010008_27306_0100.png,8
/home/wangqianqian/project/FS/data/28gusui&pizang/03/38/cell_1761647915332_912349010008_4896_0000.png,8
/home/wangqianqian/project/FS/data/28gusui&pizang/03/47/cell_1761648446942_912349010008_42679_0000.png,8
/home/wangqianqian/project/FS/data/28gusui&pizang/03/45/cell_1761648317157_912349010008_30884_0000.png,8
/home/wangqianqian/project/FS/data/28gusui&pizang/03/51/cell_1761648702712_912349010008_66700_0000.png,8
/home/wangqianqian/project/FS/data/28gusui&pizang/03/47/cell_1761648474754_912349010008_45068_0100.png,8
/home/wangqianqian/project/FS/data/28gusui&pizang/03/38/cell_1761647897316_912349010008_4336_0100.png,8
/home/wangqianqian/project/FS/data/28gusui&pizang/03/41/cell_1761648116343_912349010008_14797_0000.png,8
/home/wangqianqian/project/FS/data/28gusui&pizang/03/59/cell_1761649177482_912349010008_113278_0100.png,8
/home/wangqianqian/project/FS/data/28gusui&pizang/03/57/cell_1761649056103_912349010008_100479_0100.png,8
/home/wangqianqian/project/FS/data/28gusui&pizang/03/54/cell_1761648892035_912349010008_85669_0000.png,8
/home/wangqianqian/project/FS/data/28gusui&pizang/03/54/cell_1761648853158_912349010008_81786_0000.png,8
/home/wangqianqian/project/FS/data/28gusui&pizang/03/54/cell_1761648856534_912349010008_82087_0000.png,8
/home/wangqianqian/project/FS/data/28gusui&pizang/03/46/cell_1761648370120_912349010008_35633_0000.png,8
/home/wangqianqian/project/FS/data/28gusui&pizang/03/52/cell_1761648760251_912349010008_72476_0000.png,8
/home/wangqianqian/project/FS/data/28gusui&pizang/03/54/cell_1761648856254_912349010008_82054_0100.png,8
/home/wangqianqian/project/FS/data/28gusui&pizang/03/58/cell_1761649113855_912349010008_106620_0000.png,8
/home/wangqianqian/project/FS/data/28gusui&pizang/03/55/cell_1761648900315_912349010008_86327_0000.png,8
/home/wangqianqian/project/FS/data/28gusui&pizang/03/46/cell_1761648393980_912349010008_37699_0000.png,8
/home/wangqianqian/project/FS/data/28gusui&pizang/03/49/cell_1761648543311_912349010008_50900_0100.png,8
/home/wangqianqian/project/FS/data/28gusui&pizang/03/53/cell_1761648821293_912349010008_78677_0100.png,8
/home/wangqianqian/project/FS/data/28gusui&pizang/03/41/cell_1761648068590_912349010008_11811_0100.png,8
/home/wangqianqian/project/FS/data/28gusui&pizang/03/50/cell_1761648645409_912349010008_60892_0000.png,8
/home/wangqianqian/project/FS/data/28gusui&pizang/03/57/cell_1761649040196_912349010008_98793_0000.png,8
/home/wangqianqian/project/FS/data/28gusui&pizang/03/53/cell_1761648820882_912349010008_78635_0100.png,8
/home/wangqianqian/project/FS/data/28gusui&pizang/03/47/cell_1761648436989_912349010008_41782_0000.png,8
/home/wangqianqian/project/FS/data/28gusui&pizang/03/45/cell_1761648332763_912349010008_32268_0100.png,8
/home/wangqianqian/project/FS/data/28gusui&pizang/03/56/cell_1761648966012_912349010008_91866_0000.png,8
/home/wangqianqian/project/FS/data/28gusui&pizang/03/40/cell_1761648036068_912349010008_10099_0000.png,8
/home/wangqianqian/project/FS/data/28gusui&pizang/03/47/cell_1761648457611_912349010008_43589_0000.png,8
/home/wangqianqian/project/FS/data/28gusui&pizang/03/51/cell_1761648680332_912349010008_64378_0100.png,8
/home/wangqianqian/project/FS/data/28gusui&pizang/03/53/cell_1761648827018_912349010008_79211_0000.png,8
/home/wangqianqian/project/FS/data/28gusui&pizang/03/58/cell_1761649093297_912349010008_104447_0000.png,8
/home/wangqianqian/project/FS/data/28gusui&pizang/03/45/cell_1761648355203_912349010008_34309_0100.png,8
/home/wangqianqian/project/FS/data/28gusui&pizang/03/48/cell_1761648535583_912349010008_50208_0000.png,8
/home/wangqianqian/project/FS/data/28gusui&pizang/03/59/cell_1761649154434_912349010008_110822_0100.png,8
/home/wangqianqian/project/FS/data/28gusui&pizang/03/56/cell_1761648966882_912349010008_91938_0100.png,8
/home/wangqianqian/project/FS/data/28gusui&pizang/03/50/cell_1761648606581_912349010008_57009_0100.png,8
/home/wangqianqian/project/FS/data/28gusui&pizang/03/53/cell_1761648792923_912349010008_75706_0100.png,8
/home/wangqianqian/project/FS/data/28gusui&pizang/03/49/cell_1761648594457_912349010008_55795_0000.png,8
/home/wangqianqian/project/FS/data/28gusui&pizang/03/44/cell_1761648277677_912349010008_27583_0000.png,8
/home/wangqianqian/project/FS/data/28gusui&pizang/03/59/cell_1761649154959_912349010008_110875_0000.png,8
/home/wangqianqian/project/FS/data/28gusui&pizang/03/54/cell_1761648891330_912349010008_85586_0100.png,8
/home/wangqianqian/project/FS/data/28gusui&pizang/03/40/cell_1761648034445_912349010008_10017_0000.png,8
/home/wangqianqian/project/FS/data/28gusui&pizang/03/47/cell_1761648478259_912349010008_45370_0000.png,8
/home/wangqianqian/project/FS/data/28gusui&pizang/03/52/cell_1761648750743_912349010008_71543_0000.png,8
/home/wangqianqian/project/FS/data/28gusui&pizang/03/53/cell_1761648784531_912349010008_74755_0000.png,8
/home/wangqianqian/project/FS/data/28gusui&pizang/03/44/cell_1761648241081_912349010008_24207_0000.png,8
/home/wangqianqian/project/FS/data/28gusui&pizang/03/41/cell_1761648086990_912349010008_13025_0100.png,8
/home/wangqianqian/project/FS/data/28gusui&pizang/03/54/cell_1761648875035_912349010008_83978_0000.png,8
/home/wangqianqian/project/FS/data/28gusui&pizang/03/41/cell_1761648065131_912349010008_11585_0100.png,8
/home/wangqianqian/project/FS/data/28gusui&pizang/03/51/cell_1761648706950_912349010008_67182_0100.png,8
/home/wangqianqian/project/FS/data/28gusui&pizang/03/49/cell_1761648574333_912349010008_53837_0000.png,8
/home/wangqianqian/project/FS/data/28gusui&pizang/03/59/cell_1761649161643_912349010008_111620_0000.png,8
/home/wangqianqian/project/FS/data/28gusui&pizang/03/46/cell_1761648384348_912349010008_36883_0000.png,8
/home/wangqianqian/project/FS/data/28gusui&pizang/03/46/cell_1761648413691_912349010008_39465_0000.png,8
/home/wangqianqian/project/FS/data/28gusui&pizang/03/51/cell_1761648715311_912349010008_68076_0100.png,8
/home/wangqianqian/project/FS/data/28gusui&pizang/03/44/cell_1761648282541_912349010008_27993_0100.png,8
/home/wangqianqian/project/FS/data/28gusui&pizang/03/51/cell_1761648709101_912349010008_67419_0000.png,8
/home/wangqianqian/project/FS/data/28gusui&pizang/03/46/cell_1761648394233_912349010008_37727_0000.png,8
/home/wangqianqian/project/FS/data/28gusui&pizang/03/42/cell_1761648174553_912349010008_18952_0000.png,8
/home/wangqianqian/project/FS/data/28gusui&pizang/03/42/cell_1761648178803_912349010008_19240_0000.png,8
/home/wangqianqian/project/FS/data/28gusui&pizang/03/44/cell_1761648255526_912349010008_25503_0000.png,8
/home/wangqianqian/project/FS/data/28gusui&pizang/03/51/cell_1761648719802_912349010008_68503_0000.png,8
/home/wangqianqian/project/FS/data/28gusui&pizang/03/42/cell_1761648156202_912349010008_17648_0000.png,8
/home/wangqianqian/project/FS/data/28gusui&pizang/03/39/cell_1761647956901_912349010008_6468_0100.png,8
/home/wangqianqian/project/FS/data/28gusui&pizang/03/56/cell_1761648994551_912349010008_94449_0000.png,8
/home/wangqianqian/project/FS/data/28gusui&pizang/03/50/cell_1761648621751_912349010008_58478_0000.png,8
/home/wangqianqian/project/FS/data/28gusui&pizang/03/53/cell_1761648787300_912349010008_75062_0100.png,8
/home/wangqianqian/project/FS/data/28gusui&pizang/03/50/cell_1761648656099_912349010008_62005_0000.png,8
/home/wangqianqian/project/FS/data/28gusui&pizang/03/58/cell_1761649095577_912349010008_104677_0100.png,8
/home/wangqianqian/project/FS/data/28gusui&pizang/03/55/cell_1761648915560_912349010008_87527_0100.png,8
/home/wangqianqian/project/FS/data/28gusui&pizang/03/44/cell_1761648251913_912349010008_25180_0000.png,9
/home/wangqianqian/project/FS/data/28gusui&pizang/03/40/cell_1761648019924_912349010008_9234_0000.png,9
/home/wangqianqian/project/FS/data/28gusui&pizang/03/52/cell_1761648763144_912349010008_72741_0100.png,9
/home/wangqianqian/project/FS/data/28gusui&pizang/03/57/cell_1761649056639_912349010008_100529_0000.png,9
/home/wangqianqian/project/FS/data/28gusui&pizang/03/57/cell_1761649039345_912349010008_98688_0000.png,9
/home/wangqianqian/project/FS/data/28gusui&pizang/03/58/cell_1761649114417_912349010008_106695_0000.png,9
/home/wangqianqian/project/FS/data/28gusui&pizang/03/47/cell_1761648478973_912349010008_45431_0000.png,9
/home/wangqianqian/project/FS/data/28gusui&pizang/03/44/cell_1761648264308_912349010008_26257_0000.png,9
/home/wangqianqian/project/FS/data/28gusui&pizang/03/58/cell_1761649129510_912349010008_108218_0100.png,9
/home/wangqianqian/project/FS/data/28gusui&pizang/03/56/cell_1761648969364_912349010008_92157_0000.png,9
/home/wangqianqian/project/FS/data/28gusui&pizang/03/45/cell_1761648324106_912349010008_31448_0000.png,9
/home/wangqianqian/project/FS/data/28gusui&pizang/03/46/cell_1761648377423_912349010008_36265_0000.png,9
/home/wangqianqian/project/FS/data/28gusui&pizang/03/54/cell_1761648851943_912349010008_81673_0100.png,9
/home/wangqianqian/project/FS/data/28gusui&pizang/03/42/cell_1761648148922_912349010008_17125_0000.png,9
/home/wangqianqian/project/FS/data/28gusui&pizang/03/41/cell_1761648092910_912349010008_13418_0000.png,9
/home/wangqianqian/project/FS/data/28gusui&pizang/03/43/cell_1761648210692_912349010008_21739_0100.png,9
/home/wangqianqian/project/FS/data/28gusui&pizang/03/53/cell_1761648802233_912349010008_76740_0000.png,9
/home/wangqianqian/project/FS/data/28gusui&pizang/03/50/cell_1761648655003_912349010008_61901_0000.png,9
/home/wangqianqian/project/FS/data/28gusui&pizang/03/55/cell_1761648926610_912349010008_88515_0100.png,9
/home/wangqianqian/project/FS/data/28gusui&pizang/03/45/cell_1761648359310_912349010008_34710_0100.png,9
/home/wangqianqian/project/FS/data/28gusui&pizang/03/57/cell_1761649031593_912349010008_97961_0000.png,9
/home/wangqianqian/project/FS/data/28gusui&pizang/03/39/cell_1761647966112_912349010008_6832_0100.png,9
/home/wangqianqian/project/FS/data/28gusui&pizang/03/50/cell_1761648632145_912349010008_59517_0000.png,9
/home/wangqianqian/project/FS/data/28gusui&pizang/03/57/cell_1761649020757_912349010008_96899_0100.png,9
/home/wangqianqian/project/FS/data/28gusui&pizang/03/57/cell_1761649073585_912349010008_102288_0100.png,9
/home/wangqianqian/project/FS/data/28gusui&pizang/03/40/cell_1761648055897_912349010008_11032_0100.png,9
/home/wangqianqian/project/FS/data/28gusui&pizang/03/49/cell_1761648561978_912349010008_52581_0000.png,9
/home/wangqianqian/project/FS/data/28gusui&pizang/03/56/cell_1761648993325_912349010008_94341_0000.png,9
/home/wangqianqian/project/FS/data/28gusui&pizang/03/49/cell_1761648588680_912349010008_55148_0000.png,9
/home/wangqianqian/project/FS/data/28gusui&pizang/03/47/cell_1761648478191_912349010008_45364_0000.png,9
/home/wangqianqian/project/FS/data/28gusui&pizang/03/52/cell_1761648756977_912349010008_72165_0100.png,9
/home/wangqianqian/project/FS/data/28gusui&pizang/03/51/cell_1761648693525_912349010008_65772_0100.png,9
/home/wangqianqian/project/FS/data/28gusui&pizang/03/46/cell_1761648389060_912349010008_37265_0100.png,9
/home/wangqianqian/project/FS/data/28gusui&pizang/03/56/cell_1761648985987_912349010008_93660_0100.png,9
/home/wangqianqian/project/FS/data/28gusui&pizang/03/40/cell_1761648036477_912349010008_10120_0000.png,9
/home/wangqianqian/project/FS/data/28gusui&pizang/03/51/cell_1761648694052_912349010008_65827_0000.png,9
/home/wangqianqian/project/FS/data/28gusui&pizang/03/43/cell_1761648224362_912349010008_22767_0100.png,9
/home/wangqianqian/project/FS/data/28gusui&pizang/03/55/cell_1761648933749_912349010008_89138_0100.png,9
/home/wangqianqian/project/FS/data/28gusui&pizang/03/57/cell_1761649065924_912349010008_101522_0000.png,9
/home/wangqianqian/project/FS/data/28gusui&pizang/03/52/cell_1761648773315_912349010008_73671_0100.png,9
/home/wangqianqian/project/FS/data/28gusui&pizang/03/50/cell_1761648631930_912349010008_59499_0100.png,9
/home/wangqianqian/project/FS/data/28gusui&pizang/03/58/cell_1761649135364_912349010008_108814_0100.png,9
/home/wangqianqian/project/FS/data/28gusui&pizang/03/42/cell_1761648159811_912349010008_17908_0000.png,9
/home/wangqianqian/project/FS/data/28gusui&pizang/03/45/cell_1761648331412_912349010008_32146_0100.png,9
/home/wangqianqian/project/FS/data/28gusui&pizang/03/45/cell_1761648344234_912349010008_33300_0000.png,9
/home/wangqianqian/project/FS/data/28gusui&pizang/03/47/cell_1761648441262_912349010008_42157_0100.png,9
/home/wangqianqian/project/FS/data/28gusui&pizang/03/51/cell_1761648698787_912349010008_66312_0000.png,9
/home/wangqianqian/project/FS/data/28gusui&pizang/03/38/cell_1761647904612_912349010008_4596_0100.png,9
/home/wangqianqian/project/FS/data/28gusui&pizang/03/48/cell_1761648524654_912349010008_49205_0000.png,9
/home/wangqianqian/project/FS/data/28gusui&pizang/03/49/cell_1761648556462_912349010008_52090_0100.png,9
/home/wangqianqian/project/FS/data/28gusui&pizang/03/55/cell_1761648945376_912349010008_90109_0000.png,9
/home/wangqianqian/project/FS/data/28gusui&pizang/03/41/cell_1761648095036_912349010008_13524_0000.png,9
/home/wangqianqian/project/FS/data/28gusui&pizang/03/51/cell_1761648696791_912349010008_66094_0000.png,9
/home/wangqianqian/project/FS/data/28gusui&pizang/03/45/cell_1761648358118_912349010008_34560_0100.png,9
/home/wangqianqian/project/FS/data/28gusui&pizang/03/55/cell_1761648919908_912349010008_87866_0000.png,9
/home/wangqianqian/project/FS/data/28gusui&pizang/03/47/cell_1761648450028_912349010008_42963_0000.png,9
/home/wangqianqian/project/FS/data/28gusui&pizang/03/59/cell_1761649155221_912349010008_110905_0000.png,9
/home/wangqianqian/project/FS/data/28gusui&pizang/03/45/cell_1761648331656_912349010008_32173_0000.png,9
/home/wangqianqian/project/FS/data/28gusui&pizang/03/43/cell_1761648238876_912349010008_24032_0000.png,9
/home/wangqianqian/project/FS/data/28gusui&pizang/03/45/cell_1761648309530_912349010008_30284_0100.png,9
/home/wangqianqian/project/FS/data/28gusui&pizang/03/43/cell_1761648236138_912349010008_23772_0100.png,9
/home/wangqianqian/project/FS/data/28gusui&pizang/03/49/cell_1761648581176_912349010008_54470_0000.png,9
/home/wangqianqian/project/FS/data/28gusui&pizang/03/55/cell_1761648936406_912349010008_89370_0100.png,9
/home/wangqianqian/project/FS/data/28gusui&pizang/03/46/cell_1761648377500_912349010008_36275_0000.png,9
/home/wangqianqian/project/FS/data/28gusui&pizang/03/53/cell_1761648825055_912349010008_79026_0000.png,9
/home/wangqianqian/project/FS/data/28gusui&pizang/03/58/cell_1761649084533_912349010008_103429_0000.png,9
/home/wangqianqian/project/FS/data/28gusui&pizang/03/48/cell_1761648532962_912349010008_49952_0100.png,9
/home/wangqianqian/project/FS/data/28gusui&pizang/03/57/cell_1761649035012_912349010008_98295_0000.png,9
/home/wangqianqian/project/FS/data/28gusui&pizang/03/57/cell_1761649020662_912349010008_96884_0000.png,9
/home/wangqianqian/project/FS/data/28gusui&pizang/03/57/cell_1761649029361_912349010008_97749_0100.png,9
/home/wangqianqian/project/FS/data/28gusui&pizang/03/53/cell_1761648794879_912349010008_75933_0000.png,9
/home/wangqianqian/project/FS/data/28gusui&pizang/03/48/cell_1761648490072_912349010008_46387_0000.png,9
/home/wangqianqian/project/FS/data/28gusui&pizang/03/40/cell_1761648037954_912349010008_10171_0000.png,9
/home/wangqianqian/project/FS/data/28gusui&pizang/03/43/cell_1761648215268_912349010008_22110_0000.png,9
/home/wangqianqian/project/FS/data/28gusui&pizang/03/44/cell_1761648271764_912349010008_26974_0000.png,9
/home/wangqianqian/project/FS/data/28gusui&pizang/03/44/cell_1761648297975_912349010008_29317_0000.png,9
/home/wangqianqian/project/FS/data/28gusui&pizang/03/50/cell_1761648630188_912349010008_59336_0000.png,9
/home/wangqianqian/project/FS/data/28gusui&pizang/03/42/cell_1761648179871_912349010008_19306_0000.png,9
/home/wangqianqian/project/FS/data/28gusui&pizang/03/58/cell_1761649098928_912349010008_105017_0100.png,9
/home/wangqianqian/project/FS/data/28gusui&pizang/03/54/cell_1761648894595_912349010008_85858_0000.png,9
/home/wangqianqian/project/FS/data/28gusui&pizang/03/52/cell_1761648737163_912349010008_70192_0100.png,9
/home/wangqianqian/project/FS/data/28gusui&pizang/03/41/cell_1761648092531_912349010008_13392_0000.png,9
/home/wangqianqian/project/FS/data/28gusui&pizang/03/47/cell_1761648437702_912349010008_41857_0100.png,9
/home/wangqianqian/project/FS/data/28gusui&pizang/03/54/cell_1761648876355_912349010008_84105_0000.png,9
/home/wangqianqian/project/FS/data/28gusui&pizang/03/46/cell_1761648377423_912349010008_36265_0100.png,9
/home/wangqianqian/project/FS/data/28gusui&pizang/03/45/cell_1761648326367_912349010008_31638_0100.png,9
/home/wangqianqian/project/FS/data/28gusui&pizang/03/55/cell_1761648931067_912349010008_88917_0000.png,9
/home/wangqianqian/project/FS/data/28gusui&pizang/03/53/cell_1761648834190_912349010008_79879_0000.png,9
/home/wangqianqian/project/FS/data/28gusui&pizang/03/47/cell_1761648473790_912349010008_44988_0000.png,9
/home/wangqianqian/project/FS/data/28gusui&pizang/03/49/cell_1761648548583_912349010008_51391_0100.png,9
/home/wangqianqian/project/FS/data/28gusui&pizang/03/48/cell_1761648512437_912349010008_48239_0100.png,9
/home/wangqianqian/project/FS/data/28gusui&pizang/03/55/cell_1761648958574_912349010008_91229_0000.png,9
/home/wangqianqian/project/FS/data/28gusui&pizang/03/58/cell_1761649099325_912349010008_105052_0000.png,9
/home/wangqianqian/project/FS/data/28gusui&pizang/03/51/cell_1761648680069_912349010008_64346_0000.png,9
/home/wangqianqian/project/FS/data/28gusui&pizang/03/47/cell_1761648470776_912349010008_44713_0100.png,9
/home/wangqianqian/project/FS/data/28gusui&pizang/03/48/cell_1761648521953_912349010008_48983_0000.png,9
/home/wangqianqian/project/FS/data/28gusui&pizang/03/55/cell_1761648904608_912349010008_86688_0000.png,9
/home/wangqianqian/project/FS/data/28gusui&pizang/03/49/cell_1761648555368_912349010008_51983_0000.png,9
/home/wangqianqian/project/FS/data/28gusui&pizang/03/54/cell_1761648879842_912349010008_84452_0000.png,9
/home/wangqianqian/project/FS/data/28gusui&pizang/03/45/cell_1761648329572_912349010008_31948_0000.png,9
/home/wangqianqian/project/FS/data/28gusui&pizang/03/52/cell_1761648767736_912349010008_73163_0000.png,10
/home/wangqianqian/project/FS/data/28gusui&pizang/03/49/cell_1761648579727_912349010008_54319_0100.png,10
/home/wangqianqian/project/FS/data/28gusui&pizang/03/52/cell_1761648749747_912349010008_71452_0000.png,10
/home/wangqianqian/project/FS/data/28gusui&pizang/03/47/cell_1761648474761_912349010008_45069_0100.png,10
/home/wangqianqian/project/FS/data/28gusui&pizang/03/57/cell_1761649069165_912349010008_101843_0000.png,10
/home/wangqianqian/project/FS/data/28gusui&pizang/03/43/cell_1761648201664_912349010008_20958_0000.png,10
/home/wangqianqian/project/FS/data/28gusui&pizang/03/58/cell_1761649123213_912349010008_107568_0000.png,10
/home/wangqianqian/project/FS/data/28gusui&pizang/03/50/cell_1761648611617_912349010008_57470_0100.png,10
/home/wangqianqian/project/FS/data/28gusui&pizang/03/52/cell_1761648733780_912349010008_69816_0000.png,10
/home/wangqianqian/project/FS/data/28gusui&pizang/03/54/cell_1761648875990_912349010008_84065_0000.png,10
/home/wangqianqian/project/FS/data/28gusui&pizang/03/55/cell_1761648956895_912349010008_91100_0100.png,10
/home/wangqianqian/project/FS/data/28gusui&pizang/03/51/cell_1761648660769_912349010008_62474_0100.png,10
/home/wangqianqian/project/FS/data/28gusui&pizang/03/58/cell_1761649091702_912349010008_104263_0100.png,10
/home/wangqianqian/project/FS/data/28gusui&pizang/03/43/cell_1761648233942_912349010008_23589_0000.png,10
/home/wangqianqian/project/FS/data/28gusui&pizang/03/51/cell_1761648692057_912349010008_65617_0100.png,10
/home/wangqianqian/project/FS/data/28gusui&pizang/03/51/cell_1761648708593_912349010008_67366_0000.png,10
/home/wangqianqian/project/FS/data/28gusui&pizang/03/58/cell_1761649088451_912349010008_103881_0100.png,10
/home/wangqianqian/project/FS/data/28gusui&pizang/03/59/cell_1761649145051_912349010008_109834_0100.png,10
/home/wangqianqian/project/FS/data/28gusui&pizang/03/50/cell_1761648629245_912349010008_59250_0100.png,10
/home/wangqianqian/project/FS/data/28gusui&pizang/03/39/cell_1761647967152_912349010008_6875_0100.png,10
/home/wangqianqian/project/FS/data/28gusui&pizang/03/43/cell_1761648225904_912349010008_22915_0100.png,10
/home/wangqianqian/project/FS/data/28gusui&pizang/03/45/cell_1761648334309_912349010008_32388_0100.png,10
/home/wangqianqian/project/FS/data/28gusui&pizang/03/51/cell_1761648702034_912349010008_66625_0000.png,10
/home/wangqianqian/project/FS/data/28gusui&pizang/03/49/cell_1761648592216_912349010008_55526_0100.png,10
/home/wangqianqian/project/FS/data/28gusui&pizang/03/51/cell_1761648670834_912349010008_63438_0100.png,10
/home/wangqianqian/project/FS/data/28gusui&pizang/03/40/cell_1761648039334_912349010008_10231_0000.png,10
/home/wangqianqian/project/FS/data/28gusui&pizang/03/51/cell_1761648718870_912349010008_68410_0000.png,10
/home/wangqianqian/project/FS/data/28gusui&pizang/03/59/cell_1761649159598_912349010008_111390_0100.png,10
/home/wangqianqian/project/FS/data/28gusui&pizang/03/55/cell_1761648928465_912349010008_88668_0100.png,10
/home/wangqianqian/project/FS/data/28gusui&pizang/03/47/cell_1761648438362_912349010008_41918_0000.png,10
/home/wangqianqian/project/FS/data/28gusui&pizang/03/50/cell_1761648627877_912349010008_59099_0100.png,10
/home/wangqianqian/project/FS/data/28gusui&pizang/03/54/cell_1761648871566_912349010008_83622_0100.png,10
/home/wangqianqian/project/FS/data/28gusui&pizang/03/51/cell_1761648674180_912349010008_63755_0000.png,10
/home/wangqianqian/project/FS/data/28gusui&pizang/03/47/cell_1761648438362_912349010008_41918_0100.png,10
/home/wangqianqian/project/FS/data/28gusui&pizang/03/46/cell_1761648386227_912349010008_37048_0100.png,10
/home/wangqianqian/project/FS/data/28gusui&pizang/03/58/cell_1761649121753_912349010008_107415_0100.png,10
/home/wangqianqian/project/FS/data/28gusui&pizang/03/52/cell_1761648755646_912349010008_72043_0000.png,10
/home/wangqianqian/project/FS/data/28gusui&pizang/03/39/cell_1761647967152_912349010008_6875_0000.png,10
/home/wangqianqian/project/FS/data/28gusui&pizang/03/50/cell_1761648628896_912349010008_59206_0100.png,10
/home/wangqianqian/project/FS/data/28gusui&pizang/03/46/cell_1761648415995_912349010008_39673_0000.png,10
/home/wangqianqian/project/FS/data/28gusui&pizang/03/53/cell_1761648836495_912349010008_80082_0100.png,10
/home/wangqianqian/project/FS/data/28gusui&pizang/03/49/cell_1761648579727_912349010008_54319_0000.png,10
/home/wangqianqian/project/FS/data/28gusui&pizang/03/49/cell_1761648543105_912349010008_50871_0000.png,10
/home/wangqianqian/project/FS/data/28gusui&pizang/03/50/cell_1761648612362_912349010008_57534_0100.png,10
/home/wangqianqian/project/FS/data/28gusui&pizang/03/59/cell_1761649156866_912349010008_111081_0000.png,10
/home/wangqianqian/project/FS/data/28gusui&pizang/03/45/cell_1761648325507_912349010008_31556_0100.png,10
/home/wangqianqian/project/FS/data/28gusui&pizang/03/56/cell_1761648962301_912349010008_91563_0100.png,10
/home/wangqianqian/project/FS/data/28gusui&pizang/03/57/cell_1761649060907_912349010008_101014_0100.png,10
/home/wangqianqian/project/FS/data/28gusui&pizang/03/52/cell_1761648726079_912349010008_69100_0100.png,10
/home/wangqianqian/project/FS/data/28gusui&pizang/03/57/cell_1761649022505_912349010008_97067_0000.png,10
/home/wangqianqian/project/FS/data/28gusui&pizang/03/59/cell_1761649155270_912349010008_110910_0000.png,10
/home/wangqianqian/project/FS/data/28gusui&pizang/03/48/cell_1761648539182_912349010008_50495_0000.png,10
/home/wangqianqian/project/FS/data/28gusui&pizang/03/57/cell_1761649073807_912349010008_102321_0100.png,10
/home/wangqianqian/project/FS/data/28gusui&pizang/03/39/cell_1761647962272_912349010008_6681_0000.png,10
/home/wangqianqian/project/FS/data/28gusui&pizang/03/43/cell_1761648197957_912349010008_20646_0000.png,10
/home/wangqianqian/project/FS/data/28gusui&pizang/03/51/cell_1761648664397_912349010008_62847_0100.png,10
/home/wangqianqian/project/FS/data/28gusui&pizang/03/43/cell_1761648209330_912349010008_21631_0000.png,10
/home/wangqianqian/project/FS/data/28gusui&pizang/03/45/cell_1761648353926_912349010008_34196_0100.png,10
/home/wangqianqian/project/FS/data/28gusui&pizang/03/57/cell_1761649073807_912349010008_102321_0000.png,10
/home/wangqianqian/project/FS/data/28gusui&pizang/03/56/cell_1761648962301_912349010008_91563_0000.png,10
/home/wangqianqian/project/FS/data/28gusui&pizang/03/40/cell_1761648004899_912349010008_8467_0000.png,10
/home/wangqianqian/project/FS/data/28gusui&pizang/03/49/cell_1761648592216_912349010008_55526_0000.png,10
/home/wangqianqian/project/FS/data/28gusui&pizang/03/48/cell_1761648520373_912349010008_48852_0100.png,10
/home/wangqianqian/project/FS/data/28gusui&pizang/03/58/cell_1761649099536_912349010008_105074_0000.png,10
/home/wangqianqian/project/FS/data/28gusui&pizang/03/53/cell_1761648807837_912349010008_77356_0000.png,10
/home/wangqianqian/project/FS/data/28gusui&pizang/03/58/cell_1761649110491_912349010008_106221_0100.png,10
/home/wangqianqian/project/FS/data/28gusui&pizang/03/54/cell_1761648876807_912349010008_84147_0000.png,10
/home/wangqianqian/project/FS/data/28gusui&pizang/03/55/cell_1761648907287_912349010008_86883_0000.png,10
/home/wangqianqian/project/FS/data/28gusui&pizang/03/50/cell_1761648609130_912349010008_57213_0100.png,10
/home/wangqianqian/project/FS/data/28gusui&pizang/03/46/cell_1761648409673_912349010008_39079_0000.png,10
/home/wangqianqian/project/FS/data/28gusui&pizang/03/48/cell_1761648539182_912349010008_50495_0100.png,10
/home/wangqianqian/project/FS/data/28gusui&pizang/03/46/cell_1761648409673_912349010008_39079_0100.png,10
/home/wangqianqian/project/FS/data/28gusui&pizang/03/48/cell_1761648521913_912349010008_48980_0000.png,10
/home/wangqianqian/project/FS/data/28gusui&pizang/03/46/cell_1761648404910_912349010008_38658_0100.png,10
/home/wangqianqian/project/FS/data/28gusui&pizang/03/56/cell_1761648965742_912349010008_91837_0100.png,10
/home/wangqianqian/project/FS/data/28gusui&pizang/03/52/cell_1761648755646_912349010008_72043_0100.png,10
/home/wangqianqian/project/FS/data/28gusui&pizang/03/54/cell_1761648863244_912349010008_82818_0100.png,10
/home/wangqianqian/project/FS/data/28gusui&pizang/03/52/cell_1761648733780_912349010008_69816_0100.png,10
/home/wangqianqian/project/FS/data/28gusui&pizang/03/52/cell_1761648761860_912349010008_72624_0100.png,10
/home/wangqianqian/project/FS/data/28gusui&pizang/03/52/cell_1761648749747_912349010008_71452_0100.png,10
/home/wangqianqian/project/FS/data/28gusui&pizang/03/56/cell_1761648960265_912349010008_91389_0100.png,10
/home/wangqianqian/project/FS/data/28gusui&pizang/03/47/cell_1761648437083_912349010008_41788_0100.png,10
/home/wangqianqian/project/FS/data/28gusui&pizang/03/43/cell_1761648191679_912349010008_20185_0000.png,10
/home/wangqianqian/project/FS/data/28gusui&pizang/03/50/cell_1761648641653_912349010008_60467_0100.png,10
/home/wangqianqian/project/FS/data/28gusui&pizang/03/54/cell_1761648842296_912349010008_80642_0100.png,10
/home/wangqianqian/project/FS/data/28gusui&pizang/03/51/cell_1761648692057_912349010008_65617_0000.png,10
/home/wangqianqian/project/FS/data/28gusui&pizang/03/57/cell_1761649070035_912349010008_101931_0100.png,10
/home/wangqianqian/project/FS/data/28gusui&pizang/03/46/cell_1761648415995_912349010008_39673_0100.png,10
/home/wangqianqian/project/FS/data/28gusui&pizang/03/57/cell_1761649032982_912349010008_98066_0100.png,10
/home/wangqianqian/project/FS/data/28gusui&pizang/03/42/cell_1761648129397_912349010008_15704_0100.png,10
/home/wangqianqian/project/FS/data/28gusui&pizang/03/39/cell_1761647986513_912349010008_7637_0000.png,10
/home/wangqianqian/project/FS/data/28gusui&pizang/03/52/cell_1761648726079_912349010008_69100_0000.png,10
/home/wangqianqian/project/FS/data/28gusui&pizang/03/45/cell_1761648309818_912349010008_30311_0100.png,10
/home/wangqianqian/project/FS/data/28gusui&pizang/03/49/cell_1761648563687_912349010008_52746_0100.png,10
/home/wangqianqian/project/FS/data/28gusui&pizang/03/57/cell_1761649022505_912349010008_97067_0100.png,10
/home/wangqianqian/project/FS/data/28gusui&pizang/03/44/cell_1761648285807_912349010008_28279_0100.png,10
/home/wangqianqian/project/FS/data/28gusui&pizang/03/42/cell_1761648167608_912349010008_18411_0000.png,10
/home/wangqianqian/project/FS/data/28gusui&pizang/03/58/cell_1761649137154_912349010008_109001_0100.png,10
/home/wangqianqian/project/FS/data/28gusui&pizang/03/47/cell_1761648430366_912349010008_41061_0000.png,10
/home/wangqianqian/project/FS/data/28gusui&pizang/03/50/cell_1761648628896_912349010008_59206_0000.png,10
/home/wangqianqian/project/FS/data/28gusui&pizang/03/47/cell_1761648431607_912349010008_41174_0100.png,11
/home/wangqianqian/project/FS/data/28gusui&pizang/03/39/cell_1761647949622_912349010008_6178_0000.png,11
/home/wangqianqian/project/FS/data/28gusui&pizang/03/43/cell_1761648181635_912349010008_19419_0100.png,11
/home/wangqianqian/project/FS/data/28gusui&pizang/03/46/cell_1761648386773_912349010008_37092_0000.png,11
/home/wangqianqian/project/FS/data/28gusui&pizang/03/55/cell_1761648912808_912349010008_87319_0000.png,11
/home/wangqianqian/project/FS/data/28gusui&pizang/03/50/cell_1761648619313_912349010008_58245_0000.png,11
/home/wangqianqian/project/FS/data/28gusui&pizang/03/41/cell_1761648103967_912349010008_14044_0000.png,11
/home/wangqianqian/project/FS/data/28gusui&pizang/03/46/cell_1761648375291_912349010008_36072_0000.png,11
/home/wangqianqian/project/FS/data/28gusui&pizang/03/52/cell_1761648759046_912349010008_72365_0100.png,11
/home/wangqianqian/project/FS/data/28gusui&pizang/03/49/cell_1761648576499_912349010008_54013_0000.png,11
/home/wangqianqian/project/FS/data/28gusui&pizang/03/51/cell_1761648697888_912349010008_66223_0000.png,11
/home/wangqianqian/project/FS/data/28gusui&pizang/03/48/cell_1761648516257_912349010008_48520_0000.png,11
/home/wangqianqian/project/FS/data/28gusui&pizang/03/56/cell_1761648987110_912349010008_93759_0000.png,11
/home/wangqianqian/project/FS/data/28gusui&pizang/03/48/cell_1761648518773_912349010008_48735_0100.png,11
/home/wangqianqian/project/FS/data/28gusui&pizang/03/55/cell_1761648932560_912349010008_89040_0000.png,11
/home/wangqianqian/project/FS/data/28gusui&pizang/03/58/cell_1761649136390_912349010008_108924_0000.png,11
/home/wangqianqian/project/FS/data/28gusui&pizang/03/57/cell_1761649071996_912349010008_102141_0100.png,11
/home/wangqianqian/project/FS/data/28gusui&pizang/03/43/cell_1761648196243_912349010008_20527_0100.png,11
/home/wangqianqian/project/FS/data/28gusui&pizang/03/59/cell_1761649172822_912349010008_112822_0000.png,11
/home/wangqianqian/project/FS/data/28gusui&pizang/03/42/cell_1761648130523_912349010008_15766_0000.png,11
/home/wangqianqian/project/FS/data/28gusui&pizang/03/53/cell_1761648813197_912349010008_77885_0000.png,11
/home/wangqianqian/project/FS/data/28gusui&pizang/03/45/cell_1761648307851_912349010008_30139_0000.png,11
/home/wangqianqian/project/FS/data/28gusui&pizang/03/58/cell_1761649081376_912349010008_103097_0000.png,11
/home/wangqianqian/project/FS/data/28gusui&pizang/03/41/cell_1761648063805_912349010008_11515_0000.png,11
/home/wangqianqian/project/FS/data/28gusui&pizang/03/49/cell_1761648563682_912349010008_52740_0000.png,11
/home/wangqianqian/project/FS/data/28gusui&pizang/03/56/cell_1761648995448_912349010008_94534_0000.png,11
/home/wangqianqian/project/FS/data/28gusui&pizang/03/54/cell_1761648882885_912349010008_84753_0100.png,11
/home/wangqianqian/project/FS/data/28gusui&pizang/03/53/cell_1761648839035_912349010008_80316_0100.png,11
/home/wangqianqian/project/FS/data/28gusui&pizang/03/49/cell_1761648556229_912349010008_52068_0100.png,11
/home/wangqianqian/project/FS/data/28gusui&pizang/03/51/cell_1761648707456_912349010008_67245_0100.png,11
/home/wangqianqian/project/FS/data/28gusui&pizang/03/50/cell_1761648638002_912349010008_60133_0000.png,11
/home/wangqianqian/project/FS/data/28gusui&pizang/03/50/cell_1761648634394_912349010008_59732_0000.png,11
/home/wangqianqian/project/FS/data/28gusui&pizang/03/40/cell_1761648003807_912349010008_8412_0100.png,11
/home/wangqianqian/project/FS/data/28gusui&pizang/03/49/cell_1761648564077_912349010008_52788_0100.png,11
/home/wangqianqian/project/FS/data/28gusui&pizang/03/51/cell_1761648674377_912349010008_63780_0000.png,11
/home/wangqianqian/project/FS/data/28gusui&pizang/03/43/cell_1761648206888_912349010008_21427_0000.png,11
/home/wangqianqian/project/FS/data/28gusui&pizang/03/52/cell_1761648759730_912349010008_72429_0100.png,11
/home/wangqianqian/project/FS/data/28gusui&pizang/03/42/cell_1761648176412_912349010008_19065_0000.png,11
/home/wangqianqian/project/FS/data/28gusui&pizang/03/39/cell_1761647949193_912349010008_6154_0000.png,11
/home/wangqianqian/project/FS/data/28gusui&pizang/03/57/cell_1761649028677_912349010008_97686_0000.png,11
/home/wangqianqian/project/FS/data/28gusui&pizang/03/54/cell_1761648856615_912349010008_82094_0100.png,11
/home/wangqianqian/project/FS/data/28gusui&pizang/03/44/cell_1761648279353_912349010008_27699_0100.png,11
/home/wangqianqian/project/FS/data/28gusui&pizang/03/49/cell_1761648586987_912349010008_55009_0000.png,11
/home/wangqianqian/project/FS/data/28gusui&pizang/03/44/cell_1761648273512_912349010008_27144_0000.png,11
/home/wangqianqian/project/FS/data/28gusui&pizang/03/44/cell_1761648264836_912349010008_26312_0000.png,11
/home/wangqianqian/project/FS/data/28gusui&pizang/03/59/cell_1761649147773_912349010008_110099_0000.png,11
/home/wangqianqian/project/FS/data/28gusui&pizang/03/51/cell_1761648696470_912349010008_66053_0100.png,11
/home/wangqianqian/project/FS/data/28gusui&pizang/03/56/cell_1761648991142_912349010008_94126_0100.png,11
/home/wangqianqian/project/FS/data/28gusui&pizang/03/52/cell_1761648778615_912349010008_74153_0100.png,11
/home/wangqianqian/project/FS/data/28gusui&pizang/03/38/cell_1761647898663_912349010008_4399_0000.png,11
/home/wangqianqian/project/FS/data/28gusui&pizang/03/40/cell_1761648021966_912349010008_9354_0000.png,11
/home/wangqianqian/project/FS/data/28gusui&pizang/03/56/cell_1761649007981_912349010008_95739_0000.png,11
/home/wangqianqian/project/FS/data/28gusui&pizang/03/54/cell_1761648862491_912349010008_82744_0100.png,11
/home/wangqianqian/project/FS/data/28gusui&pizang/03/42/cell_1761648130226_912349010008_15747_0100.png,11
/home/wangqianqian/project/FS/data/28gusui&pizang/03/50/cell_1761648638262_912349010008_60156_0000.png,11
/home/wangqianqian/project/FS/data/28gusui&pizang/03/59/cell_1761649141154_912349010008_109413_0100.png,11
/home/wangqianqian/project/FS/data/28gusui&pizang/03/41/cell_1761648113153_912349010008_14588_0100.png,11
/home/wangqianqian/project/FS/data/28gusui&pizang/03/54/cell_1761648881919_912349010008_84672_0100.png,11
/home/wangqianqian/project/FS/data/28gusui&pizang/03/48/cell_1761648506915_912349010008_47815_0100.png,11
/home/wangqianqian/project/FS/data/28gusui&pizang/03/51/cell_1761648709623_912349010008_67486_0000.png,11
/home/wangqianqian/project/FS/data/28gusui&pizang/03/56/cell_1761649019767_912349010008_96794_0000.png,11
/home/wangqianqian/project/FS/data/28gusui&pizang/03/47/cell_1761648439689_912349010008_42027_0100.png,11
/home/wangqianqian/project/FS/data/28gusui&pizang/03/42/cell_1761648160086_912349010008_17933_0100.png,11
/home/wangqianqian/project/FS/data/28gusui&pizang/03/46/cell_1761648389705_912349010008_37338_0000.png,11
/home/wangqianqian/project/FS/data/28gusui&pizang/03/44/cell_1761648263089_912349010008_26139_0100.png,11
/home/wangqianqian/project/FS/data/28gusui&pizang/03/47/cell_1761648433737_912349010008_41401_0000.png,11
/home/wangqianqian/project/FS/data/28gusui&pizang/03/52/cell_1761648772798_912349010008_73642_0000.png,11
/home/wangqianqian/project/FS/data/28gusui&pizang/03/42/cell_1761648157617_912349010008_17742_0100.png,11
/home/wangqianqian/project/FS/data/28gusui&pizang/03/43/cell_1761648200889_912349010008_20892_0000.png,11
/home/wangqianqian/project/FS/data/28gusui&pizang/03/54/cell_1761648898551_912349010008_86168_0000.png,11
/home/wangqianqian/project/FS/data/28gusui&pizang/03/43/cell_1761648225492_912349010008_22873_0100.png,11
/home/wangqianqian/project/FS/data/28gusui&pizang/03/44/cell_1761648277908_912349010008_27599_0000.png,11
/home/wangqianqian/project/FS/data/28gusui&pizang/03/51/cell_1761648707589_912349010008_67270_0000.png,11
/home/wangqianqian/project/FS/data/28gusui&pizang/03/50/cell_1761648618661_912349010008_58189_0000.png,11
/home/wangqianqian/project/FS/data/28gusui&pizang/03/57/cell_1761649057771_912349010008_100677_0000.png,11
/home/wangqianqian/project/FS/data/28gusui&pizang/03/52/cell_1761648730454_912349010008_69506_0000.png,11
/home/wangqianqian/project/FS/data/28gusui&pizang/03/43/cell_1761648184986_912349010008_19688_0100.png,11
/home/wangqianqian/project/FS/data/28gusui&pizang/03/47/cell_1761648456754_912349010008_43518_0100.png,11
/home/wangqianqian/project/FS/data/28gusui&pizang/03/47/cell_1761648477219_912349010008_45290_0100.png,11
/home/wangqianqian/project/FS/data/28gusui&pizang/03/53/cell_1761648824729_912349010008_78993_0000.png,11
/home/wangqianqian/project/FS/data/28gusui&pizang/03/51/cell_1761648689371_912349010008_65327_0000.png,11
/home/wangqianqian/project/FS/data/28gusui&pizang/03/58/cell_1761649091097_912349010008_104186_0100.png,11
/home/wangqianqian/project/FS/data/28gusui&pizang/03/57/cell_1761649072860_912349010008_102229_0000.png,11
/home/wangqianqian/project/FS/data/28gusui&pizang/03/52/cell_1761648726025_912349010008_69096_0000.png,11
/home/wangqianqian/project/FS/data/28gusui&pizang/03/53/cell_1761648792319_912349010008_75628_0000.png,11
/home/wangqianqian/project/FS/data/28gusui&pizang/03/47/cell_1761648448400_912349010008_42820_0100.png,11
/home/wangqianqian/project/FS/data/28gusui&pizang/03/42/cell_1761648163683_912349010008_18111_0000.png,11
/home/wangqianqian/project/FS/data/28gusui&pizang/03/45/cell_1761648326571_912349010008_31652_0000.png,11
/home/wangqianqian/project/FS/data/28gusui&pizang/03/50/cell_1761648618794_912349010008_58206_0000.png,11
/home/wangqianqian/project/FS/data/28gusui&pizang/03/38/cell_1761647900011_912349010008_4446_0000.png,11
/home/wangqianqian/project/FS/data/28gusui&pizang/03/39/cell_1761647998080_912349010008_8120_0100.png,11
/home/wangqianqian/project/FS/data/28gusui&pizang/03/48/cell_1761648488507_912349010008_46278_0100.png,11
/home/wangqianqian/project/FS/data/28gusui&pizang/03/59/cell_1761649179823_912349010008_113522_0100.png,11
/home/wangqianqian/project/FS/data/28gusui&pizang/03/56/cell_1761648966229_912349010008_91883_0000.png,11
/home/wangqianqian/project/FS/data/28gusui&pizang/03/51/cell_1761648670123_912349010008_63377_0100.png,11
/home/wangqianqian/project/FS/data/28gusui&pizang/03/48/cell_1761648517531_912349010008_48633_0100.png,11
/home/wangqianqian/project/FS/data/28gusui&pizang/03/39/cell_1761647965399_912349010008_6799_0000.png,11
/home/wangqianqian/project/FS/data/28gusui&pizang/03/56/cell_1761649010723_912349010008_95997_0100.png,11
/home/wangqianqian/project/FS/data/28gusui&pizang/03/56/cell_1761648975261_912349010008_92693_0100.png,11
/home/wangqianqian/project/FS/data/28gusui&pizang/03/43/cell_1761648204867_912349010008_21236_0100.png,11
/home/wangqianqian/project/FS/data/28gusui&pizang/03/52/cell_1761648774453_912349010008_73773_0000.png,12
/home/wangqianqian/project/FS/data/28gusui&pizang/03/55/cell_1761648922139_912349010008_88022_0100.png,12
/home/wangqianqian/project/FS/data/28gusui&pizang/03/56/cell_1761648996134_912349010008_94623_0100.png,12
/home/wangqianqian/project/FS/data/28gusui&pizang/03/42/cell_1761648173903_912349010008_18899_0000.png,12
/home/wangqianqian/project/FS/data/28gusui&pizang/03/43/cell_1761648208042_912349010008_21522_0000.png,12
/home/wangqianqian/project/FS/data/28gusui&pizang/03/38/cell_1761647926711_912349010008_5221_0000.png,12
/home/wangqianqian/project/FS/data/28gusui&pizang/03/54/cell_1761648858244_912349010008_82272_0000.png,12
/home/wangqianqian/project/FS/data/28gusui&pizang/03/56/cell_1761648968128_912349010008_92048_0000.png,12
/home/wangqianqian/project/FS/data/28gusui&pizang/03/58/cell_1761649124836_912349010008_107740_0100.png,12
/home/wangqianqian/project/FS/data/28gusui&pizang/03/58/cell_1761649083008_912349010008_103292_0100.png,12
/home/wangqianqian/project/FS/data/28gusui&pizang/03/51/cell_1761648660251_912349010008_62438_0100.png,12
/home/wangqianqian/project/FS/data/28gusui&pizang/03/56/cell_1761648992198_912349010008_94239_0100.png,12
/home/wangqianqian/project/FS/data/28gusui&pizang/03/40/cell_1761648009007_912349010008_8673_0100.png,12
/home/wangqianqian/project/FS/data/28gusui&pizang/03/57/cell_1761649063096_912349010008_101224_0100.png,12
/home/wangqianqian/project/FS/data/28gusui&pizang/03/46/cell_1761648418731_912349010008_39982_0000.png,12
/home/wangqianqian/project/FS/data/28gusui&pizang/03/58/cell_1761649099320_912349010008_105050_0000.png,12
/home/wangqianqian/project/FS/data/28gusui&pizang/03/53/cell_1761648805856_912349010008_77156_0000.png,12
/home/wangqianqian/project/FS/data/28gusui&pizang/03/50/cell_1761648605713_912349010008_56944_0000.png,12
/home/wangqianqian/project/FS/data/28gusui&pizang/03/44/cell_1761648257600_912349010008_25661_0000.png,12
/home/wangqianqian/project/FS/data/28gusui&pizang/03/48/cell_1761648507566_912349010008_47876_0000.png,12
/home/wangqianqian/project/FS/data/28gusui&pizang/03/46/cell_1761648390605_912349010008_37397_0100.png,12
/home/wangqianqian/project/FS/data/28gusui&pizang/03/46/cell_1761648391712_912349010008_37493_0000.png,12
/home/wangqianqian/project/FS/data/28gusui&pizang/03/57/cell_1761649044712_912349010008_99295_0100.png,12
/home/wangqianqian/project/FS/data/28gusui&pizang/03/47/cell_1761648430113_912349010008_41022_0000.png,12
/home/wangqianqian/project/FS/data/28gusui&pizang/03/48/cell_1761648535083_912349010008_50169_0000.png,12
/home/wangqianqian/project/FS/data/28gusui&pizang/03/55/cell_1761648901478_912349010008_86420_0000.png,12
/home/wangqianqian/project/FS/data/28gusui&pizang/03/54/cell_1761648897416_912349010008_86082_0000.png,12
/home/wangqianqian/project/FS/data/28gusui&pizang/03/59/cell_1761649164552_912349010008_111905_0000.png,12
/home/wangqianqian/project/FS/data/28gusui&pizang/03/39/cell_1761647955454_912349010008_6435_0000.png,12
/home/wangqianqian/project/FS/data/28gusui&pizang/03/44/cell_1761648296028_912349010008_29163_0100.png,12
/home/wangqianqian/project/FS/data/28gusui&pizang/03/43/cell_1761648217582_912349010008_22265_0100.png,12
/home/wangqianqian/project/FS/data/28gusui&pizang/03/59/cell_1761649165220_912349010008_111997_0000.png,12
/home/wangqianqian/project/FS/data/28gusui&pizang/03/56/cell_1761649000611_912349010008_95050_0000.png,12
/home/wangqianqian/project/FS/data/28gusui&pizang/03/49/cell_1761648585622_912349010008_54860_0000.png,12
/home/wangqianqian/project/FS/data/28gusui&pizang/03/44/cell_1761648268029_912349010008_26600_0100.png,12
/home/wangqianqian/project/FS/data/28gusui&pizang/03/50/cell_1761648639346_912349010008_60264_0000.png,12
/home/wangqianqian/project/FS/data/28gusui&pizang/03/50/cell_1761648641742_912349010008_60472_0100.png,12
/home/wangqianqian/project/FS/data/28gusui&pizang/03/50/cell_1761648644820_912349010008_60807_0100.png,12
/home/wangqianqian/project/FS/data/28gusui&pizang/03/58/cell_1761649085409_912349010008_103510_0000.png,12
/home/wangqianqian/project/FS/data/28gusui&pizang/03/55/cell_1761648916589_912349010008_87598_0100.png,12
/home/wangqianqian/project/FS/data/28gusui&pizang/03/57/cell_1761649045724_912349010008_99406_0100.png,12
/home/wangqianqian/project/FS/data/28gusui&pizang/03/57/cell_1761649021028_912349010008_96927_0000.png,12
/home/wangqianqian/project/FS/data/28gusui&pizang/03/47/cell_1761648439680_912349010008_42025_0000.png,12
/home/wangqianqian/project/FS/data/28gusui&pizang/03/58/cell_1761649096558_912349010008_104775_0100.png,12
/home/wangqianqian/project/FS/data/28gusui&pizang/03/50/cell_1761648605997_912349010008_56970_0000.png,12
/home/wangqianqian/project/FS/data/28gusui&pizang/03/52/cell_1761648741191_912349010008_70610_0100.png,12
/home/wangqianqian/project/FS/data/28gusui&pizang/03/41/cell_1761648090724_912349010008_13257_0100.png,12
/home/wangqianqian/project/FS/data/28gusui&pizang/03/52/cell_1761648767712_912349010008_73159_0000.png,12
/home/wangqianqian/project/FS/data/28gusui&pizang/03/54/cell_1761648845735_912349010008_81009_0000.png,12
/home/wangqianqian/project/FS/data/28gusui&pizang/03/43/cell_1761648188438_912349010008_19964_0100.png,12
/home/wangqianqian/project/FS/data/28gusui&pizang/03/49/cell_1761648568900_912349010008_53274_0100.png,12
/home/wangqianqian/project/FS/data/28gusui&pizang/03/54/cell_1761648874387_912349010008_83918_0100.png,12
/home/wangqianqian/project/FS/data/28gusui&pizang/03/45/cell_1761648358143_912349010008_34563_0100.png,12
/home/wangqianqian/project/FS/data/28gusui&pizang/03/49/cell_1761648567433_912349010008_53137_0100.png,12
/home/wangqianqian/project/FS/data/28gusui&pizang/03/58/cell_1761649102613_912349010008_105377_0000.png,12
/home/wangqianqian/project/FS/data/28gusui&pizang/03/52/cell_1761648722969_912349010008_68812_0100.png,12
/home/wangqianqian/project/FS/data/28gusui&pizang/03/53/cell_1761648782715_912349010008_74567_0000.png,12
/home/wangqianqian/project/FS/data/28gusui&pizang/03/55/cell_1761648922603_912349010008_88068_0100.png,12
/home/wangqianqian/project/FS/data/28gusui&pizang/03/52/cell_1761648737614_912349010008_70246_0100.png,12
/home/wangqianqian/project/FS/data/28gusui&pizang/03/54/cell_1761648890997_912349010008_85553_0100.png,12
/home/wangqianqian/project/FS/data/28gusui&pizang/03/50/cell_1761648626900_912349010008_58985_0000.png,12
/home/wangqianqian/project/FS/data/28gusui&pizang/03/54/cell_1761648865883_912349010008_83056_0000.png,12
/home/wangqianqian/project/FS/data/28gusui&pizang/03/55/cell_1761648937224_912349010008_89430_0100.png,12
/home/wangqianqian/project/FS/data/28gusui&pizang/03/47/cell_1761648420630_912349010008_40140_0100.png,12
/home/wangqianqian/project/FS/data/28gusui&pizang/03/59/cell_1761649163680_912349010008_111828_0100.png,12
/home/wangqianqian/project/FS/data/28gusui&pizang/03/43/cell_1761648205412_912349010008_21283_0100.png,12
/home/wangqianqian/project/FS/data/28gusui&pizang/03/47/cell_1761648470345_912349010008_44675_0000.png,12
/home/wangqianqian/project/FS/data/28gusui&pizang/03/45/cell_1761648352441_912349010008_34049_0000.png,12
/home/wangqianqian/project/FS/data/28gusui&pizang/03/48/cell_1761648523456_912349010008_49103_0100.png,12
/home/wangqianqian/project/FS/data/28gusui&pizang/03/45/cell_1761648339838_912349010008_32887_0000.png,12
/home/wangqianqian/project/FS/data/28gusui&pizang/03/51/cell_1761648683264_912349010008_64705_0000.png,12
/home/wangqianqian/project/FS/data/28gusui&pizang/03/42/cell_1761648129068_912349010008_15669_0000.png,12
/home/wangqianqian/project/FS/data/28gusui&pizang/03/53/cell_1761648831930_912349010008_79654_0000.png,12
/home/wangqianqian/project/FS/data/28gusui&pizang/03/47/cell_1761648473696_912349010008_44979_0100.png,12
/home/wangqianqian/project/FS/data/28gusui&pizang/03/51/cell_1761648661434_912349010008_62547_0100.png,12
/home/wangqianqian/project/FS/data/28gusui&pizang/03/52/cell_1761648759593_912349010008_72417_0100.png,12
/home/wangqianqian/project/FS/data/28gusui&pizang/03/45/cell_1761648335954_912349010008_32543_0000.png,12
/home/wangqianqian/project/FS/data/28gusui&pizang/03/48/cell_1761648515607_912349010008_48481_0000.png,12
/home/wangqianqian/project/FS/data/28gusui&pizang/03/53/cell_1761648791435_912349010008_75541_0000.png,12
/home/wangqianqian/project/FS/data/28gusui&pizang/03/52/cell_1761648723725_912349010008_68882_0100.png,12
/home/wangqianqian/project/FS/data/28gusui&pizang/03/50/cell_1761648609984_912349010008_57303_0000.png,12
/home/wangqianqian/project/FS/data/28gusui&pizang/03/52/cell_1761648740193_912349010008_70523_0000.png,12
/home/wangqianqian/project/FS/data/28gusui&pizang/03/55/cell_1761648935510_912349010008_89277_0100.png,12
/home/wangqianqian/project/FS/data/28gusui&pizang/03/50/cell_1761648636884_912349010008_60023_0000.png,12
/home/wangqianqian/project/FS/data/28gusui&pizang/03/45/cell_1761648355330_912349010008_34323_0000.png,12
/home/wangqianqian/project/FS/data/28gusui&pizang/03/58/cell_1761649090823_912349010008_104147_0100.png,12
/home/wangqianqian/project/FS/data/28gusui&pizang/03/56/cell_1761648984325_912349010008_93504_0100.png,12
/home/wangqianqian/project/FS/data/28gusui&pizang/03/55/cell_1761648922179_912349010008_88028_0000.png,12
/home/wangqianqian/project/FS/data/28gusui&pizang/03/58/cell_1761649097966_912349010008_104914_0000.png,12
/home/wangqianqian/project/FS/data/28gusui&pizang/03/42/cell_1761648140141_912349010008_16501_0100.png,12
/home/wangqianqian/project/FS/data/28gusui&pizang/03/58/cell_1761649116783_912349010008_106915_0000.png,12
/home/wangqianqian/project/FS/data/28gusui&pizang/03/57/cell_1761649075783_912349010008_102524_0100.png,12
/home/wangqianqian/project/FS/data/28gusui&pizang/03/48/cell_1761648538238_912349010008_50437_0000.png,12
/home/wangqianqian/project/FS/data/28gusui&pizang/03/51/cell_1761648698446_912349010008_66287_0100.png,12
/home/wangqianqian/project/FS/data/28gusui&pizang/03/51/cell_1761648662649_912349010008_62675_0000.png,12
/home/wangqianqian/project/FS/data/28gusui&pizang/03/58/cell_1761649108028_912349010008_105954_0000.png,12
/home/wangqianqian/project/FS/data/28gusui&pizang/03/50/cell_1761648648374_912349010008_61217_0000.png,12
/home/wangqianqian/project/FS/data/28gusui&pizang/03/46/cell_1761648417322_912349010008_39832_0000.png,12
/home/wangqianqian/project/FS/data/28gusui&pizang/03/50/cell_1761648603008_912349010008_56686_0000.png,12
/home/wangqianqian/project/FS/data/28gusui&pizang/03/48/cell_1761648508488_912349010008_47962_0000.png,12
/home/wangqianqian/project/FS/data/28gusui&pizang/03/51/cell_1761648673357_912349010008_63676_0100.png,13
/home/wangqianqian/project/FS/data/28gusui&pizang/03/54/cell_1761648866008_912349010008_83066_0000.png,13
/home/wangqianqian/project/FS/data/28gusui&pizang/03/49/cell_1761648572191_912349010008_53608_0100.png,13
/home/wangqianqian/project/FS/data/28gusui&pizang/03/47/cell_1761648428288_912349010008_40864_0000.png,13
/home/wangqianqian/project/FS/data/28gusui&pizang/03/45/cell_1761648335954_912349010008_32543_0100.png,13
/home/wangqianqian/project/FS/data/28gusui&pizang/03/53/cell_1761648784043_912349010008_74706_0000.png,13
/home/wangqianqian/project/FS/data/28gusui&pizang/03/55/cell_1761648931129_912349010008_88919_0100.png,13
/home/wangqianqian/project/FS/data/28gusui&pizang/03/41/cell_1761648117135_912349010008_14865_0000.png,13
/home/wangqianqian/project/FS/data/28gusui&pizang/03/43/cell_1761648186339_912349010008_19779_0100.png,13
/home/wangqianqian/project/FS/data/28gusui&pizang/03/59/cell_1761649154566_912349010008_110838_0000.png,13
/home/wangqianqian/project/FS/data/28gusui&pizang/03/51/cell_1761648695502_912349010008_65956_0000.png,13
/home/wangqianqian/project/FS/data/28gusui&pizang/03/53/cell_1761648790802_912349010008_75468_0000.png,13
/home/wangqianqian/project/FS/data/28gusui&pizang/03/52/cell_1761648730885_912349010008_69540_0100.png,13
/home/wangqianqian/project/FS/data/28gusui&pizang/03/40/cell_1761648055784_912349010008_11025_0100.png,13
/home/wangqianqian/project/FS/data/28gusui&pizang/03/56/cell_1761648966331_912349010008_91890_0100.png,13
/home/wangqianqian/project/FS/data/28gusui&pizang/03/45/cell_1761648328062_912349010008_31807_0000.png,13
/home/wangqianqian/project/FS/data/28gusui&pizang/03/44/cell_1761648299268_912349010008_29426_0100.png,13
/home/wangqianqian/project/FS/data/28gusui&pizang/03/45/cell_1761648345576_912349010008_33415_0100.png,13
/home/wangqianqian/project/FS/data/28gusui&pizang/03/51/cell_1761648673111_912349010008_63654_0100.png,13
/home/wangqianqian/project/FS/data/28gusui&pizang/03/41/cell_1761648101309_912349010008_13893_0100.png,13
/home/wangqianqian/project/FS/data/28gusui&pizang/03/46/cell_1761648392292_912349010008_37532_0100.png,13
/home/wangqianqian/project/FS/data/28gusui&pizang/03/56/cell_1761648976798_912349010008_92831_0100.png,13
/home/wangqianqian/project/FS/data/28gusui&pizang/03/41/cell_1761648117885_912349010008_14905_0100.png,13
/home/wangqianqian/project/FS/data/28gusui&pizang/03/41/cell_1761648082463_912349010008_12695_0100.png,13
/home/wangqianqian/project/FS/data/28gusui&pizang/03/59/cell_1761649159833_912349010008_111429_0000.png,13
/home/wangqianqian/project/FS/data/28gusui&pizang/03/56/cell_1761649004210_912349010008_95391_0100.png,13
/home/wangqianqian/project/FS/data/28gusui&pizang/03/46/cell_1761648365760_912349010008_35250_0100.png,13
/home/wangqianqian/project/FS/data/28gusui&pizang/03/51/cell_1761648714191_912349010008_67986_0000.png,13
/home/wangqianqian/project/FS/data/28gusui&pizang/03/46/cell_1761648391712_912349010008_37493_0100.png,13
/home/wangqianqian/project/FS/data/28gusui&pizang/03/50/cell_1761648643224_912349010008_60624_0000.png,13
/home/wangqianqian/project/FS/data/28gusui&pizang/03/56/cell_1761648998631_912349010008_94865_0000.png,13
/home/wangqianqian/project/FS/data/28gusui&pizang/03/53/cell_1761648811987_912349010008_77768_0000.png,13
/home/wangqianqian/project/FS/data/28gusui&pizang/03/44/cell_1761648266941_912349010008_26510_0100.png,13
/home/wangqianqian/project/FS/data/28gusui&pizang/03/43/cell_1761648209819_912349010008_21666_0000.png,13
/home/wangqianqian/project/FS/data/28gusui&pizang/03/45/cell_1761648300217_912349010008_29492_0000.png,13
/home/wangqianqian/project/FS/data/28gusui&pizang/03/53/cell_1761648783194_912349010008_74618_0100.png,13
/home/wangqianqian/project/FS/data/28gusui&pizang/03/45/cell_1761648303512_912349010008_29754_0000.png,13
/home/wangqianqian/project/FS/data/28gusui&pizang/03/56/cell_1761649007821_912349010008_95726_0000.png,13
/home/wangqianqian/project/FS/data/28gusui&pizang/03/57/cell_1761649039454_912349010008_98699_0000.png,13
/home/wangqianqian/project/FS/data/28gusui&pizang/03/53/cell_1761648826997_912349010008_79209_0100.png,13
/home/wangqianqian/project/FS/data/28gusui&pizang/03/47/cell_1761648425943_912349010008_40636_0000.png,13
/home/wangqianqian/project/FS/data/28gusui&pizang/03/56/cell_1761648990086_912349010008_94016_0000.png,13
/home/wangqianqian/project/FS/data/28gusui&pizang/03/51/cell_1761648667656_912349010008_63139_0000.png,13
/home/wangqianqian/project/FS/data/28gusui&pizang/03/42/cell_1761648138572_912349010008_16387_0000.png,13
/home/wangqianqian/project/FS/data/28gusui&pizang/03/53/cell_1761648827918_912349010008_79298_0000.png,13
/home/wangqianqian/project/FS/data/28gusui&pizang/03/58/cell_1761649085030_912349010008_103487_0100.png,13
/home/wangqianqian/project/FS/data/28gusui&pizang/03/44/cell_1761648286838_912349010008_28396_0000.png,13
/home/wangqianqian/project/FS/data/28gusui&pizang/03/59/cell_1761649171382_912349010008_112668_0100.png,13
/home/wangqianqian/project/FS/data/28gusui&pizang/03/52/cell_1761648737380_912349010008_70214_0000.png,13
/home/wangqianqian/project/FS/data/28gusui&pizang/03/56/cell_1761649008994_912349010008_95819_0100.png,13
/home/wangqianqian/project/FS/data/28gusui&pizang/03/42/cell_1761648137737_912349010008_16317_0000.png,13
/home/wangqianqian/project/FS/data/28gusui&pizang/03/48/cell_1761648516594_912349010008_48555_0000.png,13
/home/wangqianqian/project/FS/data/28gusui&pizang/03/44/cell_1761648275052_912349010008_27307_0100.png,13
/home/wangqianqian/project/FS/data/28gusui&pizang/03/54/cell_1761648865980_912349010008_83063_0100.png,13
/home/wangqianqian/project/FS/data/28gusui&pizang/03/39/cell_1761647949578_912349010008_6177_0100.png,13
/home/wangqianqian/project/FS/data/28gusui&pizang/03/54/cell_1761648891862_912349010008_85636_0000.png,13
/home/wangqianqian/project/FS/data/28gusui&pizang/03/42/cell_1761648131737_912349010008_15864_0000.png,13
/home/wangqianqian/project/FS/data/28gusui&pizang/03/42/cell_1761648131620_912349010008_15846_0000.png,13
/home/wangqianqian/project/FS/data/28gusui&pizang/03/55/cell_1761648946530_912349010008_90214_0100.png,13
/home/wangqianqian/project/FS/data/28gusui&pizang/03/46/cell_1761648384907_912349010008_36929_0100.png,13
/home/wangqianqian/project/FS/data/28gusui&pizang/03/59/cell_1761649148223_912349010008_110145_0000.png,13
/home/wangqianqian/project/FS/data/28gusui&pizang/03/46/cell_1761648414499_912349010008_39531_0000.png,13
/home/wangqianqian/project/FS/data/28gusui&pizang/03/58/cell_1761649082229_912349010008_103200_0000.png,13
/home/wangqianqian/project/FS/data/28gusui&pizang/03/52/cell_1761648779587_912349010008_74251_0000.png,13
/home/wangqianqian/project/FS/data/28gusui&pizang/03/58/cell_1761649080483_912349010008_102995_0000.png,13
/home/wangqianqian/project/FS/data/28gusui&pizang/03/52/cell_1761648747298_912349010008_71231_0100.png,13
/home/wangqianqian/project/FS/data/28gusui&pizang/03/51/cell_1761648704089_912349010008_66850_0000.png,13
/home/wangqianqian/project/FS/data/28gusui&pizang/03/49/cell_1761648562820_912349010008_52658_0000.png,13
/home/wangqianqian/project/FS/data/28gusui&pizang/03/57/cell_1761649076860_912349010008_102639_0000.png,13
/home/wangqianqian/project/FS/data/28gusui&pizang/03/48/cell_1761648496434_912349010008_46960_0000.png,13
/home/wangqianqian/project/FS/data/28gusui&pizang/03/55/cell_1761648901507_912349010008_86424_0100.png,13
/home/wangqianqian/project/FS/data/28gusui&pizang/03/54/cell_1761648863769_912349010008_82858_0000.png,13
/home/wangqianqian/project/FS/data/28gusui&pizang/03/51/cell_1761648703709_912349010008_66817_0000.png,13
/home/wangqianqian/project/FS/data/28gusui&pizang/03/45/cell_1761648300925_912349010008_29555_0100.png,13
/home/wangqianqian/project/FS/data/28gusui&pizang/03/47/cell_1761648434175_912349010008_41469_0100.png,13
/home/wangqianqian/project/FS/data/28gusui&pizang/03/54/cell_1761648869056_912349010008_83363_0000.png,13
/home/wangqianqian/project/FS/data/28gusui&pizang/03/40/cell_1761648001745_912349010008_8317_0000.png,13
/home/wangqianqian/project/FS/data/28gusui&pizang/03/50/cell_1761648653414_912349010008_61719_0000.png,13
/home/wangqianqian/project/FS/data/28gusui&pizang/03/47/cell_1761648470361_912349010008_44677_0000.png,13
/home/wangqianqian/project/FS/data/28gusui&pizang/03/54/cell_1761648891529_912349010008_85610_0000.png,13
/home/wangqianqian/project/FS/data/28gusui&pizang/03/53/cell_1761648784681_912349010008_74770_0000.png,13
/home/wangqianqian/project/FS/data/28gusui&pizang/03/50/cell_1761648654675_912349010008_61854_0000.png,13
/home/wangqianqian/project/FS/data/28gusui&pizang/03/55/cell_1761648920183_912349010008_87880_0100.png,13
/home/wangqianqian/project/FS/data/28gusui&pizang/03/58/cell_1761649080923_912349010008_103047_0100.png,13
/home/wangqianqian/project/FS/data/28gusui&pizang/03/55/cell_1761648957742_912349010008_91172_0000.png,13
/home/wangqianqian/project/FS/data/28gusui&pizang/03/55/cell_1761648912788_912349010008_87315_0000.png,13
/home/wangqianqian/project/FS/data/28gusui&pizang/03/52/cell_1761648722888_912349010008_68809_0100.png,13
/home/wangqianqian/project/FS/data/28gusui&pizang/03/50/cell_1761648602664_912349010008_56657_0000.png,13
/home/wangqianqian/project/FS/data/28gusui&pizang/03/54/cell_1761648875870_912349010008_84054_0000.png,13
/home/wangqianqian/project/FS/data/28gusui&pizang/03/43/cell_1761648195062_912349010008_20444_0000.png,13
/home/wangqianqian/project/FS/data/28gusui&pizang/03/54/cell_1761648871431_912349010008_83606_0000.png,13
/home/wangqianqian/project/FS/data/28gusui&pizang/03/41/cell_1761648090174_912349010008_13216_0000.png,13
/home/wangqianqian/project/FS/data/28gusui&pizang/03/53/cell_1761648839589_912349010008_80372_0100.png,13
/home/wangqianqian/project/FS/data/28gusui&pizang/03/49/cell_1761648574360_912349010008_53841_0000.png,13
/home/wangqianqian/project/FS/data/28gusui&pizang/03/52/cell_1761648769065_912349010008_73298_0000.png,13
/home/wangqianqian/project/FS/data/28gusui&pizang/03/58/cell_1761649097903_912349010008_104904_0100.png,13
/home/wangqianqian/project/FS/data/28gusui&pizang/03/42/cell_1761648156750_912349010008_17678_0100.png,13
/home/wangqianqian/project/FS/data/28gusui&pizang/03/51/cell_1761648709541_912349010008_67482_0000.png,13
/home/wangqianqian/project/FS/data/28gusui&pizang/03/49/cell_1761648595110_912349010008_55862_0000.png,13
/home/wangqianqian/project/FS/data/28gusui&pizang/03/49/cell_1761648547011_912349010008_51230_0100.png,13
/home/wangqianqian/project/FS/data/28gusui&pizang/03/48/cell_1761648534138_912349010008_50079_0000.png,14
/home/wangqianqian/project/FS/data/28gusui&pizang/03/57/cell_1761649048890_912349010008_99746_0000.png,14
/home/wangqianqian/project/FS/data/28gusui&pizang/03/44/cell_1761648244416_912349010008_24503_0000.png,14
/home/wangqianqian/project/FS/data/28gusui&pizang/03/56/cell_1761648968593_912349010008_92095_0100.png,14
/home/wangqianqian/project/FS/data/28gusui&pizang/03/42/cell_1761648167356_912349010008_18387_0000.png,14
/home/wangqianqian/project/FS/data/28gusui&pizang/03/49/cell_1761648540156_912349010008_50586_0100.png,14
/home/wangqianqian/project/FS/data/28gusui&pizang/03/42/cell_1761648160724_912349010008_17980_0000.png,14
/home/wangqianqian/project/FS/data/28gusui&pizang/03/42/cell_1761648125613_912349010008_15452_0000.png,14
/home/wangqianqian/project/FS/data/28gusui&pizang/03/55/cell_1761648956329_912349010008_91046_0000.png,14
/home/wangqianqian/project/FS/data/28gusui&pizang/03/51/cell_1761648687833_912349010008_65175_0100.png,14
/home/wangqianqian/project/FS/data/28gusui&pizang/03/46/cell_1761648408252_912349010008_38942_0100.png,14
/home/wangqianqian/project/FS/data/28gusui&pizang/03/43/cell_1761648198982_912349010008_20733_0100.png,14
/home/wangqianqian/project/FS/data/28gusui&pizang/03/54/cell_1761648867558_912349010008_83227_0000.png,14
/home/wangqianqian/project/FS/data/28gusui&pizang/03/52/cell_1761648741848_912349010008_70686_0000.png,14
/home/wangqianqian/project/FS/data/28gusui&pizang/03/54/cell_1761648845828_912349010008_81015_0000.png,14
/home/wangqianqian/project/FS/data/28gusui&pizang/03/49/cell_1761648598069_912349010008_56208_0100.png,14
/home/wangqianqian/project/FS/data/28gusui&pizang/03/54/cell_1761648876859_912349010008_84157_0000.png,14
/home/wangqianqian/project/FS/data/28gusui&pizang/03/47/cell_1761648431180_912349010008_41140_0100.png,14
/home/wangqianqian/project/FS/data/28gusui&pizang/03/42/cell_1761648152415_912349010008_17374_0100.png,14
/home/wangqianqian/project/FS/data/28gusui&pizang/03/53/cell_1761648800928_912349010008_76579_0000.png,14
/home/wangqianqian/project/FS/data/28gusui&pizang/03/45/cell_1761648319161_912349010008_31049_0000.png,14
/home/wangqianqian/project/FS/data/28gusui&pizang/03/40/cell_1761648049114_912349010008_10679_0000.png,14
/home/wangqianqian/project/FS/data/28gusui&pizang/03/46/cell_1761648361710_912349010008_34911_0100.png,14
/home/wangqianqian/project/FS/data/28gusui&pizang/03/44/cell_1761648241662_912349010008_24259_0000.png,14
/home/wangqianqian/project/FS/data/28gusui&pizang/03/41/cell_1761648084207_912349010008_12820_0100.png,14
/home/wangqianqian/project/FS/data/28gusui&pizang/03/40/cell_1761648049853_912349010008_10714_0100.png,14
/home/wangqianqian/project/FS/data/28gusui&pizang/03/48/cell_1761648499629_912349010008_47204_0000.png,14
/home/wangqianqian/project/FS/data/28gusui&pizang/03/58/cell_1761649095018_912349010008_104623_0000.png,14
/home/wangqianqian/project/FS/data/28gusui&pizang/03/44/cell_1761648280833_912349010008_27830_0000.png,14
/home/wangqianqian/project/FS/data/28gusui&pizang/03/42/cell_1761648172643_912349010008_18793_0000.png,14
/home/wangqianqian/project/FS/data/28gusui&pizang/03/55/cell_1761648914287_912349010008_87439_0100.png,14
/home/wangqianqian/project/FS/data/28gusui&pizang/03/59/cell_1761649176243_912349010008_113158_0100.png,14
/home/wangqianqian/project/FS/data/28gusui&pizang/03/54/cell_1761648851465_912349010008_81609_0000.png,14
/home/wangqianqian/project/FS/data/28gusui&pizang/03/48/cell_1761648492666_912349010008_46619_0100.png,14
/home/wangqianqian/project/FS/data/28gusui&pizang/03/56/cell_1761649011636_912349010008_96071_0100.png,14
/home/wangqianqian/project/FS/data/28gusui&pizang/03/58/cell_1761649084451_912349010008_103422_0000.png,14
/home/wangqianqian/project/FS/data/28gusui&pizang/03/50/cell_1761648654428_912349010008_61830_0000.png,14
/home/wangqianqian/project/FS/data/28gusui&pizang/03/46/cell_1761648412385_912349010008_39326_0100.png,14
/home/wangqianqian/project/FS/data/28gusui&pizang/03/54/cell_1761648885875_912349010008_85053_0000.png,14
/home/wangqianqian/project/FS/data/28gusui&pizang/03/56/cell_1761648973877_912349010008_92586_0000.png,14
/home/wangqianqian/project/FS/data/28gusui&pizang/03/53/cell_1761648837225_912349010008_80145_0000.png,14
/home/wangqianqian/project/FS/data/28gusui&pizang/03/46/cell_1761648404502_912349010008_38626_0000.png,14
/home/wangqianqian/project/FS/data/28gusui&pizang/03/41/cell_1761648065399_912349010008_11611_0100.png,14
/home/wangqianqian/project/FS/data/28gusui&pizang/03/43/cell_1761648199757_912349010008_20792_0000.png,14
/home/wangqianqian/project/FS/data/28gusui&pizang/03/40/cell_1761648001000_912349010008_8280_0000.png,14
/home/wangqianqian/project/FS/data/28gusui&pizang/03/36/cell_1761647790130_912349010008_594_0100.png,14
/home/wangqianqian/project/FS/data/28gusui&pizang/03/58/cell_1761649086905_912349010008_103706_0100.png,14
/home/wangqianqian/project/FS/data/28gusui&pizang/03/53/cell_1761648783091_912349010008_74605_0000.png,14
/home/wangqianqian/project/FS/data/28gusui&pizang/03/48/cell_1761648486921_912349010008_46129_0100.png,14
/home/wangqianqian/project/FS/data/28gusui&pizang/03/56/cell_1761648995911_912349010008_94587_0100.png,14
/home/wangqianqian/project/FS/data/28gusui&pizang/03/45/cell_1761648325319_912349010008_31545_0100.png,14
/home/wangqianqian/project/FS/data/28gusui&pizang/03/56/cell_1761648972726_912349010008_92484_0000.png,14
/home/wangqianqian/project/FS/data/28gusui&pizang/03/51/cell_1761648674537_912349010008_63792_0100.png,14
/home/wangqianqian/project/FS/data/28gusui&pizang/03/41/cell_1761648062901_912349010008_11456_0000.png,14
/home/wangqianqian/project/FS/data/28gusui&pizang/03/54/cell_1761648879859_912349010008_84453_0100.png,14
/home/wangqianqian/project/FS/data/28gusui&pizang/03/45/cell_1761648310793_912349010008_30395_0100.png,14
/home/wangqianqian/project/FS/data/28gusui&pizang/03/52/cell_1761648722064_912349010008_68731_0000.png,14
/home/wangqianqian/project/FS/data/28gusui&pizang/03/42/cell_1761648156219_912349010008_17649_0000.png,14
/home/wangqianqian/project/FS/data/28gusui&pizang/03/41/cell_1761648093390_912349010008_13446_0000.png,14
/home/wangqianqian/project/FS/data/28gusui&pizang/03/48/cell_1761648500047_912349010008_47241_0000.png,14
/home/wangqianqian/project/FS/data/28gusui&pizang/03/58/cell_1761649132569_912349010008_108536_0000.png,14
/home/wangqianqian/project/FS/data/28gusui&pizang/03/50/cell_1761648651245_912349010008_61493_0000.png,14
/home/wangqianqian/project/FS/data/28gusui&pizang/03/48/cell_1761648529712_912349010008_49632_0000.png,14
/home/wangqianqian/project/FS/data/28gusui&pizang/03/39/cell_1761647963115_912349010008_6712_0000.png,14
/home/wangqianqian/project/FS/data/28gusui&pizang/03/46/cell_1761648384299_912349010008_36872_0000.png,14
/home/wangqianqian/project/FS/data/28gusui&pizang/03/49/cell_1761648540954_912349010008_50668_0000.png,14
/home/wangqianqian/project/FS/data/28gusui&pizang/03/57/cell_1761649044764_912349010008_99297_0000.png,14
/home/wangqianqian/project/FS/data/28gusui&pizang/03/49/cell_1761648576741_912349010008_54038_0000.png,14
/home/wangqianqian/project/FS/data/28gusui&pizang/03/59/cell_1761649152970_912349010008_110643_0000.png,14
/home/wangqianqian/project/FS/data/28gusui&pizang/03/53/cell_1761648796505_912349010008_76114_0000.png,14
/home/wangqianqian/project/FS/data/28gusui&pizang/03/44/cell_1761648289014_912349010008_28594_0000.png,14
/home/wangqianqian/project/FS/data/28gusui&pizang/03/44/cell_1761648258494_912349010008_25738_0000.png,14
/home/wangqianqian/project/FS/data/28gusui&pizang/03/43/cell_1761648236581_912349010008_23816_0100.png,14
/home/wangqianqian/project/FS/data/28gusui&pizang/03/59/cell_1761649161587_912349010008_111614_0000.png,14
/home/wangqianqian/project/FS/data/28gusui&pizang/03/43/cell_1761648206827_912349010008_21412_0100.png,14
/home/wangqianqian/project/FS/data/28gusui&pizang/03/44/cell_1761648244071_912349010008_24473_0000.png,14
/home/wangqianqian/project/FS/data/28gusui&pizang/03/47/cell_1761648466172_912349010008_44340_0000.png,14
/home/wangqianqian/project/FS/data/28gusui&pizang/03/43/cell_1761648239516_912349010008_24086_0100.png,14
/home/wangqianqian/project/FS/data/28gusui&pizang/03/43/cell_1761648224943_912349010008_22825_0000.png,14
/home/wangqianqian/project/FS/data/28gusui&pizang/03/43/cell_1761648232752_912349010008_23486_0000.png,14
/home/wangqianqian/project/FS/data/28gusui&pizang/03/52/cell_1761648751031_912349010008_71568_0000.png,14
/home/wangqianqian/project/FS/data/28gusui&pizang/03/44/cell_1761648259993_912349010008_25866_0000.png,14
/home/wangqianqian/project/FS/data/28gusui&pizang/03/47/cell_1761648461951_912349010008_43993_0000.png,14
/home/wangqianqian/project/FS/data/28gusui&pizang/03/44/cell_1761648270428_912349010008_26840_0100.png,14
/home/wangqianqian/project/FS/data/28gusui&pizang/03/40/cell_1761648020989_912349010008_9296_0100.png,14
/home/wangqianqian/project/FS/data/28gusui&pizang/03/58/cell_1761649128630_912349010008_108135_0100.png,14
/home/wangqianqian/project/FS/data/28gusui&pizang/03/42/cell_1761648166549_912349010008_18311_0000.png,14
/home/wangqianqian/project/FS/data/28gusui&pizang/03/50/cell_1761648619568_912349010008_58277_0100.png,14
/home/wangqianqian/project/FS/data/28gusui&pizang/03/55/cell_1761648959789_912349010008_91342_0100.png,14
/home/wangqianqian/project/FS/data/28gusui&pizang/03/39/cell_1761647992132_912349010008_7884_0100.png,14
/home/wangqianqian/project/FS/data/28gusui&pizang/03/53/cell_1761648797823_912349010008_76267_0100.png,14
/home/wangqianqian/project/FS/data/28gusui&pizang/03/49/cell_1761648596767_912349010008_56064_0000.png,14
/home/wangqianqian/project/FS/data/28gusui&pizang/03/49/cell_1761648579836_912349010008_54332_0100.png,14
/home/wangqianqian/project/FS/data/28gusui&pizang/03/40/cell_1761648023645_912349010008_9440_0000.png,14
/home/wangqianqian/project/FS/data/28gusui&pizang/03/44/cell_1761648259732_912349010008_25846_0100.png,14
/home/wangqianqian/project/FS/data/28gusui&pizang/03/47/cell_1761648431711_912349010008_41183_0000.png,14
/home/wangqianqian/project/FS/data/28gusui&pizang/03/44/cell_1761648254769_912349010008_25426_0000.png,14
/home/wangqianqian/project/FS/data/28gusui&pizang/03/50/cell_1761648642144_912349010008_60518_0000.png,14
/home/wangqianqian/project/FS/data/28gusui&pizang/03/41/cell_1761648111394_912349010008_14482_0000.png,14
/home/wangqianqian/project/FS/data/28gusui&pizang/03/44/cell_1761648289824_912349010008_28676_0100.png,14
/home/wangqianqian/project/FS/data/28gusui&pizang/03/48/cell_1761648532757_912349010008_49928_0000.png,15
/home/wangqianqian/project/FS/data/28gusui&pizang/03/52/cell_1761648738015_912349010008_70280_0000.png,15
/home/wangqianqian/project/FS/data/28gusui&pizang/03/49/cell_1761648593266_912349010008_55629_0100.png,15
/home/wangqianqian/project/FS/data/28gusui&pizang/03/40/cell_1761648026290_912349010008_9564_0100.png,15
/home/wangqianqian/project/FS/data/28gusui&pizang/03/54/cell_1761648887772_912349010008_85228_0000.png,15
/home/wangqianqian/project/FS/data/28gusui&pizang/03/50/cell_1761648641056_912349010008_60422_0000.png,15
/home/wangqianqian/project/FS/data/28gusui&pizang/03/47/cell_1761648458261_912349010008_43653_0000.png,15
/home/wangqianqian/project/FS/data/28gusui&pizang/03/44/cell_1761648261113_912349010008_25983_0000.png,15
/home/wangqianqian/project/FS/data/28gusui&pizang/03/54/cell_1761648891860_912349010008_85635_0000.png,15
/home/wangqianqian/project/FS/data/28gusui&pizang/03/48/cell_1761648484989_912349010008_45975_0000.png,15
/home/wangqianqian/project/FS/data/28gusui&pizang/03/47/cell_1761648476372_912349010008_45212_0000.png,15
/home/wangqianqian/project/FS/data/28gusui&pizang/03/44/cell_1761648292734_912349010008_28906_0000.png,15
/home/wangqianqian/project/FS/data/28gusui&pizang/03/44/cell_1761648242344_912349010008_24331_0100.png,15
/home/wangqianqian/project/FS/data/28gusui&pizang/03/51/cell_1761648698909_912349010008_66338_0000.png,15
/home/wangqianqian/project/FS/data/28gusui&pizang/03/36/cell_1761647789793_912349010008_585_0000.png,15
/home/wangqianqian/project/FS/data/28gusui&pizang/03/42/cell_1761648153676_912349010008_17472_0100.png,15
/home/wangqianqian/project/FS/data/28gusui&pizang/03/38/cell_1761647896641_912349010008_4299_0100.png,15
/home/wangqianqian/project/FS/data/28gusui&pizang/03/47/cell_1761648421069_912349010008_40185_0100.png,15
/home/wangqianqian/project/FS/data/28gusui&pizang/03/48/cell_1761648534438_912349010008_50112_0000.png,15
/home/wangqianqian/project/FS/data/28gusui&pizang/03/58/cell_1761649105883_912349010008_105718_0000.png,15
/home/wangqianqian/project/FS/data/28gusui&pizang/03/39/cell_1761647941370_912349010008_5852_0000.png,15
/home/wangqianqian/project/FS/data/28gusui&pizang/03/50/cell_1761648638844_912349010008_60210_0000.png,15
/home/wangqianqian/project/FS/data/28gusui&pizang/03/47/cell_1761648460964_912349010008_43895_0100.png,15
/home/wangqianqian/project/FS/data/28gusui&pizang/03/44/cell_1761648247611_912349010008_24802_0100.png,15
/home/wangqianqian/project/FS/data/28gusui&pizang/03/38/cell_1761647933945_912349010008_5547_0000.png,15
/home/wangqianqian/project/FS/data/28gusui&pizang/03/54/cell_1761648860465_912349010008_82534_0000.png,15
/home/wangqianqian/project/FS/data/28gusui&pizang/03/39/cell_1761647983481_912349010008_7497_0000.png,15
/home/wangqianqian/project/FS/data/28gusui&pizang/03/50/cell_1761648651498_912349010008_61524_0000.png,15
/home/wangqianqian/project/FS/data/28gusui&pizang/03/38/cell_1761647905870_912349010008_4623_0100.png,15
/home/wangqianqian/project/FS/data/28gusui&pizang/03/50/cell_1761648601218_912349010008_56506_0100.png,15
/home/wangqianqian/project/FS/data/28gusui&pizang/03/48/cell_1761648501767_912349010008_47383_0000.png,15
/home/wangqianqian/project/FS/data/28gusui&pizang/03/44/cell_1761648263315_912349010008_26163_0000.png,15
/home/wangqianqian/project/FS/data/28gusui&pizang/03/39/cell_1761647979785_912349010008_7393_0000.png,15
/home/wangqianqian/project/FS/data/28gusui&pizang/03/40/cell_1761648023656_912349010008_9448_0000.png,15
/home/wangqianqian/project/FS/data/28gusui&pizang/03/52/cell_1761648766114_912349010008_73045_0000.png,15
/home/wangqianqian/project/FS/data/28gusui&pizang/03/46/cell_1761648366395_912349010008_35313_0000.png,15
/home/wangqianqian/project/FS/data/28gusui&pizang/03/42/cell_1761648138964_912349010008_16424_0000.png,15
/home/wangqianqian/project/FS/data/28gusui&pizang/03/43/cell_1761648219026_912349010008_22365_0000.png,15
/home/wangqianqian/project/FS/data/28gusui&pizang/03/44/cell_1761648247611_912349010008_24802_0000.png,15
/home/wangqianqian/project/FS/data/28gusui&pizang/03/44/cell_1761648286658_912349010008_28375_0100.png,15
/home/wangqianqian/project/FS/data/28gusui&pizang/03/51/cell_1761648683036_912349010008_64683_0000.png,15
/home/wangqianqian/project/FS/data/28gusui&pizang/03/45/cell_1761648334163_912349010008_32370_0100.png,15
/home/wangqianqian/project/FS/data/28gusui&pizang/03/55/cell_1761648949767_912349010008_90461_0000.png,15
/home/wangqianqian/project/FS/data/28gusui&pizang/03/42/cell_1761648174065_912349010008_18914_0000.png,15
/home/wangqianqian/project/FS/data/28gusui&pizang/03/51/cell_1761648672110_912349010008_63547_0100.png,15
/home/wangqianqian/project/FS/data/28gusui&pizang/03/48/cell_1761648533757_912349010008_50034_0000.png,15
/home/wangqianqian/project/FS/data/28gusui&pizang/03/41/cell_1761648091235_912349010008_13288_0000.png,15
/home/wangqianqian/project/FS/data/28gusui&pizang/03/53/cell_1761648788603_912349010008_75226_0100.png,15
/home/wangqianqian/project/FS/data/28gusui&pizang/03/51/cell_1761648679254_912349010008_64273_0100.png,15
/home/wangqianqian/project/FS/data/28gusui&pizang/03/52/cell_1761648722615_912349010008_68775_0000.png,15
/home/wangqianqian/project/FS/data/28gusui&pizang/03/47/cell_1761648432723_912349010008_41290_0000.png,15
/home/wangqianqian/project/FS/data/28gusui&pizang/03/41/cell_1761648085492_912349010008_12920_0100.png,15
/home/wangqianqian/project/FS/data/28gusui&pizang/03/42/cell_1761648144096_912349010008_16794_0000.png,15
/home/wangqianqian/project/FS/data/28gusui&pizang/03/42/cell_1761648166445_912349010008_18306_0100.png,15
/home/wangqianqian/project/FS/data/28gusui&pizang/03/42/cell_1761648154929_912349010008_17538_0100.png,15
/home/wangqianqian/project/FS/data/28gusui&pizang/03/36/cell_1761647773517_912349010008_323_0100.png,15
/home/wangqianqian/project/FS/data/28gusui&pizang/03/43/cell_1761648194472_912349010008_20409_0000.png,15
/home/wangqianqian/project/FS/data/28gusui&pizang/03/43/cell_1761648217098_912349010008_22219_0100.png,15
/home/wangqianqian/project/FS/data/28gusui&pizang/03/48/cell_1761648513982_912349010008_48352_0100.png,15
/home/wangqianqian/project/FS/data/28gusui&pizang/03/40/cell_1761648016386_912349010008_9045_0100.png,15
/home/wangqianqian/project/FS/data/28gusui&pizang/03/59/cell_1761649140562_912349010008_109356_0100.png,15
/home/wangqianqian/project/FS/data/28gusui&pizang/03/47/cell_1761648447541_912349010008_42735_0000.png,15
/home/wangqianqian/project/FS/data/28gusui&pizang/03/52/cell_1761648752952_912349010008_71774_0100.png,15
/home/wangqianqian/project/FS/data/28gusui&pizang/03/43/cell_1761648228687_912349010008_23149_0000.png,15
/home/wangqianqian/project/FS/data/28gusui&pizang/03/43/cell_1761648222702_912349010008_22650_0100.png,15
/home/wangqianqian/project/FS/data/28gusui&pizang/03/52/cell_1761648768664_912349010008_73254_0100.png,15
/home/wangqianqian/project/FS/data/28gusui&pizang/03/49/cell_1761648577560_912349010008_54117_0100.png,15
/home/wangqianqian/project/FS/data/28gusui&pizang/03/41/cell_1761648090627_912349010008_13246_0000.png,15
/home/wangqianqian/project/FS/data/28gusui&pizang/03/42/cell_1761648136494_912349010008_16237_0000.png,15
/home/wangqianqian/project/FS/data/28gusui&pizang/03/41/cell_1761648096436_912349010008_13624_0100.png,15
/home/wangqianqian/project/FS/data/28gusui&pizang/03/57/cell_1761649059094_912349010008_100823_0000.png,15
/home/wangqianqian/project/FS/data/28gusui&pizang/03/58/cell_1761649114531_912349010008_106706_0000.png,15
/home/wangqianqian/project/FS/data/28gusui&pizang/03/49/cell_1761648563278_912349010008_52703_0000.png,15
/home/wangqianqian/project/FS/data/28gusui&pizang/03/38/cell_1761647904481_912349010008_4586_0000.png,15
/home/wangqianqian/project/FS/data/28gusui&pizang/03/56/cell_1761648960927_912349010008_91443_0000.png,15
/home/wangqianqian/project/FS/data/28gusui&pizang/03/46/cell_1761648364377_912349010008_35127_0100.png,15
/home/wangqianqian/project/FS/data/28gusui&pizang/03/39/cell_1761647952623_912349010008_6309_0000.png,15
/home/wangqianqian/project/FS/data/28gusui&pizang/03/46/cell_1761648380546_912349010008_36555_0000.png,15
/home/wangqianqian/project/FS/data/28gusui&pizang/03/43/cell_1761648209865_912349010008_21668_0100.png,15
/home/wangqianqian/project/FS/data/28gusui&pizang/03/41/cell_1761648105732_912349010008_14158_0000.png,15
/home/wangqianqian/project/FS/data/28gusui&pizang/03/51/cell_1761648661842_912349010008_62604_0000.png,15
/home/wangqianqian/project/FS/data/28gusui&pizang/03/53/cell_1761648817776_912349010008_78347_0100.png,15
/home/wangqianqian/project/FS/data/28gusui&pizang/03/57/cell_1761649023181_912349010008_97148_0000.png,15
/home/wangqianqian/project/FS/data/28gusui&pizang/03/58/cell_1761649138418_912349010008_109117_0000.png,15
/home/wangqianqian/project/FS/data/28gusui&pizang/03/56/cell_1761648969550_912349010008_92172_0000.png,15
/home/wangqianqian/project/FS/data/28gusui&pizang/03/53/cell_1761648818444_912349010008_78424_0000.png,15
/home/wangqianqian/project/FS/data/28gusui&pizang/03/54/cell_1761648876022_912349010008_84069_0100.png,15
/home/wangqianqian/project/FS/data/28gusui&pizang/03/46/cell_1761648378950_912349010008_36399_0000.png,15
/home/wangqianqian/project/FS/data/28gusui&pizang/03/54/cell_1761648879622_912349010008_84432_0000.png,15
/home/wangqianqian/project/FS/data/28gusui&pizang/03/52/cell_1761648744196_912349010008_70931_0100.png,15
/home/wangqianqian/project/FS/data/28gusui&pizang/03/47/cell_1761648448132_912349010008_42782_0000.png,15
/home/wangqianqian/project/FS/data/28gusui&pizang/03/53/cell_1761648832970_912349010008_79755_0100.png,15
/home/wangqianqian/project/FS/data/28gusui&pizang/03/49/cell_1761648594513_912349010008_55803_0000.png,15
/home/wangqianqian/project/FS/data/28gusui&pizang/03/58/cell_1761649121982_912349010008_107444_0000.png,15
/home/wangqianqian/project/FS/data/28gusui&pizang/03/54/cell_1761648843687_912349010008_80802_0000.png,15
/home/wangqianqian/project/FS/data/28gusui&pizang/03/50/cell_1761648601882_912349010008_56562_0000.png,15
/home/wangqianqian/project/FS/data/28gusui&pizang/03/47/cell_1761648435805_912349010008_41642_0100.png,15
/home/wangqianqian/project/FS/data/28gusui&pizang/03/39/cell_1761647979389_912349010008_7375_0100.png,15
/home/wangqianqian/project/FS/data/28gusui&pizang/03/46/cell_1761648386265_912349010008_37051_0000.png,15
/home/wangqianqian/project/FS/data/28gusui&pizang/03/38/cell_1761647897224_912349010008_4329_0100.png,15
/home/wangqianqian/project/FS/data/28gusui&pizang/03/43/cell_1761648186277_912349010008_19773_0100.png,16
/home/wangqianqian/project/FS/data/28gusui&pizang/03/53/cell_1761648809084_912349010008_77492_0000.png,16
/home/wangqianqian/project/FS/data/28gusui&pizang/03/46/cell_1761648362999_912349010008_34995_0100.png,16
/home/wangqianqian/project/FS/data/28gusui&pizang/03/49/cell_1761648557437_912349010008_52181_0000.png,16
/home/wangqianqian/project/FS/data/28gusui&pizang/03/49/cell_1761648543077_912349010008_50868_0000.png,16
/home/wangqianqian/project/FS/data/28gusui&pizang/03/52/cell_1761648778537_912349010008_74141_0000.png,16
/home/wangqianqian/project/FS/data/28gusui&pizang/03/54/cell_1761648848303_912349010008_81284_0100.png,16
/home/wangqianqian/project/FS/data/28gusui&pizang/03/56/cell_1761648995251_912349010008_94511_0100.png,16
/home/wangqianqian/project/FS/data/28gusui&pizang/03/39/cell_1761647975828_912349010008_7254_0000.png,16
/home/wangqianqian/project/FS/data/28gusui&pizang/03/51/cell_1761648716851_912349010008_68211_0100.png,16
/home/wangqianqian/project/FS/data/28gusui&pizang/03/45/cell_1761648321094_912349010008_31179_0100.png,16
/home/wangqianqian/project/FS/data/28gusui&pizang/03/55/cell_1761648917614_912349010008_87689_0100.png,16
/home/wangqianqian/project/FS/data/28gusui&pizang/03/41/cell_1761648118865_912349010008_14967_0000.png,16
/home/wangqianqian/project/FS/data/28gusui&pizang/03/56/cell_1761648969700_912349010008_92202_0000.png,16
/home/wangqianqian/project/FS/data/28gusui&pizang/03/58/cell_1761649129426_912349010008_108202_0000.png,16
/home/wangqianqian/project/FS/data/28gusui&pizang/03/56/cell_1761649009888_912349010008_95918_0000.png,16
/home/wangqianqian/project/FS/data/28gusui&pizang/03/44/cell_1761648287037_912349010008_28419_0000.png,16
/home/wangqianqian/project/FS/data/28gusui&pizang/03/47/cell_1761648465691_912349010008_44296_0100.png,16
/home/wangqianqian/project/FS/data/28gusui&pizang/03/57/cell_1761649055514_912349010008_100415_0100.png,16
/home/wangqianqian/project/FS/data/28gusui&pizang/03/52/cell_1761648756001_912349010008_72065_0000.png,16
/home/wangqianqian/project/FS/data/28gusui&pizang/03/57/cell_1761649071413_912349010008_102076_0000.png,16
/home/wangqianqian/project/FS/data/28gusui&pizang/03/41/cell_1761648079373_912349010008_12467_0100.png,16
/home/wangqianqian/project/FS/data/28gusui&pizang/03/53/cell_1761648795628_912349010008_76010_0100.png,16
/home/wangqianqian/project/FS/data/28gusui&pizang/03/42/cell_1761648176367_912349010008_19062_0100.png,16
/home/wangqianqian/project/FS/data/28gusui&pizang/03/54/cell_1761648897730_912349010008_86105_0000.png,16
/home/wangqianqian/project/FS/data/28gusui&pizang/03/56/cell_1761648983948_912349010008_93473_0100.png,16
/home/wangqianqian/project/FS/data/28gusui&pizang/03/56/cell_1761649004634_912349010008_95417_0100.png,16
/home/wangqianqian/project/FS/data/28gusui&pizang/03/38/cell_1761647936331_912349010008_5632_0000.png,16
/home/wangqianqian/project/FS/data/28gusui&pizang/03/53/cell_1761648803614_912349010008_76903_0100.png,16
/home/wangqianqian/project/FS/data/28gusui&pizang/03/43/cell_1761648219916_912349010008_22451_0000.png,16
/home/wangqianqian/project/FS/data/28gusui&pizang/03/44/cell_1761648252085_912349010008_25193_0000.png,16
/home/wangqianqian/project/FS/data/28gusui&pizang/03/43/cell_1761648222490_912349010008_22637_0100.png,16
/home/wangqianqian/project/FS/data/28gusui&pizang/03/55/cell_1761648933382_912349010008_89110_0100.png,16
/home/wangqianqian/project/FS/data/28gusui&pizang/03/55/cell_1761648929503_912349010008_88757_0100.png,16
/home/wangqianqian/project/FS/data/28gusui&pizang/03/50/cell_1761648609751_912349010008_57286_0000.png,16
/home/wangqianqian/project/FS/data/28gusui&pizang/03/54/cell_1761648843641_912349010008_80799_0100.png,16
/home/wangqianqian/project/FS/data/28gusui&pizang/03/56/cell_1761649013866_912349010008_96248_0000.png,16
/home/wangqianqian/project/FS/data/28gusui&pizang/03/55/cell_1761648953435_912349010008_90771_0000.png,16
/home/wangqianqian/project/FS/data/28gusui&pizang/03/41/cell_1761648098152_912349010008_13730_0100.png,16
/home/wangqianqian/project/FS/data/28gusui&pizang/03/49/cell_1761648593873_912349010008_55704_0100.png,16
/home/wangqianqian/project/FS/data/28gusui&pizang/03/59/cell_1761649160068_912349010008_111457_0000.png,16
/home/wangqianqian/project/FS/data/28gusui&pizang/03/57/cell_1761649024005_912349010008_97211_0100.png,16
/home/wangqianqian/project/FS/data/28gusui&pizang/03/45/cell_1761648317821_912349010008_30927_0100.png,16
/home/wangqianqian/project/FS/data/28gusui&pizang/03/50/cell_1761648638854_912349010008_60221_0100.png,16
/home/wangqianqian/project/FS/data/28gusui&pizang/03/46/cell_1761648379441_912349010008_36462_0000.png,16
/home/wangqianqian/project/FS/data/28gusui&pizang/03/42/cell_1761648120056_912349010008_15054_0100.png,16
/home/wangqianqian/project/FS/data/28gusui&pizang/03/50/cell_1761648601560_912349010008_56538_0000.png,16
/home/wangqianqian/project/FS/data/28gusui&pizang/03/58/cell_1761649101813_912349010008_105300_0000.png,16
/home/wangqianqian/project/FS/data/28gusui&pizang/03/50/cell_1761648626869_912349010008_58979_0100.png,16
/home/wangqianqian/project/FS/data/28gusui&pizang/03/53/cell_1761648823944_912349010008_78923_0000.png,16
/home/wangqianqian/project/FS/data/28gusui&pizang/03/59/cell_1761649173397_912349010008_112885_0000.png,16
/home/wangqianqian/project/FS/data/28gusui&pizang/03/55/cell_1761648926107_912349010008_88449_0100.png,16
/home/wangqianqian/project/FS/data/28gusui&pizang/03/50/cell_1761648622881_912349010008_58578_0100.png,16
/home/wangqianqian/project/FS/data/28gusui&pizang/03/43/cell_1761648181457_912349010008_19407_0100.png,16
/home/wangqianqian/project/FS/data/28gusui&pizang/03/56/cell_1761648986990_912349010008_93743_0100.png,16
/home/wangqianqian/project/FS/data/28gusui&pizang/03/45/cell_1761648355579_912349010008_34351_0000.png,16
/home/wangqianqian/project/FS/data/28gusui&pizang/03/51/cell_1761648666262_912349010008_63001_0000.png,16
/home/wangqianqian/project/FS/data/28gusui&pizang/03/49/cell_1761648540932_912349010008_50663_0000.png,16
/home/wangqianqian/project/FS/data/28gusui&pizang/03/43/cell_1761648230528_912349010008_23310_0100.png,16
/home/wangqianqian/project/FS/data/28gusui&pizang/03/45/cell_1761648359222_912349010008_34697_0100.png,16
/home/wangqianqian/project/FS/data/28gusui&pizang/03/45/cell_1761648325777_912349010008_31584_0100.png,16
/home/wangqianqian/project/FS/data/28gusui&pizang/03/52/cell_1761648774231_912349010008_73757_0000.png,16
/home/wangqianqian/project/FS/data/28gusui&pizang/03/49/cell_1761648589341_912349010008_55210_0000.png,16
/home/wangqianqian/project/FS/data/28gusui&pizang/03/39/cell_1761647999234_912349010008_8186_0100.png,16
/home/wangqianqian/project/FS/data/28gusui&pizang/03/50/cell_1761648645910_912349010008_60951_0100.png,16
/home/wangqianqian/project/FS/data/28gusui&pizang/03/46/cell_1761648393816_912349010008_37679_0100.png,16
/home/wangqianqian/project/FS/data/28gusui&pizang/03/46/cell_1761648366706_912349010008_35345_0000.png,16
/home/wangqianqian/project/FS/data/28gusui&pizang/03/57/cell_1761649034400_912349010008_98210_0100.png,16
/home/wangqianqian/project/FS/data/28gusui&pizang/03/56/cell_1761648964528_912349010008_91747_0000.png,16
/home/wangqianqian/project/FS/data/28gusui&pizang/03/52/cell_1761648765258_912349010008_72954_0000.png,16
/home/wangqianqian/project/FS/data/28gusui&pizang/03/52/cell_1761648748307_912349010008_71324_0000.png,16
/home/wangqianqian/project/FS/data/28gusui&pizang/03/42/cell_1761648124525_912349010008_15369_0100.png,16
/home/wangqianqian/project/FS/data/28gusui&pizang/03/59/cell_1761649148979_912349010008_110222_0000.png,16
/home/wangqianqian/project/FS/data/28gusui&pizang/03/44/cell_1761648282722_912349010008_28008_0000.png,16
/home/wangqianqian/project/FS/data/28gusui&pizang/03/48/cell_1761648502691_912349010008_47479_0000.png,16
/home/wangqianqian/project/FS/data/28gusui&pizang/03/47/cell_1761648426231_912349010008_40658_0100.png,16
/home/wangqianqian/project/FS/data/28gusui&pizang/03/48/cell_1761648520486_912349010008_48859_0100.png,16
/home/wangqianqian/project/FS/data/28gusui&pizang/03/43/cell_1761648213680_912349010008_22005_0100.png,16
/home/wangqianqian/project/FS/data/28gusui&pizang/03/53/cell_1761648789684_912349010008_75345_0100.png,16
/home/wangqianqian/project/FS/data/28gusui&pizang/03/56/cell_1761648967297_912349010008_91968_0000.png,16
/home/wangqianqian/project/FS/data/28gusui&pizang/03/47/cell_1761648476153_912349010008_45193_0100.png,16
/home/wangqianqian/project/FS/data/28gusui&pizang/03/57/cell_1761649047037_912349010008_99569_0000.png,16
/home/wangqianqian/project/FS/data/28gusui&pizang/03/48/cell_1761648526926_912349010008_49406_0000.png,16
/home/wangqianqian/project/FS/data/28gusui&pizang/03/52/cell_1761648738316_912349010008_70306_0000.png,16
/home/wangqianqian/project/FS/data/28gusui&pizang/03/53/cell_1761648783413_912349010008_74635_0100.png,16
/home/wangqianqian/project/FS/data/28gusui&pizang/03/53/cell_1761648803667_912349010008_76905_0100.png,16
/home/wangqianqian/project/FS/data/28gusui&pizang/03/56/cell_1761648966448_912349010008_91904_0000.png,16
/home/wangqianqian/project/FS/data/28gusui&pizang/03/52/cell_1761648769461_912349010008_73333_0000.png,16
/home/wangqianqian/project/FS/data/28gusui&pizang/03/50/cell_1761648629484_912349010008_59279_0100.png,16
/home/wangqianqian/project/FS/data/28gusui&pizang/03/47/cell_1761648450166_912349010008_42975_0100.png,16
/home/wangqianqian/project/FS/data/28gusui&pizang/03/46/cell_1761648375531_912349010008_36098_0000.png,16
/home/wangqianqian/project/FS/data/28gusui&pizang/03/46/cell_1761648378529_912349010008_36357_0000.png,16
/home/wangqianqian/project/FS/data/28gusui&pizang/03/43/cell_1761648215638_912349010008_22137_0100.png,16
/home/wangqianqian/project/FS/data/28gusui&pizang/03/39/cell_1761647995332_912349010008_8018_0000.png,16
/home/wangqianqian/project/FS/data/28gusui&pizang/03/53/cell_1761648830546_912349010008_79531_0100.png,16
/home/wangqianqian/project/FS/data/28gusui&pizang/03/54/cell_1761648846536_912349010008_81086_0000.png,16
/home/wangqianqian/project/FS/data/28gusui&pizang/03/47/cell_1761648462616_912349010008_44033_0100.png,16
/home/wangqianqian/project/FS/data/28gusui&pizang/03/44/cell_1761648289355_912349010008_28636_0100.png,16
/home/wangqianqian/project/FS/data/28gusui&pizang/03/52/cell_1761648734577_912349010008_69906_0100.png,16
/home/wangqianqian/project/FS/data/28gusui&pizang/03/43/cell_1761648224237_912349010008_22758_0000.png,16
