image_path,cluster_label
/home/wangqianqian/project/FS/data/28gusui&pizang/03/20/cell_1761646826157_912349010008_99847_0100.png,0
/home/wangqianqian/project/FS/data/28gusui&pizang/03/16/cell_1761646619127_912349010008_82388_0100.png,0
/home/wangqianqian/project/FS/data/28gusui&pizang/03/16/cell_1761646612718_912349010008_81820_0100.png,0
/home/wangqianqian/project/FS/data/28gusui&pizang/03/05/cell_1761645957043_912349010008_28166_0000.png,0
/home/wangqianqian/project/FS/data/28gusui&pizang/03/16/cell_1761646587054_912349010008_79709_0100.png,0
/home/wangqianqian/project/FS/data/28gusui&pizang/03/10/cell_1761646211192_912349010008_48191_0000.png,0
/home/wangqianqian/project/FS/data/28gusui&pizang/03/17/cell_1761646678852_912349010008_87656_0000.png,0
/home/wangqianqian/project/FS/data/28gusui&pizang/03/01/cell_1761645691950_912349010008_7957_0100.png,0
/home/wangqianqian/project/FS/data/28gusui&pizang/03/02/cell_1761645731500_912349010008_10554_0000.png,0
/home/wangqianqian/project/FS/data/28gusui&pizang/03/08/cell_1761646106565_912349010008_40428_0100.png,0
/home/wangqianqian/project/FS/data/28gusui&pizang/03/12/cell_1761646339727_912349010008_58977_0100.png,0
/home/wangqianqian/project/FS/data/28gusui&pizang/03/10/cell_1761646206093_912349010008_47784_0000.png,0
/home/wangqianqian/project/FS/data/28gusui&pizang/03/09/cell_1761646155304_912349010008_43958_0100.png,0
/home/wangqianqian/project/FS/data/28gusui&pizang/03/15/cell_1761646541273_912349010008_76209_0000.png,0
/home/wangqianqian/project/FS/data/28gusui&pizang/03/20/cell_1761646838389_912349010008_100839_0100.png,0
/home/wangqianqian/project/FS/data/28gusui&pizang/03/19/cell_1761646763995_912349010008_94572_0000.png,0
/home/wangqianqian/project/FS/data/28gusui&pizang/03/03/cell_1761645784867_912349010008_14499_0000.png,0
/home/wangqianqian/project/FS/data/28gusui&pizang/03/07/cell_1761646031883_912349010008_34523_0000.png,0
/home/wangqianqian/project/FS/data/28gusui&pizang/03/06/cell_1761645998531_912349010008_31568_0000.png,0
/home/wangqianqian/project/FS/data/28gusui&pizang/03/07/cell_1761646048412_912349010008_35924_0100.png,0
/home/wangqianqian/project/FS/data/28gusui&pizang/03/15/cell_1761646558791_912349010008_77631_0000.png,0
/home/wangqianqian/project/FS/data/28gusui&pizang/03/01/cell_1761645693163_912349010008_8006_0100.png,0
/home/wangqianqian/project/FS/data/28gusui&pizang/03/13/cell_1761646407245_912349010008_64328_0000.png,0
/home/wangqianqian/project/FS/data/28gusui&pizang/03/02/cell_1761645733270_912349010008_10669_0000.png,0
/home/wangqianqian/project/FS/data/28gusui&pizang/03/11/cell_1761646281261_912349010008_54000_0000.png,0
/home/wangqianqian/project/FS/data/28gusui&pizang/03/10/cell_1761646220183_912349010008_48975_0000.png,0
/home/wangqianqian/project/FS/data/28gusui&pizang/03/06/cell_1761645998932_912349010008_31605_0100.png,0
/home/wangqianqian/project/FS/data/28gusui&pizang/03/06/cell_1761645968770_912349010008_29108_0100.png,0
/home/wangqianqian/project/FS/data/28gusui&pizang/03/14/cell_1761646444905_912349010008_67677_0000.png,0
/home/wangqianqian/project/FS/data/28gusui&pizang/03/02/cell_1761645776414_912349010008_13832_0000.png,0
/home/wangqianqian/project/FS/data/28gusui&pizang/03/03/cell_1761645810927_912349010008_16493_0100.png,0
/home/wangqianqian/project/FS/data/28gusui&pizang/03/02/cell_1761645763481_912349010008_12885_0100.png,0
/home/wangqianqian/project/FS/data/28gusui&pizang/03/10/cell_1761646256544_912349010008_51940_0000.png,0
/home/wangqianqian/project/FS/data/28gusui&pizang/03/13/cell_1761646399276_912349010008_63710_0000.png,0
/home/wangqianqian/project/FS/data/28gusui&pizang/03/20/cell_1761646808943_912349010008_98362_0000.png,0
/home/wangqianqian/project/FS/data/28gusui&pizang/03/06/cell_1761646015599_912349010008_33101_0100.png,0
/home/wangqianqian/project/FS/data/28gusui&pizang/03/10/cell_1761646217348_912349010008_48729_0100.png,0
/home/wangqianqian/project/FS/data/28gusui&pizang/03/17/cell_1761646653250_912349010008_85371_0100.png,0
/home/wangqianqian/project/FS/data/28gusui&pizang/03/12/cell_1761646360739_912349010008_60713_0000.png,0
/home/wangqianqian/project/FS/data/28gusui&pizang/03/09/cell_1761646169056_912349010008_44972_0000.png,0
/home/wangqianqian/project/FS/data/28gusui&pizang/03/02/cell_1761645723628_912349010008_10040_0000.png,0
/home/wangqianqian/project/FS/data/28gusui&pizang/03/14/cell_1761646489993_912349010008_71840_0000.png,0
/home/wangqianqian/project/FS/data/28gusui&pizang/03/17/cell_1761646671346_912349010008_86964_0100.png,0
/home/wangqianqian/project/FS/data/28gusui&pizang/03/18/cell_1761646732159_912349010008_92022_0000.png,0
/home/wangqianqian/project/FS/data/28gusui&pizang/03/20/cell_1761646811532_912349010008_98593_0000.png,0
/home/wangqianqian/project/FS/data/28gusui&pizang/03/02/cell_1761645734023_912349010008_10719_0000.png,0
/home/wangqianqian/project/FS/data/28gusui&pizang/03/15/cell_1761646535285_912349010008_75690_0000.png,0
/home/wangqianqian/project/FS/data/28gusui&pizang/03/15/cell_1761646514459_912349010008_74020_0000.png,0
/home/wangqianqian/project/FS/data/28gusui&pizang/03/19/cell_1761646741618_912349010008_92818_0000.png,0
/home/wangqianqian/project/FS/data/28gusui&pizang/03/17/cell_1761646642080_912349010008_84383_0000.png,0
/home/wangqianqian/project/FS/data/28gusui&pizang/03/14/cell_1761646486952_912349010008_71521_0100.png,0
/home/wangqianqian/project/FS/data/28gusui&pizang/03/15/cell_1761646540691_912349010008_76154_0000.png,0
/home/wangqianqian/project/FS/data/28gusui&pizang/03/19/cell_1761646756088_912349010008_93952_0100.png,0
/home/wangqianqian/project/FS/data/28gusui&pizang/03/14/cell_1761646487901_912349010008_71628_0100.png,0
/home/wangqianqian/project/FS/data/28gusui&pizang/03/14/cell_1761646487202_912349010008_71556_0000.png,0
/home/wangqianqian/project/FS/data/28gusui&pizang/03/02/cell_1761645751040_912349010008_11991_0100.png,0
/home/wangqianqian/project/FS/data/28gusui&pizang/03/11/cell_1761646308597_912349010008_56440_0100.png,0
/home/wangqianqian/project/FS/data/28gusui&pizang/03/12/cell_1761646322990_912349010008_57610_0100.png,0
/home/wangqianqian/project/FS/data/28gusui&pizang/03/10/cell_1761646243690_912349010008_50902_0000.png,0
/home/wangqianqian/project/FS/data/28gusui&pizang/03/20/cell_1761646844950_912349010008_101385_0000.png,0
/home/wangqianqian/project/FS/data/28gusui&pizang/03/18/cell_1761646717726_912349010008_90814_0000.png,0
/home/wangqianqian/project/FS/data/28gusui&pizang/03/08/cell_1761646104500_912349010008_40273_0000.png,0
/home/wangqianqian/project/FS/data/28gusui&pizang/03/05/cell_1761645910118_912349010008_24519_0000.png,0
/home/wangqianqian/project/FS/data/28gusui&pizang/03/17/cell_1761646650769_912349010008_85161_0100.png,0
/home/wangqianqian/project/FS/data/28gusui&pizang/03/13/cell_1761646438739_912349010008_67141_0000.png,0
/home/wangqianqian/project/FS/data/28gusui&pizang/03/02/cell_1761645753273_912349010008_12156_0000.png,0
/home/wangqianqian/project/FS/data/28gusui&pizang/03/05/cell_1761645939485_912349010008_26728_0100.png,0
/home/wangqianqian/project/FS/data/28gusui&pizang/03/05/cell_1761645956121_912349010008_28101_0000.png,0
/home/wangqianqian/project/FS/data/28gusui&pizang/03/12/cell_1761646352794_912349010008_60092_0000.png,0
/home/wangqianqian/project/FS/data/28gusui&pizang/03/19/cell_1761646777861_912349010008_95753_0000.png,0
/home/wangqianqian/project/FS/data/28gusui&pizang/03/17/cell_1761646642304_912349010008_84397_0000.png,0
/home/wangqianqian/project/FS/data/28gusui&pizang/03/18/cell_1761646721265_912349010008_91082_0000.png,0
/home/wangqianqian/project/FS/data/28gusui&pizang/03/14/cell_1761646462000_912349010008_69248_0100.png,0
/home/wangqianqian/project/FS/data/28gusui&pizang/03/04/cell_1761645864402_912349010008_20934_0100.png,0
/home/wangqianqian/project/FS/data/28gusui&pizang/03/04/cell_1761645840943_912349010008_18836_0100.png,0
/home/wangqianqian/project/FS/data/28gusui&pizang/03/16/cell_1761646589212_912349010008_79889_0000.png,0
/home/wangqianqian/project/FS/data/28gusui&pizang/03/16/cell_1761646618011_912349010008_82288_0000.png,0
/home/wangqianqian/project/FS/data/28gusui&pizang/03/21/cell_1761646882510_912349010008_104603_0000.png,0
/home/wangqianqian/project/FS/data/28gusui&pizang/03/01/cell_1761645709901_912349010008_9004_0000.png,0
/home/wangqianqian/project/FS/data/28gusui&pizang/03/07/cell_1761646046128_912349010008_35724_0000.png,0
/home/wangqianqian/project/FS/data/28gusui&pizang/03/05/cell_1761645924660_912349010008_25619_0100.png,0
/home/wangqianqian/project/FS/data/28gusui&pizang/03/16/cell_1761646593668_912349010008_80255_0100.png,0
/home/wangqianqian/project/FS/data/28gusui&pizang/03/13/cell_1761646428371_912349010008_66193_0000.png,0
/home/wangqianqian/project/FS/data/28gusui&pizang/03/09/cell_1761646149103_912349010008_43459_0000.png,0
/home/wangqianqian/project/FS/data/28gusui&pizang/03/15/cell_1761646545462_912349010008_76573_0000.png,0
/home/wangqianqian/project/FS/data/28gusui&pizang/03/19/cell_1761646785763_912349010008_96329_0000.png,0
/home/wangqianqian/project/FS/data/28gusui&pizang/03/04/cell_1761645866471_912349010008_21128_0000.png,0
/home/wangqianqian/project/FS/data/28gusui&pizang/03/13/cell_1761646430063_912349010008_66359_0000.png,0
/home/wangqianqian/project/FS/data/28gusui&pizang/03/14/cell_1761646444585_912349010008_67635_0000.png,0
/home/wangqianqian/project/FS/data/28gusui&pizang/03/02/cell_1761645757244_912349010008_12489_0100.png,0
/home/wangqianqian/project/FS/data/28gusui&pizang/03/09/cell_1761646147659_912349010008_43341_0100.png,0
/home/wangqianqian/project/FS/data/28gusui&pizang/03/06/cell_1761645974808_912349010008_29645_0100.png,0
/home/wangqianqian/project/FS/data/28gusui&pizang/03/14/cell_1761646475738_912349010008_70454_0000.png,0
/home/wangqianqian/project/FS/data/28gusui&pizang/03/02/cell_1761645740218_912349010008_11171_0000.png,0
/home/wangqianqian/project/FS/data/28gusui&pizang/03/01/cell_1761645706654_912349010008_8789_0000.png,0
/home/wangqianqian/project/FS/data/28gusui&pizang/03/19/cell_1761646746904_912349010008_93240_0000.png,0
/home/wangqianqian/project/FS/data/28gusui&pizang/03/12/cell_1761646372117_912349010008_61668_0000.png,0
/home/wangqianqian/project/FS/data/28gusui&pizang/03/07/cell_1761646047646_912349010008_35855_0000.png,0
/home/wangqianqian/project/FS/data/28gusui&pizang/03/02/cell_1761645755883_912349010008_12366_0100.png,0
/home/wangqianqian/project/FS/data/28gusui&pizang/03/19/cell_1761646755330_912349010008_93882_0000.png,0
/home/wangqianqian/project/FS/data/28gusui&pizang/03/17/cell_1761646667918_912349010008_86638_0000.png,1
/home/wangqianqian/project/FS/data/28gusui&pizang/03/12/cell_1761646349864_912349010008_59819_0000.png,1
/home/wangqianqian/project/FS/data/28gusui&pizang/03/19/cell_1761646791309_912349010008_96793_0100.png,1
/home/wangqianqian/project/FS/data/28gusui&pizang/03/08/cell_1761646100937_912349010008_40000_0000.png,1
/home/wangqianqian/project/FS/data/28gusui&pizang/03/18/cell_1761646737804_912349010008_92522_0100.png,1
/home/wangqianqian/project/FS/data/28gusui&pizang/03/17/cell_1761646629178_912349010008_83240_0100.png,1
/home/wangqianqian/project/FS/data/28gusui&pizang/03/05/cell_1761645914544_912349010008_24849_0100.png,1
/home/wangqianqian/project/FS/data/28gusui&pizang/03/01/cell_1761645704562_912349010008_8669_0100.png,1
/home/wangqianqian/project/FS/data/28gusui&pizang/03/03/cell_1761645835027_912349010008_18371_0100.png,1
/home/wangqianqian/project/FS/data/28gusui&pizang/03/18/cell_1761646728608_912349010008_91739_0000.png,1
/home/wangqianqian/project/FS/data/28gusui&pizang/03/20/cell_1761646815815_912349010008_98962_0100.png,1
/home/wangqianqian/project/FS/data/28gusui&pizang/03/11/cell_1761646296540_912349010008_55401_0100.png,1
/home/wangqianqian/project/FS/data/28gusui&pizang/03/12/cell_1761646378417_912349010008_62168_0100.png,1
/home/wangqianqian/project/FS/data/28gusui&pizang/03/13/cell_1761646427833_912349010008_66139_0000.png,1
/home/wangqianqian/project/FS/data/28gusui&pizang/03/11/cell_1761646293977_912349010008_55164_0100.png,1
/home/wangqianqian/project/FS/data/28gusui&pizang/03/05/cell_1761645903774_912349010008_24035_0000.png,1
/home/wangqianqian/project/FS/data/28gusui&pizang/03/08/cell_1761646111800_912349010008_40797_0100.png,1
/home/wangqianqian/project/FS/data/28gusui&pizang/03/06/cell_1761645980891_912349010008_30163_0100.png,1
/home/wangqianqian/project/FS/data/28gusui&pizang/03/05/cell_1761645939780_912349010008_26759_0100.png,1
/home/wangqianqian/project/FS/data/28gusui&pizang/03/16/cell_1761646587888_912349010008_79773_0100.png,1
/home/wangqianqian/project/FS/data/28gusui&pizang/03/09/cell_1761646164472_912349010008_44638_0000.png,1
/home/wangqianqian/project/FS/data/28gusui&pizang/03/10/cell_1761646234830_912349010008_50177_0100.png,1
/home/wangqianqian/project/FS/data/28gusui&pizang/03/10/cell_1761646204346_912349010008_47641_0100.png,1
/home/wangqianqian/project/FS/data/28gusui&pizang/03/07/cell_1761646045619_912349010008_35655_0100.png,1
/home/wangqianqian/project/FS/data/28gusui&pizang/03/16/cell_1761646572904_912349010008_78667_0100.png,1
/home/wangqianqian/project/FS/data/28gusui&pizang/03/20/cell_1761646854810_912349010008_102255_0100.png,1
/home/wangqianqian/project/FS/data/28gusui&pizang/03/03/cell_1761645814384_912349010008_16776_0000.png,1
/home/wangqianqian/project/FS/data/28gusui&pizang/03/16/cell_1761646610138_912349010008_81601_0000.png,1
/home/wangqianqian/project/FS/data/28gusui&pizang/03/02/cell_1761645744689_912349010008_11544_0100.png,1
/home/wangqianqian/project/FS/data/28gusui&pizang/03/12/cell_1761646368548_912349010008_61371_0000.png,1
/home/wangqianqian/project/FS/data/28gusui&pizang/03/18/cell_1761646706953_912349010008_89967_0100.png,1
/home/wangqianqian/project/FS/data/28gusui&pizang/03/04/cell_1761645884794_912349010008_22656_0100.png,1
/home/wangqianqian/project/FS/data/28gusui&pizang/03/19/cell_1761646782249_912349010008_96068_0100.png,1
/home/wangqianqian/project/FS/data/28gusui&pizang/03/18/cell_1761646723971_912349010008_91313_0000.png,1
/home/wangqianqian/project/FS/data/28gusui&pizang/03/02/cell_1761645766973_912349010008_13141_0000.png,1
/home/wangqianqian/project/FS/data/28gusui&pizang/03/20/cell_1761646801346_912349010008_97683_0000.png,1
/home/wangqianqian/project/FS/data/28gusui&pizang/03/07/cell_1761646068638_912349010008_37585_0000.png,1
/home/wangqianqian/project/FS/data/28gusui&pizang/03/04/cell_1761645878094_912349010008_22111_0000.png,1
/home/wangqianqian/project/FS/data/28gusui&pizang/03/16/cell_1761646607489_912349010008_81427_0100.png,1
/home/wangqianqian/project/FS/data/28gusui&pizang/03/21/cell_1761646911817_912349010008_106971_0000.png,1
/home/wangqianqian/project/FS/data/28gusui&pizang/03/10/cell_1761646251308_912349010008_51534_0000.png,1
/home/wangqianqian/project/FS/data/28gusui&pizang/03/09/cell_1761646165958_912349010008_44737_0000.png,1
/home/wangqianqian/project/FS/data/28gusui&pizang/03/08/cell_1761646091529_912349010008_39294_0100.png,1
/home/wangqianqian/project/FS/data/28gusui&pizang/03/21/cell_1761646916731_912349010008_107381_0000.png,1
/home/wangqianqian/project/FS/data/28gusui&pizang/03/05/cell_1761645958473_912349010008_28277_0000.png,1
/home/wangqianqian/project/FS/data/28gusui&pizang/03/10/cell_1761646234413_912349010008_50141_0100.png,1
/home/wangqianqian/project/FS/data/28gusui&pizang/03/18/cell_1761646703178_912349010008_89688_0000.png,1
/home/wangqianqian/project/FS/data/28gusui&pizang/03/17/cell_1761646671305_912349010008_86958_0100.png,1
/home/wangqianqian/project/FS/data/28gusui&pizang/03/02/cell_1761645732202_912349010008_10597_0000.png,1
/home/wangqianqian/project/FS/data/28gusui&pizang/03/05/cell_1761645916858_912349010008_25006_0100.png,1
/home/wangqianqian/project/FS/data/28gusui&pizang/03/05/cell_1761645920998_912349010008_25283_0100.png,1
/home/wangqianqian/project/FS/data/28gusui&pizang/03/08/cell_1761646080683_912349010008_38441_0100.png,1
/home/wangqianqian/project/FS/data/28gusui&pizang/03/17/cell_1761646666754_912349010008_86540_0000.png,1
/home/wangqianqian/project/FS/data/28gusui&pizang/03/17/cell_1761646674026_912349010008_87202_0000.png,1
/home/wangqianqian/project/FS/data/28gusui&pizang/03/05/cell_1761645944489_912349010008_27170_0100.png,1
/home/wangqianqian/project/FS/data/28gusui&pizang/03/20/cell_1761646803483_912349010008_97894_0000.png,1
/home/wangqianqian/project/FS/data/28gusui&pizang/03/20/cell_1761646809268_912349010008_98399_0100.png,1
/home/wangqianqian/project/FS/data/28gusui&pizang/03/15/cell_1761646548991_912349010008_76851_0000.png,1
/home/wangqianqian/project/FS/data/28gusui&pizang/03/18/cell_1761646683418_912349010008_88071_0000.png,1
/home/wangqianqian/project/FS/data/28gusui&pizang/03/21/cell_1761646896065_912349010008_105669_0000.png,1
/home/wangqianqian/project/FS/data/28gusui&pizang/03/02/cell_1761645776664_912349010008_13852_0100.png,1
/home/wangqianqian/project/FS/data/28gusui&pizang/03/21/cell_1761646908281_912349010008_106645_0000.png,1
/home/wangqianqian/project/FS/data/28gusui&pizang/03/02/cell_1761645721242_912349010008_9857_0100.png,1
/home/wangqianqian/project/FS/data/28gusui&pizang/03/19/cell_1761646769342_912349010008_95025_0000.png,1
/home/wangqianqian/project/FS/data/28gusui&pizang/03/21/cell_1761646872593_912349010008_103788_0100.png,1
/home/wangqianqian/project/FS/data/28gusui&pizang/03/02/cell_1761645760981_912349010008_12745_0000.png,1
/home/wangqianqian/project/FS/data/28gusui&pizang/03/19/cell_1761646786813_912349010008_96417_0100.png,1
/home/wangqianqian/project/FS/data/28gusui&pizang/03/03/cell_1761645791614_912349010008_15017_0000.png,1
/home/wangqianqian/project/FS/data/28gusui&pizang/03/20/cell_1761646844562_912349010008_101350_0000.png,1
/home/wangqianqian/project/FS/data/28gusui&pizang/03/17/cell_1761646656541_912349010008_85639_0000.png,1
/home/wangqianqian/project/FS/data/28gusui&pizang/03/10/cell_1761646236637_912349010008_50335_0100.png,1
/home/wangqianqian/project/FS/data/28gusui&pizang/03/06/cell_1761646015994_912349010008_33133_0000.png,1
/home/wangqianqian/project/FS/data/28gusui&pizang/03/16/cell_1761646594675_912349010008_80331_0000.png,1
/home/wangqianqian/project/FS/data/28gusui&pizang/03/06/cell_1761646012911_912349010008_32839_0000.png,1
/home/wangqianqian/project/FS/data/28gusui&pizang/03/02/cell_1761645742092_912349010008_11336_0000.png,1
/home/wangqianqian/project/FS/data/28gusui&pizang/03/08/cell_1761646122694_912349010008_41603_0000.png,1
/home/wangqianqian/project/FS/data/28gusui&pizang/03/12/cell_1761646331399_912349010008_58322_0000.png,1
/home/wangqianqian/project/FS/data/28gusui&pizang/03/04/cell_1761645874713_912349010008_21822_0100.png,1
/home/wangqianqian/project/FS/data/28gusui&pizang/03/08/cell_1761646122913_912349010008_41617_0100.png,1
/home/wangqianqian/project/FS/data/28gusui&pizang/03/08/cell_1761646104807_912349010008_40305_0000.png,1
/home/wangqianqian/project/FS/data/28gusui&pizang/03/17/cell_1761646637064_912349010008_83952_0000.png,1
/home/wangqianqian/project/FS/data/28gusui&pizang/03/19/cell_1761646746543_912349010008_93220_0000.png,1
/home/wangqianqian/project/FS/data/28gusui&pizang/03/15/cell_1761646558934_912349010008_77644_0100.png,1
/home/wangqianqian/project/FS/data/28gusui&pizang/03/16/cell_1761646602883_912349010008_81029_0000.png,1
/home/wangqianqian/project/FS/data/28gusui&pizang/03/18/cell_1761646724536_912349010008_91369_0000.png,1
/home/wangqianqian/project/FS/data/28gusui&pizang/03/09/cell_1761646146057_912349010008_43217_0000.png,1
/home/wangqianqian/project/FS/data/28gusui&pizang/03/18/cell_1761646702429_912349010008_89634_0000.png,1
/home/wangqianqian/project/FS/data/28gusui&pizang/03/08/cell_1761646095883_912349010008_39612_0000.png,1
/home/wangqianqian/project/FS/data/28gusui&pizang/03/19/cell_1761646753811_912349010008_93763_0100.png,1
/home/wangqianqian/project/FS/data/28gusui&pizang/03/06/cell_1761645966109_912349010008_28913_0000.png,1
/home/wangqianqian/project/FS/data/28gusui&pizang/03/11/cell_1761646308355_912349010008_56419_0000.png,1
/home/wangqianqian/project/FS/data/28gusui&pizang/03/08/cell_1761646118347_912349010008_41291_0000.png,1
/home/wangqianqian/project/FS/data/28gusui&pizang/03/10/cell_1761646232203_912349010008_49961_0000.png,1
/home/wangqianqian/project/FS/data/28gusui&pizang/03/01/cell_1761645707924_912349010008_8901_0100.png,1
/home/wangqianqian/project/FS/data/28gusui&pizang/03/15/cell_1761646527225_912349010008_75082_0000.png,1
/home/wangqianqian/project/FS/data/28gusui&pizang/03/04/cell_1761645840689_912349010008_18811_0000.png,1
/home/wangqianqian/project/FS/data/28gusui&pizang/03/03/cell_1761645787629_912349010008_14708_0100.png,1
/home/wangqianqian/project/FS/data/28gusui&pizang/03/15/cell_1761646507506_912349010008_73445_0100.png,1
/home/wangqianqian/project/FS/data/28gusui&pizang/03/14/cell_1761646444710_912349010008_67648_0000.png,1
/home/wangqianqian/project/FS/data/28gusui&pizang/03/09/cell_1761646176941_912349010008_45521_0100.png,1
/home/wangqianqian/project/FS/data/28gusui&pizang/03/03/cell_1761645784166_912349010008_14446_0000.png,2
/home/wangqianqian/project/FS/data/28gusui&pizang/03/04/cell_1761645861864_912349010008_20680_0100.png,2
/home/wangqianqian/project/FS/data/28gusui&pizang/03/12/cell_1761646329901_912349010008_58205_0100.png,2
/home/wangqianqian/project/FS/data/28gusui&pizang/03/12/cell_1761646364799_912349010008_61081_0000.png,2
/home/wangqianqian/project/FS/data/28gusui&pizang/03/17/cell_1761646626522_912349010008_83024_0100.png,2
/home/wangqianqian/project/FS/data/28gusui&pizang/03/20/cell_1761646826795_912349010008_99903_0000.png,2
/home/wangqianqian/project/FS/data/28gusui&pizang/03/21/cell_1761646861178_912349010008_102824_0100.png,2
/home/wangqianqian/project/FS/data/28gusui&pizang/03/09/cell_1761646140307_912349010008_42832_0100.png,2
/home/wangqianqian/project/FS/data/28gusui&pizang/03/09/cell_1761646158629_912349010008_44224_0100.png,2
/home/wangqianqian/project/FS/data/28gusui&pizang/03/06/cell_1761646013123_912349010008_32862_0100.png,2
/home/wangqianqian/project/FS/data/28gusui&pizang/03/14/cell_1761646446726_912349010008_67871_0000.png,2
/home/wangqianqian/project/FS/data/28gusui&pizang/03/19/cell_1761646775642_912349010008_95538_0000.png,2
/home/wangqianqian/project/FS/data/28gusui&pizang/03/06/cell_1761645970888_912349010008_29282_0100.png,2
/home/wangqianqian/project/FS/data/28gusui&pizang/03/19/cell_1761646749596_912349010008_93437_0100.png,2
/home/wangqianqian/project/FS/data/28gusui&pizang/03/16/cell_1761646576612_912349010008_78961_0000.png,2
/home/wangqianqian/project/FS/data/28gusui&pizang/03/17/cell_1761646655140_912349010008_85529_0000.png,2
/home/wangqianqian/project/FS/data/28gusui&pizang/03/18/cell_1761646728578_912349010008_91735_0100.png,2
/home/wangqianqian/project/FS/data/28gusui&pizang/03/07/cell_1761646066092_912349010008_37395_0100.png,2
/home/wangqianqian/project/FS/data/28gusui&pizang/03/21/cell_1761646901770_912349010008_106160_0000.png,2
/home/wangqianqian/project/FS/data/28gusui&pizang/03/07/cell_1761646031104_912349010008_34453_0100.png,2
/home/wangqianqian/project/FS/data/28gusui&pizang/03/21/cell_1761646905226_912349010008_106395_0000.png,2
/home/wangqianqian/project/FS/data/28gusui&pizang/03/01/cell_1761645709674_912349010008_8995_0000.png,2
/home/wangqianqian/project/FS/data/28gusui&pizang/03/17/cell_1761646637353_912349010008_83976_0000.png,2
/home/wangqianqian/project/FS/data/28gusui&pizang/03/14/cell_1761646461343_912349010008_69203_0000.png,2
/home/wangqianqian/project/FS/data/28gusui&pizang/03/03/cell_1761645802679_912349010008_15873_0000.png,2
/home/wangqianqian/project/FS/data/28gusui&pizang/03/20/cell_1761646843560_912349010008_101245_0100.png,2
/home/wangqianqian/project/FS/data/28gusui&pizang/03/06/cell_1761645974347_912349010008_29591_0100.png,2
/home/wangqianqian/project/FS/data/28gusui&pizang/03/14/cell_1761646496511_912349010008_72498_0000.png,2
/home/wangqianqian/project/FS/data/28gusui&pizang/03/17/cell_1761646630872_912349010008_83382_0000.png,2
/home/wangqianqian/project/FS/data/28gusui&pizang/03/17/cell_1761646670349_912349010008_86866_0100.png,2
/home/wangqianqian/project/FS/data/28gusui&pizang/03/15/cell_1761646543515_912349010008_76394_0100.png,2
/home/wangqianqian/project/FS/data/28gusui&pizang/03/09/cell_1761646147697_912349010008_43344_0100.png,2
/home/wangqianqian/project/FS/data/28gusui&pizang/03/04/cell_1761645846185_912349010008_19274_0000.png,2
/home/wangqianqian/project/FS/data/28gusui&pizang/03/06/cell_1761646001173_912349010008_31777_0100.png,2
/home/wangqianqian/project/FS/data/28gusui&pizang/03/08/cell_1761646100772_912349010008_39985_0000.png,2
/home/wangqianqian/project/FS/data/28gusui&pizang/03/08/cell_1761646094580_912349010008_39513_0000.png,2
/home/wangqianqian/project/FS/data/28gusui&pizang/03/03/cell_1761645781621_912349010008_14227_0100.png,2
/home/wangqianqian/project/FS/data/28gusui&pizang/03/04/cell_1761645857999_912349010008_20379_0000.png,2
/home/wangqianqian/project/FS/data/28gusui&pizang/03/04/cell_1761645873780_912349010008_21738_0000.png,2
/home/wangqianqian/project/FS/data/28gusui&pizang/03/21/cell_1761646877128_912349010008_104135_0000.png,2
/home/wangqianqian/project/FS/data/28gusui&pizang/03/17/cell_1761646663103_912349010008_86197_0100.png,2
/home/wangqianqian/project/FS/data/28gusui&pizang/03/18/cell_1761646738913_912349010008_92611_0100.png,2
/home/wangqianqian/project/FS/data/28gusui&pizang/03/19/cell_1761646763798_912349010008_94555_0100.png,2
/home/wangqianqian/project/FS/data/28gusui&pizang/03/05/cell_1761645951534_912349010008_27749_0000.png,2
/home/wangqianqian/project/FS/data/28gusui&pizang/03/15/cell_1761646559792_912349010008_77718_0100.png,2
/home/wangqianqian/project/FS/data/28gusui&pizang/03/18/cell_1761646713823_912349010008_90493_0000.png,2
/home/wangqianqian/project/FS/data/28gusui&pizang/03/11/cell_1761646308523_912349010008_56437_0000.png,2
/home/wangqianqian/project/FS/data/28gusui&pizang/03/11/cell_1761646267709_912349010008_52812_0000.png,2
/home/wangqianqian/project/FS/data/28gusui&pizang/03/08/cell_1761646124566_912349010008_41744_0100.png,2
/home/wangqianqian/project/FS/data/28gusui&pizang/03/15/cell_1761646514784_912349010008_74046_0000.png,2
/home/wangqianqian/project/FS/data/28gusui&pizang/03/07/cell_1761646059854_912349010008_36933_0100.png,2
/home/wangqianqian/project/FS/data/28gusui&pizang/03/13/cell_1761646413165_912349010008_64798_0000.png,2
/home/wangqianqian/project/FS/data/28gusui&pizang/03/15/cell_1761646513234_912349010008_73900_0000.png,2
/home/wangqianqian/project/FS/data/28gusui&pizang/03/05/cell_1761645945723_912349010008_27277_0000.png,2
/home/wangqianqian/project/FS/data/28gusui&pizang/03/08/cell_1761646097626_912349010008_39736_0000.png,2
/home/wangqianqian/project/FS/data/28gusui&pizang/03/02/cell_1761645776514_912349010008_13840_0000.png,2
/home/wangqianqian/project/FS/data/28gusui&pizang/03/09/cell_1761646197349_912349010008_47126_0000.png,2
/home/wangqianqian/project/FS/data/28gusui&pizang/03/20/cell_1761646813304_912349010008_98782_0000.png,2
/home/wangqianqian/project/FS/data/28gusui&pizang/03/11/cell_1761646318681_912349010008_57301_0000.png,2
/home/wangqianqian/project/FS/data/28gusui&pizang/03/11/cell_1761646274044_912349010008_53333_0000.png,2
/home/wangqianqian/project/FS/data/28gusui&pizang/03/19/cell_1761646773489_912349010008_95351_0000.png,2
/home/wangqianqian/project/FS/data/28gusui&pizang/03/03/cell_1761645808433_912349010008_16320_0000.png,2
/home/wangqianqian/project/FS/data/28gusui&pizang/03/10/cell_1761646213657_912349010008_48426_0100.png,2
/home/wangqianqian/project/FS/data/28gusui&pizang/03/17/cell_1761646666019_912349010008_86471_0000.png,2
/home/wangqianqian/project/FS/data/28gusui&pizang/03/08/cell_1761646111618_912349010008_40777_0100.png,2
/home/wangqianqian/project/FS/data/28gusui&pizang/03/21/cell_1761646866993_912349010008_103346_0100.png,2
/home/wangqianqian/project/FS/data/28gusui&pizang/03/11/cell_1761646316248_912349010008_57077_0000.png,2
/home/wangqianqian/project/FS/data/28gusui&pizang/03/13/cell_1761646435033_912349010008_66776_0000.png,2
/home/wangqianqian/project/FS/data/28gusui&pizang/03/15/cell_1761646500305_912349010008_72851_0000.png,2
/home/wangqianqian/project/FS/data/28gusui&pizang/03/09/cell_1761646145672_912349010008_43192_0100.png,2
/home/wangqianqian/project/FS/data/28gusui&pizang/03/20/cell_1761646816984_912349010008_99057_0100.png,2
/home/wangqianqian/project/FS/data/28gusui&pizang/03/20/cell_1761646800943_912349010008_97658_0000.png,2
/home/wangqianqian/project/FS/data/28gusui&pizang/03/18/cell_1761646705406_912349010008_89842_0100.png,2
/home/wangqianqian/project/FS/data/28gusui&pizang/03/07/cell_1761646047463_912349010008_35839_0100.png,2
/home/wangqianqian/project/FS/data/28gusui&pizang/03/15/cell_1761646556442_912349010008_77428_0000.png,2
/home/wangqianqian/project/FS/data/28gusui&pizang/03/21/cell_1761646892945_912349010008_105412_0100.png,2
/home/wangqianqian/project/FS/data/28gusui&pizang/03/02/cell_1761645747011_912349010008_11688_0000.png,2
/home/wangqianqian/project/FS/data/28gusui&pizang/03/08/cell_1761646115891_912349010008_41130_0000.png,2
/home/wangqianqian/project/FS/data/28gusui&pizang/03/14/cell_1761646446812_912349010008_67879_0000.png,2
/home/wangqianqian/project/FS/data/28gusui&pizang/03/06/cell_1761645974408_912349010008_29593_0000.png,2
/home/wangqianqian/project/FS/data/28gusui&pizang/03/10/cell_1761646249503_912349010008_51422_0000.png,2
/home/wangqianqian/project/FS/data/28gusui&pizang/03/09/cell_1761646188442_912349010008_46431_0100.png,2
/home/wangqianqian/project/FS/data/28gusui&pizang/03/21/cell_1761646871467_912349010008_103703_0000.png,2
/home/wangqianqian/project/FS/data/28gusui&pizang/03/20/cell_1761646850038_912349010008_101800_0100.png,2
/home/wangqianqian/project/FS/data/28gusui&pizang/03/06/cell_1761646005545_912349010008_32137_0000.png,2
/home/wangqianqian/project/FS/data/28gusui&pizang/03/18/cell_1761646694756_912349010008_89055_0000.png,2
/home/wangqianqian/project/FS/data/28gusui&pizang/03/12/cell_1761646370012_912349010008_61496_0000.png,2
/home/wangqianqian/project/FS/data/28gusui&pizang/03/13/cell_1761646438171_912349010008_67093_0000.png,2
/home/wangqianqian/project/FS/data/28gusui&pizang/03/07/cell_1761646076106_912349010008_38095_0100.png,2
/home/wangqianqian/project/FS/data/28gusui&pizang/03/07/cell_1761646031037_912349010008_34443_0100.png,2
/home/wangqianqian/project/FS/data/28gusui&pizang/03/12/cell_1761646321096_912349010008_57486_0100.png,2
/home/wangqianqian/project/FS/data/28gusui&pizang/03/01/cell_1761645690713_912349010008_7892_0000.png,2
/home/wangqianqian/project/FS/data/28gusui&pizang/03/02/cell_1761645734798_912349010008_10780_0000.png,2
/home/wangqianqian/project/FS/data/28gusui&pizang/03/13/cell_1761646424164_912349010008_65754_0000.png,2
/home/wangqianqian/project/FS/data/28gusui&pizang/03/18/cell_1761646692527_912349010008_88883_0000.png,2
/home/wangqianqian/project/FS/data/28gusui&pizang/03/12/cell_1761646353638_912349010008_60176_0000.png,2
/home/wangqianqian/project/FS/data/28gusui&pizang/03/09/cell_1761646159737_912349010008_44308_0000.png,2
/home/wangqianqian/project/FS/data/28gusui&pizang/03/09/cell_1761646151313_912349010008_43650_0100.png,2
/home/wangqianqian/project/FS/data/28gusui&pizang/03/08/cell_1761646097438_912349010008_39718_0000.png,2
/home/wangqianqian/project/FS/data/28gusui&pizang/03/08/cell_1761646111219_912349010008_40745_0100.png,2
/home/wangqianqian/project/FS/data/28gusui&pizang/03/10/cell_1761646209018_912349010008_48012_0100.png,3
/home/wangqianqian/project/FS/data/28gusui&pizang/03/12/cell_1761646362394_912349010008_60908_0000.png,3
/home/wangqianqian/project/FS/data/28gusui&pizang/03/10/cell_1761646231517_912349010008_49896_0100.png,3
/home/wangqianqian/project/FS/data/28gusui&pizang/03/09/cell_1761646146310_912349010008_43244_0000.png,3
/home/wangqianqian/project/FS/data/28gusui&pizang/03/14/cell_1761646484655_912349010008_71275_0000.png,3
/home/wangqianqian/project/FS/data/28gusui&pizang/03/17/cell_1761646663327_912349010008_86223_0000.png,3
/home/wangqianqian/project/FS/data/28gusui&pizang/03/08/cell_1761646118179_912349010008_41281_0100.png,3
/home/wangqianqian/project/FS/data/28gusui&pizang/03/03/cell_1761645801948_912349010008_15821_0000.png,3
/home/wangqianqian/project/FS/data/28gusui&pizang/03/18/cell_1761646729230_912349010008_91791_0100.png,3
/home/wangqianqian/project/FS/data/28gusui&pizang/03/10/cell_1761646203208_912349010008_47562_0000.png,3
/home/wangqianqian/project/FS/data/28gusui&pizang/03/09/cell_1761646163700_912349010008_44599_0000.png,3
/home/wangqianqian/project/FS/data/28gusui&pizang/03/14/cell_1761646467661_912349010008_69754_0000.png,3
/home/wangqianqian/project/FS/data/28gusui&pizang/03/13/cell_1761646418706_912349010008_65264_0100.png,3
/home/wangqianqian/project/FS/data/28gusui&pizang/03/10/cell_1761646224059_912349010008_49300_0000.png,3
/home/wangqianqian/project/FS/data/28gusui&pizang/03/14/cell_1761646446281_912349010008_67809_0000.png,3
/home/wangqianqian/project/FS/data/28gusui&pizang/03/18/cell_1761646699886_912349010008_89438_0100.png,3
/home/wangqianqian/project/FS/data/28gusui&pizang/03/12/cell_1761646348468_912349010008_59690_0000.png,3
/home/wangqianqian/project/FS/data/28gusui&pizang/03/19/cell_1761646798032_912349010008_97366_0000.png,3
/home/wangqianqian/project/FS/data/28gusui&pizang/03/12/cell_1761646325603_912349010008_57864_0100.png,3
/home/wangqianqian/project/FS/data/28gusui&pizang/03/06/cell_1761645986589_912349010008_30634_0000.png,3
/home/wangqianqian/project/FS/data/28gusui&pizang/03/09/cell_1761646186565_912349010008_46302_0000.png,3
/home/wangqianqian/project/FS/data/28gusui&pizang/03/18/cell_1761646734167_912349010008_92236_0100.png,3
/home/wangqianqian/project/FS/data/28gusui&pizang/03/20/cell_1761646827772_912349010008_99992_0000.png,3
/home/wangqianqian/project/FS/data/28gusui&pizang/03/16/cell_1761646590119_912349010008_79954_0000.png,3
/home/wangqianqian/project/FS/data/28gusui&pizang/03/04/cell_1761645880003_912349010008_22297_0000.png,3
/home/wangqianqian/project/FS/data/28gusui&pizang/03/17/cell_1761646671235_912349010008_86949_0100.png,3
/home/wangqianqian/project/FS/data/28gusui&pizang/03/13/cell_1761646399893_912349010008_63750_0000.png,3
/home/wangqianqian/project/FS/data/28gusui&pizang/03/03/cell_1761645815045_912349010008_16828_0000.png,3
/home/wangqianqian/project/FS/data/28gusui&pizang/03/13/cell_1761646389390_912349010008_62996_0000.png,3
/home/wangqianqian/project/FS/data/28gusui&pizang/03/09/cell_1761646161692_912349010008_44457_0000.png,3
/home/wangqianqian/project/FS/data/28gusui&pizang/03/04/cell_1761645860589_912349010008_20596_0100.png,3
/home/wangqianqian/project/FS/data/28gusui&pizang/03/18/cell_1761646707919_912349010008_90035_0000.png,3
/home/wangqianqian/project/FS/data/28gusui&pizang/03/10/cell_1761646211635_912349010008_48236_0100.png,3
/home/wangqianqian/project/FS/data/28gusui&pizang/03/14/cell_1761646489383_912349010008_71792_0100.png,3
/home/wangqianqian/project/FS/data/28gusui&pizang/03/09/cell_1761646161591_912349010008_44449_0000.png,3
/home/wangqianqian/project/FS/data/28gusui&pizang/03/21/cell_1761646876014_912349010008_104058_0000.png,3
/home/wangqianqian/project/FS/data/28gusui&pizang/03/20/cell_1761646820461_912349010008_99343_0100.png,3
/home/wangqianqian/project/FS/data/28gusui&pizang/03/19/cell_1761646785411_912349010008_96299_0100.png,3
/home/wangqianqian/project/FS/data/28gusui&pizang/03/18/cell_1761646717713_912349010008_90812_0000.png,3
/home/wangqianqian/project/FS/data/28gusui&pizang/03/03/cell_1761645784706_912349010008_14485_0000.png,3
/home/wangqianqian/project/FS/data/28gusui&pizang/03/16/cell_1761646576523_912349010008_78959_0000.png,3
/home/wangqianqian/project/FS/data/28gusui&pizang/03/07/cell_1761646056909_912349010008_36707_0000.png,3
/home/wangqianqian/project/FS/data/28gusui&pizang/03/04/cell_1761645891371_912349010008_23128_0100.png,3
/home/wangqianqian/project/FS/data/28gusui&pizang/03/09/cell_1761646156378_912349010008_44043_0100.png,3
/home/wangqianqian/project/FS/data/28gusui&pizang/03/02/cell_1761645753182_912349010008_12146_0000.png,3
/home/wangqianqian/project/FS/data/28gusui&pizang/03/12/cell_1761646359712_912349010008_60625_0100.png,3
/home/wangqianqian/project/FS/data/28gusui&pizang/03/04/cell_1761645879504_912349010008_22258_0100.png,3
/home/wangqianqian/project/FS/data/28gusui&pizang/03/19/cell_1761646745595_912349010008_93135_0100.png,3
/home/wangqianqian/project/FS/data/28gusui&pizang/03/17/cell_1761646641147_912349010008_84278_0100.png,3
/home/wangqianqian/project/FS/data/28gusui&pizang/03/06/cell_1761645985627_912349010008_30552_0100.png,3
/home/wangqianqian/project/FS/data/28gusui&pizang/03/15/cell_1761646559185_912349010008_77668_0000.png,3
/home/wangqianqian/project/FS/data/28gusui&pizang/03/07/cell_1761646077850_912349010008_38215_0100.png,3
/home/wangqianqian/project/FS/data/28gusui&pizang/03/10/cell_1761646202098_912349010008_47479_0100.png,3
/home/wangqianqian/project/FS/data/28gusui&pizang/03/02/cell_1761645754241_912349010008_12231_0100.png,3
/home/wangqianqian/project/FS/data/28gusui&pizang/03/17/cell_1761646640658_912349010008_84244_0000.png,3
/home/wangqianqian/project/FS/data/28gusui&pizang/03/12/cell_1761646346716_912349010008_59572_0000.png,3
/home/wangqianqian/project/FS/data/28gusui&pizang/03/03/cell_1761645812380_912349010008_16622_0100.png,3
/home/wangqianqian/project/FS/data/28gusui&pizang/03/01/cell_1761645719962_912349010008_9752_0000.png,3
/home/wangqianqian/project/FS/data/28gusui&pizang/03/17/cell_1761646632024_912349010008_83512_0100.png,3
/home/wangqianqian/project/FS/data/28gusui&pizang/03/11/cell_1761646284764_912349010008_54305_0100.png,3
/home/wangqianqian/project/FS/data/28gusui&pizang/03/03/cell_1761645794263_912349010008_15206_0000.png,3
/home/wangqianqian/project/FS/data/28gusui&pizang/03/19/cell_1761646768874_912349010008_94974_0100.png,3
/home/wangqianqian/project/FS/data/28gusui&pizang/03/13/cell_1761646400090_912349010008_63775_0000.png,3
/home/wangqianqian/project/FS/data/28gusui&pizang/03/14/cell_1761646471984_912349010008_70135_0100.png,3
/home/wangqianqian/project/FS/data/28gusui&pizang/03/18/cell_1761646733336_912349010008_92163_0000.png,3
/home/wangqianqian/project/FS/data/28gusui&pizang/03/19/cell_1761646777959_912349010008_95760_0000.png,3
/home/wangqianqian/project/FS/data/28gusui&pizang/03/15/cell_1761646531245_912349010008_75385_0100.png,3
/home/wangqianqian/project/FS/data/28gusui&pizang/03/16/cell_1761646601049_912349010008_80870_0000.png,3
/home/wangqianqian/project/FS/data/28gusui&pizang/03/11/cell_1761646277435_912349010008_53651_0100.png,3
/home/wangqianqian/project/FS/data/28gusui&pizang/03/14/cell_1761646484523_912349010008_71254_0000.png,3
/home/wangqianqian/project/FS/data/28gusui&pizang/03/02/cell_1761645763945_912349010008_12937_0000.png,3
/home/wangqianqian/project/FS/data/28gusui&pizang/03/05/cell_1761645900785_912349010008_23801_0000.png,3
/home/wangqianqian/project/FS/data/28gusui&pizang/03/19/cell_1761646763943_912349010008_94565_0000.png,3
/home/wangqianqian/project/FS/data/28gusui&pizang/03/08/cell_1761646111775_912349010008_40789_0000.png,3
/home/wangqianqian/project/FS/data/28gusui&pizang/03/21/cell_1761646862647_912349010008_102959_0000.png,3
/home/wangqianqian/project/FS/data/28gusui&pizang/03/20/cell_1761646824857_912349010008_99724_0100.png,3
/home/wangqianqian/project/FS/data/28gusui&pizang/03/10/cell_1761646212373_912349010008_48309_0000.png,3
/home/wangqianqian/project/FS/data/28gusui&pizang/03/21/cell_1761646903124_912349010008_106249_0100.png,3
/home/wangqianqian/project/FS/data/28gusui&pizang/03/08/cell_1761646126527_912349010008_41877_0000.png,3
/home/wangqianqian/project/FS/data/28gusui&pizang/03/02/cell_1761645723024_912349010008_9999_0000.png,3
/home/wangqianqian/project/FS/data/28gusui&pizang/03/08/cell_1761646108244_912349010008_40532_0100.png,3
/home/wangqianqian/project/FS/data/28gusui&pizang/03/13/cell_1761646409787_912349010008_64526_0000.png,3
/home/wangqianqian/project/FS/data/28gusui&pizang/03/10/cell_1761646230964_912349010008_49848_0000.png,3
/home/wangqianqian/project/FS/data/28gusui&pizang/03/06/cell_1761645991605_912349010008_31017_0100.png,3
/home/wangqianqian/project/FS/data/28gusui&pizang/03/03/cell_1761645791753_912349010008_15041_0000.png,3
/home/wangqianqian/project/FS/data/28gusui&pizang/03/11/cell_1761646288682_912349010008_54666_0000.png,3
/home/wangqianqian/project/FS/data/28gusui&pizang/03/19/cell_1761646773805_912349010008_95391_0000.png,3
/home/wangqianqian/project/FS/data/28gusui&pizang/03/16/cell_1761646607731_912349010008_81443_0100.png,3
/home/wangqianqian/project/FS/data/28gusui&pizang/03/15/cell_1761646519929_912349010008_74468_0000.png,3
/home/wangqianqian/project/FS/data/28gusui&pizang/03/15/cell_1761646514559_912349010008_74026_0000.png,3
/home/wangqianqian/project/FS/data/28gusui&pizang/03/20/cell_1761646802305_912349010008_97788_0100.png,3
/home/wangqianqian/project/FS/data/28gusui&pizang/03/18/cell_1761646707919_912349010008_90035_0100.png,3
/home/wangqianqian/project/FS/data/28gusui&pizang/03/14/cell_1761646479855_912349010008_70810_0100.png,3
/home/wangqianqian/project/FS/data/28gusui&pizang/03/09/cell_1761646150217_912349010008_43547_0100.png,3
/home/wangqianqian/project/FS/data/28gusui&pizang/03/05/cell_1761645942958_912349010008_27026_0000.png,3
/home/wangqianqian/project/FS/data/28gusui&pizang/03/04/cell_1761645843478_912349010008_19016_0000.png,3
/home/wangqianqian/project/FS/data/28gusui&pizang/03/05/cell_1761645941152_912349010008_26879_0000.png,3
/home/wangqianqian/project/FS/data/28gusui&pizang/03/17/cell_1761646634417_912349010008_83725_0000.png,3
/home/wangqianqian/project/FS/data/28gusui&pizang/03/13/cell_1761646389728_912349010008_63020_0000.png,3
/home/wangqianqian/project/FS/data/28gusui&pizang/03/12/cell_1761646344059_912349010008_59313_0000.png,3
/home/wangqianqian/project/FS/data/28gusui&pizang/03/18/cell_1761646710189_912349010008_90215_0100.png,4
/home/wangqianqian/project/FS/data/28gusui&pizang/03/13/cell_1761646410849_912349010008_64611_0100.png,4
/home/wangqianqian/project/FS/data/28gusui&pizang/03/17/cell_1761646637901_912349010008_84014_0000.png,4
/home/wangqianqian/project/FS/data/28gusui&pizang/03/19/cell_1761646745470_912349010008_93121_0000.png,4
/home/wangqianqian/project/FS/data/28gusui&pizang/03/05/cell_1761645913256_912349010008_24744_0000.png,4
/home/wangqianqian/project/FS/data/28gusui&pizang/03/21/cell_1761646899767_912349010008_106001_0000.png,4
/home/wangqianqian/project/FS/data/28gusui&pizang/03/16/cell_1761646618973_912349010008_82371_0000.png,4
/home/wangqianqian/project/FS/data/28gusui&pizang/03/01/cell_1761645699583_912349010008_8370_0100.png,4
/home/wangqianqian/project/FS/data/28gusui&pizang/03/14/cell_1761646483842_912349010008_71186_0000.png,4
/home/wangqianqian/project/FS/data/28gusui&pizang/03/04/cell_1761645898554_912349010008_23624_0000.png,4
/home/wangqianqian/project/FS/data/28gusui&pizang/03/04/cell_1761645878105_912349010008_22113_0000.png,4
/home/wangqianqian/project/FS/data/28gusui&pizang/03/17/cell_1761646669841_912349010008_86818_0000.png,4
/home/wangqianqian/project/FS/data/28gusui&pizang/03/08/cell_1761646087726_912349010008_38977_0100.png,4
/home/wangqianqian/project/FS/data/28gusui&pizang/03/16/cell_1761646574135_912349010008_78758_0000.png,4
/home/wangqianqian/project/FS/data/28gusui&pizang/03/09/cell_1761646163097_912349010008_44559_0000.png,4
/home/wangqianqian/project/FS/data/28gusui&pizang/03/11/cell_1761646278250_912349010008_53724_0000.png,4
/home/wangqianqian/project/FS/data/28gusui&pizang/03/10/cell_1761646250176_912349010008_51462_0000.png,4
/home/wangqianqian/project/FS/data/28gusui&pizang/03/21/cell_1761646889852_912349010008_105146_0000.png,4
/home/wangqianqian/project/FS/data/28gusui&pizang/03/14/cell_1761646441340_912349010008_67350_0000.png,4
/home/wangqianqian/project/FS/data/28gusui&pizang/03/13/cell_1761646402436_912349010008_63948_0000.png,4
/home/wangqianqian/project/FS/data/28gusui&pizang/03/06/cell_1761645987434_912349010008_30715_0100.png,4
/home/wangqianqian/project/FS/data/28gusui&pizang/03/12/cell_1761646320732_912349010008_57463_0000.png,4
/home/wangqianqian/project/FS/data/28gusui&pizang/03/14/cell_1761646457026_912349010008_68788_0000.png,4
/home/wangqianqian/project/FS/data/28gusui&pizang/03/14/cell_1761646453276_912349010008_68450_0000.png,4
/home/wangqianqian/project/FS/data/28gusui&pizang/03/11/cell_1761646309589_912349010008_56520_0100.png,4
/home/wangqianqian/project/FS/data/28gusui&pizang/03/18/cell_1761646736959_912349010008_92445_0100.png,4
/home/wangqianqian/project/FS/data/28gusui&pizang/03/02/cell_1761645739552_912349010008_11127_0000.png,4
/home/wangqianqian/project/FS/data/28gusui&pizang/03/18/cell_1761646722515_912349010008_91178_0100.png,4
/home/wangqianqian/project/FS/data/28gusui&pizang/03/02/cell_1761645725193_912349010008_10136_0100.png,4
/home/wangqianqian/project/FS/data/28gusui&pizang/03/03/cell_1761645823066_912349010008_17483_0000.png,4
/home/wangqianqian/project/FS/data/28gusui&pizang/03/16/cell_1761646611507_912349010008_81722_0100.png,4
/home/wangqianqian/project/FS/data/28gusui&pizang/03/15/cell_1761646544094_912349010008_76444_0000.png,4
/home/wangqianqian/project/FS/data/28gusui&pizang/03/21/cell_1761646909966_912349010008_106795_0000.png,4
/home/wangqianqian/project/FS/data/28gusui&pizang/03/19/cell_1761646784017_912349010008_96207_0000.png,4
/home/wangqianqian/project/FS/data/28gusui&pizang/03/04/cell_1761645863372_912349010008_20812_0100.png,4
/home/wangqianqian/project/FS/data/28gusui&pizang/03/05/cell_1761645940017_912349010008_26789_0000.png,4
/home/wangqianqian/project/FS/data/28gusui&pizang/03/15/cell_1761646520492_912349010008_74525_0000.png,4
/home/wangqianqian/project/FS/data/28gusui&pizang/03/06/cell_1761645977305_912349010008_29843_0000.png,4
/home/wangqianqian/project/FS/data/28gusui&pizang/03/21/cell_1761646896289_912349010008_105685_0000.png,4
/home/wangqianqian/project/FS/data/28gusui&pizang/03/13/cell_1761646425609_912349010008_65889_0100.png,4
/home/wangqianqian/project/FS/data/28gusui&pizang/03/06/cell_1761645976341_912349010008_29781_0000.png,4
/home/wangqianqian/project/FS/data/28gusui&pizang/03/11/cell_1761646287838_912349010008_54587_0000.png,4
/home/wangqianqian/project/FS/data/28gusui&pizang/03/08/cell_1761646121403_912349010008_41513_0000.png,4
/home/wangqianqian/project/FS/data/28gusui&pizang/03/21/cell_1761646894867_912349010008_105562_0100.png,4
/home/wangqianqian/project/FS/data/28gusui&pizang/03/11/cell_1761646287039_912349010008_54512_0100.png,4
/home/wangqianqian/project/FS/data/28gusui&pizang/03/02/cell_1761645739672_912349010008_11133_0100.png,4
/home/wangqianqian/project/FS/data/28gusui&pizang/03/16/cell_1761646594803_912349010008_80342_0100.png,4
/home/wangqianqian/project/FS/data/28gusui&pizang/03/20/cell_1761646846093_912349010008_101468_0000.png,4
/home/wangqianqian/project/FS/data/28gusui&pizang/03/15/cell_1761646556256_912349010008_77407_0000.png,4
/home/wangqianqian/project/FS/data/28gusui&pizang/03/06/cell_1761645987651_912349010008_30729_0100.png,4
/home/wangqianqian/project/FS/data/28gusui&pizang/03/18/cell_1761646718771_912349010008_90889_0100.png,4
/home/wangqianqian/project/FS/data/28gusui&pizang/03/17/cell_1761646634487_912349010008_83732_0100.png,4
/home/wangqianqian/project/FS/data/28gusui&pizang/03/01/cell_1761645705815_912349010008_8747_0000.png,4
/home/wangqianqian/project/FS/data/28gusui&pizang/03/11/cell_1761646268104_912349010008_52845_0100.png,4
/home/wangqianqian/project/FS/data/28gusui&pizang/03/09/cell_1761646155989_912349010008_44017_0100.png,4
/home/wangqianqian/project/FS/data/28gusui&pizang/03/06/cell_1761645970298_912349010008_29236_0100.png,4
/home/wangqianqian/project/FS/data/28gusui&pizang/03/20/cell_1761646827905_912349010008_100002_0100.png,4
/home/wangqianqian/project/FS/data/28gusui&pizang/03/21/cell_1761646918440_912349010008_107525_0100.png,4
/home/wangqianqian/project/FS/data/28gusui&pizang/03/21/cell_1761646878717_912349010008_104264_0100.png,4
/home/wangqianqian/project/FS/data/28gusui&pizang/03/02/cell_1761645752284_912349010008_12075_0100.png,4
/home/wangqianqian/project/FS/data/28gusui&pizang/03/04/cell_1761645896170_912349010008_23471_0200.png,4
/home/wangqianqian/project/FS/data/28gusui&pizang/03/20/cell_1761646850837_912349010008_101874_0000.png,4
/home/wangqianqian/project/FS/data/28gusui&pizang/03/04/cell_1761645872671_912349010008_21633_0000.png,4
/home/wangqianqian/project/FS/data/28gusui&pizang/03/02/cell_1761645770744_912349010008_13403_0100.png,4
/home/wangqianqian/project/FS/data/28gusui&pizang/03/14/cell_1761646465625_912349010008_69569_0100.png,4
/home/wangqianqian/project/FS/data/28gusui&pizang/03/13/cell_1761646380311_912349010008_62318_0000.png,4
/home/wangqianqian/project/FS/data/28gusui&pizang/03/04/cell_1761645849400_912349010008_19569_0100.png,4
/home/wangqianqian/project/FS/data/28gusui&pizang/03/10/cell_1761646226197_912349010008_49483_0000.png,4
/home/wangqianqian/project/FS/data/28gusui&pizang/03/06/cell_1761646011211_912349010008_32694_0000.png,4
/home/wangqianqian/project/FS/data/28gusui&pizang/03/15/cell_1761646532024_912349010008_75435_0000.png,4
/home/wangqianqian/project/FS/data/28gusui&pizang/03/07/cell_1761646025148_912349010008_33904_0000.png,4
/home/wangqianqian/project/FS/data/28gusui&pizang/03/18/cell_1761646725182_912349010008_91429_0100.png,4
/home/wangqianqian/project/FS/data/28gusui&pizang/03/18/cell_1761646711556_912349010008_90324_0100.png,4
/home/wangqianqian/project/FS/data/28gusui&pizang/03/11/cell_1761646272013_912349010008_53179_0000.png,4
/home/wangqianqian/project/FS/data/28gusui&pizang/03/15/cell_1761646520654_912349010008_74536_0000.png,4
/home/wangqianqian/project/FS/data/28gusui&pizang/03/02/cell_1761645726082_912349010008_10195_0100.png,4
/home/wangqianqian/project/FS/data/28gusui&pizang/03/14/cell_1761646455413_912349010008_68653_0100.png,4
/home/wangqianqian/project/FS/data/28gusui&pizang/03/15/cell_1761646529639_912349010008_75229_0100.png,4
/home/wangqianqian/project/FS/data/28gusui&pizang/03/16/cell_1761646566498_912349010008_78158_0100.png,4
/home/wangqianqian/project/FS/data/28gusui&pizang/03/14/cell_1761646450060_912349010008_68189_0000.png,4
/home/wangqianqian/project/FS/data/28gusui&pizang/03/04/cell_1761645863372_912349010008_20812_0000.png,4
/home/wangqianqian/project/FS/data/28gusui&pizang/03/13/cell_1761646410849_912349010008_64611_0000.png,4
/home/wangqianqian/project/FS/data/28gusui&pizang/03/01/cell_1761645692133_912349010008_7966_0000.png,4
/home/wangqianqian/project/FS/data/28gusui&pizang/03/10/cell_1761646238746_912349010008_50513_0100.png,4
/home/wangqianqian/project/FS/data/28gusui&pizang/03/20/cell_1761646855733_912349010008_102340_0100.png,4
/home/wangqianqian/project/FS/data/28gusui&pizang/03/04/cell_1761645882459_912349010008_22495_0200.png,4
/home/wangqianqian/project/FS/data/28gusui&pizang/03/07/cell_1761646037953_912349010008_35014_0100.png,4
/home/wangqianqian/project/FS/data/28gusui&pizang/03/14/cell_1761646470433_912349010008_69995_0000.png,4
/home/wangqianqian/project/FS/data/28gusui&pizang/03/02/cell_1761645777836_912349010008_13956_0100.png,4
/home/wangqianqian/project/FS/data/28gusui&pizang/03/11/cell_1761646317874_912349010008_57236_0100.png,4
/home/wangqianqian/project/FS/data/28gusui&pizang/03/02/cell_1761645755553_912349010008_12340_0000.png,4
/home/wangqianqian/project/FS/data/28gusui&pizang/03/06/cell_1761645977305_912349010008_29843_0100.png,4
/home/wangqianqian/project/FS/data/28gusui&pizang/03/20/cell_1761646808368_912349010008_98319_0000.png,4
/home/wangqianqian/project/FS/data/28gusui&pizang/03/13/cell_1761646417577_912349010008_65168_0100.png,4
/home/wangqianqian/project/FS/data/28gusui&pizang/03/20/cell_1761646846681_912349010008_101526_0100.png,4
/home/wangqianqian/project/FS/data/28gusui&pizang/03/17/cell_1761646657350_912349010008_85713_0000.png,4
/home/wangqianqian/project/FS/data/28gusui&pizang/03/11/cell_1761646287038_912349010008_54511_0100.png,4
/home/wangqianqian/project/FS/data/28gusui&pizang/03/20/cell_1761646805631_912349010008_98087_0100.png,4
/home/wangqianqian/project/FS/data/28gusui&pizang/03/02/cell_1761645745995_912349010008_11633_0100.png,4
/home/wangqianqian/project/FS/data/28gusui&pizang/03/11/cell_1761646306900_912349010008_56293_0100.png,4
/home/wangqianqian/project/FS/data/28gusui&pizang/03/19/cell_1761646771703_912349010008_95195_0000.png,5
/home/wangqianqian/project/FS/data/28gusui&pizang/03/06/cell_1761646004955_912349010008_32087_0000.png,5
/home/wangqianqian/project/FS/data/28gusui&pizang/03/13/cell_1761646392695_912349010008_63225_0100.png,5
/home/wangqianqian/project/FS/data/28gusui&pizang/03/18/cell_1761646712749_912349010008_90415_0000.png,5
/home/wangqianqian/project/FS/data/28gusui&pizang/03/01/cell_1761645707012_912349010008_8824_0100.png,5
/home/wangqianqian/project/FS/data/28gusui&pizang/03/05/cell_1761645900259_912349010008_23756_0100.png,5
/home/wangqianqian/project/FS/data/28gusui&pizang/03/10/cell_1761646211349_912349010008_48206_0000.png,5
/home/wangqianqian/project/FS/data/28gusui&pizang/03/09/cell_1761646171097_912349010008_45107_0100.png,5
/home/wangqianqian/project/FS/data/28gusui&pizang/03/17/cell_1761646674058_912349010008_87204_0000.png,5
/home/wangqianqian/project/FS/data/28gusui&pizang/03/10/cell_1761646228465_912349010008_49656_0000.png,5
/home/wangqianqian/project/FS/data/28gusui&pizang/03/02/cell_1761645740155_912349010008_11166_0000.png,5
/home/wangqianqian/project/FS/data/28gusui&pizang/03/13/cell_1761646420244_912349010008_65423_0000.png,5
/home/wangqianqian/project/FS/data/28gusui&pizang/03/03/cell_1761645786628_912349010008_14635_0100.png,5
/home/wangqianqian/project/FS/data/28gusui&pizang/03/03/cell_1761645822069_912349010008_17382_0000.png,5
/home/wangqianqian/project/FS/data/28gusui&pizang/03/20/cell_1761646831839_912349010008_100331_0000.png,5
/home/wangqianqian/project/FS/data/28gusui&pizang/03/06/cell_1761645992685_912349010008_31104_0000.png,5
/home/wangqianqian/project/FS/data/28gusui&pizang/03/03/cell_1761645785420_912349010008_14535_0100.png,5
/home/wangqianqian/project/FS/data/28gusui&pizang/03/06/cell_1761646001353_912349010008_31794_0100.png,5
/home/wangqianqian/project/FS/data/28gusui&pizang/03/02/cell_1761645741426_912349010008_11275_0100.png,5
/home/wangqianqian/project/FS/data/28gusui&pizang/03/19/cell_1761646760761_912349010008_94316_0000.png,5
/home/wangqianqian/project/FS/data/28gusui&pizang/03/11/cell_1761646299258_912349010008_55657_0100.png,5
/home/wangqianqian/project/FS/data/28gusui&pizang/03/10/cell_1761646247570_912349010008_51283_0000.png,5
/home/wangqianqian/project/FS/data/28gusui&pizang/03/20/cell_1761646853584_912349010008_102132_0000.png,5
/home/wangqianqian/project/FS/data/28gusui&pizang/03/02/cell_1761645739872_912349010008_11148_0100.png,5
/home/wangqianqian/project/FS/data/28gusui&pizang/03/07/cell_1761646056090_912349010008_36637_0100.png,5
/home/wangqianqian/project/FS/data/28gusui&pizang/03/09/cell_1761646158378_912349010008_44201_0000.png,5
/home/wangqianqian/project/FS/data/28gusui&pizang/03/01/cell_1761645706435_912349010008_8776_0100.png,5
/home/wangqianqian/project/FS/data/28gusui&pizang/03/02/cell_1761645735201_912349010008_10803_0000.png,5
/home/wangqianqian/project/FS/data/28gusui&pizang/03/02/cell_1761645747505_912349010008_11733_0100.png,5
/home/wangqianqian/project/FS/data/28gusui&pizang/03/05/cell_1761645921853_912349010008_25377_0000.png,5
/home/wangqianqian/project/FS/data/28gusui&pizang/03/07/cell_1761646069020_912349010008_37607_0000.png,5
/home/wangqianqian/project/FS/data/28gusui&pizang/03/01/cell_1761645706674_912349010008_8793_0100.png,5
/home/wangqianqian/project/FS/data/28gusui&pizang/03/07/cell_1761646070514_912349010008_37716_0000.png,5
/home/wangqianqian/project/FS/data/28gusui&pizang/03/11/cell_1761646287208_912349010008_54534_0000.png,5
/home/wangqianqian/project/FS/data/28gusui&pizang/03/06/cell_1761645985637_912349010008_30553_0000.png,5
/home/wangqianqian/project/FS/data/28gusui&pizang/03/07/cell_1761646056485_912349010008_36666_0100.png,5
/home/wangqianqian/project/FS/data/28gusui&pizang/03/01/cell_1761645712089_912349010008_9144_0000.png,5
/home/wangqianqian/project/FS/data/28gusui&pizang/03/17/cell_1761646641578_912349010008_84336_0000.png,5
/home/wangqianqian/project/FS/data/28gusui&pizang/03/03/cell_1761645823066_912349010008_17486_0000.png,5
/home/wangqianqian/project/FS/data/28gusui&pizang/03/12/cell_1761646344798_912349010008_59395_0000.png,5
/home/wangqianqian/project/FS/data/28gusui&pizang/03/16/cell_1761646591303_912349010008_80065_0100.png,5
/home/wangqianqian/project/FS/data/28gusui&pizang/03/09/cell_1761646189186_912349010008_46493_0000.png,5
/home/wangqianqian/project/FS/data/28gusui&pizang/03/20/cell_1761646820606_912349010008_99355_0000.png,5
/home/wangqianqian/project/FS/data/28gusui&pizang/03/01/cell_1761645689161_912349010008_7803_0000.png,5
/home/wangqianqian/project/FS/data/28gusui&pizang/03/03/cell_1761645808755_912349010008_16345_0000.png,5
/home/wangqianqian/project/FS/data/28gusui&pizang/03/02/cell_1761645760521_912349010008_12715_0000.png,5
/home/wangqianqian/project/FS/data/28gusui&pizang/03/05/cell_1761645941459_912349010008_26901_0000.png,5
/home/wangqianqian/project/FS/data/28gusui&pizang/03/16/cell_1761646583146_912349010008_79430_0000.png,5
/home/wangqianqian/project/FS/data/28gusui&pizang/03/08/cell_1761646122771_912349010008_41611_0100.png,5
/home/wangqianqian/project/FS/data/28gusui&pizang/03/12/cell_1761646362386_912349010008_60907_0000.png,5
/home/wangqianqian/project/FS/data/28gusui&pizang/03/02/cell_1761645777681_912349010008_13935_0100.png,5
/home/wangqianqian/project/FS/data/28gusui&pizang/03/12/cell_1761646355944_912349010008_60330_0000.png,5
/home/wangqianqian/project/FS/data/28gusui&pizang/03/18/cell_1761646682299_912349010008_87950_0100.png,5
/home/wangqianqian/project/FS/data/28gusui&pizang/03/20/cell_1761646826339_912349010008_99857_0000.png,5
/home/wangqianqian/project/FS/data/28gusui&pizang/03/20/cell_1761646844803_912349010008_101376_0000.png,5
/home/wangqianqian/project/FS/data/28gusui&pizang/03/03/cell_1761645787850_912349010008_14722_0000.png,5
/home/wangqianqian/project/FS/data/28gusui&pizang/03/14/cell_1761646470396_912349010008_69986_0000.png,5
/home/wangqianqian/project/FS/data/28gusui&pizang/03/19/cell_1761646781370_912349010008_96004_0000.png,5
/home/wangqianqian/project/FS/data/28gusui&pizang/03/06/cell_1761645989684_912349010008_30876_0000.png,5
/home/wangqianqian/project/FS/data/28gusui&pizang/03/10/cell_1761646245492_912349010008_51074_0000.png,5
/home/wangqianqian/project/FS/data/28gusui&pizang/03/08/cell_1761646096127_912349010008_39622_0100.png,5
/home/wangqianqian/project/FS/data/28gusui&pizang/03/10/cell_1761646210920_912349010008_48170_0000.png,5
/home/wangqianqian/project/FS/data/28gusui&pizang/03/16/cell_1761646569898_912349010008_78414_0100.png,5
/home/wangqianqian/project/FS/data/28gusui&pizang/03/14/cell_1761646472750_912349010008_70203_0000.png,5
/home/wangqianqian/project/FS/data/28gusui&pizang/03/15/cell_1761646501726_912349010008_72968_0000.png,5
/home/wangqianqian/project/FS/data/28gusui&pizang/03/20/cell_1761646813514_912349010008_98797_0100.png,5
/home/wangqianqian/project/FS/data/28gusui&pizang/03/06/cell_1761645991563_912349010008_31014_0000.png,5
/home/wangqianqian/project/FS/data/28gusui&pizang/03/14/cell_1761646499715_912349010008_72804_0000.png,5
/home/wangqianqian/project/FS/data/28gusui&pizang/03/19/cell_1761646741572_912349010008_92815_0000.png,5
/home/wangqianqian/project/FS/data/28gusui&pizang/03/21/cell_1761646882774_912349010008_104631_0100.png,5
/home/wangqianqian/project/FS/data/28gusui&pizang/03/02/cell_1761645750389_912349010008_11940_0100.png,5
/home/wangqianqian/project/FS/data/28gusui&pizang/03/02/cell_1761645761042_912349010008_12749_0000.png,5
/home/wangqianqian/project/FS/data/28gusui&pizang/03/07/cell_1761646063658_912349010008_37232_0100.png,5
/home/wangqianqian/project/FS/data/28gusui&pizang/03/09/cell_1761646180629_912349010008_45823_0000.png,5
/home/wangqianqian/project/FS/data/28gusui&pizang/03/05/cell_1761645922794_912349010008_25472_0000.png,5
/home/wangqianqian/project/FS/data/28gusui&pizang/03/02/cell_1761645738297_912349010008_10992_0100.png,5
/home/wangqianqian/project/FS/data/28gusui&pizang/03/08/cell_1761646104611_912349010008_40281_0000.png,5
/home/wangqianqian/project/FS/data/28gusui&pizang/03/07/cell_1761646032447_912349010008_34564_0100.png,5
/home/wangqianqian/project/FS/data/28gusui&pizang/03/15/cell_1761646545367_912349010008_76565_0000.png,5
/home/wangqianqian/project/FS/data/28gusui&pizang/03/09/cell_1761646140093_912349010008_42821_0000.png,5
/home/wangqianqian/project/FS/data/28gusui&pizang/03/02/cell_1761645720669_912349010008_9814_0000.png,5
/home/wangqianqian/project/FS/data/28gusui&pizang/03/18/cell_1761646734075_912349010008_92234_0100.png,5
/home/wangqianqian/project/FS/data/28gusui&pizang/03/03/cell_1761645793363_912349010008_15148_0000.png,5
/home/wangqianqian/project/FS/data/28gusui&pizang/03/03/cell_1761645805350_912349010008_16084_0100.png,5
/home/wangqianqian/project/FS/data/28gusui&pizang/03/13/cell_1761646438698_912349010008_67135_0000.png,5
/home/wangqianqian/project/FS/data/28gusui&pizang/03/06/cell_1761645987309_912349010008_30704_0100.png,5
/home/wangqianqian/project/FS/data/28gusui&pizang/03/14/cell_1761646484299_912349010008_71231_0000.png,5
/home/wangqianqian/project/FS/data/28gusui&pizang/03/20/cell_1761646846285_912349010008_101479_0100.png,5
/home/wangqianqian/project/FS/data/28gusui&pizang/03/07/cell_1761646050345_912349010008_36128_0000.png,5
/home/wangqianqian/project/FS/data/28gusui&pizang/03/13/cell_1761646433202_912349010008_66606_0000.png,5
/home/wangqianqian/project/FS/data/28gusui&pizang/03/11/cell_1761646299102_912349010008_55640_0000.png,5
/home/wangqianqian/project/FS/data/28gusui&pizang/03/03/cell_1761645787011_912349010008_14657_0100.png,5
/home/wangqianqian/project/FS/data/28gusui&pizang/03/02/cell_1761645725954_912349010008_10187_0000.png,5
/home/wangqianqian/project/FS/data/28gusui&pizang/03/19/cell_1761646793245_912349010008_96943_0100.png,5
/home/wangqianqian/project/FS/data/28gusui&pizang/03/03/cell_1761645814540_912349010008_16793_0000.png,5
/home/wangqianqian/project/FS/data/28gusui&pizang/03/08/cell_1761646114330_912349010008_41021_0000.png,5
/home/wangqianqian/project/FS/data/28gusui&pizang/03/17/cell_1761646666039_912349010008_86475_0100.png,5
/home/wangqianqian/project/FS/data/28gusui&pizang/03/12/cell_1761646337028_912349010008_58766_0100.png,5
/home/wangqianqian/project/FS/data/28gusui&pizang/03/03/cell_1761645807012_912349010008_16202_0000.png,5
/home/wangqianqian/project/FS/data/28gusui&pizang/03/06/cell_1761646015819_912349010008_33128_0100.png,5
/home/wangqianqian/project/FS/data/28gusui&pizang/03/11/cell_1761646272369_912349010008_53208_0100.png,6
/home/wangqianqian/project/FS/data/28gusui&pizang/03/14/cell_1761646451438_912349010008_68309_0000.png,6
/home/wangqianqian/project/FS/data/28gusui&pizang/03/05/cell_1761645922055_912349010008_25395_0000.png,6
/home/wangqianqian/project/FS/data/28gusui&pizang/03/18/cell_1761646724627_912349010008_91385_0000.png,6
/home/wangqianqian/project/FS/data/28gusui&pizang/03/21/cell_1761646870892_912349010008_103658_0000.png,6
/home/wangqianqian/project/FS/data/28gusui&pizang/03/04/cell_1761645884963_912349010008_22669_0100.png,6
/home/wangqianqian/project/FS/data/28gusui&pizang/03/17/cell_1761646677327_912349010008_87532_0000.png,6
/home/wangqianqian/project/FS/data/28gusui&pizang/03/02/cell_1761645751885_912349010008_12053_0100.png,6
/home/wangqianqian/project/FS/data/28gusui&pizang/03/20/cell_1761646859058_912349010008_102616_0000.png,6
/home/wangqianqian/project/FS/data/28gusui&pizang/03/17/cell_1761646641784_912349010008_84351_0100.png,6
/home/wangqianqian/project/FS/data/28gusui&pizang/03/09/cell_1761646165543_912349010008_44714_0100.png,6
/home/wangqianqian/project/FS/data/28gusui&pizang/03/11/cell_1761646262803_912349010008_52435_0100.png,6
/home/wangqianqian/project/FS/data/28gusui&pizang/03/21/cell_1761646886694_912349010008_104895_0000.png,6
/home/wangqianqian/project/FS/data/28gusui&pizang/03/17/cell_1761646640722_912349010008_84252_0000.png,6
/home/wangqianqian/project/FS/data/28gusui&pizang/03/06/cell_1761646019034_912349010008_33393_0100.png,6
/home/wangqianqian/project/FS/data/28gusui&pizang/03/18/cell_1761646693751_912349010008_88979_0000.png,6
/home/wangqianqian/project/FS/data/28gusui&pizang/03/05/cell_1761645950299_912349010008_27664_0000.png,6
/home/wangqianqian/project/FS/data/28gusui&pizang/03/07/cell_1761646045963_912349010008_35704_0100.png,6
/home/wangqianqian/project/FS/data/28gusui&pizang/03/17/cell_1761646676690_912349010008_87474_0000.png,6
/home/wangqianqian/project/FS/data/28gusui&pizang/03/20/cell_1761646845033_912349010008_101393_0100.png,6
/home/wangqianqian/project/FS/data/28gusui&pizang/03/19/cell_1761646752791_912349010008_93689_0000.png,6
/home/wangqianqian/project/FS/data/28gusui&pizang/03/07/cell_1761646074972_912349010008_38007_0000.png,6
/home/wangqianqian/project/FS/data/28gusui&pizang/03/07/cell_1761646064240_912349010008_37272_0100.png,6
/home/wangqianqian/project/FS/data/28gusui&pizang/03/03/cell_1761645799808_912349010008_15643_0000.png,6
/home/wangqianqian/project/FS/data/28gusui&pizang/03/11/cell_1761646270353_912349010008_53027_0100.png,6
/home/wangqianqian/project/FS/data/28gusui&pizang/03/10/cell_1761646258994_912349010008_52112_0000.png,6
/home/wangqianqian/project/FS/data/28gusui&pizang/03/14/cell_1761646460677_912349010008_69144_0000.png,6
/home/wangqianqian/project/FS/data/28gusui&pizang/03/09/cell_1761646167065_912349010008_44827_0000.png,6
/home/wangqianqian/project/FS/data/28gusui&pizang/03/14/cell_1761646467104_912349010008_69705_0000.png,6
/home/wangqianqian/project/FS/data/28gusui&pizang/03/21/cell_1761646861510_912349010008_102860_0100.png,6
/home/wangqianqian/project/FS/data/28gusui&pizang/03/15/cell_1761646536900_912349010008_75830_0000.png,6
/home/wangqianqian/project/FS/data/28gusui&pizang/03/03/cell_1761645820788_912349010008_17250_0100.png,6
/home/wangqianqian/project/FS/data/28gusui&pizang/03/09/cell_1761646173792_912349010008_45296_0100.png,6
/home/wangqianqian/project/FS/data/28gusui&pizang/03/06/cell_1761645998028_912349010008_31517_0000.png,6
/home/wangqianqian/project/FS/data/28gusui&pizang/03/17/cell_1761646656889_912349010008_85673_0000.png,6
/home/wangqianqian/project/FS/data/28gusui&pizang/03/05/cell_1761645952390_912349010008_27816_0100.png,6
/home/wangqianqian/project/FS/data/28gusui&pizang/03/02/cell_1761645729160_912349010008_10375_0000.png,6
/home/wangqianqian/project/FS/data/28gusui&pizang/03/06/cell_1761646019034_912349010008_33393_0000.png,6
/home/wangqianqian/project/FS/data/28gusui&pizang/03/09/cell_1761646157171_912349010008_44112_0100.png,6
/home/wangqianqian/project/FS/data/28gusui&pizang/03/11/cell_1761646315618_912349010008_57022_0000.png,6
/home/wangqianqian/project/FS/data/28gusui&pizang/03/07/cell_1761646021238_912349010008_33595_0100.png,6
/home/wangqianqian/project/FS/data/28gusui&pizang/03/04/cell_1761645892218_912349010008_23191_0100.png,6
/home/wangqianqian/project/FS/data/28gusui&pizang/03/12/cell_1761646355297_912349010008_60287_0000.png,6
/home/wangqianqian/project/FS/data/28gusui&pizang/03/19/cell_1761646763664_912349010008_94537_0000.png,6
/home/wangqianqian/project/FS/data/28gusui&pizang/03/09/cell_1761646164121_912349010008_44624_0000.png,6
/home/wangqianqian/project/FS/data/28gusui&pizang/03/11/cell_1761646269042_912349010008_52921_0100.png,6
/home/wangqianqian/project/FS/data/28gusui&pizang/03/14/cell_1761646468066_912349010008_69787_0100.png,6
/home/wangqianqian/project/FS/data/28gusui&pizang/03/09/cell_1761646199449_912349010008_47283_0000.png,6
/home/wangqianqian/project/FS/data/28gusui&pizang/03/15/cell_1761646513183_912349010008_73894_0100.png,6
/home/wangqianqian/project/FS/data/28gusui&pizang/03/21/cell_1761646886495_912349010008_104879_0000.png,6
/home/wangqianqian/project/FS/data/28gusui&pizang/03/10/cell_1761646247728_912349010008_51292_0100.png,6
/home/wangqianqian/project/FS/data/28gusui&pizang/03/20/cell_1761646831676_912349010008_100318_0000.png,6
/home/wangqianqian/project/FS/data/28gusui&pizang/03/19/cell_1761646756492_912349010008_93988_0100.png,6
/home/wangqianqian/project/FS/data/28gusui&pizang/03/02/cell_1761645722279_912349010008_9922_0100.png,6
/home/wangqianqian/project/FS/data/28gusui&pizang/03/20/cell_1761646847038_912349010008_101558_0000.png,6
/home/wangqianqian/project/FS/data/28gusui&pizang/03/06/cell_1761645980977_912349010008_30172_0100.png,6
/home/wangqianqian/project/FS/data/28gusui&pizang/03/20/cell_1761646823533_912349010008_99619_0100.png,6
/home/wangqianqian/project/FS/data/28gusui&pizang/03/19/cell_1761646750967_912349010008_93540_0000.png,6
/home/wangqianqian/project/FS/data/28gusui&pizang/03/11/cell_1761646275389_912349010008_53456_0100.png,6
/home/wangqianqian/project/FS/data/28gusui&pizang/03/19/cell_1761646794944_912349010008_97081_0100.png,6
/home/wangqianqian/project/FS/data/28gusui&pizang/03/15/cell_1761646516724_912349010008_74189_0000.png,6
/home/wangqianqian/project/FS/data/28gusui&pizang/03/05/cell_1761645936204_912349010008_26487_0000.png,6
/home/wangqianqian/project/FS/data/28gusui&pizang/03/06/cell_1761645986133_912349010008_30605_0100.png,6
/home/wangqianqian/project/FS/data/28gusui&pizang/03/07/cell_1761646025829_912349010008_33963_0100.png,6
/home/wangqianqian/project/FS/data/28gusui&pizang/03/13/cell_1761646405110_912349010008_64153_0000.png,6
/home/wangqianqian/project/FS/data/28gusui&pizang/03/14/cell_1761646471834_912349010008_70106_0000.png,6
/home/wangqianqian/project/FS/data/28gusui&pizang/03/19/cell_1761646747208_912349010008_93254_0000.png,6
/home/wangqianqian/project/FS/data/28gusui&pizang/03/05/cell_1761645920372_912349010008_25243_0100.png,6
/home/wangqianqian/project/FS/data/28gusui&pizang/03/02/cell_1761645734760_912349010008_10773_0100.png,6
/home/wangqianqian/project/FS/data/28gusui&pizang/03/18/cell_1761646697263_912349010008_89232_0000.png,6
/home/wangqianqian/project/FS/data/28gusui&pizang/03/13/cell_1761646400139_912349010008_63784_0100.png,6
/home/wangqianqian/project/FS/data/28gusui&pizang/03/07/cell_1761646063685_912349010008_37237_0000.png,6
/home/wangqianqian/project/FS/data/28gusui&pizang/03/21/cell_1761646913293_912349010008_107098_0000.png,6
/home/wangqianqian/project/FS/data/28gusui&pizang/03/08/cell_1761646139621_912349010008_42792_0000.png,6
/home/wangqianqian/project/FS/data/28gusui&pizang/03/21/cell_1761646914460_912349010008_107199_0100.png,6
/home/wangqianqian/project/FS/data/28gusui&pizang/03/10/cell_1761646252549_912349010008_51607_0100.png,6
/home/wangqianqian/project/FS/data/28gusui&pizang/03/17/cell_1761646672607_912349010008_87079_0000.png,6
/home/wangqianqian/project/FS/data/28gusui&pizang/03/13/cell_1761646412038_912349010008_64705_0000.png,6
/home/wangqianqian/project/FS/data/28gusui&pizang/03/12/cell_1761646332705_912349010008_58443_0000.png,6
/home/wangqianqian/project/FS/data/28gusui&pizang/03/01/cell_1761645706747_912349010008_8797_0000.png,6
/home/wangqianqian/project/FS/data/28gusui&pizang/03/19/cell_1761646740311_912349010008_92724_0000.png,6
/home/wangqianqian/project/FS/data/28gusui&pizang/03/09/cell_1761646165238_912349010008_44697_0000.png,6
/home/wangqianqian/project/FS/data/28gusui&pizang/03/07/cell_1761646060020_912349010008_36944_0000.png,6
/home/wangqianqian/project/FS/data/28gusui&pizang/03/12/cell_1761646379828_912349010008_62274_0000.png,6
/home/wangqianqian/project/FS/data/28gusui&pizang/03/03/cell_1761645829298_912349010008_17956_0100.png,6
/home/wangqianqian/project/FS/data/28gusui&pizang/03/16/cell_1761646610167_912349010008_81605_0100.png,6
/home/wangqianqian/project/FS/data/28gusui&pizang/03/14/cell_1761646497812_912349010008_72622_0000.png,6
/home/wangqianqian/project/FS/data/28gusui&pizang/03/19/cell_1761646787609_912349010008_96474_0000.png,6
/home/wangqianqian/project/FS/data/28gusui&pizang/03/20/cell_1761646846251_912349010008_101478_0000.png,6
/home/wangqianqian/project/FS/data/28gusui&pizang/03/06/cell_1761645996554_912349010008_31407_0100.png,6
/home/wangqianqian/project/FS/data/28gusui&pizang/03/21/cell_1761646894618_912349010008_105541_0000.png,6
/home/wangqianqian/project/FS/data/28gusui&pizang/03/14/cell_1761646469195_912349010008_69882_0000.png,6
/home/wangqianqian/project/FS/data/28gusui&pizang/03/20/cell_1761646828661_912349010008_100063_0100.png,6
/home/wangqianqian/project/FS/data/28gusui&pizang/03/07/cell_1761646057431_912349010008_36746_0100.png,6
/home/wangqianqian/project/FS/data/28gusui&pizang/03/13/cell_1761646431083_912349010008_66446_0000.png,6
/home/wangqianqian/project/FS/data/28gusui&pizang/03/04/cell_1761645883649_912349010008_22585_0100.png,6
/home/wangqianqian/project/FS/data/28gusui&pizang/03/18/cell_1761646689049_912349010008_88590_0100.png,6
/home/wangqianqian/project/FS/data/28gusui&pizang/03/19/cell_1761646778254_912349010008_95782_0000.png,6
/home/wangqianqian/project/FS/data/28gusui&pizang/03/11/cell_1761646310004_912349010008_56557_0000.png,6
/home/wangqianqian/project/FS/data/28gusui&pizang/03/20/cell_1761646847798_912349010008_101609_0000.png,6
/home/wangqianqian/project/FS/data/28gusui&pizang/03/19/cell_1761646788204_912349010008_96523_0000.png,7
/home/wangqianqian/project/FS/data/28gusui&pizang/03/16/cell_1761646572500_912349010008_78637_0000.png,7
/home/wangqianqian/project/FS/data/28gusui&pizang/03/19/cell_1761646775540_912349010008_95529_0100.png,7
/home/wangqianqian/project/FS/data/28gusui&pizang/03/02/cell_1761645735593_912349010008_10830_0000.png,7
/home/wangqianqian/project/FS/data/28gusui&pizang/03/11/cell_1761646277303_912349010008_53639_0000.png,7
/home/wangqianqian/project/FS/data/28gusui&pizang/03/18/cell_1761646692003_912349010008_88838_0000.png,7
/home/wangqianqian/project/FS/data/28gusui&pizang/03/12/cell_1761646369477_912349010008_61448_0100.png,7
/home/wangqianqian/project/FS/data/28gusui&pizang/03/19/cell_1761646784627_912349010008_96246_0000.png,7
/home/wangqianqian/project/FS/data/28gusui&pizang/03/16/cell_1761646614630_912349010008_81967_0100.png,7
/home/wangqianqian/project/FS/data/28gusui&pizang/03/18/cell_1761646706668_912349010008_89941_0000.png,7
/home/wangqianqian/project/FS/data/28gusui&pizang/03/14/cell_1761646485974_912349010008_71425_0100.png,7
/home/wangqianqian/project/FS/data/28gusui&pizang/03/08/cell_1761646087418_912349010008_38954_0000.png,7
/home/wangqianqian/project/FS/data/28gusui&pizang/03/16/cell_1761646586140_912349010008_79643_0000.png,7
/home/wangqianqian/project/FS/data/28gusui&pizang/03/06/cell_1761646014856_912349010008_33032_0000.png,7
/home/wangqianqian/project/FS/data/28gusui&pizang/03/14/cell_1761646458741_912349010008_68939_0100.png,7
/home/wangqianqian/project/FS/data/28gusui&pizang/03/15/cell_1761646557631_912349010008_77529_0100.png,7
/home/wangqianqian/project/FS/data/28gusui&pizang/03/09/cell_1761646183807_912349010008_46067_0000.png,7
/home/wangqianqian/project/FS/data/28gusui&pizang/03/04/cell_1761645844315_912349010008_19089_0100.png,7
/home/wangqianqian/project/FS/data/28gusui&pizang/03/11/cell_1761646302126_912349010008_55900_0000.png,7
/home/wangqianqian/project/FS/data/28gusui&pizang/03/18/cell_1761646733903_912349010008_92213_0100.png,7
/home/wangqianqian/project/FS/data/28gusui&pizang/03/21/cell_1761646906633_912349010008_106521_0100.png,7
/home/wangqianqian/project/FS/data/28gusui&pizang/03/11/cell_1761646285414_912349010008_54365_0100.png,7
/home/wangqianqian/project/FS/data/28gusui&pizang/03/17/cell_1761646659476_912349010008_85892_0000.png,7
/home/wangqianqian/project/FS/data/28gusui&pizang/03/09/cell_1761646195897_912349010008_46975_0000.png,7
/home/wangqianqian/project/FS/data/28gusui&pizang/03/18/cell_1761646697422_912349010008_89250_0100.png,7
/home/wangqianqian/project/FS/data/28gusui&pizang/03/15/cell_1761646513041_912349010008_73885_0100.png,7
/home/wangqianqian/project/FS/data/28gusui&pizang/03/19/cell_1761646798733_912349010008_97436_0000.png,7
/home/wangqianqian/project/FS/data/28gusui&pizang/03/15/cell_1761646504250_912349010008_73175_0100.png,7
/home/wangqianqian/project/FS/data/28gusui&pizang/03/11/cell_1761646270226_912349010008_53013_0100.png,7
/home/wangqianqian/project/FS/data/28gusui&pizang/03/09/cell_1761646188180_912349010008_46420_0000.png,7
/home/wangqianqian/project/FS/data/28gusui&pizang/03/20/cell_1761646842347_912349010008_101160_0000.png,7
/home/wangqianqian/project/FS/data/28gusui&pizang/03/16/cell_1761646571030_912349010008_78522_0100.png,7
/home/wangqianqian/project/FS/data/28gusui&pizang/03/16/cell_1761646617570_912349010008_82250_0000.png,7
/home/wangqianqian/project/FS/data/28gusui&pizang/03/06/cell_1761645977255_912349010008_29840_0100.png,7
/home/wangqianqian/project/FS/data/28gusui&pizang/03/05/cell_1761645905329_912349010008_24155_0000.png,7
/home/wangqianqian/project/FS/data/28gusui&pizang/03/21/cell_1761646897647_912349010008_105798_0000.png,7
/home/wangqianqian/project/FS/data/28gusui&pizang/03/17/cell_1761646649120_912349010008_85027_0000.png,7
/home/wangqianqian/project/FS/data/28gusui&pizang/03/04/cell_1761645844572_912349010008_19121_0000.png,7
/home/wangqianqian/project/FS/data/28gusui&pizang/03/16/cell_1761646613076_912349010008_81848_0000.png,7
/home/wangqianqian/project/FS/data/28gusui&pizang/03/01/cell_1761645691523_912349010008_7931_0100.png,7
/home/wangqianqian/project/FS/data/28gusui&pizang/03/16/cell_1761646562885_912349010008_77935_0100.png,7
/home/wangqianqian/project/FS/data/28gusui&pizang/03/07/cell_1761646057724_912349010008_36759_0000.png,7
/home/wangqianqian/project/FS/data/28gusui&pizang/03/17/cell_1761646630124_912349010008_83328_0000.png,7
/home/wangqianqian/project/FS/data/28gusui&pizang/03/14/cell_1761646468772_912349010008_69852_0100.png,7
/home/wangqianqian/project/FS/data/28gusui&pizang/03/12/cell_1761646358486_912349010008_60523_0100.png,7
/home/wangqianqian/project/FS/data/28gusui&pizang/03/05/cell_1761645935078_912349010008_26402_0000.png,7
/home/wangqianqian/project/FS/data/28gusui&pizang/03/09/cell_1761646167379_912349010008_44857_0100.png,7
/home/wangqianqian/project/FS/data/28gusui&pizang/03/19/cell_1761646768876_912349010008_94975_0000.png,7
/home/wangqianqian/project/FS/data/28gusui&pizang/03/15/cell_1761646522955_912349010008_74742_0100.png,7
/home/wangqianqian/project/FS/data/28gusui&pizang/03/21/cell_1761646887473_912349010008_104961_0100.png,7
/home/wangqianqian/project/FS/data/28gusui&pizang/03/20/cell_1761646823238_912349010008_99603_0000.png,7
/home/wangqianqian/project/FS/data/28gusui&pizang/03/19/cell_1761646760967_912349010008_94326_0000.png,7
/home/wangqianqian/project/FS/data/28gusui&pizang/03/21/cell_1761646863059_912349010008_103005_0100.png,7
/home/wangqianqian/project/FS/data/28gusui&pizang/03/16/cell_1761646571833_912349010008_78587_0000.png,7
/home/wangqianqian/project/FS/data/28gusui&pizang/03/06/cell_1761646007030_912349010008_32289_0100.png,7
/home/wangqianqian/project/FS/data/28gusui&pizang/03/07/cell_1761646056090_912349010008_36636_0000.png,7
/home/wangqianqian/project/FS/data/28gusui&pizang/03/12/cell_1761646358028_912349010008_60494_0000.png,7
/home/wangqianqian/project/FS/data/28gusui&pizang/03/12/cell_1761646366284_912349010008_61196_0100.png,7
/home/wangqianqian/project/FS/data/28gusui&pizang/03/17/cell_1761646645753_912349010008_84703_0000.png,7
/home/wangqianqian/project/FS/data/28gusui&pizang/03/18/cell_1761646707269_912349010008_89990_0100.png,7
/home/wangqianqian/project/FS/data/28gusui&pizang/03/10/cell_1761646229914_912349010008_49769_0100.png,7
/home/wangqianqian/project/FS/data/28gusui&pizang/03/07/cell_1761646033170_912349010008_34631_0000.png,7
/home/wangqianqian/project/FS/data/28gusui&pizang/03/21/cell_1761646886933_912349010008_104917_0100.png,7
/home/wangqianqian/project/FS/data/28gusui&pizang/03/07/cell_1761646045656_912349010008_35660_0000.png,7
/home/wangqianqian/project/FS/data/28gusui&pizang/03/20/cell_1761646808226_912349010008_98306_0000.png,7
/home/wangqianqian/project/FS/data/28gusui&pizang/03/17/cell_1761646649984_912349010008_85093_0100.png,7
/home/wangqianqian/project/FS/data/28gusui&pizang/03/04/cell_1761645855934_912349010008_20165_0000.png,7
/home/wangqianqian/project/FS/data/28gusui&pizang/03/14/cell_1761646445431_912349010008_67726_0100.png,7
/home/wangqianqian/project/FS/data/28gusui&pizang/03/11/cell_1761646269892_912349010008_52991_0000.png,7
/home/wangqianqian/project/FS/data/28gusui&pizang/03/09/cell_1761646185841_912349010008_46253_0100.png,7
/home/wangqianqian/project/FS/data/28gusui&pizang/03/20/cell_1761646837743_912349010008_100776_0000.png,7
/home/wangqianqian/project/FS/data/28gusui&pizang/03/14/cell_1761646492606_912349010008_72110_0000.png,7
/home/wangqianqian/project/FS/data/28gusui&pizang/03/18/cell_1761646721461_912349010008_91102_0100.png,7
/home/wangqianqian/project/FS/data/28gusui&pizang/03/14/cell_1761646459374_912349010008_69000_0000.png,7
/home/wangqianqian/project/FS/data/28gusui&pizang/03/10/cell_1761646256768_912349010008_51960_0100.png,7
/home/wangqianqian/project/FS/data/28gusui&pizang/03/16/cell_1761646617228_912349010008_82218_0100.png,7
/home/wangqianqian/project/FS/data/28gusui&pizang/03/13/cell_1761646405312_912349010008_64178_0000.png,7
/home/wangqianqian/project/FS/data/28gusui&pizang/03/06/cell_1761645995508_912349010008_31329_0000.png,7
/home/wangqianqian/project/FS/data/28gusui&pizang/03/16/cell_1761646618761_912349010008_82352_0100.png,7
/home/wangqianqian/project/FS/data/28gusui&pizang/03/12/cell_1761646355322_912349010008_60295_0100.png,7
/home/wangqianqian/project/FS/data/28gusui&pizang/03/07/cell_1761646076671_912349010008_38132_0100.png,7
/home/wangqianqian/project/FS/data/28gusui&pizang/03/19/cell_1761646780150_912349010008_95913_0100.png,7
/home/wangqianqian/project/FS/data/28gusui&pizang/03/05/cell_1761645913281_912349010008_24749_0000.png,7
/home/wangqianqian/project/FS/data/28gusui&pizang/03/12/cell_1761646334158_912349010008_58568_0000.png,7
/home/wangqianqian/project/FS/data/28gusui&pizang/03/07/cell_1761646029058_912349010008_34255_0100.png,7
/home/wangqianqian/project/FS/data/28gusui&pizang/03/05/cell_1761645906696_912349010008_24281_0000.png,7
/home/wangqianqian/project/FS/data/28gusui&pizang/03/13/cell_1761646418833_912349010008_65287_0100.png,7
/home/wangqianqian/project/FS/data/28gusui&pizang/03/08/cell_1761646124497_912349010008_41740_0000.png,7
/home/wangqianqian/project/FS/data/28gusui&pizang/03/19/cell_1761646797409_912349010008_97292_0000.png,7
/home/wangqianqian/project/FS/data/28gusui&pizang/03/15/cell_1761646552058_912349010008_77089_0100.png,7
/home/wangqianqian/project/FS/data/28gusui&pizang/03/05/cell_1761645952004_912349010008_27786_0100.png,7
/home/wangqianqian/project/FS/data/28gusui&pizang/03/02/cell_1761645778080_912349010008_13969_0000.png,7
/home/wangqianqian/project/FS/data/28gusui&pizang/03/18/cell_1761646721753_912349010008_91120_0100.png,7
/home/wangqianqian/project/FS/data/28gusui&pizang/03/04/cell_1761645861484_912349010008_20667_0000.png,7
/home/wangqianqian/project/FS/data/28gusui&pizang/03/15/cell_1761646544363_912349010008_76481_0000.png,7
/home/wangqianqian/project/FS/data/28gusui&pizang/03/17/cell_1761646678254_912349010008_87617_0000.png,7
/home/wangqianqian/project/FS/data/28gusui&pizang/03/06/cell_1761645977597_912349010008_29859_0100.png,7
/home/wangqianqian/project/FS/data/28gusui&pizang/03/03/cell_1761645815962_912349010008_16909_0000.png,7
/home/wangqianqian/project/FS/data/28gusui&pizang/03/11/cell_1761646271452_912349010008_53131_0100.png,7
/home/wangqianqian/project/FS/data/28gusui&pizang/03/02/cell_1761645769056_912349010008_13275_0100.png,7
/home/wangqianqian/project/FS/data/28gusui&pizang/03/14/cell_1761646450072_912349010008_68190_0100.png,8
/home/wangqianqian/project/FS/data/28gusui&pizang/03/07/cell_1761646024549_912349010008_33862_0100.png,8
/home/wangqianqian/project/FS/data/28gusui&pizang/03/06/cell_1761645996394_912349010008_31398_0100.png,8
/home/wangqianqian/project/FS/data/28gusui&pizang/03/12/cell_1761646369411_912349010008_61439_0100.png,8
/home/wangqianqian/project/FS/data/28gusui&pizang/03/07/cell_1761646026036_912349010008_33985_0000.png,8
/home/wangqianqian/project/FS/data/28gusui&pizang/03/09/cell_1761646157085_912349010008_44103_0100.png,8
/home/wangqianqian/project/FS/data/28gusui&pizang/03/19/cell_1761646753554_912349010008_93747_0100.png,8
/home/wangqianqian/project/FS/data/28gusui&pizang/03/07/cell_1761646066312_912349010008_37413_0100.png,8
/home/wangqianqian/project/FS/data/28gusui&pizang/03/16/cell_1761646589920_912349010008_79943_0000.png,8
/home/wangqianqian/project/FS/data/28gusui&pizang/03/04/cell_1761645898210_912349010008_23600_0000.png,8
/home/wangqianqian/project/FS/data/28gusui&pizang/03/16/cell_1761646585767_912349010008_79613_0000.png,8
/home/wangqianqian/project/FS/data/28gusui&pizang/03/12/cell_1761646332117_912349010008_58381_0000.png,8
/home/wangqianqian/project/FS/data/28gusui&pizang/03/08/cell_1761646098750_912349010008_39834_0100.png,8
/home/wangqianqian/project/FS/data/28gusui&pizang/03/13/cell_1761646423035_912349010008_65667_0000.png,8
/home/wangqianqian/project/FS/data/28gusui&pizang/03/06/cell_1761645980754_912349010008_30155_0100.png,8
/home/wangqianqian/project/FS/data/28gusui&pizang/03/04/cell_1761645874862_912349010008_21836_0000.png,8
/home/wangqianqian/project/FS/data/28gusui&pizang/03/18/cell_1761646714403_912349010008_90536_0100.png,8
/home/wangqianqian/project/FS/data/28gusui&pizang/03/04/cell_1761645859349_912349010008_20477_0100.png,8
/home/wangqianqian/project/FS/data/28gusui&pizang/03/21/cell_1761646880336_912349010008_104424_0000.png,8
/home/wangqianqian/project/FS/data/28gusui&pizang/03/15/cell_1761646521110_912349010008_74582_0000.png,8
/home/wangqianqian/project/FS/data/28gusui&pizang/03/02/cell_1761645725975_912349010008_10188_0000.png,8
/home/wangqianqian/project/FS/data/28gusui&pizang/03/19/cell_1761646748296_912349010008_93341_0000.png,8
/home/wangqianqian/project/FS/data/28gusui&pizang/03/12/cell_1761646344621_912349010008_59368_0000.png,8
/home/wangqianqian/project/FS/data/28gusui&pizang/03/16/cell_1761646562116_912349010008_77878_0000.png,8
/home/wangqianqian/project/FS/data/28gusui&pizang/03/06/cell_1761645968434_912349010008_29081_0000.png,8
/home/wangqianqian/project/FS/data/28gusui&pizang/03/08/cell_1761646104977_912349010008_40320_0000.png,8
/home/wangqianqian/project/FS/data/28gusui&pizang/03/07/cell_1761646020993_912349010008_33557_0000.png,8
/home/wangqianqian/project/FS/data/28gusui&pizang/03/13/cell_1761646427108_912349010008_66038_0000.png,8
/home/wangqianqian/project/FS/data/28gusui&pizang/03/07/cell_1761646065263_912349010008_37352_0000.png,8
/home/wangqianqian/project/FS/data/28gusui&pizang/03/05/cell_1761645952999_912349010008_27860_0000.png,8
/home/wangqianqian/project/FS/data/28gusui&pizang/03/11/cell_1761646306181_912349010008_56236_0100.png,8
/home/wangqianqian/project/FS/data/28gusui&pizang/03/03/cell_1761645830171_912349010008_18020_0000.png,8
/home/wangqianqian/project/FS/data/28gusui&pizang/03/08/cell_1761646127241_912349010008_41929_0000.png,8
/home/wangqianqian/project/FS/data/28gusui&pizang/03/02/cell_1761645756563_912349010008_12433_0000.png,8
/home/wangqianqian/project/FS/data/28gusui&pizang/03/22/cell_1761646920395_912349010008_107669_0100.png,8
/home/wangqianqian/project/FS/data/28gusui&pizang/03/07/cell_1761646054552_912349010008_36513_0100.png,8
/home/wangqianqian/project/FS/data/28gusui&pizang/03/19/cell_1761646768532_912349010008_94942_0100.png,8
/home/wangqianqian/project/FS/data/28gusui&pizang/03/06/cell_1761645964724_912349010008_28781_0000.png,8
/home/wangqianqian/project/FS/data/28gusui&pizang/03/19/cell_1761646797074_912349010008_97265_0000.png,8
/home/wangqianqian/project/FS/data/28gusui&pizang/03/10/cell_1761646215799_912349010008_48603_0000.png,8
/home/wangqianqian/project/FS/data/28gusui&pizang/03/19/cell_1761646795700_912349010008_97153_0100.png,8
/home/wangqianqian/project/FS/data/28gusui&pizang/03/06/cell_1761645979352_912349010008_30030_0000.png,8
/home/wangqianqian/project/FS/data/28gusui&pizang/03/02/cell_1761645762064_912349010008_12817_0000.png,8
/home/wangqianqian/project/FS/data/28gusui&pizang/03/10/cell_1761646255448_912349010008_51831_0000.png,8
/home/wangqianqian/project/FS/data/28gusui&pizang/03/07/cell_1761646049577_912349010008_36042_0000.png,8
/home/wangqianqian/project/FS/data/28gusui&pizang/03/16/cell_1761646581988_912349010008_79351_0000.png,8
/home/wangqianqian/project/FS/data/28gusui&pizang/03/13/cell_1761646393184_912349010008_63251_0000.png,8
/home/wangqianqian/project/FS/data/28gusui&pizang/03/01/cell_1761645709083_912349010008_8963_0000.png,8
/home/wangqianqian/project/FS/data/28gusui&pizang/03/21/cell_1761646910291_912349010008_106826_0000.png,8
/home/wangqianqian/project/FS/data/28gusui&pizang/03/03/cell_1761645814192_912349010008_16753_0000.png,8
/home/wangqianqian/project/FS/data/28gusui&pizang/03/01/cell_1761645687305_912349010008_7696_0000.png,8
/home/wangqianqian/project/FS/data/28gusui&pizang/03/02/cell_1761645751470_912349010008_12019_0000.png,8
/home/wangqianqian/project/FS/data/28gusui&pizang/03/17/cell_1761646676029_912349010008_87394_0000.png,8
/home/wangqianqian/project/FS/data/28gusui&pizang/03/21/cell_1761646877624_912349010008_104173_0000.png,8
/home/wangqianqian/project/FS/data/28gusui&pizang/03/01/cell_1761645703991_912349010008_8637_0000.png,8
/home/wangqianqian/project/FS/data/28gusui&pizang/03/11/cell_1761646309501_912349010008_56511_0000.png,8
/home/wangqianqian/project/FS/data/28gusui&pizang/03/16/cell_1761646565742_912349010008_78106_0000.png,8
/home/wangqianqian/project/FS/data/28gusui&pizang/03/05/cell_1761645942711_912349010008_26991_0000.png,8
/home/wangqianqian/project/FS/data/28gusui&pizang/03/12/cell_1761646329514_912349010008_58170_0100.png,8
/home/wangqianqian/project/FS/data/28gusui&pizang/03/05/cell_1761645902855_912349010008_23949_0000.png,8
/home/wangqianqian/project/FS/data/28gusui&pizang/03/21/cell_1761646873360_912349010008_103851_0100.png,8
/home/wangqianqian/project/FS/data/28gusui&pizang/03/10/cell_1761646202021_912349010008_47474_0100.png,8
/home/wangqianqian/project/FS/data/28gusui&pizang/03/13/cell_1761646402344_912349010008_63939_0000.png,8
/home/wangqianqian/project/FS/data/28gusui&pizang/03/18/cell_1761646711370_912349010008_90306_0000.png,8
/home/wangqianqian/project/FS/data/28gusui&pizang/03/20/cell_1761646856431_912349010008_102403_0000.png,8
/home/wangqianqian/project/FS/data/28gusui&pizang/03/15/cell_1761646508794_912349010008_73536_0100.png,8
/home/wangqianqian/project/FS/data/28gusui&pizang/03/17/cell_1761646651599_912349010008_85226_0000.png,8
/home/wangqianqian/project/FS/data/28gusui&pizang/03/10/cell_1761646219414_912349010008_48888_0000.png,8
/home/wangqianqian/project/FS/data/28gusui&pizang/03/20/cell_1761646826906_912349010008_99912_0100.png,8
/home/wangqianqian/project/FS/data/28gusui&pizang/03/12/cell_1761646356329_912349010008_60368_0000.png,8
/home/wangqianqian/project/FS/data/28gusui&pizang/03/07/cell_1761646025463_912349010008_33935_0000.png,8
/home/wangqianqian/project/FS/data/28gusui&pizang/03/02/cell_1761645752814_912349010008_12118_0000.png,8
/home/wangqianqian/project/FS/data/28gusui&pizang/03/13/cell_1761646436397_912349010008_66898_0000.png,8
/home/wangqianqian/project/FS/data/28gusui&pizang/03/20/cell_1761646830141_912349010008_100192_0100.png,8
/home/wangqianqian/project/FS/data/28gusui&pizang/03/04/cell_1761645892692_912349010008_23215_0000.png,8
/home/wangqianqian/project/FS/data/28gusui&pizang/03/01/cell_1761645717156_912349010008_9532_0000.png,8
/home/wangqianqian/project/FS/data/28gusui&pizang/03/01/cell_1761645697638_912349010008_8246_0000.png,8
/home/wangqianqian/project/FS/data/28gusui&pizang/03/20/cell_1761646848010_912349010008_101626_0000.png,8
/home/wangqianqian/project/FS/data/28gusui&pizang/03/11/cell_1761646279131_912349010008_53797_0000.png,8
/home/wangqianqian/project/FS/data/28gusui&pizang/03/10/cell_1761646230482_912349010008_49809_0000.png,8
/home/wangqianqian/project/FS/data/28gusui&pizang/03/17/cell_1761646620486_912349010008_82511_0000.png,8
/home/wangqianqian/project/FS/data/28gusui&pizang/03/18/cell_1761646732822_912349010008_92090_0100.png,8
/home/wangqianqian/project/FS/data/28gusui&pizang/03/13/cell_1761646437830_912349010008_67054_0100.png,8
/home/wangqianqian/project/FS/data/28gusui&pizang/03/07/cell_1761646049499_912349010008_36036_0100.png,8
/home/wangqianqian/project/FS/data/28gusui&pizang/03/15/cell_1761646513609_912349010008_73938_0000.png,8
/home/wangqianqian/project/FS/data/28gusui&pizang/03/06/cell_1761645997095_912349010008_31452_0000.png,8
/home/wangqianqian/project/FS/data/28gusui&pizang/03/08/cell_1761646123335_912349010008_41659_0000.png,8
/home/wangqianqian/project/FS/data/28gusui&pizang/03/14/cell_1761646456902_912349010008_68778_0100.png,8
/home/wangqianqian/project/FS/data/28gusui&pizang/03/07/cell_1761646060533_912349010008_36989_0000.png,8
/home/wangqianqian/project/FS/data/28gusui&pizang/03/10/cell_1761646225604_912349010008_49449_0100.png,8
/home/wangqianqian/project/FS/data/28gusui&pizang/03/01/cell_1761645711550_912349010008_9117_0000.png,8
/home/wangqianqian/project/FS/data/28gusui&pizang/03/13/cell_1761646407668_912349010008_64365_0100.png,8
/home/wangqianqian/project/FS/data/28gusui&pizang/03/13/cell_1761646409826_912349010008_64530_0000.png,8
/home/wangqianqian/project/FS/data/28gusui&pizang/03/03/cell_1761645814897_912349010008_16817_0000.png,8
/home/wangqianqian/project/FS/data/28gusui&pizang/03/12/cell_1761646352862_912349010008_60099_0000.png,8
/home/wangqianqian/project/FS/data/28gusui&pizang/03/06/cell_1761646015130_912349010008_33056_0000.png,8
/home/wangqianqian/project/FS/data/28gusui&pizang/03/15/cell_1761646516379_912349010008_74165_0000.png,8
/home/wangqianqian/project/FS/data/28gusui&pizang/03/19/cell_1761646797260_912349010008_97279_0000.png,8
/home/wangqianqian/project/FS/data/28gusui&pizang/03/11/cell_1761646319187_912349010008_57342_0000.png,8
/home/wangqianqian/project/FS/data/28gusui&pizang/03/02/cell_1761645731797_912349010008_10575_0000.png,8
/home/wangqianqian/project/FS/data/28gusui&pizang/03/17/cell_1761646630293_912349010008_83343_0000.png,9
/home/wangqianqian/project/FS/data/28gusui&pizang/03/12/cell_1761646359323_912349010008_60587_0000.png,9
/home/wangqianqian/project/FS/data/28gusui&pizang/03/07/cell_1761646027474_912349010008_34109_0000.png,9
/home/wangqianqian/project/FS/data/28gusui&pizang/03/05/cell_1761645936098_912349010008_26479_0000.png,9
/home/wangqianqian/project/FS/data/28gusui&pizang/03/18/cell_1761646691833_912349010008_88826_0100.png,9
/home/wangqianqian/project/FS/data/28gusui&pizang/03/09/cell_1761646197067_912349010008_47099_0000.png,9
/home/wangqianqian/project/FS/data/28gusui&pizang/03/16/cell_1761646597702_912349010008_80566_0100.png,9
/home/wangqianqian/project/FS/data/28gusui&pizang/03/19/cell_1761646799918_912349010008_97567_0000.png,9
/home/wangqianqian/project/FS/data/28gusui&pizang/03/14/cell_1761646480489_912349010008_70871_0100.png,9
/home/wangqianqian/project/FS/data/28gusui&pizang/03/16/cell_1761646571461_912349010008_78564_0000.png,9
/home/wangqianqian/project/FS/data/28gusui&pizang/03/21/cell_1761646914811_912349010008_107237_0000.png,9
/home/wangqianqian/project/FS/data/28gusui&pizang/03/18/cell_1761646707058_912349010008_89973_0100.png,9
/home/wangqianqian/project/FS/data/28gusui&pizang/03/20/cell_1761646840346_912349010008_100989_0100.png,9
/home/wangqianqian/project/FS/data/28gusui&pizang/03/18/cell_1761646691795_912349010008_88823_0100.png,9
/home/wangqianqian/project/FS/data/28gusui&pizang/03/15/cell_1761646506927_912349010008_73393_0000.png,9
/home/wangqianqian/project/FS/data/28gusui&pizang/03/21/cell_1761646892786_912349010008_105401_0100.png,9
/home/wangqianqian/project/FS/data/28gusui&pizang/03/06/cell_1761645967894_912349010008_29037_0100.png,9
/home/wangqianqian/project/FS/data/28gusui&pizang/03/19/cell_1761646786208_912349010008_96363_0000.png,9
/home/wangqianqian/project/FS/data/28gusui&pizang/03/19/cell_1761646782249_912349010008_96068_0000.png,9
/home/wangqianqian/project/FS/data/28gusui&pizang/03/18/cell_1761646700563_912349010008_89485_0000.png,9
/home/wangqianqian/project/FS/data/28gusui&pizang/03/21/cell_1761646892718_912349010008_105385_0000.png,9
/home/wangqianqian/project/FS/data/28gusui&pizang/03/03/cell_1761645837619_912349010008_18582_0100.png,9
/home/wangqianqian/project/FS/data/28gusui&pizang/03/06/cell_1761645961074_912349010008_28473_0000.png,9
/home/wangqianqian/project/FS/data/28gusui&pizang/03/17/cell_1761646654192_912349010008_85445_0100.png,9
/home/wangqianqian/project/FS/data/28gusui&pizang/03/08/cell_1761646085443_912349010008_38805_0000.png,9
/home/wangqianqian/project/FS/data/28gusui&pizang/03/06/cell_1761646004391_912349010008_32054_0000.png,9
/home/wangqianqian/project/FS/data/28gusui&pizang/03/06/cell_1761645979575_912349010008_30046_0100.png,9
/home/wangqianqian/project/FS/data/28gusui&pizang/03/02/cell_1761645762105_912349010008_12820_0000.png,9
/home/wangqianqian/project/FS/data/28gusui&pizang/03/17/cell_1761646650901_912349010008_85172_0000.png,9
/home/wangqianqian/project/FS/data/28gusui&pizang/03/07/cell_1761646033055_912349010008_34620_0100.png,9
/home/wangqianqian/project/FS/data/28gusui&pizang/03/06/cell_1761646010610_912349010008_32632_0000.png,9
/home/wangqianqian/project/FS/data/28gusui&pizang/03/21/cell_1761646865153_912349010008_103204_0000.png,9
/home/wangqianqian/project/FS/data/28gusui&pizang/03/18/cell_1761646688573_912349010008_88562_0000.png,9
/home/wangqianqian/project/FS/data/28gusui&pizang/03/05/cell_1761645903499_912349010008_24006_0000.png,9
/home/wangqianqian/project/FS/data/28gusui&pizang/03/13/cell_1761646403343_912349010008_64021_0000.png,9
/home/wangqianqian/project/FS/data/28gusui&pizang/03/09/cell_1761646184399_912349010008_46133_0000.png,9
/home/wangqianqian/project/FS/data/28gusui&pizang/03/15/cell_1761646510638_912349010008_73696_0000.png,9
/home/wangqianqian/project/FS/data/28gusui&pizang/03/15/cell_1761646535372_912349010008_75703_0100.png,9
/home/wangqianqian/project/FS/data/28gusui&pizang/03/12/cell_1761646350976_912349010008_59929_0000.png,9
/home/wangqianqian/project/FS/data/28gusui&pizang/03/11/cell_1761646308802_912349010008_56461_0000.png,9
/home/wangqianqian/project/FS/data/28gusui&pizang/03/17/cell_1761646632547_912349010008_83557_0100.png,9
/home/wangqianqian/project/FS/data/28gusui&pizang/03/03/cell_1761645811511_912349010008_16541_0000.png,9
/home/wangqianqian/project/FS/data/28gusui&pizang/03/07/cell_1761646056234_912349010008_36651_0100.png,9
/home/wangqianqian/project/FS/data/28gusui&pizang/03/05/cell_1761645943345_912349010008_27057_0000.png,9
/home/wangqianqian/project/FS/data/28gusui&pizang/03/18/cell_1761646734949_912349010008_92290_0000.png,9
/home/wangqianqian/project/FS/data/28gusui&pizang/03/14/cell_1761646472644_912349010008_70199_0100.png,9
/home/wangqianqian/project/FS/data/28gusui&pizang/03/04/cell_1761645869920_912349010008_21424_0100.png,9
/home/wangqianqian/project/FS/data/28gusui&pizang/03/14/cell_1761646473867_912349010008_70304_0000.png,9
/home/wangqianqian/project/FS/data/28gusui&pizang/03/13/cell_1761646435984_912349010008_66872_0000.png,9
/home/wangqianqian/project/FS/data/28gusui&pizang/03/13/cell_1761646401844_912349010008_63904_0100.png,9
/home/wangqianqian/project/FS/data/28gusui&pizang/03/16/cell_1761646562584_912349010008_77912_0000.png,9
/home/wangqianqian/project/FS/data/28gusui&pizang/03/12/cell_1761646379509_912349010008_62240_0100.png,9
/home/wangqianqian/project/FS/data/28gusui&pizang/03/14/cell_1761646479434_912349010008_70776_0000.png,9
/home/wangqianqian/project/FS/data/28gusui&pizang/03/02/cell_1761645761440_912349010008_12776_0100.png,9
/home/wangqianqian/project/FS/data/28gusui&pizang/03/14/cell_1761646468028_912349010008_69784_0100.png,9
/home/wangqianqian/project/FS/data/28gusui&pizang/03/11/cell_1761646282969_912349010008_54148_0000.png,9
/home/wangqianqian/project/FS/data/28gusui&pizang/03/05/cell_1761645916881_912349010008_25011_0000.png,9
/home/wangqianqian/project/FS/data/28gusui&pizang/03/11/cell_1761646277655_912349010008_53668_0100.png,9
/home/wangqianqian/project/FS/data/28gusui&pizang/03/12/cell_1761646373865_912349010008_61817_0000.png,9
/home/wangqianqian/project/FS/data/28gusui&pizang/03/12/cell_1761646371011_912349010008_61582_0100.png,9
/home/wangqianqian/project/FS/data/28gusui&pizang/03/04/cell_1761645862735_912349010008_20739_0000.png,9
/home/wangqianqian/project/FS/data/28gusui&pizang/03/03/cell_1761645795041_912349010008_15264_0100.png,9
/home/wangqianqian/project/FS/data/28gusui&pizang/03/02/cell_1761645737536_912349010008_10944_0000.png,9
/home/wangqianqian/project/FS/data/28gusui&pizang/03/04/cell_1761645850943_912349010008_19726_0000.png,9
/home/wangqianqian/project/FS/data/28gusui&pizang/03/17/cell_1761646627612_912349010008_83097_0000.png,9
/home/wangqianqian/project/FS/data/28gusui&pizang/03/10/cell_1761646242641_912349010008_50806_0100.png,9
/home/wangqianqian/project/FS/data/28gusui&pizang/03/08/cell_1761646095370_912349010008_39564_0100.png,9
/home/wangqianqian/project/FS/data/28gusui&pizang/03/02/cell_1761645775012_912349010008_13714_0000.png,9
/home/wangqianqian/project/FS/data/28gusui&pizang/03/17/cell_1761646624352_912349010008_82819_0100.png,9
/home/wangqianqian/project/FS/data/28gusui&pizang/03/15/cell_1761646544579_912349010008_76505_0100.png,9
/home/wangqianqian/project/FS/data/28gusui&pizang/03/02/cell_1761645728258_912349010008_10319_0100.png,9
/home/wangqianqian/project/FS/data/28gusui&pizang/03/15/cell_1761646545869_912349010008_76615_0100.png,9
/home/wangqianqian/project/FS/data/28gusui&pizang/03/02/cell_1761645740308_912349010008_11181_0100.png,9
/home/wangqianqian/project/FS/data/28gusui&pizang/03/20/cell_1761646828462_912349010008_100047_0100.png,9
/home/wangqianqian/project/FS/data/28gusui&pizang/03/21/cell_1761646903989_912349010008_106307_0100.png,9
/home/wangqianqian/project/FS/data/28gusui&pizang/03/01/cell_1761645695252_912349010008_8105_0000.png,9
/home/wangqianqian/project/FS/data/28gusui&pizang/03/04/cell_1761645888564_912349010008_22948_0000.png,9
/home/wangqianqian/project/FS/data/28gusui&pizang/03/20/cell_1761646824058_912349010008_99658_0000.png,9
/home/wangqianqian/project/FS/data/28gusui&pizang/03/10/cell_1761646237224_912349010008_50395_0000.png,9
/home/wangqianqian/project/FS/data/28gusui&pizang/03/21/cell_1761646863196_912349010008_103019_0100.png,9
/home/wangqianqian/project/FS/data/28gusui&pizang/03/11/cell_1761646317476_912349010008_57203_0000.png,9
/home/wangqianqian/project/FS/data/28gusui&pizang/03/07/cell_1761646042135_912349010008_35378_0100.png,9
/home/wangqianqian/project/FS/data/28gusui&pizang/03/09/cell_1761646145713_912349010008_43193_0000.png,9
/home/wangqianqian/project/FS/data/28gusui&pizang/03/02/cell_1761645779426_912349010008_14063_0000.png,9
/home/wangqianqian/project/FS/data/28gusui&pizang/03/09/cell_1761646185400_912349010008_46216_0100.png,9
/home/wangqianqian/project/FS/data/28gusui&pizang/03/06/cell_1761645969379_912349010008_29164_0000.png,9
/home/wangqianqian/project/FS/data/28gusui&pizang/03/03/cell_1761645793368_912349010008_15152_0100.png,9
/home/wangqianqian/project/FS/data/28gusui&pizang/03/18/cell_1761646738894_912349010008_92605_0100.png,9
/home/wangqianqian/project/FS/data/28gusui&pizang/03/20/cell_1761646856969_912349010008_102446_0000.png,9
/home/wangqianqian/project/FS/data/28gusui&pizang/03/05/cell_1761645932014_912349010008_26164_0100.png,9
/home/wangqianqian/project/FS/data/28gusui&pizang/03/08/cell_1761646096758_912349010008_39677_0000.png,9
/home/wangqianqian/project/FS/data/28gusui&pizang/03/06/cell_1761645976761_912349010008_29806_0100.png,9
/home/wangqianqian/project/FS/data/28gusui&pizang/03/03/cell_1761645823699_912349010008_17548_0000.png,9
/home/wangqianqian/project/FS/data/28gusui&pizang/03/20/cell_1761646842389_912349010008_101166_0000.png,9
/home/wangqianqian/project/FS/data/28gusui&pizang/03/18/cell_1761646711225_912349010008_90296_0000.png,9
/home/wangqianqian/project/FS/data/28gusui&pizang/03/04/cell_1761645845866_912349010008_19244_0000.png,9
/home/wangqianqian/project/FS/data/28gusui&pizang/03/15/cell_1761646544270_912349010008_76475_0000.png,9
/home/wangqianqian/project/FS/data/28gusui&pizang/03/10/cell_1761646224860_912349010008_49377_0000.png,9
/home/wangqianqian/project/FS/data/28gusui&pizang/03/15/cell_1761646506290_912349010008_73345_0000.png,9
/home/wangqianqian/project/FS/data/28gusui&pizang/03/14/cell_1761646455791_912349010008_68680_0100.png,9
/home/wangqianqian/project/FS/data/28gusui&pizang/03/21/cell_1761646898788_912349010008_105901_0100.png,10
/home/wangqianqian/project/FS/data/28gusui&pizang/03/19/cell_1761646799941_912349010008_97571_0100.png,10
/home/wangqianqian/project/FS/data/28gusui&pizang/03/15/cell_1761646520225_912349010008_74505_0100.png,10
/home/wangqianqian/project/FS/data/28gusui&pizang/03/08/cell_1761646087196_912349010008_38941_0000.png,10
/home/wangqianqian/project/FS/data/28gusui&pizang/03/14/cell_1761646455082_912349010008_68620_0100.png,10
/home/wangqianqian/project/FS/data/28gusui&pizang/03/19/cell_1761646798216_912349010008_97387_0000.png,10
/home/wangqianqian/project/FS/data/28gusui&pizang/03/10/cell_1761646255189_912349010008_51819_0000.png,10
/home/wangqianqian/project/FS/data/28gusui&pizang/03/21/cell_1761646897606_912349010008_105786_0100.png,10
/home/wangqianqian/project/FS/data/28gusui&pizang/03/17/cell_1761646622831_912349010008_82703_0100.png,10
/home/wangqianqian/project/FS/data/28gusui&pizang/03/18/cell_1761646691298_912349010008_88780_0100.png,10
/home/wangqianqian/project/FS/data/28gusui&pizang/03/09/cell_1761646194304_912349010008_46847_0100.png,10
/home/wangqianqian/project/FS/data/28gusui&pizang/03/17/cell_1761646669432_912349010008_86770_0000.png,10
/home/wangqianqian/project/FS/data/28gusui&pizang/03/12/cell_1761646326344_912349010008_57944_0000.png,10
/home/wangqianqian/project/FS/data/28gusui&pizang/03/07/cell_1761646054038_912349010008_36463_0000.png,10
/home/wangqianqian/project/FS/data/28gusui&pizang/03/18/cell_1761646698098_912349010008_89305_0000.png,10
/home/wangqianqian/project/FS/data/28gusui&pizang/03/05/cell_1761645946001_912349010008_27304_0000.png,10
/home/wangqianqian/project/FS/data/28gusui&pizang/03/02/cell_1761645748802_912349010008_11839_0100.png,10
/home/wangqianqian/project/FS/data/28gusui&pizang/03/06/cell_1761645977712_912349010008_29872_0000.png,10
/home/wangqianqian/project/FS/data/28gusui&pizang/03/03/cell_1761645805104_912349010008_16063_0100.png,10
/home/wangqianqian/project/FS/data/28gusui&pizang/03/15/cell_1761646550083_912349010008_76945_0100.png,10
/home/wangqianqian/project/FS/data/28gusui&pizang/03/14/cell_1761646450110_912349010008_68192_0000.png,10
/home/wangqianqian/project/FS/data/28gusui&pizang/03/18/cell_1761646684897_912349010008_88234_0000.png,10
/home/wangqianqian/project/FS/data/28gusui&pizang/03/08/cell_1761646134755_912349010008_42451_0100.png,10
/home/wangqianqian/project/FS/data/28gusui&pizang/03/12/cell_1761646369369_912349010008_61429_0000.png,10
/home/wangqianqian/project/FS/data/28gusui&pizang/03/14/cell_1761646469471_912349010008_69912_0100.png,10
/home/wangqianqian/project/FS/data/28gusui&pizang/03/19/cell_1761646740953_912349010008_92774_0000.png,10
/home/wangqianqian/project/FS/data/28gusui&pizang/03/10/cell_1761646258368_912349010008_52063_0100.png,10
/home/wangqianqian/project/FS/data/28gusui&pizang/03/10/cell_1761646218272_912349010008_48801_0000.png,10
/home/wangqianqian/project/FS/data/28gusui&pizang/03/04/cell_1761645887164_912349010008_22848_0100.png,10
/home/wangqianqian/project/FS/data/28gusui&pizang/03/12/cell_1761646334984_912349010008_58620_0100.png,10
/home/wangqianqian/project/FS/data/28gusui&pizang/03/08/cell_1761646112666_912349010008_40880_0100.png,10
/home/wangqianqian/project/FS/data/28gusui&pizang/03/14/cell_1761646452126_912349010008_68360_0000.png,10
/home/wangqianqian/project/FS/data/28gusui&pizang/03/10/cell_1761646228119_912349010008_49621_0100.png,10
/home/wangqianqian/project/FS/data/28gusui&pizang/03/20/cell_1761646817238_912349010008_99080_0100.png,10
/home/wangqianqian/project/FS/data/28gusui&pizang/03/18/cell_1761646718576_912349010008_90870_0100.png,10
/home/wangqianqian/project/FS/data/28gusui&pizang/03/19/cell_1761646798622_912349010008_97422_0100.png,10
/home/wangqianqian/project/FS/data/28gusui&pizang/03/16/cell_1761646560260_912349010008_77753_0000.png,10
/home/wangqianqian/project/FS/data/28gusui&pizang/03/10/cell_1761646258686_912349010008_52088_0100.png,10
/home/wangqianqian/project/FS/data/28gusui&pizang/03/09/cell_1761646141975_912349010008_42951_0100.png,10
/home/wangqianqian/project/FS/data/28gusui&pizang/03/04/cell_1761645891821_912349010008_23163_0100.png,10
/home/wangqianqian/project/FS/data/28gusui&pizang/03/05/cell_1761645910070_912349010008_24517_0100.png,10
/home/wangqianqian/project/FS/data/28gusui&pizang/03/09/cell_1761646153276_912349010008_43795_0000.png,10
/home/wangqianqian/project/FS/data/28gusui&pizang/03/13/cell_1761646390409_912349010008_63064_0000.png,10
/home/wangqianqian/project/FS/data/28gusui&pizang/03/18/cell_1761646715218_912349010008_90609_0100.png,10
/home/wangqianqian/project/FS/data/28gusui&pizang/03/19/cell_1761646765374_912349010008_94670_0100.png,10
/home/wangqianqian/project/FS/data/28gusui&pizang/03/03/cell_1761645829868_912349010008_17998_0100.png,10
/home/wangqianqian/project/FS/data/28gusui&pizang/03/03/cell_1761645784211_912349010008_14449_0100.png,10
/home/wangqianqian/project/FS/data/28gusui&pizang/03/14/cell_1761646493149_912349010008_72148_0100.png,10
/home/wangqianqian/project/FS/data/28gusui&pizang/03/11/cell_1761646289979_912349010008_54792_0100.png,10
/home/wangqianqian/project/FS/data/28gusui&pizang/03/11/cell_1761646272280_912349010008_53197_0100.png,10
/home/wangqianqian/project/FS/data/28gusui&pizang/03/03/cell_1761645784396_912349010008_14457_0100.png,10
/home/wangqianqian/project/FS/data/28gusui&pizang/03/17/cell_1761646629502_912349010008_83272_0100.png,10
/home/wangqianqian/project/FS/data/28gusui&pizang/03/10/cell_1761646233062_912349010008_50028_0000.png,10
/home/wangqianqian/project/FS/data/28gusui&pizang/03/09/cell_1761646151235_912349010008_43643_0000.png,10
/home/wangqianqian/project/FS/data/28gusui&pizang/03/12/cell_1761646367678_912349010008_61310_0000.png,10
/home/wangqianqian/project/FS/data/28gusui&pizang/03/11/cell_1761646297390_912349010008_55486_0000.png,10
/home/wangqianqian/project/FS/data/28gusui&pizang/03/15/cell_1761646554396_912349010008_77276_0100.png,10
/home/wangqianqian/project/FS/data/28gusui&pizang/03/14/cell_1761646494974_912349010008_72336_0000.png,10
/home/wangqianqian/project/FS/data/28gusui&pizang/03/15/cell_1761646509866_912349010008_73622_0000.png,10
/home/wangqianqian/project/FS/data/28gusui&pizang/03/02/cell_1761645748847_912349010008_11842_0100.png,10
/home/wangqianqian/project/FS/data/28gusui&pizang/03/09/cell_1761646144203_912349010008_43091_0100.png,10
/home/wangqianqian/project/FS/data/28gusui&pizang/03/09/cell_1761646181872_912349010008_45927_0000.png,10
/home/wangqianqian/project/FS/data/28gusui&pizang/03/04/cell_1761645865118_912349010008_20999_0100.png,10
/home/wangqianqian/project/FS/data/28gusui&pizang/03/18/cell_1761646702758_912349010008_89667_0100.png,10
/home/wangqianqian/project/FS/data/28gusui&pizang/03/09/cell_1761646172730_912349010008_45217_0000.png,10
/home/wangqianqian/project/FS/data/28gusui&pizang/03/11/cell_1761646294826_912349010008_55230_0100.png,10
/home/wangqianqian/project/FS/data/28gusui&pizang/03/09/cell_1761646182192_912349010008_45941_0100.png,10
/home/wangqianqian/project/FS/data/28gusui&pizang/03/07/cell_1761646060427_912349010008_36981_0000.png,10
/home/wangqianqian/project/FS/data/28gusui&pizang/03/21/cell_1761646867705_912349010008_103401_0000.png,10
/home/wangqianqian/project/FS/data/28gusui&pizang/03/10/cell_1761646226007_912349010008_49472_0100.png,10
/home/wangqianqian/project/FS/data/28gusui&pizang/03/19/cell_1761646778205_912349010008_95774_0000.png,10
/home/wangqianqian/project/FS/data/28gusui&pizang/03/15/cell_1761646531572_912349010008_75398_0100.png,10
/home/wangqianqian/project/FS/data/28gusui&pizang/03/11/cell_1761646288729_912349010008_54669_0100.png,10
/home/wangqianqian/project/FS/data/28gusui&pizang/03/02/cell_1761645732547_912349010008_10618_0100.png,10
/home/wangqianqian/project/FS/data/28gusui&pizang/03/20/cell_1761646850809_912349010008_101871_0100.png,10
/home/wangqianqian/project/FS/data/28gusui&pizang/03/16/cell_1761646602944_912349010008_81033_0000.png,10
/home/wangqianqian/project/FS/data/28gusui&pizang/03/01/cell_1761645695594_912349010008_8138_0000.png,10
/home/wangqianqian/project/FS/data/28gusui&pizang/03/20/cell_1761646844093_912349010008_101310_0100.png,10
/home/wangqianqian/project/FS/data/28gusui&pizang/03/08/cell_1761646082583_912349010008_38575_0100.png,10
/home/wangqianqian/project/FS/data/28gusui&pizang/03/07/cell_1761646073198_912349010008_37893_0100.png,10
/home/wangqianqian/project/FS/data/28gusui&pizang/03/16/cell_1761646569344_912349010008_78365_0000.png,10
/home/wangqianqian/project/FS/data/28gusui&pizang/03/06/cell_1761645977222_912349010008_29838_0100.png,10
/home/wangqianqian/project/FS/data/28gusui&pizang/03/14/cell_1761646447052_912349010008_67899_0100.png,10
/home/wangqianqian/project/FS/data/28gusui&pizang/03/18/cell_1761646683958_912349010008_88124_0000.png,10
/home/wangqianqian/project/FS/data/28gusui&pizang/03/16/cell_1761646615976_912349010008_82113_0000.png,10
/home/wangqianqian/project/FS/data/28gusui&pizang/03/21/cell_1761646919368_912349010008_107589_0100.png,10
/home/wangqianqian/project/FS/data/28gusui&pizang/03/09/cell_1761646143028_912349010008_43018_0000.png,10
/home/wangqianqian/project/FS/data/28gusui&pizang/03/07/cell_1761646033061_912349010008_34621_0000.png,10
/home/wangqianqian/project/FS/data/28gusui&pizang/03/20/cell_1761646820473_912349010008_99345_0000.png,10
/home/wangqianqian/project/FS/data/28gusui&pizang/03/14/cell_1761646463845_912349010008_69390_0100.png,10
/home/wangqianqian/project/FS/data/28gusui&pizang/03/10/cell_1761646202109_912349010008_47481_0000.png,10
/home/wangqianqian/project/FS/data/28gusui&pizang/03/19/cell_1761646769016_912349010008_94987_0000.png,10
/home/wangqianqian/project/FS/data/28gusui&pizang/03/05/cell_1761645909547_912349010008_24487_0100.png,10
/home/wangqianqian/project/FS/data/28gusui&pizang/03/07/cell_1761646037236_912349010008_34964_0000.png,10
/home/wangqianqian/project/FS/data/28gusui&pizang/03/16/cell_1761646618130_912349010008_82295_0100.png,10
/home/wangqianqian/project/FS/data/28gusui&pizang/03/05/cell_1761645933430_912349010008_26277_0100.png,10
/home/wangqianqian/project/FS/data/28gusui&pizang/03/02/cell_1761645743007_912349010008_11407_0100.png,10
/home/wangqianqian/project/FS/data/28gusui&pizang/03/12/cell_1761646365288_912349010008_61120_0100.png,10
/home/wangqianqian/project/FS/data/28gusui&pizang/03/15/cell_1761646558991_912349010008_77650_0100.png,10
/home/wangqianqian/project/FS/data/28gusui&pizang/03/16/cell_1761646569733_912349010008_78391_0000.png,10
/home/wangqianqian/project/FS/data/28gusui&pizang/03/21/cell_1761646866779_912349010008_103328_0100.png,11
/home/wangqianqian/project/FS/data/28gusui&pizang/03/11/cell_1761646292004_912349010008_54979_0000.png,11
/home/wangqianqian/project/FS/data/28gusui&pizang/03/06/cell_1761646001821_912349010008_31838_0100.png,11
/home/wangqianqian/project/FS/data/28gusui&pizang/03/17/cell_1761646675541_912349010008_87345_0100.png,11
/home/wangqianqian/project/FS/data/28gusui&pizang/03/04/cell_1761645843543_912349010008_19021_0100.png,11
/home/wangqianqian/project/FS/data/28gusui&pizang/03/11/cell_1761646266771_912349010008_52725_0100.png,11
/home/wangqianqian/project/FS/data/28gusui&pizang/03/15/cell_1761646532637_912349010008_75474_0100.png,11
/home/wangqianqian/project/FS/data/28gusui&pizang/03/19/cell_1761646742232_912349010008_92860_0000.png,11
/home/wangqianqian/project/FS/data/28gusui&pizang/03/18/cell_1761646694802_912349010008_89057_0000.png,11
/home/wangqianqian/project/FS/data/28gusui&pizang/03/12/cell_1761646334731_912349010008_58602_0000.png,11
/home/wangqianqian/project/FS/data/28gusui&pizang/03/07/cell_1761646035578_912349010008_34821_0000.png,11
/home/wangqianqian/project/FS/data/28gusui&pizang/03/10/cell_1761646209776_912349010008_48068_0100.png,11
/home/wangqianqian/project/FS/data/28gusui&pizang/03/19/cell_1761646793613_912349010008_96964_0000.png,11
/home/wangqianqian/project/FS/data/28gusui&pizang/03/05/cell_1761645906003_912349010008_24217_0100.png,11
/home/wangqianqian/project/FS/data/28gusui&pizang/03/05/cell_1761645911882_912349010008_24649_0100.png,11
/home/wangqianqian/project/FS/data/28gusui&pizang/03/10/cell_1761646248461_912349010008_51338_0000.png,11
/home/wangqianqian/project/FS/data/28gusui&pizang/03/07/cell_1761646056815_912349010008_36701_0000.png,11
/home/wangqianqian/project/FS/data/28gusui&pizang/03/18/cell_1761646735510_912349010008_92334_0100.png,11
/home/wangqianqian/project/FS/data/28gusui&pizang/03/16/cell_1761646600238_912349010008_80788_0000.png,11
/home/wangqianqian/project/FS/data/28gusui&pizang/03/21/cell_1761646871853_912349010008_103742_0000.png,11
/home/wangqianqian/project/FS/data/28gusui&pizang/03/04/cell_1761645849716_912349010008_19608_0100.png,11
/home/wangqianqian/project/FS/data/28gusui&pizang/03/11/cell_1761646278129_912349010008_53715_0000.png,11
/home/wangqianqian/project/FS/data/28gusui&pizang/03/21/cell_1761646891708_912349010008_105291_0100.png,11
/home/wangqianqian/project/FS/data/28gusui&pizang/03/20/cell_1761646835405_912349010008_100588_0000.png,11
/home/wangqianqian/project/FS/data/28gusui&pizang/03/20/cell_1761646856590_912349010008_102420_0100.png,11
/home/wangqianqian/project/FS/data/28gusui&pizang/03/15/cell_1761646525840_912349010008_74981_0000.png,11
/home/wangqianqian/project/FS/data/28gusui&pizang/03/02/cell_1761645753970_912349010008_12215_0000.png,11
/home/wangqianqian/project/FS/data/28gusui&pizang/03/04/cell_1761645879763_912349010008_22288_0000.png,11
/home/wangqianqian/project/FS/data/28gusui&pizang/03/08/cell_1761646104985_912349010008_40322_0100.png,11
/home/wangqianqian/project/FS/data/28gusui&pizang/03/04/cell_1761645882455_912349010008_22494_0000.png,11
/home/wangqianqian/project/FS/data/28gusui&pizang/03/20/cell_1761646855360_912349010008_102303_0000.png,11
/home/wangqianqian/project/FS/data/28gusui&pizang/03/09/cell_1761646180117_912349010008_45789_0000.png,11
/home/wangqianqian/project/FS/data/28gusui&pizang/03/17/cell_1761646662769_912349010008_86172_0100.png,11
/home/wangqianqian/project/FS/data/28gusui&pizang/03/15/cell_1761646539190_912349010008_76028_0000.png,11
/home/wangqianqian/project/FS/data/28gusui&pizang/03/10/cell_1761646201986_912349010008_47469_0000.png,11
/home/wangqianqian/project/FS/data/28gusui&pizang/03/05/cell_1761645901069_912349010008_23819_0000.png,11
/home/wangqianqian/project/FS/data/28gusui&pizang/03/14/cell_1761646494077_912349010008_72242_0000.png,11
/home/wangqianqian/project/FS/data/28gusui&pizang/03/20/cell_1761646834187_912349010008_100492_0000.png,11
/home/wangqianqian/project/FS/data/28gusui&pizang/03/02/cell_1761645737630_912349010008_10951_0000.png,11
/home/wangqianqian/project/FS/data/28gusui&pizang/03/15/cell_1761646517233_912349010008_74244_0100.png,11
/home/wangqianqian/project/FS/data/28gusui&pizang/03/06/cell_1761645962270_912349010008_28581_0000.png,11
/home/wangqianqian/project/FS/data/28gusui&pizang/03/19/cell_1761646789158_912349010008_96616_0100.png,11
/home/wangqianqian/project/FS/data/28gusui&pizang/03/21/cell_1761646890583_912349010008_105207_0100.png,11
/home/wangqianqian/project/FS/data/28gusui&pizang/03/17/cell_1761646629442_912349010008_83261_0000.png,11
/home/wangqianqian/project/FS/data/28gusui&pizang/03/19/cell_1761646766931_912349010008_94811_0000.png,11
/home/wangqianqian/project/FS/data/28gusui&pizang/03/12/cell_1761646348555_912349010008_59706_0100.png,11
/home/wangqianqian/project/FS/data/28gusui&pizang/03/13/cell_1761646384003_912349010008_62601_0000.png,11
/home/wangqianqian/project/FS/data/28gusui&pizang/03/18/cell_1761646702318_912349010008_89621_0000.png,11
/home/wangqianqian/project/FS/data/28gusui&pizang/03/11/cell_1761646310906_912349010008_56620_0100.png,11
/home/wangqianqian/project/FS/data/28gusui&pizang/03/02/cell_1761645753295_912349010008_12161_0000.png,11
/home/wangqianqian/project/FS/data/28gusui&pizang/03/07/cell_1761646026434_912349010008_34020_0100.png,11
/home/wangqianqian/project/FS/data/28gusui&pizang/03/07/cell_1761646023858_912349010008_33799_0000.png,11
/home/wangqianqian/project/FS/data/28gusui&pizang/03/12/cell_1761646338014_912349010008_58841_0100.png,11
/home/wangqianqian/project/FS/data/28gusui&pizang/03/08/cell_1761646080196_912349010008_38410_0100.png,11
/home/wangqianqian/project/FS/data/28gusui&pizang/03/21/cell_1761646890451_912349010008_105196_0000.png,11
/home/wangqianqian/project/FS/data/28gusui&pizang/03/20/cell_1761646833675_912349010008_100464_0100.png,11
/home/wangqianqian/project/FS/data/28gusui&pizang/03/11/cell_1761646317033_912349010008_57159_0000.png,11
/home/wangqianqian/project/FS/data/28gusui&pizang/03/17/cell_1761646646853_912349010008_84830_0100.png,11
/home/wangqianqian/project/FS/data/28gusui&pizang/03/17/cell_1761646647387_912349010008_84873_0100.png,11
/home/wangqianqian/project/FS/data/28gusui&pizang/03/09/cell_1761646196995_912349010008_47087_0100.png,11
/home/wangqianqian/project/FS/data/28gusui&pizang/03/03/cell_1761645801356_912349010008_15772_0100.png,11
/home/wangqianqian/project/FS/data/28gusui&pizang/03/21/cell_1761646886447_912349010008_104877_0100.png,11
/home/wangqianqian/project/FS/data/28gusui&pizang/03/09/cell_1761646180047_912349010008_45781_0100.png,11
/home/wangqianqian/project/FS/data/28gusui&pizang/03/09/cell_1761646141441_912349010008_42918_0000.png,11
/home/wangqianqian/project/FS/data/28gusui&pizang/03/13/cell_1761646422971_912349010008_65642_0100.png,11
/home/wangqianqian/project/FS/data/28gusui&pizang/03/11/cell_1761646303659_912349010008_56034_0000.png,11
/home/wangqianqian/project/FS/data/28gusui&pizang/03/03/cell_1761645838604_912349010008_18673_0000.png,11
/home/wangqianqian/project/FS/data/28gusui&pizang/03/18/cell_1761646712538_912349010008_90399_0100.png,11
/home/wangqianqian/project/FS/data/28gusui&pizang/03/05/cell_1761645909026_912349010008_24460_0000.png,11
/home/wangqianqian/project/FS/data/28gusui&pizang/03/03/cell_1761645833604_912349010008_18262_0000.png,11
/home/wangqianqian/project/FS/data/28gusui&pizang/03/21/cell_1761646912144_912349010008_106997_0000.png,11
/home/wangqianqian/project/FS/data/28gusui&pizang/03/03/cell_1761645838394_912349010008_18656_0000.png,11
/home/wangqianqian/project/FS/data/28gusui&pizang/03/10/cell_1761646253114_912349010008_51656_0000.png,11
/home/wangqianqian/project/FS/data/28gusui&pizang/03/08/cell_1761646086824_912349010008_38905_0100.png,11
/home/wangqianqian/project/FS/data/28gusui&pizang/03/12/cell_1761646354554_912349010008_60246_0100.png,11
/home/wangqianqian/project/FS/data/28gusui&pizang/03/11/cell_1761646301986_912349010008_55883_0100.png,11
/home/wangqianqian/project/FS/data/28gusui&pizang/03/01/cell_1761645695095_912349010008_8096_0100.png,11
/home/wangqianqian/project/FS/data/28gusui&pizang/03/11/cell_1761646292040_912349010008_54983_0100.png,11
/home/wangqianqian/project/FS/data/28gusui&pizang/03/03/cell_1761645791687_912349010008_15028_0100.png,11
/home/wangqianqian/project/FS/data/28gusui&pizang/03/11/cell_1761646299957_912349010008_55709_0000.png,11
/home/wangqianqian/project/FS/data/28gusui&pizang/03/12/cell_1761646363484_912349010008_60994_0100.png,11
/home/wangqianqian/project/FS/data/28gusui&pizang/03/15/cell_1761646515117_912349010008_74066_0000.png,11
/home/wangqianqian/project/FS/data/28gusui&pizang/03/16/cell_1761646603756_912349010008_81112_0000.png,11
/home/wangqianqian/project/FS/data/28gusui&pizang/03/09/cell_1761646170002_912349010008_45035_0000.png,11
/home/wangqianqian/project/FS/data/28gusui&pizang/03/03/cell_1761645788334_912349010008_14761_0100.png,11
/home/wangqianqian/project/FS/data/28gusui&pizang/03/17/cell_1761646654457_912349010008_85469_0100.png,11
/home/wangqianqian/project/FS/data/28gusui&pizang/03/12/cell_1761646343722_912349010008_59286_0000.png,11
/home/wangqianqian/project/FS/data/28gusui&pizang/03/11/cell_1761646275017_912349010008_53419_0000.png,11
/home/wangqianqian/project/FS/data/28gusui&pizang/03/03/cell_1761645838440_912349010008_18661_0000.png,11
/home/wangqianqian/project/FS/data/28gusui&pizang/03/03/cell_1761645833282_912349010008_18241_0000.png,11
/home/wangqianqian/project/FS/data/28gusui&pizang/03/02/cell_1761645755876_912349010008_12364_0100.png,11
/home/wangqianqian/project/FS/data/28gusui&pizang/03/21/cell_1761646895265_912349010008_105593_0000.png,11
/home/wangqianqian/project/FS/data/28gusui&pizang/03/14/cell_1761646455153_912349010008_68631_0100.png,11
/home/wangqianqian/project/FS/data/28gusui&pizang/03/20/cell_1761646825459_912349010008_99780_0000.png,11
/home/wangqianqian/project/FS/data/28gusui&pizang/03/21/cell_1761646876273_912349010008_104068_0100.png,11
/home/wangqianqian/project/FS/data/28gusui&pizang/03/13/cell_1761646394036_912349010008_63313_0000.png,11
/home/wangqianqian/project/FS/data/28gusui&pizang/03/19/cell_1761646772766_912349010008_95282_0100.png,11
/home/wangqianqian/project/FS/data/28gusui&pizang/03/15/cell_1761646520020_912349010008_74482_0100.png,11
/home/wangqianqian/project/FS/data/28gusui&pizang/03/13/cell_1761646427832_912349010008_66136_0100.png,11
/home/wangqianqian/project/FS/data/28gusui&pizang/03/05/cell_1761645927898_912349010008_25855_0100.png,11
/home/wangqianqian/project/FS/data/28gusui&pizang/03/21/cell_1761646901324_912349010008_106132_0100.png,12
/home/wangqianqian/project/FS/data/28gusui&pizang/03/19/cell_1761646785450_912349010008_96302_0100.png,12
/home/wangqianqian/project/FS/data/28gusui&pizang/03/05/cell_1761645918834_912349010008_25140_0000.png,12
/home/wangqianqian/project/FS/data/28gusui&pizang/03/09/cell_1761646158763_912349010008_44243_0000.png,12
/home/wangqianqian/project/FS/data/28gusui&pizang/03/09/cell_1761646166299_912349010008_44761_0000.png,12
/home/wangqianqian/project/FS/data/28gusui&pizang/03/05/cell_1761645906055_912349010008_24229_0000.png,12
/home/wangqianqian/project/FS/data/28gusui&pizang/03/19/cell_1761646760111_912349010008_94261_0100.png,12
/home/wangqianqian/project/FS/data/28gusui&pizang/03/21/cell_1761646919549_912349010008_107600_0000.png,12
/home/wangqianqian/project/FS/data/28gusui&pizang/03/06/cell_1761645963606_912349010008_28678_0000.png,12
/home/wangqianqian/project/FS/data/28gusui&pizang/03/21/cell_1761646910365_912349010008_106836_0100.png,12
/home/wangqianqian/project/FS/data/28gusui&pizang/03/07/cell_1761646067007_912349010008_37463_0000.png,12
/home/wangqianqian/project/FS/data/28gusui&pizang/03/21/cell_1761646890806_912349010008_105222_0100.png,12
/home/wangqianqian/project/FS/data/28gusui&pizang/03/05/cell_1761645936819_912349010008_26530_0100.png,12
/home/wangqianqian/project/FS/data/28gusui&pizang/03/21/cell_1761646914086_912349010008_107177_0000.png,12
/home/wangqianqian/project/FS/data/28gusui&pizang/03/10/cell_1761646248125_912349010008_51313_0000.png,12
/home/wangqianqian/project/FS/data/28gusui&pizang/03/07/cell_1761646061693_912349010008_37086_0100.png,12
/home/wangqianqian/project/FS/data/28gusui&pizang/03/20/cell_1761646828593_912349010008_100059_0100.png,12
/home/wangqianqian/project/FS/data/28gusui&pizang/03/18/cell_1761646727314_912349010008_91608_0000.png,12
/home/wangqianqian/project/FS/data/28gusui&pizang/03/17/cell_1761646649072_912349010008_85017_0000.png,12
/home/wangqianqian/project/FS/data/28gusui&pizang/03/17/cell_1761646654490_912349010008_85474_0000.png,12
/home/wangqianqian/project/FS/data/28gusui&pizang/03/08/cell_1761646089487_912349010008_39137_0000.png,12
/home/wangqianqian/project/FS/data/28gusui&pizang/03/14/cell_1761646478155_912349010008_70665_0100.png,12
/home/wangqianqian/project/FS/data/28gusui&pizang/03/16/cell_1761646619251_912349010008_82397_0000.png,12
/home/wangqianqian/project/FS/data/28gusui&pizang/03/19/cell_1761646778048_912349010008_95762_0100.png,12
/home/wangqianqian/project/FS/data/28gusui&pizang/03/20/cell_1761646843372_912349010008_101233_0100.png,12
/home/wangqianqian/project/FS/data/28gusui&pizang/03/10/cell_1761646253606_912349010008_51697_0000.png,12
/home/wangqianqian/project/FS/data/28gusui&pizang/03/15/cell_1761646548934_912349010008_76845_0000.png,12
/home/wangqianqian/project/FS/data/28gusui&pizang/03/12/cell_1761646366550_912349010008_61214_0100.png,12
/home/wangqianqian/project/FS/data/28gusui&pizang/03/12/cell_1761646376114_912349010008_61982_0100.png,12
/home/wangqianqian/project/FS/data/28gusui&pizang/03/03/cell_1761645802826_912349010008_15889_0000.png,12
/home/wangqianqian/project/FS/data/28gusui&pizang/03/21/cell_1761646898786_912349010008_105899_0000.png,12
/home/wangqianqian/project/FS/data/28gusui&pizang/03/14/cell_1761646452542_912349010008_68384_0100.png,12
/home/wangqianqian/project/FS/data/28gusui&pizang/03/19/cell_1761646770078_912349010008_95067_0000.png,12
/home/wangqianqian/project/FS/data/28gusui&pizang/03/17/cell_1761646622667_912349010008_82694_0100.png,12
/home/wangqianqian/project/FS/data/28gusui&pizang/03/20/cell_1761646838494_912349010008_100849_0000.png,12
/home/wangqianqian/project/FS/data/28gusui&pizang/03/07/cell_1761646060083_912349010008_36953_0000.png,12
/home/wangqianqian/project/FS/data/28gusui&pizang/03/03/cell_1761645789757_912349010008_14886_0100.png,12
/home/wangqianqian/project/FS/data/28gusui&pizang/03/13/cell_1761646435795_912349010008_66856_0000.png,12
/home/wangqianqian/project/FS/data/28gusui&pizang/03/14/cell_1761646496031_912349010008_72446_0000.png,12
/home/wangqianqian/project/FS/data/28gusui&pizang/03/04/cell_1761645888160_912349010008_22918_0000.png,12
/home/wangqianqian/project/FS/data/28gusui&pizang/03/14/cell_1761646448251_912349010008_68003_0100.png,12
/home/wangqianqian/project/FS/data/28gusui&pizang/03/09/cell_1761646188998_912349010008_46483_0000.png,12
/home/wangqianqian/project/FS/data/28gusui&pizang/03/08/cell_1761646109882_912349010008_40643_0100.png,12
/home/wangqianqian/project/FS/data/28gusui&pizang/03/19/cell_1761646785450_912349010008_96302_0000.png,12
/home/wangqianqian/project/FS/data/28gusui&pizang/03/15/cell_1761646514079_912349010008_73990_0100.png,12
/home/wangqianqian/project/FS/data/28gusui&pizang/03/20/cell_1761646855810_912349010008_102347_0000.png,12
/home/wangqianqian/project/FS/data/28gusui&pizang/03/17/cell_1761646666290_912349010008_86493_0100.png,12
/home/wangqianqian/project/FS/data/28gusui&pizang/03/13/cell_1761646391057_912349010008_63118_0000.png,12
/home/wangqianqian/project/FS/data/28gusui&pizang/03/08/cell_1761646106106_912349010008_40404_0100.png,12
/home/wangqianqian/project/FS/data/28gusui&pizang/03/21/cell_1761646913979_912349010008_107166_0100.png,12
/home/wangqianqian/project/FS/data/28gusui&pizang/03/20/cell_1761646855810_912349010008_102347_0100.png,12
/home/wangqianqian/project/FS/data/28gusui&pizang/03/20/cell_1761646820721_912349010008_99365_0100.png,12
/home/wangqianqian/project/FS/data/28gusui&pizang/03/14/cell_1761646475884_912349010008_70471_0000.png,12
/home/wangqianqian/project/FS/data/28gusui&pizang/03/20/cell_1761646850062_912349010008_101801_0000.png,12
/home/wangqianqian/project/FS/data/28gusui&pizang/03/02/cell_1761645725207_912349010008_10139_0000.png,12
/home/wangqianqian/project/FS/data/28gusui&pizang/03/07/cell_1761646021431_912349010008_33608_0000.png,12
/home/wangqianqian/project/FS/data/28gusui&pizang/03/21/cell_1761646878160_912349010008_104213_0000.png,12
/home/wangqianqian/project/FS/data/28gusui&pizang/03/06/cell_1761645963606_912349010008_28678_0100.png,12
/home/wangqianqian/project/FS/data/28gusui&pizang/03/09/cell_1761646154364_912349010008_43887_0100.png,12
/home/wangqianqian/project/FS/data/28gusui&pizang/03/08/cell_1761646087002_912349010008_38920_0100.png,12
/home/wangqianqian/project/FS/data/28gusui&pizang/03/07/cell_1761646044944_912349010008_35612_0100.png,12
/home/wangqianqian/project/FS/data/28gusui&pizang/03/12/cell_1761646377894_912349010008_62127_0000.png,12
/home/wangqianqian/project/FS/data/28gusui&pizang/03/08/cell_1761646113018_912349010008_40902_0100.png,12
/home/wangqianqian/project/FS/data/28gusui&pizang/03/16/cell_1761646607675_912349010008_81440_0000.png,12
/home/wangqianqian/project/FS/data/28gusui&pizang/03/14/cell_1761646460368_912349010008_69116_0000.png,12
/home/wangqianqian/project/FS/data/28gusui&pizang/03/06/cell_1761645978863_912349010008_29970_0000.png,12
/home/wangqianqian/project/FS/data/28gusui&pizang/03/17/cell_1761646622667_912349010008_82694_0000.png,12
/home/wangqianqian/project/FS/data/28gusui&pizang/03/07/cell_1761646047474_912349010008_35840_0100.png,12
/home/wangqianqian/project/FS/data/28gusui&pizang/03/01/cell_1761645704761_912349010008_8674_0000.png,12
/home/wangqianqian/project/FS/data/28gusui&pizang/03/15/cell_1761646526461_912349010008_75013_0000.png,12
/home/wangqianqian/project/FS/data/28gusui&pizang/03/13/cell_1761646401619_912349010008_63888_0000.png,12
/home/wangqianqian/project/FS/data/28gusui&pizang/03/20/cell_1761646842123_912349010008_101142_0100.png,12
/home/wangqianqian/project/FS/data/28gusui&pizang/03/13/cell_1761646383711_912349010008_62582_0100.png,12
/home/wangqianqian/project/FS/data/28gusui&pizang/03/16/cell_1761646585092_912349010008_79561_0000.png,12
/home/wangqianqian/project/FS/data/28gusui&pizang/03/17/cell_1761646633627_912349010008_83645_0000.png,12
/home/wangqianqian/project/FS/data/28gusui&pizang/03/15/cell_1761646518253_912349010008_74332_0000.png,12
/home/wangqianqian/project/FS/data/28gusui&pizang/03/16/cell_1761646593199_912349010008_80215_0100.png,12
/home/wangqianqian/project/FS/data/28gusui&pizang/03/20/cell_1761646802307_912349010008_97789_0100.png,12
/home/wangqianqian/project/FS/data/28gusui&pizang/03/06/cell_1761645999790_912349010008_31673_0100.png,12
/home/wangqianqian/project/FS/data/28gusui&pizang/03/08/cell_1761646095391_912349010008_39566_0000.png,12
/home/wangqianqian/project/FS/data/28gusui&pizang/03/16/cell_1761646578702_912349010008_79129_0100.png,12
/home/wangqianqian/project/FS/data/28gusui&pizang/03/15/cell_1761646557195_912349010008_77501_0000.png,12
/home/wangqianqian/project/FS/data/28gusui&pizang/03/11/cell_1761646281258_912349010008_53998_0000.png,12
/home/wangqianqian/project/FS/data/28gusui&pizang/03/20/cell_1761646818682_912349010008_99197_0000.png,12
/home/wangqianqian/project/FS/data/28gusui&pizang/03/02/cell_1761645763481_912349010008_12884_0100.png,12
/home/wangqianqian/project/FS/data/28gusui&pizang/03/20/cell_1761646816917_912349010008_99051_0100.png,12
/home/wangqianqian/project/FS/data/28gusui&pizang/03/20/cell_1761646829536_912349010008_100132_0000.png,12
/home/wangqianqian/project/FS/data/28gusui&pizang/03/20/cell_1761646820596_912349010008_99354_0000.png,12
/home/wangqianqian/project/FS/data/28gusui&pizang/03/08/cell_1761646092063_912349010008_39326_0100.png,12
/home/wangqianqian/project/FS/data/28gusui&pizang/03/18/cell_1761646693472_912349010008_88968_0100.png,12
/home/wangqianqian/project/FS/data/28gusui&pizang/03/15/cell_1761646547015_912349010008_76694_0000.png,12
/home/wangqianqian/project/FS/data/28gusui&pizang/03/13/cell_1761646415530_912349010008_64988_0000.png,12
/home/wangqianqian/project/FS/data/28gusui&pizang/03/12/cell_1761646339073_912349010008_58944_0000.png,12
/home/wangqianqian/project/FS/data/28gusui&pizang/03/18/cell_1761646704147_912349010008_89749_0100.png,12
/home/wangqianqian/project/FS/data/28gusui&pizang/03/20/cell_1761646829536_912349010008_100132_0100.png,12
/home/wangqianqian/project/FS/data/28gusui&pizang/03/05/cell_1761645950929_912349010008_27705_0100.png,12
/home/wangqianqian/project/FS/data/28gusui&pizang/03/13/cell_1761646437893_912349010008_67058_0000.png,12
/home/wangqianqian/project/FS/data/28gusui&pizang/03/19/cell_1761646798502_912349010008_97407_0100.png,12
/home/wangqianqian/project/FS/data/28gusui&pizang/03/05/cell_1761645948290_912349010008_27490_0100.png,12
/home/wangqianqian/project/FS/data/28gusui&pizang/03/06/cell_1761645971287_912349010008_29315_0000.png,12
/home/wangqianqian/project/FS/data/28gusui&pizang/03/03/cell_1761645794531_912349010008_15227_0100.png,13
/home/wangqianqian/project/FS/data/28gusui&pizang/03/17/cell_1761646667459_912349010008_86600_0000.png,13
/home/wangqianqian/project/FS/data/28gusui&pizang/03/10/cell_1761646218146_912349010008_48793_0100.png,13
/home/wangqianqian/project/FS/data/28gusui&pizang/03/07/cell_1761646071978_912349010008_37821_0000.png,13
/home/wangqianqian/project/FS/data/28gusui&pizang/03/06/cell_1761645979351_912349010008_30029_0100.png,13
/home/wangqianqian/project/FS/data/28gusui&pizang/03/21/cell_1761646863594_912349010008_103060_0000.png,13
/home/wangqianqian/project/FS/data/28gusui&pizang/03/13/cell_1761646437509_912349010008_67021_0000.png,13
/home/wangqianqian/project/FS/data/28gusui&pizang/03/13/cell_1761646438840_912349010008_67149_0100.png,13
/home/wangqianqian/project/FS/data/28gusui&pizang/03/05/cell_1761645923454_912349010008_25533_0000.png,13
/home/wangqianqian/project/FS/data/28gusui&pizang/03/16/cell_1761646611954_912349010008_81761_0000.png,13
/home/wangqianqian/project/FS/data/28gusui&pizang/03/19/cell_1761646778400_912349010008_95791_0000.png,13
/home/wangqianqian/project/FS/data/28gusui&pizang/03/04/cell_1761645855693_912349010008_20145_0100.png,13
/home/wangqianqian/project/FS/data/28gusui&pizang/03/03/cell_1761645830736_912349010008_18057_0000.png,13
/home/wangqianqian/project/FS/data/28gusui&pizang/03/06/cell_1761645977858_912349010008_29889_0000.png,13
/home/wangqianqian/project/FS/data/28gusui&pizang/03/21/cell_1761646891525_912349010008_105275_0100.png,13
/home/wangqianqian/project/FS/data/28gusui&pizang/03/02/cell_1761645739321_912349010008_11092_0000.png,13
/home/wangqianqian/project/FS/data/28gusui&pizang/03/19/cell_1761646742748_912349010008_92896_0100.png,13
/home/wangqianqian/project/FS/data/28gusui&pizang/03/11/cell_1761646279845_912349010008_53856_0000.png,13
/home/wangqianqian/project/FS/data/28gusui&pizang/03/21/cell_1761646863348_912349010008_103033_0000.png,13
/home/wangqianqian/project/FS/data/28gusui&pizang/03/01/cell_1761645717125_912349010008_9526_0100.png,13
/home/wangqianqian/project/FS/data/28gusui&pizang/03/11/cell_1761646295937_912349010008_55353_0000.png,13
/home/wangqianqian/project/FS/data/28gusui&pizang/03/14/cell_1761646497013_912349010008_72549_0000.png,13
/home/wangqianqian/project/FS/data/28gusui&pizang/03/07/cell_1761646062163_912349010008_37119_0000.png,13
/home/wangqianqian/project/FS/data/28gusui&pizang/03/05/cell_1761645910424_912349010008_24545_0100.png,13
/home/wangqianqian/project/FS/data/28gusui&pizang/03/21/cell_1761646897558_912349010008_105784_0100.png,13
/home/wangqianqian/project/FS/data/28gusui&pizang/03/14/cell_1761646461671_912349010008_69228_0000.png,13
/home/wangqianqian/project/FS/data/28gusui&pizang/03/16/cell_1761646577048_912349010008_78994_0100.png,13
/home/wangqianqian/project/FS/data/28gusui&pizang/03/05/cell_1761645932198_912349010008_26176_0100.png,13
/home/wangqianqian/project/FS/data/28gusui&pizang/03/03/cell_1761645820330_912349010008_17222_0100.png,13
/home/wangqianqian/project/FS/data/28gusui&pizang/03/08/cell_1761646098643_912349010008_39821_0100.png,13
/home/wangqianqian/project/FS/data/28gusui&pizang/03/17/cell_1761646670178_912349010008_86851_0100.png,13
/home/wangqianqian/project/FS/data/28gusui&pizang/03/17/cell_1761646624849_912349010008_82860_0000.png,13
/home/wangqianqian/project/FS/data/28gusui&pizang/03/07/cell_1761646054793_912349010008_36541_0100.png,13
/home/wangqianqian/project/FS/data/28gusui&pizang/03/05/cell_1761645925651_912349010008_25708_0000.png,13
/home/wangqianqian/project/FS/data/28gusui&pizang/03/10/cell_1761646239138_912349010008_50536_0100.png,13
/home/wangqianqian/project/FS/data/28gusui&pizang/03/21/cell_1761646899132_912349010008_105932_0100.png,13
/home/wangqianqian/project/FS/data/28gusui&pizang/03/09/cell_1761646159267_912349010008_44267_0000.png,13
/home/wangqianqian/project/FS/data/28gusui&pizang/03/02/cell_1761645755512_912349010008_12336_0000.png,13
/home/wangqianqian/project/FS/data/28gusui&pizang/03/04/cell_1761645874825_912349010008_21830_0000.png,13
/home/wangqianqian/project/FS/data/28gusui&pizang/03/04/cell_1761645852619_912349010008_19877_0000.png,13
/home/wangqianqian/project/FS/data/28gusui&pizang/03/02/cell_1761645776195_912349010008_13811_0000.png,13
/home/wangqianqian/project/FS/data/28gusui&pizang/03/09/cell_1761646178740_912349010008_45663_0000.png,13
/home/wangqianqian/project/FS/data/28gusui&pizang/03/17/cell_1761646640310_912349010008_84209_0000.png,13
/home/wangqianqian/project/FS/data/28gusui&pizang/03/10/cell_1761646249213_912349010008_51388_0100.png,13
/home/wangqianqian/project/FS/data/28gusui&pizang/03/11/cell_1761646291686_912349010008_54945_0100.png,13
/home/wangqianqian/project/FS/data/28gusui&pizang/03/01/cell_1761645701944_912349010008_8512_0100.png,13
/home/wangqianqian/project/FS/data/28gusui&pizang/03/13/cell_1761646394846_912349010008_63379_0100.png,13
/home/wangqianqian/project/FS/data/28gusui&pizang/03/10/cell_1761646241764_912349010008_50744_0100.png,13
/home/wangqianqian/project/FS/data/28gusui&pizang/03/12/cell_1761646368331_912349010008_61356_0100.png,13
/home/wangqianqian/project/FS/data/28gusui&pizang/03/21/cell_1761646874430_912349010008_103926_0100.png,13
/home/wangqianqian/project/FS/data/28gusui&pizang/03/02/cell_1761645721266_912349010008_9862_0000.png,13
/home/wangqianqian/project/FS/data/28gusui&pizang/03/19/cell_1761646784947_912349010008_96263_0000.png,13
/home/wangqianqian/project/FS/data/28gusui&pizang/03/03/cell_1761645802938_912349010008_15895_0000.png,13
/home/wangqianqian/project/FS/data/28gusui&pizang/03/14/cell_1761646493581_912349010008_72186_0000.png,13
/home/wangqianqian/project/FS/data/28gusui&pizang/03/21/cell_1761646880898_912349010008_104468_0000.png,13
/home/wangqianqian/project/FS/data/28gusui&pizang/03/08/cell_1761646082461_912349010008_38568_0000.png,13
/home/wangqianqian/project/FS/data/28gusui&pizang/03/03/cell_1761645796492_912349010008_15395_0100.png,13
/home/wangqianqian/project/FS/data/28gusui&pizang/03/03/cell_1761645832968_912349010008_18220_0100.png,13
/home/wangqianqian/project/FS/data/28gusui&pizang/03/18/cell_1761646733055_912349010008_92129_0100.png,13
/home/wangqianqian/project/FS/data/28gusui&pizang/03/08/cell_1761646124198_912349010008_41719_0100.png,13
/home/wangqianqian/project/FS/data/28gusui&pizang/03/16/cell_1761646601875_912349010008_80933_0100.png,13
/home/wangqianqian/project/FS/data/28gusui&pizang/03/03/cell_1761645783122_912349010008_14356_0100.png,13
/home/wangqianqian/project/FS/data/28gusui&pizang/03/11/cell_1761646284493_912349010008_54273_0100.png,13
/home/wangqianqian/project/FS/data/28gusui&pizang/03/17/cell_1761646633046_912349010008_83598_0000.png,13
/home/wangqianqian/project/FS/data/28gusui&pizang/03/20/cell_1761646840526_912349010008_101005_0000.png,13
/home/wangqianqian/project/FS/data/28gusui&pizang/03/19/cell_1761646789193_912349010008_96621_0000.png,13
/home/wangqianqian/project/FS/data/28gusui&pizang/03/17/cell_1761646676388_912349010008_87436_0100.png,13
/home/wangqianqian/project/FS/data/28gusui&pizang/03/06/cell_1761645963673_912349010008_28680_0100.png,13
/home/wangqianqian/project/FS/data/28gusui&pizang/03/07/cell_1761646032858_912349010008_34606_0100.png,13
/home/wangqianqian/project/FS/data/28gusui&pizang/03/04/cell_1761645855952_912349010008_20169_0000.png,13
/home/wangqianqian/project/FS/data/28gusui&pizang/03/07/cell_1761646028425_912349010008_34206_0100.png,13
/home/wangqianqian/project/FS/data/28gusui&pizang/03/20/cell_1761646820244_912349010008_99324_0000.png,13
/home/wangqianqian/project/FS/data/28gusui&pizang/03/15/cell_1761646501805_912349010008_72974_0000.png,13
/home/wangqianqian/project/FS/data/28gusui&pizang/03/14/cell_1761646471384_912349010008_70075_0000.png,13
/home/wangqianqian/project/FS/data/28gusui&pizang/03/11/cell_1761646314340_912349010008_56916_0000.png,13
/home/wangqianqian/project/FS/data/28gusui&pizang/03/16/cell_1761646606563_912349010008_81353_0100.png,13
/home/wangqianqian/project/FS/data/28gusui&pizang/03/17/cell_1761646635053_912349010008_83779_0100.png,13
/home/wangqianqian/project/FS/data/28gusui&pizang/03/15/cell_1761646534238_912349010008_75598_0100.png,13
/home/wangqianqian/project/FS/data/28gusui&pizang/03/21/cell_1761646861671_912349010008_102869_0100.png,13
/home/wangqianqian/project/FS/data/28gusui&pizang/03/20/cell_1761646840814_912349010008_101030_0000.png,13
/home/wangqianqian/project/FS/data/28gusui&pizang/03/11/cell_1761646290423_912349010008_54826_0000.png,13
/home/wangqianqian/project/FS/data/28gusui&pizang/03/13/cell_1761646388181_912349010008_62912_0000.png,13
/home/wangqianqian/project/FS/data/28gusui&pizang/03/05/cell_1761645953601_912349010008_27908_0000.png,13
/home/wangqianqian/project/FS/data/28gusui&pizang/03/18/cell_1761646732415_912349010008_92045_0100.png,13
/home/wangqianqian/project/FS/data/28gusui&pizang/03/09/cell_1761646164488_912349010008_44644_0100.png,13
/home/wangqianqian/project/FS/data/28gusui&pizang/03/04/cell_1761645854454_912349010008_20032_0100.png,13
/home/wangqianqian/project/FS/data/28gusui&pizang/03/10/cell_1761646216873_912349010008_48691_0000.png,13
/home/wangqianqian/project/FS/data/28gusui&pizang/03/13/cell_1761646394846_912349010008_63379_0000.png,13
/home/wangqianqian/project/FS/data/28gusui&pizang/03/12/cell_1761646370731_912349010008_61559_0100.png,13
/home/wangqianqian/project/FS/data/28gusui&pizang/03/04/cell_1761645849773_912349010008_19615_0000.png,13
/home/wangqianqian/project/FS/data/28gusui&pizang/03/02/cell_1761645764722_912349010008_12986_0000.png,13
/home/wangqianqian/project/FS/data/28gusui&pizang/03/19/cell_1761646740733_912349010008_92754_0100.png,13
/home/wangqianqian/project/FS/data/28gusui&pizang/03/20/cell_1761646803063_912349010008_97866_0000.png,13
/home/wangqianqian/project/FS/data/28gusui&pizang/03/06/cell_1761646015550_912349010008_33087_0100.png,13
/home/wangqianqian/project/FS/data/28gusui&pizang/03/10/cell_1761646247200_912349010008_51245_0000.png,13
/home/wangqianqian/project/FS/data/28gusui&pizang/03/09/cell_1761646155954_912349010008_44014_0100.png,13
/home/wangqianqian/project/FS/data/28gusui&pizang/03/02/cell_1761645760594_912349010008_12722_0000.png,13
/home/wangqianqian/project/FS/data/28gusui&pizang/03/06/cell_1761645993002_912349010008_31131_0000.png,13
/home/wangqianqian/project/FS/data/28gusui&pizang/03/16/cell_1761646561205_912349010008_77814_0100.png,13
/home/wangqianqian/project/FS/data/28gusui&pizang/03/13/cell_1761646392822_912349010008_63232_0000.png,13
/home/wangqianqian/project/FS/data/28gusui&pizang/03/13/cell_1761646423018_912349010008_65663_0100.png,14
/home/wangqianqian/project/FS/data/28gusui&pizang/03/04/cell_1761645886064_912349010008_22767_0100.png,14
/home/wangqianqian/project/FS/data/28gusui&pizang/03/11/cell_1761646297040_912349010008_55461_0000.png,14
/home/wangqianqian/project/FS/data/28gusui&pizang/03/09/cell_1761646184718_912349010008_46164_0000.png,14
/home/wangqianqian/project/FS/data/28gusui&pizang/03/20/cell_1761646800308_912349010008_97606_0000.png,14
/home/wangqianqian/project/FS/data/28gusui&pizang/03/04/cell_1761645844897_912349010008_19143_0100.png,14
/home/wangqianqian/project/FS/data/28gusui&pizang/03/13/cell_1761646386797_912349010008_62798_0100.png,14
/home/wangqianqian/project/FS/data/28gusui&pizang/03/06/cell_1761646014080_912349010008_32951_0000.png,14
/home/wangqianqian/project/FS/data/28gusui&pizang/03/01/cell_1761645716240_912349010008_9475_0000.png,14
/home/wangqianqian/project/FS/data/28gusui&pizang/03/16/cell_1761646619628_912349010008_82430_0100.png,14
/home/wangqianqian/project/FS/data/28gusui&pizang/03/15/cell_1761646536454_912349010008_75790_0000.png,14
/home/wangqianqian/project/FS/data/28gusui&pizang/03/18/cell_1761646730659_912349010008_91915_0100.png,14
/home/wangqianqian/project/FS/data/28gusui&pizang/03/04/cell_1761645857268_912349010008_20307_0000.png,14
/home/wangqianqian/project/FS/data/28gusui&pizang/03/01/cell_1761645690691_912349010008_7884_0100.png,14
/home/wangqianqian/project/FS/data/28gusui&pizang/03/18/cell_1761646736524_912349010008_92406_0100.png,14
/home/wangqianqian/project/FS/data/28gusui&pizang/03/09/cell_1761646148636_912349010008_43417_0000.png,14
/home/wangqianqian/project/FS/data/28gusui&pizang/03/09/cell_1761646197723_912349010008_47142_0000.png,14
/home/wangqianqian/project/FS/data/28gusui&pizang/03/07/cell_1761646042514_912349010008_35410_0000.png,14
/home/wangqianqian/project/FS/data/28gusui&pizang/03/10/cell_1761646230727_912349010008_49828_0100.png,14
/home/wangqianqian/project/FS/data/28gusui&pizang/03/01/cell_1761645717221_912349010008_9536_0000.png,14
/home/wangqianqian/project/FS/data/28gusui&pizang/03/13/cell_1761646408256_912349010008_64399_0000.png,14
/home/wangqianqian/project/FS/data/28gusui&pizang/03/13/cell_1761646438793_912349010008_67146_0000.png,14
/home/wangqianqian/project/FS/data/28gusui&pizang/03/11/cell_1761646291700_912349010008_54946_0000.png,14
/home/wangqianqian/project/FS/data/28gusui&pizang/03/13/cell_1761646384457_912349010008_62646_0100.png,14
/home/wangqianqian/project/FS/data/28gusui&pizang/03/06/cell_1761646015552_912349010008_33089_0000.png,14
/home/wangqianqian/project/FS/data/28gusui&pizang/03/13/cell_1761646438487_912349010008_67120_0100.png,14
/home/wangqianqian/project/FS/data/28gusui&pizang/03/03/cell_1761645804266_912349010008_15989_0000.png,14
/home/wangqianqian/project/FS/data/28gusui&pizang/03/04/cell_1761645884165_912349010008_22618_0000.png,14
/home/wangqianqian/project/FS/data/28gusui&pizang/03/21/cell_1761646880714_912349010008_104452_0000.png,14
/home/wangqianqian/project/FS/data/28gusui&pizang/03/08/cell_1761646131840_912349010008_42243_0000.png,14
/home/wangqianqian/project/FS/data/28gusui&pizang/03/13/cell_1761646426308_912349010008_65954_0000.png,14
/home/wangqianqian/project/FS/data/28gusui&pizang/03/02/cell_1761645743081_912349010008_11420_0000.png,14
/home/wangqianqian/project/FS/data/28gusui&pizang/03/19/cell_1761646770668_912349010008_95118_0000.png,14
/home/wangqianqian/project/FS/data/28gusui&pizang/03/14/cell_1761646442990_912349010008_67500_0000.png,14
/home/wangqianqian/project/FS/data/28gusui&pizang/03/06/cell_1761645961301_912349010008_28493_0000.png,14
/home/wangqianqian/project/FS/data/28gusui&pizang/03/07/cell_1761646035489_912349010008_34814_0100.png,14
/home/wangqianqian/project/FS/data/28gusui&pizang/03/04/cell_1761645888052_912349010008_22904_0000.png,14
/home/wangqianqian/project/FS/data/28gusui&pizang/03/07/cell_1761646047697_912349010008_35861_0000.png,14
/home/wangqianqian/project/FS/data/28gusui&pizang/03/18/cell_1761646722505_912349010008_91177_0100.png,14
/home/wangqianqian/project/FS/data/28gusui&pizang/03/19/cell_1761646749270_912349010008_93408_0100.png,14
/home/wangqianqian/project/FS/data/28gusui&pizang/03/13/cell_1761646430143_912349010008_66372_0000.png,14
/home/wangqianqian/project/FS/data/28gusui&pizang/03/19/cell_1761646754399_912349010008_93826_0100.png,14
/home/wangqianqian/project/FS/data/28gusui&pizang/03/21/cell_1761646892634_912349010008_105376_0100.png,14
/home/wangqianqian/project/FS/data/28gusui&pizang/03/10/cell_1761646209017_912349010008_48011_0000.png,14
/home/wangqianqian/project/FS/data/28gusui&pizang/03/10/cell_1761646228291_912349010008_49634_0000.png,14
/home/wangqianqian/project/FS/data/28gusui&pizang/03/05/cell_1761645942957_912349010008_27023_0000.png,14
/home/wangqianqian/project/FS/data/28gusui&pizang/03/07/cell_1761646055753_912349010008_36612_0000.png,14
/home/wangqianqian/project/FS/data/28gusui&pizang/03/16/cell_1761646587875_912349010008_79771_0100.png,14
/home/wangqianqian/project/FS/data/28gusui&pizang/03/15/cell_1761646518421_912349010008_74343_0000.png,14
/home/wangqianqian/project/FS/data/28gusui&pizang/03/14/cell_1761646488839_912349010008_71728_0100.png,14
/home/wangqianqian/project/FS/data/28gusui&pizang/03/02/cell_1761645723719_912349010008_10052_0100.png,14
/home/wangqianqian/project/FS/data/28gusui&pizang/03/11/cell_1761646303590_912349010008_56028_0000.png,14
/home/wangqianqian/project/FS/data/28gusui&pizang/03/02/cell_1761645739026_912349010008_11056_0100.png,14
/home/wangqianqian/project/FS/data/28gusui&pizang/03/07/cell_1761646028083_912349010008_34176_0000.png,14
/home/wangqianqian/project/FS/data/28gusui&pizang/03/08/cell_1761646085302_912349010008_38783_0000.png,14
/home/wangqianqian/project/FS/data/28gusui&pizang/03/16/cell_1761646614214_912349010008_81947_0100.png,14
/home/wangqianqian/project/FS/data/28gusui&pizang/03/10/cell_1761646210881_912349010008_48163_0000.png,14
/home/wangqianqian/project/FS/data/28gusui&pizang/03/19/cell_1761646747942_912349010008_93306_0000.png,14
/home/wangqianqian/project/FS/data/28gusui&pizang/03/08/cell_1761646107461_912349010008_40484_0000.png,14
/home/wangqianqian/project/FS/data/28gusui&pizang/03/14/cell_1761646462835_912349010008_69305_0000.png,14
/home/wangqianqian/project/FS/data/28gusui&pizang/03/14/cell_1761646460496_912349010008_69125_0000.png,14
/home/wangqianqian/project/FS/data/28gusui&pizang/03/21/cell_1761646903035_912349010008_106246_0100.png,14
/home/wangqianqian/project/FS/data/28gusui&pizang/03/13/cell_1761646422794_912349010008_65621_0000.png,14
/home/wangqianqian/project/FS/data/28gusui&pizang/03/03/cell_1761645808428_912349010008_16318_0000.png,14
/home/wangqianqian/project/FS/data/28gusui&pizang/03/18/cell_1761646737454_912349010008_92493_0100.png,14
/home/wangqianqian/project/FS/data/28gusui&pizang/03/12/cell_1761646325203_912349010008_57820_0000.png,14
/home/wangqianqian/project/FS/data/28gusui&pizang/03/20/cell_1761646802439_912349010008_97801_0000.png,14
/home/wangqianqian/project/FS/data/28gusui&pizang/03/12/cell_1761646350931_912349010008_59924_0000.png,14
/home/wangqianqian/project/FS/data/28gusui&pizang/03/17/cell_1761646642445_912349010008_84411_0000.png,14
/home/wangqianqian/project/FS/data/28gusui&pizang/03/04/cell_1761645876947_912349010008_22023_0000.png,14
/home/wangqianqian/project/FS/data/28gusui&pizang/03/09/cell_1761646198600_912349010008_47222_0000.png,14
/home/wangqianqian/project/FS/data/28gusui&pizang/03/15/cell_1761646538718_912349010008_75985_0100.png,14
/home/wangqianqian/project/FS/data/28gusui&pizang/03/12/cell_1761646376807_912349010008_62035_0000.png,14
/home/wangqianqian/project/FS/data/28gusui&pizang/03/20/cell_1761646800189_912349010008_97595_0100.png,14
/home/wangqianqian/project/FS/data/28gusui&pizang/03/01/cell_1761645695176_912349010008_8099_0000.png,14
/home/wangqianqian/project/FS/data/28gusui&pizang/03/08/cell_1761646114246_912349010008_41014_0000.png,14
/home/wangqianqian/project/FS/data/28gusui&pizang/03/03/cell_1761645812252_912349010008_16603_0100.png,14
/home/wangqianqian/project/FS/data/28gusui&pizang/03/14/cell_1761646483886_912349010008_71195_0000.png,14
/home/wangqianqian/project/FS/data/28gusui&pizang/03/20/cell_1761646834602_912349010008_100523_0000.png,14
/home/wangqianqian/project/FS/data/28gusui&pizang/03/03/cell_1761645809165_912349010008_16370_0000.png,14
/home/wangqianqian/project/FS/data/28gusui&pizang/03/03/cell_1761645834155_912349010008_18299_0000.png,14
/home/wangqianqian/project/FS/data/28gusui&pizang/03/12/cell_1761646344382_912349010008_59347_0000.png,14
/home/wangqianqian/project/FS/data/28gusui&pizang/03/18/cell_1761646733336_912349010008_92164_0000.png,14
/home/wangqianqian/project/FS/data/28gusui&pizang/03/20/cell_1761646850070_912349010008_101802_0000.png,14
/home/wangqianqian/project/FS/data/28gusui&pizang/03/18/cell_1761646724534_912349010008_91367_0000.png,14
/home/wangqianqian/project/FS/data/28gusui&pizang/03/17/cell_1761646645637_912349010008_84685_0000.png,14
/home/wangqianqian/project/FS/data/28gusui&pizang/03/18/cell_1761646726550_912349010008_91543_0100.png,14
/home/wangqianqian/project/FS/data/28gusui&pizang/03/14/cell_1761646444814_912349010008_67662_0000.png,14
/home/wangqianqian/project/FS/data/28gusui&pizang/03/14/cell_1761646482498_912349010008_71079_0000.png,14
/home/wangqianqian/project/FS/data/28gusui&pizang/03/01/cell_1761645695036_912349010008_8093_0000.png,14
/home/wangqianqian/project/FS/data/28gusui&pizang/03/10/cell_1761646252670_912349010008_51619_0000.png,14
/home/wangqianqian/project/FS/data/28gusui&pizang/03/20/cell_1761646836913_912349010008_100713_0100.png,14
/home/wangqianqian/project/FS/data/28gusui&pizang/03/07/cell_1761646024815_912349010008_33880_0000.png,14
/home/wangqianqian/project/FS/data/28gusui&pizang/03/07/cell_1761646051729_912349010008_36269_0000.png,14
/home/wangqianqian/project/FS/data/28gusui&pizang/03/06/cell_1761645971803_912349010008_29354_0000.png,14
/home/wangqianqian/project/FS/data/28gusui&pizang/03/05/cell_1761645957233_912349010008_28176_0000.png,14
/home/wangqianqian/project/FS/data/28gusui&pizang/03/16/cell_1761646604879_912349010008_81214_0100.png,14
/home/wangqianqian/project/FS/data/28gusui&pizang/03/13/cell_1761646413312_912349010008_64809_0000.png,14
/home/wangqianqian/project/FS/data/28gusui&pizang/03/07/cell_1761646060099_912349010008_36958_0000.png,14
/home/wangqianqian/project/FS/data/28gusui&pizang/03/15/cell_1761646522328_912349010008_74685_0100.png,14
/home/wangqianqian/project/FS/data/28gusui&pizang/03/11/cell_1761646315723_912349010008_57030_0000.png,15
/home/wangqianqian/project/FS/data/28gusui&pizang/03/02/cell_1761645759022_912349010008_12608_0000.png,15
/home/wangqianqian/project/FS/data/28gusui&pizang/03/12/cell_1761646331167_912349010008_58307_0100.png,15
/home/wangqianqian/project/FS/data/28gusui&pizang/03/11/cell_1761646288497_912349010008_54653_0000.png,15
/home/wangqianqian/project/FS/data/28gusui&pizang/03/11/cell_1761646319665_912349010008_57393_0000.png,15
/home/wangqianqian/project/FS/data/28gusui&pizang/03/08/cell_1761646138289_912349010008_42679_0100.png,15
/home/wangqianqian/project/FS/data/28gusui&pizang/03/05/cell_1761645953992_912349010008_27928_0000.png,15
/home/wangqianqian/project/FS/data/28gusui&pizang/03/01/cell_1761645687512_912349010008_7711_0000.png,15
/home/wangqianqian/project/FS/data/28gusui&pizang/03/02/cell_1761645769057_912349010008_13276_0100.png,15
/home/wangqianqian/project/FS/data/28gusui&pizang/03/18/cell_1761646708168_912349010008_90058_0000.png,15
/home/wangqianqian/project/FS/data/28gusui&pizang/03/06/cell_1761646003047_912349010008_31942_0000.png,15
/home/wangqianqian/project/FS/data/28gusui&pizang/03/17/cell_1761646653605_912349010008_85399_0000.png,15
/home/wangqianqian/project/FS/data/28gusui&pizang/03/05/cell_1761645948965_912349010008_27547_0000.png,15
/home/wangqianqian/project/FS/data/28gusui&pizang/03/15/cell_1761646500017_912349010008_72822_0100.png,15
/home/wangqianqian/project/FS/data/28gusui&pizang/03/21/cell_1761646876423_912349010008_104088_0100.png,15
/home/wangqianqian/project/FS/data/28gusui&pizang/03/04/cell_1761645884849_912349010008_22659_0000.png,15
/home/wangqianqian/project/FS/data/28gusui&pizang/03/07/cell_1761646021305_912349010008_33601_0100.png,15
/home/wangqianqian/project/FS/data/28gusui&pizang/03/13/cell_1761646403343_912349010008_64022_0100.png,15
/home/wangqianqian/project/FS/data/28gusui&pizang/03/01/cell_1761645707793_912349010008_8889_0000.png,15
/home/wangqianqian/project/FS/data/28gusui&pizang/03/13/cell_1761646403603_912349010008_64041_0000.png,15
/home/wangqianqian/project/FS/data/28gusui&pizang/03/11/cell_1761646292368_912349010008_55012_0100.png,15
/home/wangqianqian/project/FS/data/28gusui&pizang/03/08/cell_1761646121434_912349010008_41518_0000.png,15
/home/wangqianqian/project/FS/data/28gusui&pizang/03/19/cell_1761646758259_912349010008_94128_0100.png,15
/home/wangqianqian/project/FS/data/28gusui&pizang/03/14/cell_1761646467531_912349010008_69740_0100.png,15
/home/wangqianqian/project/FS/data/28gusui&pizang/03/11/cell_1761646317975_912349010008_57244_0100.png,15
/home/wangqianqian/project/FS/data/28gusui&pizang/03/16/cell_1761646610273_912349010008_81615_0000.png,15
/home/wangqianqian/project/FS/data/28gusui&pizang/03/02/cell_1761645724038_912349010008_10074_0000.png,15
/home/wangqianqian/project/FS/data/28gusui&pizang/03/14/cell_1761646493717_912349010008_72204_0000.png,15
/home/wangqianqian/project/FS/data/28gusui&pizang/03/16/cell_1761646583371_912349010008_79441_0100.png,15
/home/wangqianqian/project/FS/data/28gusui&pizang/03/21/cell_1761646872593_912349010008_103789_0000.png,15
/home/wangqianqian/project/FS/data/28gusui&pizang/03/14/cell_1761646471085_912349010008_70052_0000.png,15
/home/wangqianqian/project/FS/data/28gusui&pizang/03/04/cell_1761645843559_912349010008_19024_0100.png,15
/home/wangqianqian/project/FS/data/28gusui&pizang/03/10/cell_1761646247882_912349010008_51303_0000.png,15
/home/wangqianqian/project/FS/data/28gusui&pizang/03/15/cell_1761646541045_912349010008_76191_0000.png,15
/home/wangqianqian/project/FS/data/28gusui&pizang/03/08/cell_1761646091006_912349010008_39252_0000.png,15
/home/wangqianqian/project/FS/data/28gusui&pizang/03/19/cell_1761646763708_912349010008_94545_0100.png,15
/home/wangqianqian/project/FS/data/28gusui&pizang/03/16/cell_1761646568727_912349010008_78315_0000.png,15
/home/wangqianqian/project/FS/data/28gusui&pizang/03/10/cell_1761646211588_912349010008_48227_0100.png,15
/home/wangqianqian/project/FS/data/28gusui&pizang/03/19/cell_1761646752424_912349010008_93657_0100.png,15
/home/wangqianqian/project/FS/data/28gusui&pizang/03/12/cell_1761646370186_912349010008_61510_0000.png,15
/home/wangqianqian/project/FS/data/28gusui&pizang/03/21/cell_1761646897242_912349010008_105761_0100.png,15
/home/wangqianqian/project/FS/data/28gusui&pizang/03/07/cell_1761646025112_912349010008_33902_0100.png,15
/home/wangqianqian/project/FS/data/28gusui&pizang/03/20/cell_1761646804900_912349010008_98022_0100.png,15
/home/wangqianqian/project/FS/data/28gusui&pizang/03/02/cell_1761645767880_912349010008_13199_0000.png,15
/home/wangqianqian/project/FS/data/28gusui&pizang/03/13/cell_1761646414884_912349010008_64921_0000.png,15
/home/wangqianqian/project/FS/data/28gusui&pizang/03/08/cell_1761646125012_912349010008_41771_0100.png,15
/home/wangqianqian/project/FS/data/28gusui&pizang/03/03/cell_1761645816907_912349010008_16964_0000.png,15
/home/wangqianqian/project/FS/data/28gusui&pizang/03/19/cell_1761646776811_912349010008_95652_0100.png,15
/home/wangqianqian/project/FS/data/28gusui&pizang/03/11/cell_1761646301502_912349010008_55848_0000.png,15
/home/wangqianqian/project/FS/data/28gusui&pizang/03/18/cell_1761646682387_912349010008_87957_0000.png,15
/home/wangqianqian/project/FS/data/28gusui&pizang/03/21/cell_1761646879243_912349010008_104313_0000.png,15
/home/wangqianqian/project/FS/data/28gusui&pizang/03/11/cell_1761646295103_912349010008_55264_0000.png,15
/home/wangqianqian/project/FS/data/28gusui&pizang/03/19/cell_1761646748076_912349010008_93317_0100.png,15
/home/wangqianqian/project/FS/data/28gusui&pizang/03/15/cell_1761646547882_912349010008_76769_0000.png,15
/home/wangqianqian/project/FS/data/28gusui&pizang/03/04/cell_1761645858806_912349010008_20430_0100.png,15
/home/wangqianqian/project/FS/data/28gusui&pizang/03/12/cell_1761646360035_912349010008_60663_0000.png,15
/home/wangqianqian/project/FS/data/28gusui&pizang/03/06/cell_1761645962622_912349010008_28604_0100.png,15
/home/wangqianqian/project/FS/data/28gusui&pizang/03/16/cell_1761646573829_912349010008_78741_0100.png,15
/home/wangqianqian/project/FS/data/28gusui&pizang/03/21/cell_1761646910725_912349010008_106874_0100.png,15
/home/wangqianqian/project/FS/data/28gusui&pizang/03/21/cell_1761646912778_912349010008_107053_0100.png,15
/home/wangqianqian/project/FS/data/28gusui&pizang/03/13/cell_1761646410872_912349010008_64614_0000.png,15
/home/wangqianqian/project/FS/data/28gusui&pizang/03/08/cell_1761646100625_912349010008_39970_0100.png,15
/home/wangqianqian/project/FS/data/28gusui&pizang/03/13/cell_1761646425367_912349010008_65865_0000.png,15
/home/wangqianqian/project/FS/data/28gusui&pizang/03/17/cell_1761646659575_912349010008_85903_0000.png,15
/home/wangqianqian/project/FS/data/28gusui&pizang/03/18/cell_1761646739329_912349010008_92643_0000.png,15
/home/wangqianqian/project/FS/data/28gusui&pizang/03/02/cell_1761645735774_912349010008_10841_0100.png,15
/home/wangqianqian/project/FS/data/28gusui&pizang/03/07/cell_1761646065489_912349010008_37366_0100.png,15
/home/wangqianqian/project/FS/data/28gusui&pizang/03/21/cell_1761646919676_912349010008_107610_0100.png,15
/home/wangqianqian/project/FS/data/28gusui&pizang/03/03/cell_1761645805863_912349010008_16115_0000.png,15
/home/wangqianqian/project/FS/data/28gusui&pizang/03/12/cell_1761646333916_912349010008_58542_0000.png,15
/home/wangqianqian/project/FS/data/28gusui&pizang/03/05/cell_1761645921162_912349010008_25300_0100.png,15
/home/wangqianqian/project/FS/data/28gusui&pizang/03/18/cell_1761646702399_912349010008_89631_0000.png,15
/home/wangqianqian/project/FS/data/28gusui&pizang/03/15/cell_1761646526993_912349010008_75062_0000.png,15
/home/wangqianqian/project/FS/data/28gusui&pizang/03/04/cell_1761645893652_912349010008_23295_0000.png,15
/home/wangqianqian/project/FS/data/28gusui&pizang/03/06/cell_1761646005480_912349010008_32133_0000.png,15
/home/wangqianqian/project/FS/data/28gusui&pizang/03/17/cell_1761646648857_912349010008_84992_0000.png,15
/home/wangqianqian/project/FS/data/28gusui&pizang/03/17/cell_1761646677660_912349010008_87563_0100.png,15
/home/wangqianqian/project/FS/data/28gusui&pizang/03/09/cell_1761646195031_912349010008_46906_0000.png,15
/home/wangqianqian/project/FS/data/28gusui&pizang/03/07/cell_1761646036084_912349010008_34859_0000.png,15
/home/wangqianqian/project/FS/data/28gusui&pizang/03/11/cell_1761646313806_912349010008_56865_0000.png,15
/home/wangqianqian/project/FS/data/28gusui&pizang/03/09/cell_1761646196623_912349010008_47044_0100.png,15
/home/wangqianqian/project/FS/data/28gusui&pizang/03/09/cell_1761646153697_912349010008_43833_0100.png,15
/home/wangqianqian/project/FS/data/28gusui&pizang/03/13/cell_1761646405294_912349010008_64169_0000.png,15
/home/wangqianqian/project/FS/data/28gusui&pizang/03/07/cell_1761646053323_912349010008_36414_0000.png,15
/home/wangqianqian/project/FS/data/28gusui&pizang/03/15/cell_1761646501446_912349010008_72941_0000.png,15
/home/wangqianqian/project/FS/data/28gusui&pizang/03/16/cell_1761646562009_912349010008_77869_0000.png,15
/home/wangqianqian/project/FS/data/28gusui&pizang/03/19/cell_1761646748544_912349010008_93355_0000.png,15
/home/wangqianqian/project/FS/data/28gusui&pizang/03/05/cell_1761645957937_912349010008_28232_0000.png,15
/home/wangqianqian/project/FS/data/28gusui&pizang/03/19/cell_1761646746913_912349010008_93241_0000.png,15
/home/wangqianqian/project/FS/data/28gusui&pizang/03/12/cell_1761646377705_912349010008_62114_0000.png,15
/home/wangqianqian/project/FS/data/28gusui&pizang/03/21/cell_1761646911240_912349010008_106920_0000.png,15
/home/wangqianqian/project/FS/data/28gusui&pizang/03/10/cell_1761646214853_912349010008_48530_0000.png,15
/home/wangqianqian/project/FS/data/28gusui&pizang/03/09/cell_1761646174292_912349010008_45328_0100.png,15
/home/wangqianqian/project/FS/data/28gusui&pizang/03/19/cell_1761646765408_912349010008_94677_0000.png,15
/home/wangqianqian/project/FS/data/28gusui&pizang/03/14/cell_1761646445703_912349010008_67754_0100.png,15
/home/wangqianqian/project/FS/data/28gusui&pizang/03/02/cell_1761645768464_912349010008_13247_0000.png,15
/home/wangqianqian/project/FS/data/28gusui&pizang/03/08/cell_1761646139199_912349010008_42754_0000.png,15
/home/wangqianqian/project/FS/data/28gusui&pizang/03/07/cell_1761646030133_912349010008_34360_0000.png,15
/home/wangqianqian/project/FS/data/28gusui&pizang/03/03/cell_1761645824333_912349010008_17609_0000.png,15
/home/wangqianqian/project/FS/data/28gusui&pizang/03/07/cell_1761646040041_912349010008_35188_0000.png,15
/home/wangqianqian/project/FS/data/28gusui&pizang/03/21/cell_1761646863887_912349010008_103088_0100.png,16
/home/wangqianqian/project/FS/data/28gusui&pizang/03/15/cell_1761646517910_912349010008_74299_0000.png,16
/home/wangqianqian/project/FS/data/28gusui&pizang/03/08/cell_1761646085443_912349010008_38806_0000.png,16
/home/wangqianqian/project/FS/data/28gusui&pizang/03/14/cell_1761646480925_912349010008_70921_0100.png,16
/home/wangqianqian/project/FS/data/28gusui&pizang/03/10/cell_1761646218092_912349010008_48787_0100.png,16
/home/wangqianqian/project/FS/data/28gusui&pizang/03/04/cell_1761645857027_912349010008_20276_0000.png,16
/home/wangqianqian/project/FS/data/28gusui&pizang/03/06/cell_1761645995475_912349010008_31328_0000.png,16
/home/wangqianqian/project/FS/data/28gusui&pizang/03/03/cell_1761645804425_912349010008_16004_0000.png,16
/home/wangqianqian/project/FS/data/28gusui&pizang/03/10/cell_1761646216427_912349010008_48653_0100.png,16
/home/wangqianqian/project/FS/data/28gusui&pizang/03/12/cell_1761646349678_912349010008_59807_0100.png,16
/home/wangqianqian/project/FS/data/28gusui&pizang/03/15/cell_1761646541994_912349010008_76266_0100.png,16
/home/wangqianqian/project/FS/data/28gusui&pizang/03/17/cell_1761646646840_912349010008_84829_0000.png,16
/home/wangqianqian/project/FS/data/28gusui&pizang/03/20/cell_1761646857851_912349010008_102521_0100.png,16
/home/wangqianqian/project/FS/data/28gusui&pizang/03/12/cell_1761646361382_912349010008_60785_0000.png,16
/home/wangqianqian/project/FS/data/28gusui&pizang/03/14/cell_1761646495992_912349010008_72443_0000.png,16
/home/wangqianqian/project/FS/data/28gusui&pizang/03/05/cell_1761645917586_912349010008_25061_0100.png,16
/home/wangqianqian/project/FS/data/28gusui&pizang/03/01/cell_1761645713017_912349010008_9199_0100.png,16
/home/wangqianqian/project/FS/data/28gusui&pizang/03/02/cell_1761645767349_912349010008_13162_0000.png,16
/home/wangqianqian/project/FS/data/28gusui&pizang/03/12/cell_1761646322632_912349010008_57582_0000.png,16
/home/wangqianqian/project/FS/data/28gusui&pizang/03/03/cell_1761645785893_912349010008_14587_0000.png,16
/home/wangqianqian/project/FS/data/28gusui&pizang/03/11/cell_1761646304829_912349010008_56121_0000.png,16
/home/wangqianqian/project/FS/data/28gusui&pizang/03/10/cell_1761646251568_912349010008_51557_0100.png,16
/home/wangqianqian/project/FS/data/28gusui&pizang/03/19/cell_1761646789088_912349010008_96608_0100.png,16
/home/wangqianqian/project/FS/data/28gusui&pizang/03/05/cell_1761645919141_912349010008_25167_0000.png,16
/home/wangqianqian/project/FS/data/28gusui&pizang/03/02/cell_1761645764788_912349010008_12996_0000.png,16
/home/wangqianqian/project/FS/data/28gusui&pizang/03/18/cell_1761646706594_912349010008_89938_0000.png,16
/home/wangqianqian/project/FS/data/28gusui&pizang/03/21/cell_1761646871962_912349010008_103751_0100.png,16
/home/wangqianqian/project/FS/data/28gusui&pizang/03/04/cell_1761645896300_912349010008_23472_0100.png,16
/home/wangqianqian/project/FS/data/28gusui&pizang/03/02/cell_1761645758293_912349010008_12555_0000.png,16
/home/wangqianqian/project/FS/data/28gusui&pizang/03/02/cell_1761645760521_912349010008_12715_0100.png,16
/home/wangqianqian/project/FS/data/28gusui&pizang/03/16/cell_1761646571664_912349010008_78572_0100.png,16
/home/wangqianqian/project/FS/data/28gusui&pizang/03/21/cell_1761646885084_912349010008_104793_0000.png,16
/home/wangqianqian/project/FS/data/28gusui&pizang/03/02/cell_1761645753352_912349010008_12169_0100.png,16
/home/wangqianqian/project/FS/data/28gusui&pizang/03/16/cell_1761646593329_912349010008_80226_0000.png,16
/home/wangqianqian/project/FS/data/28gusui&pizang/03/03/cell_1761645816450_912349010008_16940_0000.png,16
/home/wangqianqian/project/FS/data/28gusui&pizang/03/06/cell_1761646002014_912349010008_31859_0000.png,16
/home/wangqianqian/project/FS/data/28gusui&pizang/03/16/cell_1761646576859_912349010008_78979_0100.png,16
/home/wangqianqian/project/FS/data/28gusui&pizang/03/04/cell_1761645842524_912349010008_18942_0000.png,16
/home/wangqianqian/project/FS/data/28gusui&pizang/03/05/cell_1761645926678_912349010008_25783_0000.png,16
/home/wangqianqian/project/FS/data/28gusui&pizang/03/15/cell_1761646541806_912349010008_76247_0000.png,16
/home/wangqianqian/project/FS/data/28gusui&pizang/03/03/cell_1761645811511_912349010008_16541_0100.png,16
/home/wangqianqian/project/FS/data/28gusui&pizang/03/04/cell_1761645871544_912349010008_21539_0100.png,16
/home/wangqianqian/project/FS/data/28gusui&pizang/03/01/cell_1761645694917_912349010008_8081_0100.png,16
/home/wangqianqian/project/FS/data/28gusui&pizang/03/13/cell_1761646426081_912349010008_65925_0000.png,16
/home/wangqianqian/project/FS/data/28gusui&pizang/03/15/cell_1761646528141_912349010008_75133_0100.png,16
/home/wangqianqian/project/FS/data/28gusui&pizang/03/09/cell_1761646197001_912349010008_47089_0000.png,16
/home/wangqianqian/project/FS/data/28gusui&pizang/03/15/cell_1761646557951_912349010008_77559_0000.png,16
/home/wangqianqian/project/FS/data/28gusui&pizang/03/01/cell_1761645700152_912349010008_8407_0100.png,16
/home/wangqianqian/project/FS/data/28gusui&pizang/03/17/cell_1761646674919_912349010008_87298_0000.png,16
/home/wangqianqian/project/FS/data/28gusui&pizang/03/20/cell_1761646806150_912349010008_98134_0000.png,16
/home/wangqianqian/project/FS/data/28gusui&pizang/03/18/cell_1761646738917_912349010008_92613_0000.png,16
/home/wangqianqian/project/FS/data/28gusui&pizang/03/12/cell_1761646362899_912349010008_60952_0000.png,16
/home/wangqianqian/project/FS/data/28gusui&pizang/03/11/cell_1761646262585_912349010008_52412_0100.png,16
/home/wangqianqian/project/FS/data/28gusui&pizang/03/04/cell_1761645853953_912349010008_19985_0100.png,16
/home/wangqianqian/project/FS/data/28gusui&pizang/03/04/cell_1761645886335_912349010008_22779_0000.png,16
/home/wangqianqian/project/FS/data/28gusui&pizang/03/13/cell_1761646387815_912349010008_62873_0100.png,16
/home/wangqianqian/project/FS/data/28gusui&pizang/03/02/cell_1761645777770_912349010008_13945_0000.png,16
/home/wangqianqian/project/FS/data/28gusui&pizang/03/15/cell_1761646529104_912349010008_75205_0000.png,16
/home/wangqianqian/project/FS/data/28gusui&pizang/03/06/cell_1761645979728_912349010008_30060_0000.png,16
/home/wangqianqian/project/FS/data/28gusui&pizang/03/14/cell_1761646445068_912349010008_67692_0000.png,16
/home/wangqianqian/project/FS/data/28gusui&pizang/03/16/cell_1761646613538_912349010008_81879_0000.png,16
/home/wangqianqian/project/FS/data/28gusui&pizang/03/11/cell_1761646280961_912349010008_53976_0000.png,16
/home/wangqianqian/project/FS/data/28gusui&pizang/03/01/cell_1761645711935_912349010008_9134_0000.png,16
/home/wangqianqian/project/FS/data/28gusui&pizang/03/05/cell_1761645910645_912349010008_24561_0000.png,16
/home/wangqianqian/project/FS/data/28gusui&pizang/03/11/cell_1761646280514_912349010008_53930_0000.png,16
/home/wangqianqian/project/FS/data/28gusui&pizang/03/14/cell_1761646488249_912349010008_71659_0000.png,16
/home/wangqianqian/project/FS/data/28gusui&pizang/03/21/cell_1761646890040_912349010008_105171_0000.png,16
/home/wangqianqian/project/FS/data/28gusui&pizang/03/11/cell_1761646300599_912349010008_55780_0100.png,16
/home/wangqianqian/project/FS/data/28gusui&pizang/03/19/cell_1761646791495_912349010008_96803_0100.png,16
/home/wangqianqian/project/FS/data/28gusui&pizang/03/05/cell_1761645915421_912349010008_24912_0000.png,16
/home/wangqianqian/project/FS/data/28gusui&pizang/03/16/cell_1761646613660_912349010008_81902_0000.png,16
/home/wangqianqian/project/FS/data/28gusui&pizang/03/05/cell_1761645906050_912349010008_24227_0000.png,16
/home/wangqianqian/project/FS/data/28gusui&pizang/03/16/cell_1761646615374_912349010008_82052_0100.png,16
/home/wangqianqian/project/FS/data/28gusui&pizang/03/15/cell_1761646541239_912349010008_76206_0100.png,16
/home/wangqianqian/project/FS/data/28gusui&pizang/03/09/cell_1761646151064_912349010008_43632_0000.png,16
/home/wangqianqian/project/FS/data/28gusui&pizang/03/07/cell_1761646028808_912349010008_34236_0100.png,16
/home/wangqianqian/project/FS/data/28gusui&pizang/03/14/cell_1761646456046_912349010008_68708_0000.png,16
/home/wangqianqian/project/FS/data/28gusui&pizang/03/05/cell_1761645939723_912349010008_26747_0000.png,16
/home/wangqianqian/project/FS/data/28gusui&pizang/03/10/cell_1761646232592_912349010008_49988_0000.png,16
/home/wangqianqian/project/FS/data/28gusui&pizang/03/08/cell_1761646089537_912349010008_39143_0100.png,16
/home/wangqianqian/project/FS/data/28gusui&pizang/03/21/cell_1761646861708_912349010008_102876_0000.png,16
/home/wangqianqian/project/FS/data/28gusui&pizang/03/03/cell_1761645802608_912349010008_15865_0000.png,16
/home/wangqianqian/project/FS/data/28gusui&pizang/03/20/cell_1761646815041_912349010008_98898_0000.png,16
/home/wangqianqian/project/FS/data/28gusui&pizang/03/10/cell_1761646218092_912349010008_48787_0000.png,16
/home/wangqianqian/project/FS/data/28gusui&pizang/03/17/cell_1761646633939_912349010008_83672_0000.png,16
/home/wangqianqian/project/FS/data/28gusui&pizang/03/10/cell_1761646256584_912349010008_51941_0000.png,16
/home/wangqianqian/project/FS/data/28gusui&pizang/03/18/cell_1761646719580_912349010008_90954_0100.png,16
/home/wangqianqian/project/FS/data/28gusui&pizang/03/16/cell_1761646602155_912349010008_80959_0100.png,16
/home/wangqianqian/project/FS/data/28gusui&pizang/03/18/cell_1761646683312_912349010008_88056_0100.png,16
/home/wangqianqian/project/FS/data/28gusui&pizang/03/20/cell_1761646801639_912349010008_97731_0000.png,16
/home/wangqianqian/project/FS/data/28gusui&pizang/03/19/cell_1761646791134_912349010008_96772_0000.png,16
/home/wangqianqian/project/FS/data/28gusui&pizang/03/17/cell_1761646639143_912349010008_84129_0100.png,16
/home/wangqianqian/project/FS/data/28gusui&pizang/03/08/cell_1761646136946_912349010008_42588_0100.png,16
/home/wangqianqian/project/FS/data/28gusui&pizang/03/17/cell_1761646657428_912349010008_85721_0000.png,16
/home/wangqianqian/project/FS/data/28gusui&pizang/03/09/cell_1761646153817_912349010008_43846_0000.png,16
/home/wangqianqian/project/FS/data/28gusui&pizang/03/18/cell_1761646718257_912349010008_90852_0000.png,16
/home/wangqianqian/project/FS/data/28gusui&pizang/03/21/cell_1761646888214_912349010008_105008_0000.png,16
/home/wangqianqian/project/FS/data/28gusui&pizang/03/18/cell_1761646719556_912349010008_90951_0100.png,16
/home/wangqianqian/project/FS/data/28gusui&pizang/03/04/cell_1761645892473_912349010008_23205_0100.png,16
/home/wangqianqian/project/FS/data/28gusui&pizang/03/05/cell_1761645903707_912349010008_24031_0000.png,16
/home/wangqianqian/project/FS/data/28gusui&pizang/03/17/cell_1761646649120_912349010008_85027_0100.png,17
/home/wangqianqian/project/FS/data/28gusui&pizang/03/11/cell_1761646293181_912349010008_55093_0000.png,17
/home/wangqianqian/project/FS/data/28gusui&pizang/03/21/cell_1761646904055_912349010008_106311_0100.png,17
/home/wangqianqian/project/FS/data/28gusui&pizang/03/11/cell_1761646311180_912349010008_56638_0000.png,17
/home/wangqianqian/project/FS/data/28gusui&pizang/03/11/cell_1761646315284_912349010008_56993_0000.png,17
/home/wangqianqian/project/FS/data/28gusui&pizang/03/07/cell_1761646035882_912349010008_34844_0000.png,17
/home/wangqianqian/project/FS/data/28gusui&pizang/03/03/cell_1761645805339_912349010008_16081_0000.png,17
/home/wangqianqian/project/FS/data/28gusui&pizang/03/21/cell_1761646862351_912349010008_102926_0000.png,17
/home/wangqianqian/project/FS/data/28gusui&pizang/03/17/cell_1761646644976_912349010008_84626_0000.png,17
/home/wangqianqian/project/FS/data/28gusui&pizang/03/16/cell_1761646586981_912349010008_79703_0100.png,17
/home/wangqianqian/project/FS/data/28gusui&pizang/03/15/cell_1761646500700_912349010008_72875_0000.png,17
/home/wangqianqian/project/FS/data/28gusui&pizang/03/07/cell_1761646046112_912349010008_35719_0100.png,17
/home/wangqianqian/project/FS/data/28gusui&pizang/03/02/cell_1761645727045_912349010008_10252_0000.png,17
/home/wangqianqian/project/FS/data/28gusui&pizang/03/11/cell_1761646280327_912349010008_53909_0000.png,17
/home/wangqianqian/project/FS/data/28gusui&pizang/03/15/cell_1761646553855_912349010008_77236_0000.png,17
/home/wangqianqian/project/FS/data/28gusui&pizang/03/16/cell_1761646572765_912349010008_78659_0100.png,17
/home/wangqianqian/project/FS/data/28gusui&pizang/03/11/cell_1761646288521_912349010008_54659_0000.png,17
/home/wangqianqian/project/FS/data/28gusui&pizang/03/04/cell_1761645888141_912349010008_22913_0000.png,17
/home/wangqianqian/project/FS/data/28gusui&pizang/03/04/cell_1761645892811_912349010008_23225_0000.png,17
/home/wangqianqian/project/FS/data/28gusui&pizang/03/21/cell_1761646877271_912349010008_104143_0100.png,17
/home/wangqianqian/project/FS/data/28gusui&pizang/03/18/cell_1761646710383_912349010008_90232_0000.png,17
/home/wangqianqian/project/FS/data/28gusui&pizang/03/04/cell_1761645847664_912349010008_19422_0100.png,17
/home/wangqianqian/project/FS/data/28gusui&pizang/03/10/cell_1761646252991_912349010008_51639_0100.png,17
/home/wangqianqian/project/FS/data/28gusui&pizang/03/15/cell_1761646557029_912349010008_77489_0100.png,17
/home/wangqianqian/project/FS/data/28gusui&pizang/03/21/cell_1761646917615_912349010008_107458_0100.png,17
/home/wangqianqian/project/FS/data/28gusui&pizang/03/15/cell_1761646519734_912349010008_74439_0100.png,17
/home/wangqianqian/project/FS/data/28gusui&pizang/03/06/cell_1761645963835_912349010008_28697_0000.png,17
/home/wangqianqian/project/FS/data/28gusui&pizang/03/21/cell_1761646863334_912349010008_103031_0000.png,17
/home/wangqianqian/project/FS/data/28gusui&pizang/03/07/cell_1761646079446_912349010008_38346_0100.png,17
/home/wangqianqian/project/FS/data/28gusui&pizang/03/14/cell_1761646472208_912349010008_70162_0100.png,17
/home/wangqianqian/project/FS/data/28gusui&pizang/03/06/cell_1761646004691_912349010008_32073_0100.png,17
/home/wangqianqian/project/FS/data/28gusui&pizang/03/17/cell_1761646653511_912349010008_85391_0100.png,17
/home/wangqianqian/project/FS/data/28gusui&pizang/03/06/cell_1761645985887_912349010008_30579_0000.png,17
/home/wangqianqian/project/FS/data/28gusui&pizang/03/10/cell_1761646257498_912349010008_52002_0100.png,17
/home/wangqianqian/project/FS/data/28gusui&pizang/03/08/cell_1761646118953_912349010008_41352_0000.png,17
/home/wangqianqian/project/FS/data/28gusui&pizang/03/10/cell_1761646201576_912349010008_47439_0000.png,17
/home/wangqianqian/project/FS/data/28gusui&pizang/03/19/cell_1761646780644_912349010008_95944_0000.png,17
/home/wangqianqian/project/FS/data/28gusui&pizang/03/19/cell_1761646776794_912349010008_95649_0000.png,17
/home/wangqianqian/project/FS/data/28gusui&pizang/03/10/cell_1761646215827_912349010008_48607_0100.png,17
/home/wangqianqian/project/FS/data/28gusui&pizang/03/13/cell_1761646420038_912349010008_65385_0000.png,17
/home/wangqianqian/project/FS/data/28gusui&pizang/03/17/cell_1761646633737_912349010008_83652_0000.png,17
/home/wangqianqian/project/FS/data/28gusui&pizang/03/14/cell_1761646448600_912349010008_68036_0000.png,17
/home/wangqianqian/project/FS/data/28gusui&pizang/03/19/cell_1761646765163_912349010008_94658_0100.png,17
/home/wangqianqian/project/FS/data/28gusui&pizang/03/17/cell_1761646663339_912349010008_86226_0100.png,17
/home/wangqianqian/project/FS/data/28gusui&pizang/03/19/cell_1761646767798_912349010008_94885_0100.png,17
/home/wangqianqian/project/FS/data/28gusui&pizang/03/04/cell_1761645844556_912349010008_19118_0100.png,17
/home/wangqianqian/project/FS/data/28gusui&pizang/03/12/cell_1761646333471_912349010008_58496_0000.png,17
/home/wangqianqian/project/FS/data/28gusui&pizang/03/12/cell_1761646370147_912349010008_61507_0100.png,17
/home/wangqianqian/project/FS/data/28gusui&pizang/03/13/cell_1761646416823_912349010008_65109_0100.png,17
/home/wangqianqian/project/FS/data/28gusui&pizang/03/06/cell_1761645990946_912349010008_30961_0000.png,17
/home/wangqianqian/project/FS/data/28gusui&pizang/03/07/cell_1761646056107_912349010008_36638_0000.png,17
/home/wangqianqian/project/FS/data/28gusui&pizang/03/18/cell_1761646719602_912349010008_90956_0100.png,17
/home/wangqianqian/project/FS/data/28gusui&pizang/03/16/cell_1761646593738_912349010008_80266_0000.png,17
/home/wangqianqian/project/FS/data/28gusui&pizang/03/10/cell_1761646251424_912349010008_51545_0000.png,17
/home/wangqianqian/project/FS/data/28gusui&pizang/03/06/cell_1761645999974_912349010008_31693_0000.png,17
/home/wangqianqian/project/FS/data/28gusui&pizang/03/17/cell_1761646657634_912349010008_85741_0000.png,17
/home/wangqianqian/project/FS/data/28gusui&pizang/03/07/cell_1761646048547_912349010008_35941_0000.png,17
/home/wangqianqian/project/FS/data/28gusui&pizang/03/17/cell_1761646656908_912349010008_85679_0100.png,17
/home/wangqianqian/project/FS/data/28gusui&pizang/03/02/cell_1761645726973_912349010008_10246_0000.png,17
/home/wangqianqian/project/FS/data/28gusui&pizang/03/08/cell_1761646106361_912349010008_40414_0100.png,17
/home/wangqianqian/project/FS/data/28gusui&pizang/03/03/cell_1761645790284_912349010008_14919_0100.png,17
/home/wangqianqian/project/FS/data/28gusui&pizang/03/19/cell_1761646741647_912349010008_92823_0000.png,17
/home/wangqianqian/project/FS/data/28gusui&pizang/03/03/cell_1761645825558_912349010008_17690_0000.png,17
/home/wangqianqian/project/FS/data/28gusui&pizang/03/18/cell_1761646720370_912349010008_91018_0000.png,17
/home/wangqianqian/project/FS/data/28gusui&pizang/03/04/cell_1761645854774_912349010008_20053_0000.png,17
/home/wangqianqian/project/FS/data/28gusui&pizang/03/02/cell_1761645769281_912349010008_13299_0100.png,17
/home/wangqianqian/project/FS/data/28gusui&pizang/03/10/cell_1761646248539_912349010008_51343_0100.png,17
/home/wangqianqian/project/FS/data/28gusui&pizang/03/11/cell_1761646280806_912349010008_53954_0100.png,17
/home/wangqianqian/project/FS/data/28gusui&pizang/03/14/cell_1761646446298_912349010008_67816_0000.png,17
/home/wangqianqian/project/FS/data/28gusui&pizang/03/14/cell_1761646490132_912349010008_71855_0000.png,17
/home/wangqianqian/project/FS/data/28gusui&pizang/03/21/cell_1761646877407_912349010008_104158_0100.png,17
/home/wangqianqian/project/FS/data/28gusui&pizang/03/13/cell_1761646397962_912349010008_63618_0000.png,17
/home/wangqianqian/project/FS/data/28gusui&pizang/03/18/cell_1761646688511_912349010008_88554_0100.png,17
/home/wangqianqian/project/FS/data/28gusui&pizang/03/14/cell_1761646492510_912349010008_72087_0000.png,17
/home/wangqianqian/project/FS/data/28gusui&pizang/03/10/cell_1761646248015_912349010008_51307_0100.png,17
/home/wangqianqian/project/FS/data/28gusui&pizang/03/17/cell_1761646641209_912349010008_84293_0100.png,17
/home/wangqianqian/project/FS/data/28gusui&pizang/03/14/cell_1761646442437_912349010008_67456_0000.png,17
/home/wangqianqian/project/FS/data/28gusui&pizang/03/07/cell_1761646039358_912349010008_35141_0100.png,17
/home/wangqianqian/project/FS/data/28gusui&pizang/03/09/cell_1761646140141_912349010008_42822_0100.png,17
/home/wangqianqian/project/FS/data/28gusui&pizang/03/02/cell_1761645748347_912349010008_11789_0000.png,17
/home/wangqianqian/project/FS/data/28gusui&pizang/03/20/cell_1761646843957_912349010008_101293_0000.png,17
/home/wangqianqian/project/FS/data/28gusui&pizang/03/12/cell_1761646374030_912349010008_61838_0100.png,17
/home/wangqianqian/project/FS/data/28gusui&pizang/03/13/cell_1761646395070_912349010008_63398_0000.png,17
/home/wangqianqian/project/FS/data/28gusui&pizang/03/07/cell_1761646031867_912349010008_34522_0100.png,17
/home/wangqianqian/project/FS/data/28gusui&pizang/03/03/cell_1761645788349_912349010008_14766_0000.png,17
/home/wangqianqian/project/FS/data/28gusui&pizang/03/21/cell_1761646906194_912349010008_106493_0100.png,17
/home/wangqianqian/project/FS/data/28gusui&pizang/03/08/cell_1761646082550_912349010008_38573_0000.png,17
/home/wangqianqian/project/FS/data/28gusui&pizang/03/04/cell_1761645863994_912349010008_20874_0100.png,17
/home/wangqianqian/project/FS/data/28gusui&pizang/03/17/cell_1761646640458_912349010008_84222_0000.png,17
/home/wangqianqian/project/FS/data/28gusui&pizang/03/01/cell_1761645704153_912349010008_8641_0100.png,17
/home/wangqianqian/project/FS/data/28gusui&pizang/03/15/cell_1761646544108_912349010008_76449_0000.png,17
/home/wangqianqian/project/FS/data/28gusui&pizang/03/10/cell_1761646209366_912349010008_48042_0100.png,17
/home/wangqianqian/project/FS/data/28gusui&pizang/03/14/cell_1761646497915_912349010008_72633_0100.png,17
/home/wangqianqian/project/FS/data/28gusui&pizang/03/07/cell_1761646025487_912349010008_33940_0000.png,17
/home/wangqianqian/project/FS/data/28gusui&pizang/03/10/cell_1761646200085_912349010008_47329_0000.png,17
/home/wangqianqian/project/FS/data/28gusui&pizang/03/09/cell_1761646167784_912349010008_44888_0100.png,17
/home/wangqianqian/project/FS/data/28gusui&pizang/03/21/cell_1761646905047_912349010008_106379_0000.png,17
/home/wangqianqian/project/FS/data/28gusui&pizang/03/12/cell_1761646329170_912349010008_58143_0000.png,17
/home/wangqianqian/project/FS/data/28gusui&pizang/03/02/cell_1761645774092_912349010008_13642_0000.png,17
/home/wangqianqian/project/FS/data/28gusui&pizang/03/13/cell_1761646421559_912349010008_65523_0100.png,17
/home/wangqianqian/project/FS/data/28gusui&pizang/03/03/cell_1761645784068_912349010008_14433_0000.png,18
/home/wangqianqian/project/FS/data/28gusui&pizang/03/14/cell_1761646450748_912349010008_68246_0000.png,18
/home/wangqianqian/project/FS/data/28gusui&pizang/03/21/cell_1761646892784_912349010008_105397_0100.png,18
/home/wangqianqian/project/FS/data/28gusui&pizang/03/19/cell_1761646798242_912349010008_97390_0000.png,18
/home/wangqianqian/project/FS/data/28gusui&pizang/03/05/cell_1761645907479_912349010008_24345_0100.png,18
/home/wangqianqian/project/FS/data/28gusui&pizang/03/06/cell_1761646004088_912349010008_32022_0000.png,18
/home/wangqianqian/project/FS/data/28gusui&pizang/03/04/cell_1761645859473_912349010008_20493_0100.png,18
/home/wangqianqian/project/FS/data/28gusui&pizang/03/05/cell_1761645954584_912349010008_27978_0000.png,18
/home/wangqianqian/project/FS/data/28gusui&pizang/03/15/cell_1761646546744_912349010008_76679_0000.png,18
/home/wangqianqian/project/FS/data/28gusui&pizang/03/12/cell_1761646370426_912349010008_61529_0000.png,18
/home/wangqianqian/project/FS/data/28gusui&pizang/03/10/cell_1761646202939_912349010008_47544_0100.png,18
/home/wangqianqian/project/FS/data/28gusui&pizang/03/09/cell_1761646140415_912349010008_42837_0000.png,18
/home/wangqianqian/project/FS/data/28gusui&pizang/03/09/cell_1761646199786_912349010008_47311_0000.png,18
/home/wangqianqian/project/FS/data/28gusui&pizang/03/11/cell_1761646305187_912349010008_56157_0100.png,18
/home/wangqianqian/project/FS/data/28gusui&pizang/03/05/cell_1761645944493_912349010008_27171_0100.png,18
/home/wangqianqian/project/FS/data/28gusui&pizang/03/05/cell_1761645928315_912349010008_25887_0000.png,18
/home/wangqianqian/project/FS/data/28gusui&pizang/03/13/cell_1761646400913_912349010008_63824_0100.png,18
/home/wangqianqian/project/FS/data/28gusui&pizang/03/08/cell_1761646085066_912349010008_38756_0000.png,18
/home/wangqianqian/project/FS/data/28gusui&pizang/03/06/cell_1761645977675_912349010008_29864_0000.png,18
/home/wangqianqian/project/FS/data/28gusui&pizang/03/20/cell_1761646812541_912349010008_98698_0100.png,18
/home/wangqianqian/project/FS/data/28gusui&pizang/03/21/cell_1761646887851_912349010008_104984_0100.png,18
/home/wangqianqian/project/FS/data/28gusui&pizang/03/10/cell_1761646251547_912349010008_51554_0000.png,18
/home/wangqianqian/project/FS/data/28gusui&pizang/03/15/cell_1761646538367_912349010008_75951_0100.png,18
/home/wangqianqian/project/FS/data/28gusui&pizang/03/20/cell_1761646855613_912349010008_102330_0100.png,18
/home/wangqianqian/project/FS/data/28gusui&pizang/03/13/cell_1761646414950_912349010008_64927_0000.png,18
/home/wangqianqian/project/FS/data/28gusui&pizang/03/11/cell_1761646298857_912349010008_55620_0000.png,18
/home/wangqianqian/project/FS/data/28gusui&pizang/03/17/cell_1761646667293_912349010008_86595_0100.png,18
/home/wangqianqian/project/FS/data/28gusui&pizang/03/10/cell_1761646229117_912349010008_49714_0000.png,18
/home/wangqianqian/project/FS/data/28gusui&pizang/03/16/cell_1761646591461_912349010008_80079_0100.png,18
/home/wangqianqian/project/FS/data/28gusui&pizang/03/03/cell_1761645808159_912349010008_16298_0100.png,18
/home/wangqianqian/project/FS/data/28gusui&pizang/03/02/cell_1761645761149_912349010008_12753_0100.png,18
/home/wangqianqian/project/FS/data/28gusui&pizang/03/17/cell_1761646661058_912349010008_86031_0000.png,18
/home/wangqianqian/project/FS/data/28gusui&pizang/03/02/cell_1761645739952_912349010008_11158_0000.png,18
/home/wangqianqian/project/FS/data/28gusui&pizang/03/20/cell_1761646852479_912349010008_102023_0100.png,18
/home/wangqianqian/project/FS/data/28gusui&pizang/03/09/cell_1761646155291_912349010008_43956_0100.png,18
/home/wangqianqian/project/FS/data/28gusui&pizang/03/10/cell_1761646224844_912349010008_49372_0000.png,18
/home/wangqianqian/project/FS/data/28gusui&pizang/03/15/cell_1761646514163_912349010008_73996_0100.png,18
/home/wangqianqian/project/FS/data/28gusui&pizang/03/11/cell_1761646316027_912349010008_57060_0100.png,18
/home/wangqianqian/project/FS/data/28gusui&pizang/03/02/cell_1761645765749_912349010008_13055_0100.png,18
/home/wangqianqian/project/FS/data/28gusui&pizang/03/10/cell_1761646221570_912349010008_49117_0100.png,18
/home/wangqianqian/project/FS/data/28gusui&pizang/03/02/cell_1761645758402_912349010008_12563_0100.png,18
/home/wangqianqian/project/FS/data/28gusui&pizang/03/17/cell_1761646633858_912349010008_83667_0100.png,18
/home/wangqianqian/project/FS/data/28gusui&pizang/03/16/cell_1761646571048_912349010008_78529_0000.png,18
/home/wangqianqian/project/FS/data/28gusui&pizang/03/19/cell_1761646792837_912349010008_96909_0000.png,18
/home/wangqianqian/project/FS/data/28gusui&pizang/03/09/cell_1761646153331_912349010008_43800_0100.png,18
/home/wangqianqian/project/FS/data/28gusui&pizang/03/17/cell_1761646643366_912349010008_84496_0000.png,18
/home/wangqianqian/project/FS/data/28gusui&pizang/03/15/cell_1761646523707_912349010008_74811_0100.png,18
/home/wangqianqian/project/FS/data/28gusui&pizang/03/05/cell_1761645902927_912349010008_23955_0000.png,18
/home/wangqianqian/project/FS/data/28gusui&pizang/03/18/cell_1761646731335_912349010008_91965_0100.png,18
/home/wangqianqian/project/FS/data/28gusui&pizang/03/18/cell_1761646683100_912349010008_88030_0000.png,18
/home/wangqianqian/project/FS/data/28gusui&pizang/03/06/cell_1761645972895_912349010008_29441_0100.png,18
/home/wangqianqian/project/FS/data/28gusui&pizang/03/12/cell_1761646358819_912349010008_60543_0000.png,18
/home/wangqianqian/project/FS/data/28gusui&pizang/03/19/cell_1761646755807_912349010008_93932_0100.png,18
/home/wangqianqian/project/FS/data/28gusui&pizang/03/14/cell_1761646457276_912349010008_68806_0000.png,18
/home/wangqianqian/project/FS/data/28gusui&pizang/03/21/cell_1761646906600_912349010008_106520_0000.png,18
/home/wangqianqian/project/FS/data/28gusui&pizang/03/12/cell_1761646343158_912349010008_59250_0000.png,18
/home/wangqianqian/project/FS/data/28gusui&pizang/03/05/cell_1761645946183_912349010008_27322_0000.png,18
/home/wangqianqian/project/FS/data/28gusui&pizang/03/20/cell_1761646817133_912349010008_99069_0000.png,18
/home/wangqianqian/project/FS/data/28gusui&pizang/03/13/cell_1761646415883_912349010008_65018_0000.png,18
/home/wangqianqian/project/FS/data/28gusui&pizang/03/20/cell_1761646841758_912349010008_101109_0000.png,18
/home/wangqianqian/project/FS/data/28gusui&pizang/03/10/cell_1761646214798_912349010008_48523_0100.png,18
/home/wangqianqian/project/FS/data/28gusui&pizang/03/05/cell_1761645955190_912349010008_28029_0000.png,18
/home/wangqianqian/project/FS/data/28gusui&pizang/03/16/cell_1761646584458_912349010008_79520_0100.png,18
/home/wangqianqian/project/FS/data/28gusui&pizang/03/15/cell_1761646524725_912349010008_74897_0100.png,18
/home/wangqianqian/project/FS/data/28gusui&pizang/03/03/cell_1761645785537_912349010008_14549_0100.png,18
/home/wangqianqian/project/FS/data/28gusui&pizang/03/09/cell_1761646186576_912349010008_46303_0000.png,18
/home/wangqianqian/project/FS/data/28gusui&pizang/03/12/cell_1761646367122_912349010008_61258_0000.png,18
/home/wangqianqian/project/FS/data/28gusui&pizang/03/18/cell_1761646718140_912349010008_90845_0100.png,18
/home/wangqianqian/project/FS/data/28gusui&pizang/03/14/cell_1761646466256_912349010008_69629_0100.png,18
/home/wangqianqian/project/FS/data/28gusui&pizang/03/13/cell_1761646423022_912349010008_65664_0000.png,18
/home/wangqianqian/project/FS/data/28gusui&pizang/03/08/cell_1761646106633_912349010008_40433_0000.png,18
/home/wangqianqian/project/FS/data/28gusui&pizang/03/07/cell_1761646035488_912349010008_34813_0000.png,18
/home/wangqianqian/project/FS/data/28gusui&pizang/03/09/cell_1761646180083_912349010008_45783_0000.png,18
/home/wangqianqian/project/FS/data/28gusui&pizang/03/10/cell_1761646209903_912349010008_48081_0000.png,18
/home/wangqianqian/project/FS/data/28gusui&pizang/03/12/cell_1761646369329_912349010008_61426_0000.png,18
/home/wangqianqian/project/FS/data/28gusui&pizang/03/13/cell_1761646388657_912349010008_62947_0100.png,18
/home/wangqianqian/project/FS/data/28gusui&pizang/03/06/cell_1761645992467_912349010008_31089_0100.png,18
/home/wangqianqian/project/FS/data/28gusui&pizang/03/16/cell_1761646563214_912349010008_77954_0000.png,18
/home/wangqianqian/project/FS/data/28gusui&pizang/03/14/cell_1761646449772_912349010008_68169_0100.png,18
/home/wangqianqian/project/FS/data/28gusui&pizang/03/17/cell_1761646638988_912349010008_84113_0100.png,18
/home/wangqianqian/project/FS/data/28gusui&pizang/03/10/cell_1761646211980_912349010008_48269_0000.png,18
/home/wangqianqian/project/FS/data/28gusui&pizang/03/04/cell_1761645871670_912349010008_21544_0000.png,18
/home/wangqianqian/project/FS/data/28gusui&pizang/03/08/cell_1761646138925_912349010008_42736_0100.png,18
/home/wangqianqian/project/FS/data/28gusui&pizang/03/08/cell_1761646120039_912349010008_41425_0100.png,18
/home/wangqianqian/project/FS/data/28gusui&pizang/03/21/cell_1761646873866_912349010008_103885_0000.png,18
/home/wangqianqian/project/FS/data/28gusui&pizang/03/03/cell_1761645829208_912349010008_17948_0000.png,18
/home/wangqianqian/project/FS/data/28gusui&pizang/03/10/cell_1761646244926_912349010008_51021_0100.png,18
/home/wangqianqian/project/FS/data/28gusui&pizang/03/03/cell_1761645822431_912349010008_17428_0100.png,18
/home/wangqianqian/project/FS/data/28gusui&pizang/03/09/cell_1761646197928_912349010008_47161_0000.png,18
/home/wangqianqian/project/FS/data/28gusui&pizang/03/09/cell_1761646189711_912349010008_46542_0000.png,18
/home/wangqianqian/project/FS/data/28gusui&pizang/03/06/cell_1761646000204_912349010008_31705_0000.png,18
/home/wangqianqian/project/FS/data/28gusui&pizang/03/10/cell_1761646249506_912349010008_51423_0000.png,18
/home/wangqianqian/project/FS/data/28gusui&pizang/03/04/cell_1761645848011_912349010008_19466_0000.png,18
/home/wangqianqian/project/FS/data/28gusui&pizang/03/06/cell_1761645963140_912349010008_28642_0000.png,18
/home/wangqianqian/project/FS/data/28gusui&pizang/03/21/cell_1761646873980_912349010008_103896_0100.png,18
/home/wangqianqian/project/FS/data/28gusui&pizang/03/09/cell_1761646152217_912349010008_43718_0000.png,18
/home/wangqianqian/project/FS/data/28gusui&pizang/03/01/cell_1761645702801_912349010008_8567_0100.png,18
/home/wangqianqian/project/FS/data/28gusui&pizang/03/09/cell_1761646194116_912349010008_46839_0000.png,18
/home/wangqianqian/project/FS/data/28gusui&pizang/03/21/cell_1761646911675_912349010008_106961_0100.png,18
/home/wangqianqian/project/FS/data/28gusui&pizang/03/12/cell_1761646356014_912349010008_60339_0000.png,18
