cluster_label,image_path,thumb_path
0,/home/wangqianqian/project/FS/data/28gusui&pizang/03/57/cell_1761649023327_912349010008_97164_0100.png,thumbs/cluster_0/000_cell_1761649023327_912349010008_97164_0100.jpg
0,/home/wangqianqian/project/FS/data/28gusui&pizang/03/47/cell_1761648464279_912349010008_44165_0100.png,thumbs/cluster_0/001_cell_1761648464279_912349010008_44165_0100.jpg
0,/home/wangqianqian/project/FS/data/28gusui&pizang/03/16/cell_1761646591040_912349010008_80036_0000.png,thumbs/cluster_0/002_cell_1761646591040_912349010008_80036_0000.jpg
0,/home/wangqianqian/project/FS/data/28gusui&pizang/03/52/cell_1761648729041_912349010008_69388_0000.png,thumbs/cluster_0/003_cell_1761648729041_912349010008_69388_0000.jpg
0,/home/wangqianqian/project/FS/data/28gusui&pizang/03/48/cell_1761648527808_912349010008_49465_0000.png,thumbs/cluster_0/004_cell_1761648527808_912349010008_49465_0000.jpg
0,/home/wangqianqian/project/FS/data/28gusui&pizang/03/02/cell_1761645764123_912349010008_12947_0000.png,thumbs/cluster_0/005_cell_1761645764123_912349010008_12947_0000.jpg
0,/home/wangqianqian/project/FS/data/28gusui&pizang/03/43/cell_1761648198082_912349010008_20663_0000.png,thumbs/cluster_0/006_cell_1761648198082_912349010008_20663_0000.jpg
0,/home/wangqianqian/project/FS/data/28gusui&pizang/03/52/cell_1761648741278_912349010008_70617_0000.png,thumbs/cluster_0/007_cell_1761648741278_912349010008_70617_0000.jpg
0,/home/wangqianqian/project/FS/data/28gusui&pizang/03/11/cell_1761646289000_912349010008_54696_0100.png,thumbs/cluster_0/008_cell_1761646289000_912349010008_54696_0100.jpg
0,/home/wangqianqian/project/FS/data/28gusui&pizang/03/56/cell_1761648985162_912349010008_93582_0000.png,thumbs/cluster_0/009_cell_1761648985162_912349010008_93582_0000.jpg
0,/home/wangqianqian/project/FS/data/28gusui&pizang/03/03/cell_1761645807191_912349010008_16215_0000.png,thumbs/cluster_0/010_cell_1761645807191_912349010008_16215_0000.jpg
0,/home/wangqianqian/project/FS/data/28gusui&pizang/03/42/cell_1761648170201_912349010008_18633_0100.png,thumbs/cluster_0/011_cell_1761648170201_912349010008_18633_0100.jpg
0,/home/wangqianqian/project/FS/data/28gusui&pizang/03/04/cell_1761645872020_912349010008_21581_0000.png,thumbs/cluster_0/012_cell_1761645872020_912349010008_21581_0000.jpg
0,/home/wangqianqian/project/FS/data/28gusui&pizang/03/58/cell_1761649108836_912349010008_106044_0100.png,thumbs/cluster_0/013_cell_1761649108836_912349010008_106044_0100.jpg
0,/home/wangqianqian/project/FS/data/28gusui&pizang/03/55/cell_1761648936981_912349010008_89411_0000.png,thumbs/cluster_0/014_cell_1761648936981_912349010008_89411_0000.jpg
0,/home/wangqianqian/project/FS/data/28gusui&pizang/03/57/cell_1761649043721_912349010008_99185_0000.png,thumbs/cluster_0/015_cell_1761649043721_912349010008_99185_0000.jpg
0,/home/wangqianqian/project/FS/data/28gusui&pizang/03/50/cell_1761648658719_912349010008_62256_0000.png,thumbs/cluster_0/016_cell_1761648658719_912349010008_62256_0000.jpg
0,/home/wangqianqian/project/FS/data/28gusui&pizang/03/58/cell_1761649096781_912349010008_104799_0000.png,thumbs/cluster_0/017_cell_1761649096781_912349010008_104799_0000.jpg
0,/home/wangqianqian/project/FS/data/28gusui&pizang/03/09/cell_1761646196398_912349010008_47020_0100.png,thumbs/cluster_0/018_cell_1761646196398_912349010008_47020_0100.jpg
0,/home/wangqianqian/project/FS/data/28gusui&pizang/03/54/cell_1761648872265_912349010008_83691_0000.png,thumbs/cluster_0/019_cell_1761648872265_912349010008_83691_0000.jpg
0,/home/wangqianqian/project/FS/data/28gusui&pizang/03/49/cell_1761648578081_912349010008_54167_0100.png,thumbs/cluster_0/020_cell_1761648578081_912349010008_54167_0100.jpg
0,/home/wangqianqian/project/FS/data/28gusui&pizang/03/15/cell_1761646542583_912349010008_76312_0100.png,thumbs/cluster_0/021_cell_1761646542583_912349010008_76312_0100.jpg
0,/home/wangqianqian/project/FS/data/28gusui&pizang/03/05/cell_1761645943789_912349010008_27091_0100.png,thumbs/cluster_0/022_cell_1761645943789_912349010008_27091_0100.jpg
0,/home/wangqianqian/project/FS/data/28gusui&pizang/03/10/cell_1761646240247_912349010008_50638_0000.png,thumbs/cluster_0/023_cell_1761646240247_912349010008_50638_0000.jpg
0,/home/wangqianqian/project/FS/data/28gusui&pizang/03/57/cell_1761649032382_912349010008_98030_0000.png,thumbs/cluster_0/024_cell_1761649032382_912349010008_98030_0000.jpg
0,/home/wangqianqian/project/FS/data/28gusui&pizang/03/49/cell_1761648597725_912349010008_56159_0100.png,thumbs/cluster_0/025_cell_1761648597725_912349010008_56159_0100.jpg
0,/home/wangqianqian/project/FS/data/28gusui&pizang/03/18/cell_1761646691403_912349010008_88794_0100.png,thumbs/cluster_0/026_cell_1761646691403_912349010008_88794_0100.jpg
0,/home/wangqianqian/project/FS/data/28gusui&pizang/03/50/cell_1761648638818_912349010008_60201_0000.png,thumbs/cluster_0/027_cell_1761648638818_912349010008_60201_0000.jpg
0,/home/wangqianqian/project/FS/data/28gusui&pizang/03/21/cell_1761646877400_912349010008_104156_0000.png,thumbs/cluster_0/028_cell_1761646877400_912349010008_104156_0000.jpg
0,/home/wangqianqian/project/FS/data/28gusui&pizang/03/07/cell_1761646036626_912349010008_34894_0000.png,thumbs/cluster_0/029_cell_1761646036626_912349010008_34894_0000.jpg
0,/home/wangqianqian/project/FS/data/28gusui&pizang/03/56/cell_1761648987470_912349010008_93786_0100.png,thumbs/cluster_0/030_cell_1761648987470_912349010008_93786_0100.jpg
0,/home/wangqianqian/project/FS/data/28gusui&pizang/03/15/cell_1761646557506_912349010008_77526_0000.png,thumbs/cluster_0/031_cell_1761646557506_912349010008_77526_0000.jpg
0,/home/wangqianqian/project/FS/data/28gusui&pizang/03/54/cell_1761648871350_912349010008_83595_0000.png,thumbs/cluster_0/032_cell_1761648871350_912349010008_83595_0000.jpg
0,/home/wangqianqian/project/FS/data/28gusui&pizang/03/46/cell_1761648367434_912349010008_35420_0100.png,thumbs/cluster_0/033_cell_1761648367434_912349010008_35420_0100.jpg
0,/home/wangqianqian/project/FS/data/28gusui&pizang/03/16/cell_1761646613027_912349010008_81846_0100.png,thumbs/cluster_0/034_cell_1761646613027_912349010008_81846_0100.jpg
0,/home/wangqianqian/project/FS/data/28gusui&pizang/03/07/cell_1761646051786_912349010008_36278_0100.png,thumbs/cluster_0/035_cell_1761646051786_912349010008_36278_0100.jpg
0,/home/wangqianqian/project/FS/data/28gusui&pizang/03/16/cell_1761646571332_912349010008_78556_0100.png,thumbs/cluster_0/036_cell_1761646571332_912349010008_78556_0100.jpg
0,/home/wangqianqian/project/FS/data/28gusui&pizang/03/03/cell_1761645812780_912349010008_16654_0000.png,thumbs/cluster_0/037_cell_1761645812780_912349010008_16654_0000.jpg
0,/home/wangqianqian/project/FS/data/28gusui&pizang/03/46/cell_1761648380199_912349010008_36530_0000.png,thumbs/cluster_0/038_cell_1761648380199_912349010008_36530_0000.jpg
0,/home/wangqianqian/project/FS/data/28gusui&pizang/03/45/cell_1761648334704_912349010008_32423_0000.png,thumbs/cluster_0/039_cell_1761648334704_912349010008_32423_0000.jpg
0,/home/wangqianqian/project/FS/data/28gusui&pizang/03/03/cell_1761645815601_912349010008_16881_0100.png,thumbs/cluster_0/040_cell_1761645815601_912349010008_16881_0100.jpg
0,/home/wangqianqian/project/FS/data/28gusui&pizang/03/03/cell_1761645792467_912349010008_15088_0100.png,thumbs/cluster_0/041_cell_1761645792467_912349010008_15088_0100.jpg
0,/home/wangqianqian/project/FS/data/28gusui&pizang/03/17/cell_1761646654178_912349010008_85440_0000.png,thumbs/cluster_0/042_cell_1761646654178_912349010008_85440_0000.jpg
0,/home/wangqianqian/project/FS/data/28gusui&pizang/03/50/cell_1761648628618_912349010008_59180_0000.png,thumbs/cluster_0/043_cell_1761648628618_912349010008_59180_0000.jpg
0,/home/wangqianqian/project/FS/data/28gusui&pizang/03/20/cell_1761646802835_912349010008_97838_0000.png,thumbs/cluster_0/044_cell_1761646802835_912349010008_97838_0000.jpg
0,/home/wangqianqian/project/FS/data/28gusui&pizang/03/06/cell_1761645964318_912349010008_28738_0100.png,thumbs/cluster_0/045_cell_1761645964318_912349010008_28738_0100.jpg
0,/home/wangqianqian/project/FS/data/28gusui&pizang/03/54/cell_1761648872505_912349010008_83720_0000.png,thumbs/cluster_0/046_cell_1761648872505_912349010008_83720_0000.jpg
0,/home/wangqianqian/project/FS/data/28gusui&pizang/03/56/cell_1761648977258_912349010008_92873_0000.png,thumbs/cluster_0/047_cell_1761648977258_912349010008_92873_0000.jpg
0,/home/wangqianqian/project/FS/data/28gusui&pizang/03/16/cell_1761646618350_912349010008_82312_0100.png,thumbs/cluster_0/048_cell_1761646618350_912349010008_82312_0100.jpg
0,/home/wangqianqian/project/FS/data/28gusui&pizang/03/20/cell_1761646853344_912349010008_102105_0000.png,thumbs/cluster_0/049_cell_1761646853344_912349010008_102105_0000.jpg
0,/home/wangqianqian/project/FS/data/28gusui&pizang/03/49/cell_1761648557534_912349010008_52192_0000.png,thumbs/cluster_0/050_cell_1761648557534_912349010008_52192_0000.jpg
0,/home/wangqianqian/project/FS/data/28gusui&pizang/03/18/cell_1761646690205_912349010008_88672_0000.png,thumbs/cluster_0/051_cell_1761646690205_912349010008_88672_0000.jpg
0,/home/wangqianqian/project/FS/data/28gusui&pizang/03/14/cell_1761646496247_912349010008_72468_0000.png,thumbs/cluster_0/052_cell_1761646496247_912349010008_72468_0000.jpg
0,/home/wangqianqian/project/FS/data/28gusui&pizang/03/19/cell_1761646771288_912349010008_95162_0100.png,thumbs/cluster_0/053_cell_1761646771288_912349010008_95162_0100.jpg
0,/home/wangqianqian/project/FS/data/28gusui&pizang/03/53/cell_1761648807677_912349010008_77325_0000.png,thumbs/cluster_0/054_cell_1761648807677_912349010008_77325_0000.jpg
0,/home/wangqianqian/project/FS/data/28gusui&pizang/03/59/cell_1761649168379_912349010008_112308_0000.png,thumbs/cluster_0/055_cell_1761649168379_912349010008_112308_0000.jpg
0,/home/wangqianqian/project/FS/data/28gusui&pizang/03/59/cell_1761649174190_912349010008_112959_0100.png,thumbs/cluster_0/056_cell_1761649174190_912349010008_112959_0100.jpg
0,/home/wangqianqian/project/FS/data/28gusui&pizang/03/53/cell_1761648789439_912349010008_75314_0000.png,thumbs/cluster_0/057_cell_1761648789439_912349010008_75314_0000.jpg
0,/home/wangqianqian/project/FS/data/28gusui&pizang/03/52/cell_1761648738943_912349010008_70387_0100.png,thumbs/cluster_0/058_cell_1761648738943_912349010008_70387_0100.jpg
0,/home/wangqianqian/project/FS/data/28gusui&pizang/03/06/cell_1761646019142_912349010008_33403_0100.png,thumbs/cluster_0/059_cell_1761646019142_912349010008_33403_0100.jpg
0,/home/wangqianqian/project/FS/data/28gusui&pizang/03/02/cell_1761645740037_912349010008_11162_0100.png,thumbs/cluster_0/060_cell_1761645740037_912349010008_11162_0100.jpg
0,/home/wangqianqian/project/FS/data/28gusui&pizang/03/07/cell_1761646063931_912349010008_37260_0000.png,thumbs/cluster_0/061_cell_1761646063931_912349010008_37260_0000.jpg
0,/home/wangqianqian/project/FS/data/28gusui&pizang/03/16/cell_1761646584550_912349010008_79524_0000.png,thumbs/cluster_0/062_cell_1761646584550_912349010008_79524_0000.jpg
0,/home/wangqianqian/project/FS/data/28gusui&pizang/03/09/cell_1761646195842_912349010008_46967_0100.png,thumbs/cluster_0/063_cell_1761646195842_912349010008_46967_0100.jpg
0,/home/wangqianqian/project/FS/data/28gusui&pizang/03/50/cell_1761648611395_912349010008_57445_0100.png,thumbs/cluster_0/064_cell_1761648611395_912349010008_57445_0100.jpg
0,/home/wangqianqian/project/FS/data/28gusui&pizang/03/10/cell_1761646221417_912349010008_49105_0000.png,thumbs/cluster_0/065_cell_1761646221417_912349010008_49105_0000.jpg
0,/home/wangqianqian/project/FS/data/28gusui&pizang/03/13/cell_1761646418645_912349010008_65258_0000.png,thumbs/cluster_0/066_cell_1761646418645_912349010008_65258_0000.jpg
0,/home/wangqianqian/project/FS/data/28gusui&pizang/03/59/cell_1761649152949_912349010008_110635_0000.png,thumbs/cluster_0/067_cell_1761649152949_912349010008_110635_0000.jpg
0,/home/wangqianqian/project/FS/data/28gusui&pizang/03/51/cell_1761648696221_912349010008_66026_0100.png,thumbs/cluster_0/068_cell_1761648696221_912349010008_66026_0100.jpg
0,/home/wangqianqian/project/FS/data/28gusui&pizang/03/52/cell_1761648745964_912349010008_71116_0000.png,thumbs/cluster_0/069_cell_1761648745964_912349010008_71116_0000.jpg
0,/home/wangqianqian/project/FS/data/28gusui&pizang/03/58/cell_1761649122721_912349010008_107525_0100.png,thumbs/cluster_0/070_cell_1761649122721_912349010008_107525_0100.jpg
0,/home/wangqianqian/project/FS/data/28gusui&pizang/03/42/cell_1761648155864_912349010008_17635_0100.png,thumbs/cluster_0/071_cell_1761648155864_912349010008_17635_0100.jpg
0,/home/wangqianqian/project/FS/data/28gusui&pizang/03/17/cell_1761646670110_912349010008_86840_0000.png,thumbs/cluster_0/072_cell_1761646670110_912349010008_86840_0000.jpg
0,/home/wangqianqian/project/FS/data/28gusui&pizang/03/54/cell_1761648842998_912349010008_80732_0000.png,thumbs/cluster_0/073_cell_1761648842998_912349010008_80732_0000.jpg
0,/home/wangqianqian/project/FS/data/28gusui&pizang/03/40/cell_1761648008840_912349010008_8663_0000.png,thumbs/cluster_0/074_cell_1761648008840_912349010008_8663_0000.jpg
0,/home/wangqianqian/project/FS/data/28gusui&pizang/03/51/cell_1761648679294_912349010008_64274_0000.png,thumbs/cluster_0/075_cell_1761648679294_912349010008_64274_0000.jpg
0,/home/wangqianqian/project/FS/data/28gusui&pizang/03/53/cell_1761648795309_912349010008_75970_0100.png,thumbs/cluster_0/076_cell_1761648795309_912349010008_75970_0100.jpg
0,/home/wangqianqian/project/FS/data/28gusui&pizang/03/44/cell_1761648285491_912349010008_28254_0000.png,thumbs/cluster_0/077_cell_1761648285491_912349010008_28254_0000.jpg
0,/home/wangqianqian/project/FS/data/28gusui&pizang/03/17/cell_1761646670211_912349010008_86853_0100.png,thumbs/cluster_0/078_cell_1761646670211_912349010008_86853_0100.jpg
0,/home/wangqianqian/project/FS/data/28gusui&pizang/03/57/cell_1761649029064_912349010008_97716_0100.png,thumbs/cluster_0/079_cell_1761649029064_912349010008_97716_0100.jpg
0,/home/wangqianqian/project/FS/data/28gusui&pizang/03/05/cell_1761645937268_912349010008_26559_0100.png,thumbs/cluster_0/080_cell_1761645937268_912349010008_26559_0100.jpg
0,/home/wangqianqian/project/FS/data/28gusui&pizang/03/04/cell_1761645879008_912349010008_22198_0000.png,thumbs/cluster_0/081_cell_1761645879008_912349010008_22198_0000.jpg
0,/home/wangqianqian/project/FS/data/28gusui&pizang/03/57/cell_1761649043312_912349010008_99151_0100.png,thumbs/cluster_0/082_cell_1761649043312_912349010008_99151_0100.jpg
0,/home/wangqianqian/project/FS/data/28gusui&pizang/03/06/cell_1761646006384_912349010008_32248_0100.png,thumbs/cluster_0/083_cell_1761646006384_912349010008_32248_0100.jpg
0,/home/wangqianqian/project/FS/data/28gusui&pizang/03/53/cell_1761648783815_912349010008_74687_0000.png,thumbs/cluster_0/084_cell_1761648783815_912349010008_74687_0000.jpg
0,/home/wangqianqian/project/FS/data/28gusui&pizang/03/49/cell_1761648586059_912349010008_54898_0100.png,thumbs/cluster_0/085_cell_1761648586059_912349010008_54898_0100.jpg
0,/home/wangqianqian/project/FS/data/28gusui&pizang/03/07/cell_1761646047079_912349010008_35802_0000.png,thumbs/cluster_0/086_cell_1761646047079_912349010008_35802_0000.jpg
0,/home/wangqianqian/project/FS/data/28gusui&pizang/03/39/cell_1761647957914_912349010008_6508_0000.png,thumbs/cluster_0/087_cell_1761647957914_912349010008_6508_0000.jpg
0,/home/wangqianqian/project/FS/data/28gusui&pizang/03/08/cell_1761646103953_912349010008_40241_0000.png,thumbs/cluster_0/088_cell_1761646103953_912349010008_40241_0000.jpg
0,/home/wangqianqian/project/FS/data/28gusui&pizang/03/07/cell_1761646042280_912349010008_35393_0100.png,thumbs/cluster_0/089_cell_1761646042280_912349010008_35393_0100.jpg
0,/home/wangqianqian/project/FS/data/28gusui&pizang/03/18/cell_1761646713672_912349010008_90486_0100.png,thumbs/cluster_0/090_cell_1761646713672_912349010008_90486_0100.jpg
0,/home/wangqianqian/project/FS/data/28gusui&pizang/03/14/cell_1761646488860_912349010008_71732_0000.png,thumbs/cluster_0/091_cell_1761646488860_912349010008_71732_0000.jpg
0,/home/wangqianqian/project/FS/data/28gusui&pizang/03/54/cell_1761648842695_912349010008_80693_0000.png,thumbs/cluster_0/092_cell_1761648842695_912349010008_80693_0000.jpg
0,/home/wangqianqian/project/FS/data/28gusui&pizang/03/11/cell_1761646273663_912349010008_53301_0100.png,thumbs/cluster_0/093_cell_1761646273663_912349010008_53301_0100.jpg
0,/home/wangqianqian/project/FS/data/28gusui&pizang/03/46/cell_1761648398492_912349010008_38115_0000.png,thumbs/cluster_0/094_cell_1761648398492_912349010008_38115_0000.jpg
0,/home/wangqianqian/project/FS/data/28gusui&pizang/03/56/cell_1761648979293_912349010008_93045_0100.png,thumbs/cluster_0/095_cell_1761648979293_912349010008_93045_0100.jpg
0,/home/wangqianqian/project/FS/data/28gusui&pizang/03/52/cell_1761648751661_912349010008_71628_0100.png,thumbs/cluster_0/096_cell_1761648751661_912349010008_71628_0100.jpg
0,/home/wangqianqian/project/FS/data/28gusui&pizang/03/43/cell_1761648214831_912349010008_22066_0000.png,thumbs/cluster_0/097_cell_1761648214831_912349010008_22066_0000.jpg
0,/home/wangqianqian/project/FS/data/28gusui&pizang/03/58/cell_1761649123492_912349010008_107597_0100.png,thumbs/cluster_0/098_cell_1761649123492_912349010008_107597_0100.jpg
0,/home/wangqianqian/project/FS/data/28gusui&pizang/03/19/cell_1761646786968_912349010008_96426_0000.png,thumbs/cluster_0/099_cell_1761646786968_912349010008_96426_0000.jpg
1,/home/wangqianqian/project/FS/data/28gusui&pizang/03/49/cell_1761648542377_912349010008_50782_0100.png,thumbs/cluster_1/000_cell_1761648542377_912349010008_50782_0100.jpg
1,/home/wangqianqian/project/FS/data/28gusui&pizang/03/05/cell_1761645944932_912349010008_27214_0000.png,thumbs/cluster_1/001_cell_1761645944932_912349010008_27214_0000.jpg
1,/home/wangqianqian/project/FS/data/28gusui&pizang/03/46/cell_1761648413059_912349010008_39398_0100.png,thumbs/cluster_1/002_cell_1761648413059_912349010008_39398_0100.jpg
1,/home/wangqianqian/project/FS/data/28gusui&pizang/03/07/cell_1761646063701_912349010008_37239_0000.png,thumbs/cluster_1/003_cell_1761646063701_912349010008_37239_0000.jpg
1,/home/wangqianqian/project/FS/data/28gusui&pizang/03/51/cell_1761648708117_912349010008_67322_0000.png,thumbs/cluster_1/004_cell_1761648708117_912349010008_67322_0000.jpg
1,/home/wangqianqian/project/FS/data/28gusui&pizang/03/48/cell_1761648508281_912349010008_47934_0000.png,thumbs/cluster_1/005_cell_1761648508281_912349010008_47934_0000.jpg
1,/home/wangqianqian/project/FS/data/28gusui&pizang/03/07/cell_1761646030475_912349010008_34395_0100.png,thumbs/cluster_1/006_cell_1761646030475_912349010008_34395_0100.jpg
1,/home/wangqianqian/project/FS/data/28gusui&pizang/03/42/cell_1761648132191_912349010008_15905_0000.png,thumbs/cluster_1/007_cell_1761648132191_912349010008_15905_0000.jpg
1,/home/wangqianqian/project/FS/data/28gusui&pizang/03/02/cell_1761645778483_912349010008_13997_0000.png,thumbs/cluster_1/008_cell_1761645778483_912349010008_13997_0000.jpg
1,/home/wangqianqian/project/FS/data/28gusui&pizang/03/59/cell_1761649146157_912349010008_109947_0000.png,thumbs/cluster_1/009_cell_1761649146157_912349010008_109947_0000.jpg
1,/home/wangqianqian/project/FS/data/28gusui&pizang/03/18/cell_1761646715268_912349010008_90613_0000.png,thumbs/cluster_1/010_cell_1761646715268_912349010008_90613_0000.jpg
1,/home/wangqianqian/project/FS/data/28gusui&pizang/03/42/cell_1761648141120_912349010008_16576_0100.png,thumbs/cluster_1/011_cell_1761648141120_912349010008_16576_0100.jpg
1,/home/wangqianqian/project/FS/data/28gusui&pizang/03/39/cell_1761647975923_912349010008_7256_0100.png,thumbs/cluster_1/012_cell_1761647975923_912349010008_7256_0100.jpg
1,/home/wangqianqian/project/FS/data/28gusui&pizang/03/41/cell_1761648096336_912349010008_13610_0000.png,thumbs/cluster_1/013_cell_1761648096336_912349010008_13610_0000.jpg
1,/home/wangqianqian/project/FS/data/28gusui&pizang/03/52/cell_1761648722720_912349010008_68789_0000.png,thumbs/cluster_1/014_cell_1761648722720_912349010008_68789_0000.jpg
1,/home/wangqianqian/project/FS/data/28gusui&pizang/03/17/cell_1761646664216_912349010008_86307_0000.png,thumbs/cluster_1/015_cell_1761646664216_912349010008_86307_0000.jpg
1,/home/wangqianqian/project/FS/data/28gusui&pizang/03/05/cell_1761645937120_912349010008_26551_0000.png,thumbs/cluster_1/016_cell_1761645937120_912349010008_26551_0000.jpg
1,/home/wangqianqian/project/FS/data/28gusui&pizang/03/49/cell_1761648593257_912349010008_55624_0100.png,thumbs/cluster_1/017_cell_1761648593257_912349010008_55624_0100.jpg
1,/home/wangqianqian/project/FS/data/28gusui&pizang/03/51/cell_1761648693835_912349010008_65803_0000.png,thumbs/cluster_1/018_cell_1761648693835_912349010008_65803_0000.jpg
1,/home/wangqianqian/project/FS/data/28gusui&pizang/03/48/cell_1761648485085_912349010008_45981_0100.png,thumbs/cluster_1/019_cell_1761648485085_912349010008_45981_0100.jpg
1,/home/wangqianqian/project/FS/data/28gusui&pizang/03/02/cell_1761645754868_912349010008_12281_0100.png,thumbs/cluster_1/020_cell_1761645754868_912349010008_12281_0100.jpg
1,/home/wangqianqian/project/FS/data/28gusui&pizang/03/58/cell_1761649088338_912349010008_103862_0100.png,thumbs/cluster_1/021_cell_1761649088338_912349010008_103862_0100.jpg
1,/home/wangqianqian/project/FS/data/28gusui&pizang/03/14/cell_1761646490269_912349010008_71865_0000.png,thumbs/cluster_1/022_cell_1761646490269_912349010008_71865_0000.jpg
1,/home/wangqianqian/project/FS/data/28gusui&pizang/03/13/cell_1761646393468_912349010008_63275_0100.png,thumbs/cluster_1/023_cell_1761646393468_912349010008_63275_0100.jpg
1,/home/wangqianqian/project/FS/data/28gusui&pizang/03/57/cell_1761649027012_912349010008_97484_0000.png,thumbs/cluster_1/024_cell_1761649027012_912349010008_97484_0000.jpg
1,/home/wangqianqian/project/FS/data/28gusui&pizang/03/05/cell_1761645932565_912349010008_26200_0100.png,thumbs/cluster_1/025_cell_1761645932565_912349010008_26200_0100.jpg
1,/home/wangqianqian/project/FS/data/28gusui&pizang/03/57/cell_1761649052698_912349010008_100131_0000.png,thumbs/cluster_1/026_cell_1761649052698_912349010008_100131_0000.jpg
1,/home/wangqianqian/project/FS/data/28gusui&pizang/03/45/cell_1761648321158_912349010008_31185_0100.png,thumbs/cluster_1/027_cell_1761648321158_912349010008_31185_0100.jpg
1,/home/wangqianqian/project/FS/data/28gusui&pizang/03/09/cell_1761646172957_912349010008_45233_0000.png,thumbs/cluster_1/028_cell_1761646172957_912349010008_45233_0000.jpg
1,/home/wangqianqian/project/FS/data/28gusui&pizang/03/49/cell_1761648578582_912349010008_54200_0100.png,thumbs/cluster_1/029_cell_1761648578582_912349010008_54200_0100.jpg
1,/home/wangqianqian/project/FS/data/28gusui&pizang/03/17/cell_1761646669614_912349010008_86798_0000.png,thumbs/cluster_1/030_cell_1761646669614_912349010008_86798_0000.jpg
1,/home/wangqianqian/project/FS/data/28gusui&pizang/03/04/cell_1761645869398_912349010008_21377_0100.png,thumbs/cluster_1/031_cell_1761645869398_912349010008_21377_0100.jpg
1,/home/wangqianqian/project/FS/data/28gusui&pizang/03/55/cell_1761648956479_912349010008_91060_0000.png,thumbs/cluster_1/032_cell_1761648956479_912349010008_91060_0000.jpg
1,/home/wangqianqian/project/FS/data/28gusui&pizang/03/20/cell_1761646833109_912349010008_100420_0100.png,thumbs/cluster_1/033_cell_1761646833109_912349010008_100420_0100.jpg
1,/home/wangqianqian/project/FS/data/28gusui&pizang/03/57/cell_1761649058005_912349010008_100705_0000.png,thumbs/cluster_1/034_cell_1761649058005_912349010008_100705_0000.jpg
1,/home/wangqianqian/project/FS/data/28gusui&pizang/03/04/cell_1761645858092_912349010008_20390_0100.png,thumbs/cluster_1/035_cell_1761645858092_912349010008_20390_0100.jpg
1,/home/wangqianqian/project/FS/data/28gusui&pizang/03/02/cell_1761645775761_912349010008_13765_0000.png,thumbs/cluster_1/036_cell_1761645775761_912349010008_13765_0000.jpg
1,/home/wangqianqian/project/FS/data/28gusui&pizang/03/50/cell_1761648610752_912349010008_57378_0000.png,thumbs/cluster_1/037_cell_1761648610752_912349010008_57378_0000.jpg
1,/home/wangqianqian/project/FS/data/28gusui&pizang/03/10/cell_1761646231073_912349010008_49855_0000.png,thumbs/cluster_1/038_cell_1761646231073_912349010008_49855_0000.jpg
1,/home/wangqianqian/project/FS/data/28gusui&pizang/03/07/cell_1761646037180_912349010008_34952_0100.png,thumbs/cluster_1/039_cell_1761646037180_912349010008_34952_0100.jpg
1,/home/wangqianqian/project/FS/data/28gusui&pizang/03/46/cell_1761648379020_912349010008_36413_0000.png,thumbs/cluster_1/040_cell_1761648379020_912349010008_36413_0000.jpg
1,/home/wangqianqian/project/FS/data/28gusui&pizang/03/41/cell_1761648077384_912349010008_12330_0000.png,thumbs/cluster_1/041_cell_1761648077384_912349010008_12330_0000.jpg
1,/home/wangqianqian/project/FS/data/28gusui&pizang/03/58/cell_1761649094012_912349010008_104523_0000.png,thumbs/cluster_1/042_cell_1761649094012_912349010008_104523_0000.jpg
1,/home/wangqianqian/project/FS/data/28gusui&pizang/03/15/cell_1761646540707_912349010008_76158_0000.png,thumbs/cluster_1/043_cell_1761646540707_912349010008_76158_0000.jpg
1,/home/wangqianqian/project/FS/data/28gusui&pizang/03/18/cell_1761646739081_912349010008_92626_0000.png,thumbs/cluster_1/044_cell_1761646739081_912349010008_92626_0000.jpg
1,/home/wangqianqian/project/FS/data/28gusui&pizang/03/02/cell_1761645770028_912349010008_13350_0000.png,thumbs/cluster_1/045_cell_1761645770028_912349010008_13350_0000.jpg
1,/home/wangqianqian/project/FS/data/28gusui&pizang/03/03/cell_1761645808755_912349010008_16344_0000.png,thumbs/cluster_1/046_cell_1761645808755_912349010008_16344_0000.jpg
1,/home/wangqianqian/project/FS/data/28gusui&pizang/03/49/cell_1761648560592_912349010008_52458_0000.png,thumbs/cluster_1/047_cell_1761648560592_912349010008_52458_0000.jpg
1,/home/wangqianqian/project/FS/data/28gusui&pizang/03/16/cell_1761646590020_912349010008_79946_0000.png,thumbs/cluster_1/048_cell_1761646590020_912349010008_79946_0000.jpg
1,/home/wangqianqian/project/FS/data/28gusui&pizang/03/43/cell_1761648226814_912349010008_22985_0000.png,thumbs/cluster_1/049_cell_1761648226814_912349010008_22985_0000.jpg
1,/home/wangqianqian/project/FS/data/28gusui&pizang/03/10/cell_1761646206071_912349010008_47782_0100.png,thumbs/cluster_1/050_cell_1761646206071_912349010008_47782_0100.jpg
1,/home/wangqianqian/project/FS/data/28gusui&pizang/03/05/cell_1761645900151_912349010008_23740_0100.png,thumbs/cluster_1/051_cell_1761645900151_912349010008_23740_0100.jpg
1,/home/wangqianqian/project/FS/data/28gusui&pizang/03/19/cell_1761646752670_912349010008_93678_0000.png,thumbs/cluster_1/052_cell_1761646752670_912349010008_93678_0000.jpg
1,/home/wangqianqian/project/FS/data/28gusui&pizang/03/03/cell_1761645821384_912349010008_17315_0000.png,thumbs/cluster_1/053_cell_1761645821384_912349010008_17315_0000.jpg
1,/home/wangqianqian/project/FS/data/28gusui&pizang/03/18/cell_1761646733727_912349010008_92201_0100.png,thumbs/cluster_1/054_cell_1761646733727_912349010008_92201_0100.jpg
1,/home/wangqianqian/project/FS/data/28gusui&pizang/03/47/cell_1761648460001_912349010008_43813_0100.png,thumbs/cluster_1/055_cell_1761648460001_912349010008_43813_0100.jpg
1,/home/wangqianqian/project/FS/data/28gusui&pizang/03/55/cell_1761648951901_912349010008_90619_0100.png,thumbs/cluster_1/056_cell_1761648951901_912349010008_90619_0100.jpg
1,/home/wangqianqian/project/FS/data/28gusui&pizang/03/53/cell_1761648780530_912349010008_74360_0100.png,thumbs/cluster_1/057_cell_1761648780530_912349010008_74360_0100.jpg
1,/home/wangqianqian/project/FS/data/28gusui&pizang/03/42/cell_1761648162474_912349010008_18053_0000.png,thumbs/cluster_1/058_cell_1761648162474_912349010008_18053_0000.jpg
1,/home/wangqianqian/project/FS/data/28gusui&pizang/03/04/cell_1761645880406_912349010008_22318_0100.png,thumbs/cluster_1/059_cell_1761645880406_912349010008_22318_0100.jpg
1,/home/wangqianqian/project/FS/data/28gusui&pizang/03/09/cell_1761646185055_912349010008_46191_0100.png,thumbs/cluster_1/060_cell_1761646185055_912349010008_46191_0100.jpg
1,/home/wangqianqian/project/FS/data/28gusui&pizang/03/19/cell_1761646772749_912349010008_95280_0000.png,thumbs/cluster_1/061_cell_1761646772749_912349010008_95280_0000.jpg
1,/home/wangqianqian/project/FS/data/28gusui&pizang/03/59/cell_1761649143700_912349010008_109699_0000.png,thumbs/cluster_1/062_cell_1761649143700_912349010008_109699_0000.jpg
1,/home/wangqianqian/project/FS/data/28gusui&pizang/03/58/cell_1761649115134_912349010008_106757_0100.png,thumbs/cluster_1/063_cell_1761649115134_912349010008_106757_0100.jpg
1,/home/wangqianqian/project/FS/data/28gusui&pizang/03/53/cell_1761648833442_912349010008_79799_0000.png,thumbs/cluster_1/064_cell_1761648833442_912349010008_79799_0000.jpg
1,/home/wangqianqian/project/FS/data/28gusui&pizang/03/58/cell_1761649117369_912349010008_106985_0100.png,thumbs/cluster_1/065_cell_1761649117369_912349010008_106985_0100.jpg
1,/home/wangqianqian/project/FS/data/28gusui&pizang/03/19/cell_1761646788670_912349010008_96570_0100.png,thumbs/cluster_1/066_cell_1761646788670_912349010008_96570_0100.jpg
1,/home/wangqianqian/project/FS/data/28gusui&pizang/03/09/cell_1761646152881_912349010008_43774_0100.png,thumbs/cluster_1/067_cell_1761646152881_912349010008_43774_0100.jpg
1,/home/wangqianqian/project/FS/data/28gusui&pizang/03/58/cell_1761649091922_912349010008_104302_0000.png,thumbs/cluster_1/068_cell_1761649091922_912349010008_104302_0000.jpg
1,/home/wangqianqian/project/FS/data/28gusui&pizang/03/19/cell_1761646763622_912349010008_94534_0000.png,thumbs/cluster_1/069_cell_1761646763622_912349010008_94534_0000.jpg
1,/home/wangqianqian/project/FS/data/28gusui&pizang/03/58/cell_1761649137619_912349010008_109036_0100.png,thumbs/cluster_1/070_cell_1761649137619_912349010008_109036_0100.jpg
1,/home/wangqianqian/project/FS/data/28gusui&pizang/03/04/cell_1761645894358_912349010008_23341_0000.png,thumbs/cluster_1/071_cell_1761645894358_912349010008_23341_0000.jpg
1,/home/wangqianqian/project/FS/data/28gusui&pizang/03/15/cell_1761646533303_912349010008_75529_0100.png,thumbs/cluster_1/072_cell_1761646533303_912349010008_75529_0100.jpg
1,/home/wangqianqian/project/FS/data/28gusui&pizang/03/49/cell_1761648594983_912349010008_55847_0100.png,thumbs/cluster_1/073_cell_1761648594983_912349010008_55847_0100.jpg
1,/home/wangqianqian/project/FS/data/28gusui&pizang/03/53/cell_1761648831717_912349010008_79630_0000.png,thumbs/cluster_1/074_cell_1761648831717_912349010008_79630_0000.jpg
1,/home/wangqianqian/project/FS/data/28gusui&pizang/03/04/cell_1761645857731_912349010008_20356_0000.png,thumbs/cluster_1/075_cell_1761645857731_912349010008_20356_0000.jpg
1,/home/wangqianqian/project/FS/data/28gusui&pizang/03/14/cell_1761646486840_912349010008_71512_0100.png,thumbs/cluster_1/076_cell_1761646486840_912349010008_71512_0100.jpg
1,/home/wangqianqian/project/FS/data/28gusui&pizang/03/15/cell_1761646540321_912349010008_76123_0100.png,thumbs/cluster_1/077_cell_1761646540321_912349010008_76123_0100.jpg
1,/home/wangqianqian/project/FS/data/28gusui&pizang/03/56/cell_1761648979959_912349010008_93123_0100.png,thumbs/cluster_1/078_cell_1761648979959_912349010008_93123_0100.jpg
1,/home/wangqianqian/project/FS/data/28gusui&pizang/03/45/cell_1761648342233_912349010008_33111_0100.png,thumbs/cluster_1/079_cell_1761648342233_912349010008_33111_0100.jpg
1,/home/wangqianqian/project/FS/data/28gusui&pizang/03/41/cell_1761648090174_912349010008_13216_0000.png,thumbs/cluster_1/080_cell_1761648090174_912349010008_13216_0000.jpg
1,/home/wangqianqian/project/FS/data/28gusui&pizang/03/11/cell_1761646260938_912349010008_52278_0100.png,thumbs/cluster_1/081_cell_1761646260938_912349010008_52278_0100.jpg
1,/home/wangqianqian/project/FS/data/28gusui&pizang/03/49/cell_1761648540375_912349010008_50610_0100.png,thumbs/cluster_1/082_cell_1761648540375_912349010008_50610_0100.jpg
1,/home/wangqianqian/project/FS/data/28gusui&pizang/03/18/cell_1761646684573_912349010008_88202_0000.png,thumbs/cluster_1/083_cell_1761646684573_912349010008_88202_0000.jpg
1,/home/wangqianqian/project/FS/data/28gusui&pizang/03/52/cell_1761648775941_912349010008_73912_0000.png,thumbs/cluster_1/084_cell_1761648775941_912349010008_73912_0000.jpg
1,/home/wangqianqian/project/FS/data/28gusui&pizang/03/51/cell_1761648689026_912349010008_65291_0100.png,thumbs/cluster_1/085_cell_1761648689026_912349010008_65291_0100.jpg
1,/home/wangqianqian/project/FS/data/28gusui&pizang/03/12/cell_1761646327188_912349010008_57995_0000.png,thumbs/cluster_1/086_cell_1761646327188_912349010008_57995_0000.jpg
1,/home/wangqianqian/project/FS/data/28gusui&pizang/03/53/cell_1761648785413_912349010008_74849_0100.png,thumbs/cluster_1/087_cell_1761648785413_912349010008_74849_0100.jpg
1,/home/wangqianqian/project/FS/data/28gusui&pizang/03/03/cell_1761645801691_912349010008_15788_0000.png,thumbs/cluster_1/088_cell_1761645801691_912349010008_15788_0000.jpg
1,/home/wangqianqian/project/FS/data/28gusui&pizang/03/50/cell_1761648654974_912349010008_61896_0100.png,thumbs/cluster_1/089_cell_1761648654974_912349010008_61896_0100.jpg
1,/home/wangqianqian/project/FS/data/28gusui&pizang/03/03/cell_1761645835974_912349010008_18469_0000.png,thumbs/cluster_1/090_cell_1761645835974_912349010008_18469_0000.jpg
1,/home/wangqianqian/project/FS/data/28gusui&pizang/03/45/cell_1761648316756_912349010008_30863_0000.png,thumbs/cluster_1/091_cell_1761648316756_912349010008_30863_0000.jpg
1,/home/wangqianqian/project/FS/data/28gusui&pizang/03/07/cell_1761646058717_912349010008_36840_0000.png,thumbs/cluster_1/092_cell_1761646058717_912349010008_36840_0000.jpg
1,/home/wangqianqian/project/FS/data/28gusui&pizang/03/14/cell_1761646453122_912349010008_68437_0000.png,thumbs/cluster_1/093_cell_1761646453122_912349010008_68437_0000.jpg
1,/home/wangqianqian/project/FS/data/28gusui&pizang/03/19/cell_1761646760111_912349010008_94262_0000.png,thumbs/cluster_1/094_cell_1761646760111_912349010008_94262_0000.jpg
1,/home/wangqianqian/project/FS/data/28gusui&pizang/03/57/cell_1761649036861_912349010008_98458_0000.png,thumbs/cluster_1/095_cell_1761649036861_912349010008_98458_0000.jpg
1,/home/wangqianqian/project/FS/data/28gusui&pizang/03/18/cell_1761646722909_912349010008_91213_0100.png,thumbs/cluster_1/096_cell_1761646722909_912349010008_91213_0100.jpg
1,/home/wangqianqian/project/FS/data/28gusui&pizang/03/46/cell_1761648395897_912349010008_37885_0000.png,thumbs/cluster_1/097_cell_1761648395897_912349010008_37885_0000.jpg
1,/home/wangqianqian/project/FS/data/28gusui&pizang/03/06/cell_1761645975432_912349010008_29711_0100.png,thumbs/cluster_1/098_cell_1761645975432_912349010008_29711_0100.jpg
1,/home/wangqianqian/project/FS/data/28gusui&pizang/03/20/cell_1761646804682_912349010008_98005_0100.png,thumbs/cluster_1/099_cell_1761646804682_912349010008_98005_0100.jpg
2,/home/wangqianqian/project/FS/data/28gusui&pizang/03/13/cell_1761646424162_912349010008_65753_0000.png,thumbs/cluster_2/000_cell_1761646424162_912349010008_65753_0000.jpg
2,/home/wangqianqian/project/FS/data/28gusui&pizang/03/04/cell_1761645849562_912349010008_19588_0000.png,thumbs/cluster_2/001_cell_1761645849562_912349010008_19588_0000.jpg
2,/home/wangqianqian/project/FS/data/28gusui&pizang/03/09/cell_1761646182382_912349010008_45958_0000.png,thumbs/cluster_2/002_cell_1761646182382_912349010008_45958_0000.jpg
2,/home/wangqianqian/project/FS/data/28gusui&pizang/03/13/cell_1761646435072_912349010008_66782_0000.png,thumbs/cluster_2/003_cell_1761646435072_912349010008_66782_0000.jpg
2,/home/wangqianqian/project/FS/data/28gusui&pizang/03/21/cell_1761646887409_912349010008_104957_0000.png,thumbs/cluster_2/004_cell_1761646887409_912349010008_104957_0000.jpg
2,/home/wangqianqian/project/FS/data/28gusui&pizang/03/08/cell_1761646131882_912349010008_42252_0100.png,thumbs/cluster_2/005_cell_1761646131882_912349010008_42252_0100.jpg
2,/home/wangqianqian/project/FS/data/28gusui&pizang/03/58/cell_1761649136390_912349010008_108924_0100.png,thumbs/cluster_2/006_cell_1761649136390_912349010008_108924_0100.jpg
2,/home/wangqianqian/project/FS/data/28gusui&pizang/03/42/cell_1761648171644_912349010008_18720_0100.png,thumbs/cluster_2/007_cell_1761648171644_912349010008_18720_0100.jpg
2,/home/wangqianqian/project/FS/data/28gusui&pizang/03/43/cell_1761648195026_912349010008_20439_0000.png,thumbs/cluster_2/008_cell_1761648195026_912349010008_20439_0000.jpg
2,/home/wangqianqian/project/FS/data/28gusui&pizang/03/06/cell_1761645994752_912349010008_31271_0000.png,thumbs/cluster_2/009_cell_1761645994752_912349010008_31271_0000.jpg
2,/home/wangqianqian/project/FS/data/28gusui&pizang/03/04/cell_1761645898326_912349010008_23607_0000.png,thumbs/cluster_2/010_cell_1761645898326_912349010008_23607_0000.jpg
2,/home/wangqianqian/project/FS/data/28gusui&pizang/03/51/cell_1761648662580_912349010008_62666_0100.png,thumbs/cluster_2/011_cell_1761648662580_912349010008_62666_0100.jpg
2,/home/wangqianqian/project/FS/data/28gusui&pizang/03/05/cell_1761645911370_912349010008_24607_0100.png,thumbs/cluster_2/012_cell_1761645911370_912349010008_24607_0100.jpg
2,/home/wangqianqian/project/FS/data/28gusui&pizang/03/49/cell_1761648546062_912349010008_51137_0000.png,thumbs/cluster_2/013_cell_1761648546062_912349010008_51137_0000.jpg
2,/home/wangqianqian/project/FS/data/28gusui&pizang/03/17/cell_1761646624511_912349010008_82835_0000.png,thumbs/cluster_2/014_cell_1761646624511_912349010008_82835_0000.jpg
2,/home/wangqianqian/project/FS/data/28gusui&pizang/03/16/cell_1761646593265_912349010008_80221_0000.png,thumbs/cluster_2/015_cell_1761646593265_912349010008_80221_0000.jpg
2,/home/wangqianqian/project/FS/data/28gusui&pizang/03/12/cell_1761646371208_912349010008_61599_0100.png,thumbs/cluster_2/016_cell_1761646371208_912349010008_61599_0100.jpg
2,/home/wangqianqian/project/FS/data/28gusui&pizang/03/20/cell_1761646808146_912349010008_98303_0100.png,thumbs/cluster_2/017_cell_1761646808146_912349010008_98303_0100.jpg
2,/home/wangqianqian/project/FS/data/28gusui&pizang/03/55/cell_1761648950063_912349010008_90487_0100.png,thumbs/cluster_2/018_cell_1761648950063_912349010008_90487_0100.jpg
2,/home/wangqianqian/project/FS/data/28gusui&pizang/03/43/cell_1761648217658_912349010008_22273_0100.png,thumbs/cluster_2/019_cell_1761648217658_912349010008_22273_0100.jpg
2,/home/wangqianqian/project/FS/data/28gusui&pizang/03/46/cell_1761648398740_912349010008_38130_0100.png,thumbs/cluster_2/020_cell_1761648398740_912349010008_38130_0100.jpg
2,/home/wangqianqian/project/FS/data/28gusui&pizang/03/52/cell_1761648729638_912349010008_69440_0100.png,thumbs/cluster_2/021_cell_1761648729638_912349010008_69440_0100.jpg
2,/home/wangqianqian/project/FS/data/28gusui&pizang/03/52/cell_1761648754567_912349010008_71935_0000.png,thumbs/cluster_2/022_cell_1761648754567_912349010008_71935_0000.jpg
2,/home/wangqianqian/project/FS/data/28gusui&pizang/03/15/cell_1761646540597_912349010008_76147_0000.png,thumbs/cluster_2/023_cell_1761646540597_912349010008_76147_0000.jpg
2,/home/wangqianqian/project/FS/data/28gusui&pizang/03/11/cell_1761646275202_912349010008_53441_0000.png,thumbs/cluster_2/024_cell_1761646275202_912349010008_53441_0000.jpg
2,/home/wangqianqian/project/FS/data/28gusui&pizang/03/36/cell_1761647793386_912349010008_638_0000.png,thumbs/cluster_2/025_cell_1761647793386_912349010008_638_0000.jpg
2,/home/wangqianqian/project/FS/data/28gusui&pizang/03/15/cell_1761646545181_912349010008_76552_0000.png,thumbs/cluster_2/026_cell_1761646545181_912349010008_76552_0000.jpg
2,/home/wangqianqian/project/FS/data/28gusui&pizang/03/06/cell_1761646004021_912349010008_32012_0100.png,thumbs/cluster_2/027_cell_1761646004021_912349010008_32012_0100.jpg
2,/home/wangqianqian/project/FS/data/28gusui&pizang/03/21/cell_1761646871637_912349010008_103727_0000.png,thumbs/cluster_2/028_cell_1761646871637_912349010008_103727_0000.jpg
2,/home/wangqianqian/project/FS/data/28gusui&pizang/03/08/cell_1761646121099_912349010008_41495_0000.png,thumbs/cluster_2/029_cell_1761646121099_912349010008_41495_0000.jpg
2,/home/wangqianqian/project/FS/data/28gusui&pizang/03/05/cell_1761645912363_912349010008_24686_0000.png,thumbs/cluster_2/030_cell_1761645912363_912349010008_24686_0000.jpg
2,/home/wangqianqian/project/FS/data/28gusui&pizang/03/04/cell_1761645872171_912349010008_21588_0000.png,thumbs/cluster_2/031_cell_1761645872171_912349010008_21588_0000.jpg
2,/home/wangqianqian/project/FS/data/28gusui&pizang/03/43/cell_1761648223294_912349010008_22692_0000.png,thumbs/cluster_2/032_cell_1761648223294_912349010008_22692_0000.jpg
2,/home/wangqianqian/project/FS/data/28gusui&pizang/03/41/cell_1761648107519_912349010008_14248_0000.png,thumbs/cluster_2/033_cell_1761648107519_912349010008_14248_0000.jpg
2,/home/wangqianqian/project/FS/data/28gusui&pizang/03/05/cell_1761645956574_912349010008_28131_0000.png,thumbs/cluster_2/034_cell_1761645956574_912349010008_28131_0000.jpg
2,/home/wangqianqian/project/FS/data/28gusui&pizang/03/55/cell_1761648938492_912349010008_89533_0100.png,thumbs/cluster_2/035_cell_1761648938492_912349010008_89533_0100.jpg
2,/home/wangqianqian/project/FS/data/28gusui&pizang/03/05/cell_1761645931871_912349010008_26149_0100.png,thumbs/cluster_2/036_cell_1761645931871_912349010008_26149_0100.jpg
2,/home/wangqianqian/project/FS/data/28gusui&pizang/03/56/cell_1761649015458_912349010008_96378_0000.png,thumbs/cluster_2/037_cell_1761649015458_912349010008_96378_0000.jpg
2,/home/wangqianqian/project/FS/data/28gusui&pizang/03/42/cell_1761648149594_912349010008_17186_0000.png,thumbs/cluster_2/038_cell_1761648149594_912349010008_17186_0000.jpg
2,/home/wangqianqian/project/FS/data/28gusui&pizang/03/12/cell_1761646350976_912349010008_59929_0000.png,thumbs/cluster_2/039_cell_1761646350976_912349010008_59929_0000.jpg
2,/home/wangqianqian/project/FS/data/28gusui&pizang/03/52/cell_1761648760679_912349010008_72513_0000.png,thumbs/cluster_2/040_cell_1761648760679_912349010008_72513_0000.jpg
2,/home/wangqianqian/project/FS/data/28gusui&pizang/03/59/cell_1761649169507_912349010008_112429_0000.png,thumbs/cluster_2/041_cell_1761649169507_912349010008_112429_0000.jpg
2,/home/wangqianqian/project/FS/data/28gusui&pizang/03/50/cell_1761648600624_912349010008_56446_0000.png,thumbs/cluster_2/042_cell_1761648600624_912349010008_56446_0000.jpg
2,/home/wangqianqian/project/FS/data/28gusui&pizang/03/07/cell_1761646027728_912349010008_34136_0000.png,thumbs/cluster_2/043_cell_1761646027728_912349010008_34136_0000.jpg
2,/home/wangqianqian/project/FS/data/28gusui&pizang/03/21/cell_1761646914902_912349010008_107244_0000.png,thumbs/cluster_2/044_cell_1761646914902_912349010008_107244_0000.jpg
2,/home/wangqianqian/project/FS/data/28gusui&pizang/03/06/cell_1761645974810_912349010008_29648_0000.png,thumbs/cluster_2/045_cell_1761645974810_912349010008_29648_0000.jpg
2,/home/wangqianqian/project/FS/data/28gusui&pizang/03/47/cell_1761648464921_912349010008_44218_0000.png,thumbs/cluster_2/046_cell_1761648464921_912349010008_44218_0000.jpg
2,/home/wangqianqian/project/FS/data/28gusui&pizang/03/15/cell_1761646548221_912349010008_76792_0000.png,thumbs/cluster_2/047_cell_1761646548221_912349010008_76792_0000.jpg
2,/home/wangqianqian/project/FS/data/28gusui&pizang/03/58/cell_1761649105719_912349010008_105704_0000.png,thumbs/cluster_2/048_cell_1761649105719_912349010008_105704_0000.jpg
2,/home/wangqianqian/project/FS/data/28gusui&pizang/03/01/cell_1761645703661_912349010008_8611_0100.png,thumbs/cluster_2/049_cell_1761645703661_912349010008_8611_0100.jpg
2,/home/wangqianqian/project/FS/data/28gusui&pizang/03/02/cell_1761645778328_912349010008_13988_0000.png,thumbs/cluster_2/050_cell_1761645778328_912349010008_13988_0000.jpg
2,/home/wangqianqian/project/FS/data/28gusui&pizang/03/17/cell_1761646664924_912349010008_86362_0000.png,thumbs/cluster_2/051_cell_1761646664924_912349010008_86362_0000.jpg
2,/home/wangqianqian/project/FS/data/28gusui&pizang/03/16/cell_1761646602155_912349010008_80959_0000.png,thumbs/cluster_2/052_cell_1761646602155_912349010008_80959_0000.jpg
2,/home/wangqianqian/project/FS/data/28gusui&pizang/03/17/cell_1761646670349_912349010008_86866_0000.png,thumbs/cluster_2/053_cell_1761646670349_912349010008_86866_0000.jpg
2,/home/wangqianqian/project/FS/data/28gusui&pizang/03/15/cell_1761646506022_912349010008_73323_0100.png,thumbs/cluster_2/054_cell_1761646506022_912349010008_73323_0100.jpg
2,/home/wangqianqian/project/FS/data/28gusui&pizang/03/03/cell_1761645782616_912349010008_14313_0000.png,thumbs/cluster_2/055_cell_1761645782616_912349010008_14313_0000.jpg
2,/home/wangqianqian/project/FS/data/28gusui&pizang/03/45/cell_1761648328908_912349010008_31895_0000.png,thumbs/cluster_2/056_cell_1761648328908_912349010008_31895_0000.jpg
2,/home/wangqianqian/project/FS/data/28gusui&pizang/03/43/cell_1761648238412_912349010008_23987_0100.png,thumbs/cluster_2/057_cell_1761648238412_912349010008_23987_0100.jpg
2,/home/wangqianqian/project/FS/data/28gusui&pizang/03/02/cell_1761645735338_912349010008_10819_0000.png,thumbs/cluster_2/058_cell_1761645735338_912349010008_10819_0000.jpg
2,/home/wangqianqian/project/FS/data/28gusui&pizang/03/44/cell_1761648275102_912349010008_27318_0000.png,thumbs/cluster_2/059_cell_1761648275102_912349010008_27318_0000.jpg
2,/home/wangqianqian/project/FS/data/28gusui&pizang/03/49/cell_1761648587767_912349010008_55071_0100.png,thumbs/cluster_2/060_cell_1761648587767_912349010008_55071_0100.jpg
2,/home/wangqianqian/project/FS/data/28gusui&pizang/03/02/cell_1761645739015_912349010008_11053_0100.png,thumbs/cluster_2/061_cell_1761645739015_912349010008_11053_0100.jpg
2,/home/wangqianqian/project/FS/data/28gusui&pizang/03/18/cell_1761646737322_912349010008_92478_0000.png,thumbs/cluster_2/062_cell_1761646737322_912349010008_92478_0000.jpg
2,/home/wangqianqian/project/FS/data/28gusui&pizang/03/47/cell_1761648475765_912349010008_45154_0100.png,thumbs/cluster_2/063_cell_1761648475765_912349010008_45154_0100.jpg
2,/home/wangqianqian/project/FS/data/28gusui&pizang/03/46/cell_1761648368100_912349010008_35462_0100.png,thumbs/cluster_2/064_cell_1761648368100_912349010008_35462_0100.jpg
2,/home/wangqianqian/project/FS/data/28gusui&pizang/03/43/cell_1761648228849_912349010008_23161_0000.png,thumbs/cluster_2/065_cell_1761648228849_912349010008_23161_0000.jpg
2,/home/wangqianqian/project/FS/data/28gusui&pizang/03/11/cell_1761646311052_912349010008_56631_0000.png,thumbs/cluster_2/066_cell_1761646311052_912349010008_56631_0000.jpg
2,/home/wangqianqian/project/FS/data/28gusui&pizang/03/14/cell_1761646484565_912349010008_71259_0000.png,thumbs/cluster_2/067_cell_1761646484565_912349010008_71259_0000.jpg
2,/home/wangqianqian/project/FS/data/28gusui&pizang/03/08/cell_1761646118091_912349010008_41274_0000.png,thumbs/cluster_2/068_cell_1761646118091_912349010008_41274_0000.jpg
2,/home/wangqianqian/project/FS/data/28gusui&pizang/03/56/cell_1761648972946_912349010008_92503_0100.png,thumbs/cluster_2/069_cell_1761648972946_912349010008_92503_0100.jpg
2,/home/wangqianqian/project/FS/data/28gusui&pizang/03/39/cell_1761647968998_912349010008_6949_0100.png,thumbs/cluster_2/070_cell_1761647968998_912349010008_6949_0100.jpg
2,/home/wangqianqian/project/FS/data/28gusui&pizang/03/16/cell_1761646588952_912349010008_79866_0000.png,thumbs/cluster_2/071_cell_1761646588952_912349010008_79866_0000.jpg
2,/home/wangqianqian/project/FS/data/28gusui&pizang/03/14/cell_1761646473290_912349010008_70258_0100.png,thumbs/cluster_2/072_cell_1761646473290_912349010008_70258_0100.jpg
2,/home/wangqianqian/project/FS/data/28gusui&pizang/03/04/cell_1761645848256_912349010008_19487_0000.png,thumbs/cluster_2/073_cell_1761645848256_912349010008_19487_0000.jpg
2,/home/wangqianqian/project/FS/data/28gusui&pizang/03/10/cell_1761646219530_912349010008_48900_0000.png,thumbs/cluster_2/074_cell_1761646219530_912349010008_48900_0000.jpg
2,/home/wangqianqian/project/FS/data/28gusui&pizang/03/48/cell_1761648498289_912349010008_47102_0000.png,thumbs/cluster_2/075_cell_1761648498289_912349010008_47102_0000.jpg
2,/home/wangqianqian/project/FS/data/28gusui&pizang/03/47/cell_1761648451721_912349010008_43089_0100.png,thumbs/cluster_2/076_cell_1761648451721_912349010008_43089_0100.jpg
2,/home/wangqianqian/project/FS/data/28gusui&pizang/03/06/cell_1761645996207_912349010008_31389_0000.png,thumbs/cluster_2/077_cell_1761645996207_912349010008_31389_0000.jpg
2,/home/wangqianqian/project/FS/data/28gusui&pizang/03/53/cell_1761648794691_912349010008_75908_0100.png,thumbs/cluster_2/078_cell_1761648794691_912349010008_75908_0100.jpg
2,/home/wangqianqian/project/FS/data/28gusui&pizang/03/49/cell_1761648594042_912349010008_55724_0100.png,thumbs/cluster_2/079_cell_1761648594042_912349010008_55724_0100.jpg
2,/home/wangqianqian/project/FS/data/28gusui&pizang/03/43/cell_1761648218419_912349010008_22325_0100.png,thumbs/cluster_2/080_cell_1761648218419_912349010008_22325_0100.jpg
2,/home/wangqianqian/project/FS/data/28gusui&pizang/03/38/cell_1761647913222_912349010008_4821_0100.png,thumbs/cluster_2/081_cell_1761647913222_912349010008_4821_0100.jpg
2,/home/wangqianqian/project/FS/data/28gusui&pizang/03/06/cell_1761646014877_912349010008_33034_0000.png,thumbs/cluster_2/082_cell_1761646014877_912349010008_33034_0000.jpg
2,/home/wangqianqian/project/FS/data/28gusui&pizang/03/05/cell_1761645914818_912349010008_24869_0100.png,thumbs/cluster_2/083_cell_1761645914818_912349010008_24869_0100.jpg
2,/home/wangqianqian/project/FS/data/28gusui&pizang/03/19/cell_1761646761538_912349010008_94376_0000.png,thumbs/cluster_2/084_cell_1761646761538_912349010008_94376_0000.jpg
2,/home/wangqianqian/project/FS/data/28gusui&pizang/03/21/cell_1761646880478_912349010008_104431_0000.png,thumbs/cluster_2/085_cell_1761646880478_912349010008_104431_0000.jpg
2,/home/wangqianqian/project/FS/data/28gusui&pizang/03/54/cell_1761648880638_912349010008_84537_0100.png,thumbs/cluster_2/086_cell_1761648880638_912349010008_84537_0100.jpg
2,/home/wangqianqian/project/FS/data/28gusui&pizang/03/49/cell_1761648585360_912349010008_54829_0000.png,thumbs/cluster_2/087_cell_1761648585360_912349010008_54829_0000.jpg
2,/home/wangqianqian/project/FS/data/28gusui&pizang/03/49/cell_1761648564781_912349010008_52871_0100.png,thumbs/cluster_2/088_cell_1761648564781_912349010008_52871_0100.jpg
2,/home/wangqianqian/project/FS/data/28gusui&pizang/03/54/cell_1761648851323_912349010008_81589_0000.png,thumbs/cluster_2/089_cell_1761648851323_912349010008_81589_0000.jpg
2,/home/wangqianqian/project/FS/data/28gusui&pizang/03/53/cell_1761648789843_912349010008_75358_0000.png,thumbs/cluster_2/090_cell_1761648789843_912349010008_75358_0000.jpg
2,/home/wangqianqian/project/FS/data/28gusui&pizang/03/13/cell_1761646428690_912349010008_66236_0100.png,thumbs/cluster_2/091_cell_1761646428690_912349010008_66236_0100.jpg
2,/home/wangqianqian/project/FS/data/28gusui&pizang/03/47/cell_1761648420650_912349010008_40143_0000.png,thumbs/cluster_2/092_cell_1761648420650_912349010008_40143_0000.jpg
2,/home/wangqianqian/project/FS/data/28gusui&pizang/03/44/cell_1761648268796_912349010008_26684_0000.png,thumbs/cluster_2/093_cell_1761648268796_912349010008_26684_0000.jpg
2,/home/wangqianqian/project/FS/data/28gusui&pizang/03/21/cell_1761646887334_912349010008_104951_0100.png,thumbs/cluster_2/094_cell_1761646887334_912349010008_104951_0100.jpg
2,/home/wangqianqian/project/FS/data/28gusui&pizang/03/42/cell_1761648172470_912349010008_18773_0000.png,thumbs/cluster_2/095_cell_1761648172470_912349010008_18773_0000.jpg
2,/home/wangqianqian/project/FS/data/28gusui&pizang/03/08/cell_1761646084236_912349010008_38689_0000.png,thumbs/cluster_2/096_cell_1761646084236_912349010008_38689_0000.jpg
2,/home/wangqianqian/project/FS/data/28gusui&pizang/03/20/cell_1761646852710_912349010008_102049_0000.png,thumbs/cluster_2/097_cell_1761646852710_912349010008_102049_0000.jpg
2,/home/wangqianqian/project/FS/data/28gusui&pizang/03/05/cell_1761645904021_912349010008_24049_0000.png,thumbs/cluster_2/098_cell_1761645904021_912349010008_24049_0000.jpg
2,/home/wangqianqian/project/FS/data/28gusui&pizang/03/44/cell_1761648255516_912349010008_25502_0000.png,thumbs/cluster_2/099_cell_1761648255516_912349010008_25502_0000.jpg
3,/home/wangqianqian/project/FS/data/28gusui&pizang/03/43/cell_1761648223654_912349010008_22725_0100.png,thumbs/cluster_3/000_cell_1761648223654_912349010008_22725_0100.jpg
3,/home/wangqianqian/project/FS/data/28gusui&pizang/03/56/cell_1761648975834_912349010008_92745_0000.png,thumbs/cluster_3/001_cell_1761648975834_912349010008_92745_0000.jpg
3,/home/wangqianqian/project/FS/data/28gusui&pizang/03/07/cell_1761646030210_912349010008_34368_0000.png,thumbs/cluster_3/002_cell_1761646030210_912349010008_34368_0000.jpg
3,/home/wangqianqian/project/FS/data/28gusui&pizang/03/40/cell_1761648025817_912349010008_9527_0000.png,thumbs/cluster_3/003_cell_1761648025817_912349010008_9527_0000.jpg
3,/home/wangqianqian/project/FS/data/28gusui&pizang/03/20/cell_1761646858310_912349010008_102561_0100.png,thumbs/cluster_3/004_cell_1761646858310_912349010008_102561_0100.jpg
3,/home/wangqianqian/project/FS/data/28gusui&pizang/03/05/cell_1761645922335_912349010008_25429_0000.png,thumbs/cluster_3/005_cell_1761645922335_912349010008_25429_0000.jpg
3,/home/wangqianqian/project/FS/data/28gusui&pizang/03/19/cell_1761646754835_912349010008_93853_0000.png,thumbs/cluster_3/006_cell_1761646754835_912349010008_93853_0000.jpg
3,/home/wangqianqian/project/FS/data/28gusui&pizang/03/43/cell_1761648228361_912349010008_23119_0100.png,thumbs/cluster_3/007_cell_1761648228361_912349010008_23119_0100.jpg
3,/home/wangqianqian/project/FS/data/28gusui&pizang/03/42/cell_1761648124113_912349010008_15343_0000.png,thumbs/cluster_3/008_cell_1761648124113_912349010008_15343_0000.jpg
3,/home/wangqianqian/project/FS/data/28gusui&pizang/03/42/cell_1761648176735_912349010008_19080_0000.png,thumbs/cluster_3/009_cell_1761648176735_912349010008_19080_0000.jpg
3,/home/wangqianqian/project/FS/data/28gusui&pizang/03/42/cell_1761648146362_912349010008_16965_0000.png,thumbs/cluster_3/010_cell_1761648146362_912349010008_16965_0000.jpg
3,/home/wangqianqian/project/FS/data/28gusui&pizang/03/57/cell_1761649054405_912349010008_100301_0000.png,thumbs/cluster_3/011_cell_1761649054405_912349010008_100301_0000.jpg
3,/home/wangqianqian/project/FS/data/28gusui&pizang/03/04/cell_1761645844987_912349010008_19160_0000.png,thumbs/cluster_3/012_cell_1761645844987_912349010008_19160_0000.jpg
3,/home/wangqianqian/project/FS/data/28gusui&pizang/03/13/cell_1761646400100_912349010008_63779_0000.png,thumbs/cluster_3/013_cell_1761646400100_912349010008_63779_0000.jpg
3,/home/wangqianqian/project/FS/data/28gusui&pizang/03/48/cell_1761648518154_912349010008_48680_0000.png,thumbs/cluster_3/014_cell_1761648518154_912349010008_48680_0000.jpg
3,/home/wangqianqian/project/FS/data/28gusui&pizang/03/01/cell_1761645715248_912349010008_9378_0000.png,thumbs/cluster_3/015_cell_1761645715248_912349010008_9378_0000.jpg
3,/home/wangqianqian/project/FS/data/28gusui&pizang/03/44/cell_1761648282377_912349010008_27981_0100.png,thumbs/cluster_3/016_cell_1761648282377_912349010008_27981_0100.jpg
3,/home/wangqianqian/project/FS/data/28gusui&pizang/03/46/cell_1761648361098_912349010008_34843_0100.png,thumbs/cluster_3/017_cell_1761648361098_912349010008_34843_0100.jpg
3,/home/wangqianqian/project/FS/data/28gusui&pizang/03/21/cell_1761646878516_912349010008_104251_0000.png,thumbs/cluster_3/018_cell_1761646878516_912349010008_104251_0000.jpg
3,/home/wangqianqian/project/FS/data/28gusui&pizang/03/21/cell_1761646898956_912349010008_105923_0000.png,thumbs/cluster_3/019_cell_1761646898956_912349010008_105923_0000.jpg
3,/home/wangqianqian/project/FS/data/28gusui&pizang/03/41/cell_1761648088352_912349010008_13104_0000.png,thumbs/cluster_3/020_cell_1761648088352_912349010008_13104_0000.jpg
3,/home/wangqianqian/project/FS/data/28gusui&pizang/03/03/cell_1761645807982_912349010008_16276_0000.png,thumbs/cluster_3/021_cell_1761645807982_912349010008_16276_0000.jpg
3,/home/wangqianqian/project/FS/data/28gusui&pizang/03/56/cell_1761648966998_912349010008_91942_0000.png,thumbs/cluster_3/022_cell_1761648966998_912349010008_91942_0000.jpg
3,/home/wangqianqian/project/FS/data/28gusui&pizang/03/43/cell_1761648205336_912349010008_21274_0000.png,thumbs/cluster_3/023_cell_1761648205336_912349010008_21274_0000.jpg
3,/home/wangqianqian/project/FS/data/28gusui&pizang/03/59/cell_1761649156210_912349010008_111017_0000.png,thumbs/cluster_3/024_cell_1761649156210_912349010008_111017_0000.jpg
3,/home/wangqianqian/project/FS/data/28gusui&pizang/03/01/cell_1761645695274_912349010008_8107_0000.png,thumbs/cluster_3/025_cell_1761645695274_912349010008_8107_0000.jpg
3,/home/wangqianqian/project/FS/data/28gusui&pizang/03/14/cell_1761646448640_912349010008_68044_0100.png,thumbs/cluster_3/026_cell_1761646448640_912349010008_68044_0100.jpg
3,/home/wangqianqian/project/FS/data/28gusui&pizang/03/04/cell_1761645888512_912349010008_22940_0100.png,thumbs/cluster_3/027_cell_1761645888512_912349010008_22940_0100.jpg
3,/home/wangqianqian/project/FS/data/28gusui&pizang/03/55/cell_1761648919066_912349010008_87781_0000.png,thumbs/cluster_3/028_cell_1761648919066_912349010008_87781_0000.jpg
3,/home/wangqianqian/project/FS/data/28gusui&pizang/03/58/cell_1761649135042_912349010008_108790_0100.png,thumbs/cluster_3/029_cell_1761649135042_912349010008_108790_0100.jpg
3,/home/wangqianqian/project/FS/data/28gusui&pizang/03/20/cell_1761646809009_912349010008_98366_0100.png,thumbs/cluster_3/030_cell_1761646809009_912349010008_98366_0100.jpg
3,/home/wangqianqian/project/FS/data/28gusui&pizang/03/42/cell_1761648145505_912349010008_16897_0000.png,thumbs/cluster_3/031_cell_1761648145505_912349010008_16897_0000.jpg
3,/home/wangqianqian/project/FS/data/28gusui&pizang/03/57/cell_1761649079201_912349010008_102855_0100.png,thumbs/cluster_3/032_cell_1761649079201_912349010008_102855_0100.jpg
3,/home/wangqianqian/project/FS/data/28gusui&pizang/03/47/cell_1761648430360_912349010008_41060_0000.png,thumbs/cluster_3/033_cell_1761648430360_912349010008_41060_0000.jpg
3,/home/wangqianqian/project/FS/data/28gusui&pizang/03/02/cell_1761645754935_912349010008_12304_0100.png,thumbs/cluster_3/034_cell_1761645754935_912349010008_12304_0100.jpg
3,/home/wangqianqian/project/FS/data/28gusui&pizang/03/35/cell_1761647708198_912349010008_131_0000.png,thumbs/cluster_3/035_cell_1761647708198_912349010008_131_0000.jpg
3,/home/wangqianqian/project/FS/data/28gusui&pizang/03/11/cell_1761646289233_912349010008_54716_0000.png,thumbs/cluster_3/036_cell_1761646289233_912349010008_54716_0000.jpg
3,/home/wangqianqian/project/FS/data/28gusui&pizang/03/44/cell_1761648264255_912349010008_26250_0100.png,thumbs/cluster_3/037_cell_1761648264255_912349010008_26250_0100.jpg
3,/home/wangqianqian/project/FS/data/28gusui&pizang/03/50/cell_1761648617599_912349010008_58067_0100.png,thumbs/cluster_3/038_cell_1761648617599_912349010008_58067_0100.jpg
3,/home/wangqianqian/project/FS/data/28gusui&pizang/03/51/cell_1761648683046_912349010008_64688_0000.png,thumbs/cluster_3/039_cell_1761648683046_912349010008_64688_0000.jpg
3,/home/wangqianqian/project/FS/data/28gusui&pizang/03/13/cell_1761646381838_912349010008_62439_0000.png,thumbs/cluster_3/040_cell_1761646381838_912349010008_62439_0000.jpg
3,/home/wangqianqian/project/FS/data/28gusui&pizang/03/40/cell_1761648009411_912349010008_8691_0000.png,thumbs/cluster_3/041_cell_1761648009411_912349010008_8691_0000.jpg
3,/home/wangqianqian/project/FS/data/28gusui&pizang/03/58/cell_1761649083305_912349010008_103313_0000.png,thumbs/cluster_3/042_cell_1761649083305_912349010008_103313_0000.jpg
3,/home/wangqianqian/project/FS/data/28gusui&pizang/03/13/cell_1761646388108_912349010008_62904_0000.png,thumbs/cluster_3/043_cell_1761646388108_912349010008_62904_0000.jpg
3,/home/wangqianqian/project/FS/data/28gusui&pizang/03/59/cell_1761649169871_912349010008_112477_0000.png,thumbs/cluster_3/044_cell_1761649169871_912349010008_112477_0000.jpg
3,/home/wangqianqian/project/FS/data/28gusui&pizang/03/16/cell_1761646600889_912349010008_80850_0100.png,thumbs/cluster_3/045_cell_1761646600889_912349010008_80850_0100.jpg
3,/home/wangqianqian/project/FS/data/28gusui&pizang/03/38/cell_1761647922651_912349010008_5115_0000.png,thumbs/cluster_3/046_cell_1761647922651_912349010008_5115_0000.jpg
3,/home/wangqianqian/project/FS/data/28gusui&pizang/03/19/cell_1761646780692_912349010008_95948_0000.png,thumbs/cluster_3/047_cell_1761646780692_912349010008_95948_0000.jpg
3,/home/wangqianqian/project/FS/data/28gusui&pizang/03/44/cell_1761648290651_912349010008_28722_0000.png,thumbs/cluster_3/048_cell_1761648290651_912349010008_28722_0000.jpg
3,/home/wangqianqian/project/FS/data/28gusui&pizang/03/36/cell_1761647781768_912349010008_420_0000.png,thumbs/cluster_3/049_cell_1761647781768_912349010008_420_0000.jpg
3,/home/wangqianqian/project/FS/data/28gusui&pizang/03/42/cell_1761648136494_912349010008_16237_0000.png,thumbs/cluster_3/050_cell_1761648136494_912349010008_16237_0000.jpg
3,/home/wangqianqian/project/FS/data/28gusui&pizang/03/01/cell_1761645711839_912349010008_9127_0100.png,thumbs/cluster_3/051_cell_1761645711839_912349010008_9127_0100.jpg
3,/home/wangqianqian/project/FS/data/28gusui&pizang/03/14/cell_1761646448154_912349010008_67992_0000.png,thumbs/cluster_3/052_cell_1761646448154_912349010008_67992_0000.jpg
3,/home/wangqianqian/project/FS/data/28gusui&pizang/03/53/cell_1761648832091_912349010008_79675_0100.png,thumbs/cluster_3/053_cell_1761648832091_912349010008_79675_0100.jpg
3,/home/wangqianqian/project/FS/data/28gusui&pizang/03/59/cell_1761649158764_912349010008_111278_0000.png,thumbs/cluster_3/054_cell_1761649158764_912349010008_111278_0000.jpg
3,/home/wangqianqian/project/FS/data/28gusui&pizang/03/13/cell_1761646434722_912349010008_66750_0000.png,thumbs/cluster_3/055_cell_1761646434722_912349010008_66750_0000.jpg
3,/home/wangqianqian/project/FS/data/28gusui&pizang/03/52/cell_1761648722095_912349010008_68738_0100.png,thumbs/cluster_3/056_cell_1761648722095_912349010008_68738_0100.jpg
3,/home/wangqianqian/project/FS/data/28gusui&pizang/03/43/cell_1761648210404_912349010008_21714_0100.png,thumbs/cluster_3/057_cell_1761648210404_912349010008_21714_0100.jpg
3,/home/wangqianqian/project/FS/data/28gusui&pizang/03/07/cell_1761646064317_912349010008_37281_0100.png,thumbs/cluster_3/058_cell_1761646064317_912349010008_37281_0100.jpg
3,/home/wangqianqian/project/FS/data/28gusui&pizang/03/54/cell_1761648880785_912349010008_84552_0100.png,thumbs/cluster_3/059_cell_1761648880785_912349010008_84552_0100.jpg
3,/home/wangqianqian/project/FS/data/28gusui&pizang/03/02/cell_1761645739347_912349010008_11096_0100.png,thumbs/cluster_3/060_cell_1761645739347_912349010008_11096_0100.jpg
3,/home/wangqianqian/project/FS/data/28gusui&pizang/03/20/cell_1761646834172_912349010008_100488_0100.png,thumbs/cluster_3/061_cell_1761646834172_912349010008_100488_0100.jpg
3,/home/wangqianqian/project/FS/data/28gusui&pizang/03/21/cell_1761646892778_912349010008_105394_0100.png,thumbs/cluster_3/062_cell_1761646892778_912349010008_105394_0100.jpg
3,/home/wangqianqian/project/FS/data/28gusui&pizang/03/15/cell_1761646530473_912349010008_75312_0000.png,thumbs/cluster_3/063_cell_1761646530473_912349010008_75312_0000.jpg
3,/home/wangqianqian/project/FS/data/28gusui&pizang/03/01/cell_1761645702358_912349010008_8537_0100.png,thumbs/cluster_3/064_cell_1761645702358_912349010008_8537_0100.jpg
3,/home/wangqianqian/project/FS/data/28gusui&pizang/03/02/cell_1761645769909_912349010008_13340_0100.png,thumbs/cluster_3/065_cell_1761645769909_912349010008_13340_0100.jpg
3,/home/wangqianqian/project/FS/data/28gusui&pizang/03/05/cell_1761645927357_912349010008_25818_0000.png,thumbs/cluster_3/066_cell_1761645927357_912349010008_25818_0000.jpg
3,/home/wangqianqian/project/FS/data/28gusui&pizang/03/05/cell_1761645919387_912349010008_25183_0000.png,thumbs/cluster_3/067_cell_1761645919387_912349010008_25183_0000.jpg
3,/home/wangqianqian/project/FS/data/28gusui&pizang/03/49/cell_1761648591993_912349010008_55499_0000.png,thumbs/cluster_3/068_cell_1761648591993_912349010008_55499_0000.jpg
3,/home/wangqianqian/project/FS/data/28gusui&pizang/03/43/cell_1761648198342_912349010008_20686_0000.png,thumbs/cluster_3/069_cell_1761648198342_912349010008_20686_0000.jpg
3,/home/wangqianqian/project/FS/data/28gusui&pizang/03/57/cell_1761649027209_912349010008_97500_0000.png,thumbs/cluster_3/070_cell_1761649027209_912349010008_97500_0000.jpg
3,/home/wangqianqian/project/FS/data/28gusui&pizang/03/10/cell_1761646236121_912349010008_50288_0000.png,thumbs/cluster_3/071_cell_1761646236121_912349010008_50288_0000.jpg
3,/home/wangqianqian/project/FS/data/28gusui&pizang/03/42/cell_1761648125007_912349010008_15413_0000.png,thumbs/cluster_3/072_cell_1761648125007_912349010008_15413_0000.jpg
3,/home/wangqianqian/project/FS/data/28gusui&pizang/03/07/cell_1761646021692_912349010008_33625_0000.png,thumbs/cluster_3/073_cell_1761646021692_912349010008_33625_0000.jpg
3,/home/wangqianqian/project/FS/data/28gusui&pizang/03/01/cell_1761645710714_912349010008_9059_0000.png,thumbs/cluster_3/074_cell_1761645710714_912349010008_9059_0000.jpg
3,/home/wangqianqian/project/FS/data/28gusui&pizang/03/16/cell_1761646590130_912349010008_79964_0000.png,thumbs/cluster_3/075_cell_1761646590130_912349010008_79964_0000.jpg
3,/home/wangqianqian/project/FS/data/28gusui&pizang/03/40/cell_1761648042369_912349010008_10338_0000.png,thumbs/cluster_3/076_cell_1761648042369_912349010008_10338_0000.jpg
3,/home/wangqianqian/project/FS/data/28gusui&pizang/03/16/cell_1761646595652_912349010008_80405_0100.png,thumbs/cluster_3/077_cell_1761646595652_912349010008_80405_0100.jpg
3,/home/wangqianqian/project/FS/data/28gusui&pizang/03/06/cell_1761645984968_912349010008_30501_0000.png,thumbs/cluster_3/078_cell_1761645984968_912349010008_30501_0000.jpg
3,/home/wangqianqian/project/FS/data/28gusui&pizang/03/16/cell_1761646569310_912349010008_78361_0000.png,thumbs/cluster_3/079_cell_1761646569310_912349010008_78361_0000.jpg
3,/home/wangqianqian/project/FS/data/28gusui&pizang/03/43/cell_1761648206162_912349010008_21367_0100.png,thumbs/cluster_3/080_cell_1761648206162_912349010008_21367_0100.jpg
3,/home/wangqianqian/project/FS/data/28gusui&pizang/03/47/cell_1761648475867_912349010008_45162_0000.png,thumbs/cluster_3/081_cell_1761648475867_912349010008_45162_0000.jpg
3,/home/wangqianqian/project/FS/data/28gusui&pizang/03/51/cell_1761648674355_912349010008_63773_0100.png,thumbs/cluster_3/082_cell_1761648674355_912349010008_63773_0100.jpg
3,/home/wangqianqian/project/FS/data/28gusui&pizang/03/11/cell_1761646275472_912349010008_53460_0100.png,thumbs/cluster_3/083_cell_1761646275472_912349010008_53460_0100.jpg
3,/home/wangqianqian/project/FS/data/28gusui&pizang/03/51/cell_1761648712153_912349010008_67760_0000.png,thumbs/cluster_3/084_cell_1761648712153_912349010008_67760_0000.jpg
3,/home/wangqianqian/project/FS/data/28gusui&pizang/03/07/cell_1761646068653_912349010008_37591_0000.png,thumbs/cluster_3/085_cell_1761646068653_912349010008_37591_0000.jpg
3,/home/wangqianqian/project/FS/data/28gusui&pizang/03/21/cell_1761646871435_912349010008_103702_0000.png,thumbs/cluster_3/086_cell_1761646871435_912349010008_103702_0000.jpg
3,/home/wangqianqian/project/FS/data/28gusui&pizang/03/13/cell_1761646396346_912349010008_63487_0000.png,thumbs/cluster_3/087_cell_1761646396346_912349010008_63487_0000.jpg
3,/home/wangqianqian/project/FS/data/28gusui&pizang/03/56/cell_1761649017453_912349010008_96569_0000.png,thumbs/cluster_3/088_cell_1761649017453_912349010008_96569_0000.jpg
3,/home/wangqianqian/project/FS/data/28gusui&pizang/03/54/cell_1761648853278_912349010008_81792_0100.png,thumbs/cluster_3/089_cell_1761648853278_912349010008_81792_0100.jpg
3,/home/wangqianqian/project/FS/data/28gusui&pizang/03/57/cell_1761649068727_912349010008_101809_0100.png,thumbs/cluster_3/090_cell_1761649068727_912349010008_101809_0100.jpg
3,/home/wangqianqian/project/FS/data/28gusui&pizang/03/59/cell_1761649172482_912349010008_112771_0100.png,thumbs/cluster_3/091_cell_1761649172482_912349010008_112771_0100.jpg
3,/home/wangqianqian/project/FS/data/28gusui&pizang/03/14/cell_1761646466298_912349010008_69634_0100.png,thumbs/cluster_3/092_cell_1761646466298_912349010008_69634_0100.jpg
3,/home/wangqianqian/project/FS/data/28gusui&pizang/03/05/cell_1761645938616_912349010008_26663_0000.png,thumbs/cluster_3/093_cell_1761645938616_912349010008_26663_0000.jpg
3,/home/wangqianqian/project/FS/data/28gusui&pizang/03/50/cell_1761648627825_912349010008_59089_0100.png,thumbs/cluster_3/094_cell_1761648627825_912349010008_59089_0100.jpg
3,/home/wangqianqian/project/FS/data/28gusui&pizang/03/38/cell_1761647905613_912349010008_4612_0000.png,thumbs/cluster_3/095_cell_1761647905613_912349010008_4612_0000.jpg
3,/home/wangqianqian/project/FS/data/28gusui&pizang/03/43/cell_1761648239884_912349010008_24119_0100.png,thumbs/cluster_3/096_cell_1761648239884_912349010008_24119_0100.jpg
3,/home/wangqianqian/project/FS/data/28gusui&pizang/03/15/cell_1761646536661_912349010008_75810_0000.png,thumbs/cluster_3/097_cell_1761646536661_912349010008_75810_0000.jpg
3,/home/wangqianqian/project/FS/data/28gusui&pizang/03/42/cell_1761648175885_912349010008_19037_0000.png,thumbs/cluster_3/098_cell_1761648175885_912349010008_19037_0000.jpg
3,/home/wangqianqian/project/FS/data/28gusui&pizang/03/43/cell_1761648199373_912349010008_20772_0100.png,thumbs/cluster_3/099_cell_1761648199373_912349010008_20772_0100.jpg
4,/home/wangqianqian/project/FS/data/28gusui&pizang/03/43/cell_1761648228249_912349010008_23108_0000.png,thumbs/cluster_4/000_cell_1761648228249_912349010008_23108_0000.jpg
4,/home/wangqianqian/project/FS/data/28gusui&pizang/03/07/cell_1761646063251_912349010008_37201_0100.png,thumbs/cluster_4/001_cell_1761646063251_912349010008_37201_0100.jpg
4,/home/wangqianqian/project/FS/data/28gusui&pizang/03/58/cell_1761649085892_912349010008_103561_0000.png,thumbs/cluster_4/002_cell_1761649085892_912349010008_103561_0000.jpg
4,/home/wangqianqian/project/FS/data/28gusui&pizang/03/03/cell_1761645809531_912349010008_16393_0000.png,thumbs/cluster_4/003_cell_1761645809531_912349010008_16393_0000.jpg
4,/home/wangqianqian/project/FS/data/28gusui&pizang/03/47/cell_1761648441620_912349010008_42189_0000.png,thumbs/cluster_4/004_cell_1761648441620_912349010008_42189_0000.jpg
4,/home/wangqianqian/project/FS/data/28gusui&pizang/03/47/cell_1761648460544_912349010008_43854_0100.png,thumbs/cluster_4/005_cell_1761648460544_912349010008_43854_0100.jpg
4,/home/wangqianqian/project/FS/data/28gusui&pizang/03/47/cell_1761648426688_912349010008_40710_0000.png,thumbs/cluster_4/006_cell_1761648426688_912349010008_40710_0000.jpg
4,/home/wangqianqian/project/FS/data/28gusui&pizang/03/50/cell_1761648659907_912349010008_62394_0000.png,thumbs/cluster_4/007_cell_1761648659907_912349010008_62394_0000.jpg
4,/home/wangqianqian/project/FS/data/28gusui&pizang/03/59/cell_1761649174626_912349010008_113006_0100.png,thumbs/cluster_4/008_cell_1761649174626_912349010008_113006_0100.jpg
4,/home/wangqianqian/project/FS/data/28gusui&pizang/03/46/cell_1761648408344_912349010008_38950_0100.png,thumbs/cluster_4/009_cell_1761648408344_912349010008_38950_0100.jpg
4,/home/wangqianqian/project/FS/data/28gusui&pizang/03/15/cell_1761646549420_912349010008_76888_0100.png,thumbs/cluster_4/010_cell_1761646549420_912349010008_76888_0100.jpg
4,/home/wangqianqian/project/FS/data/28gusui&pizang/03/54/cell_1761648868910_912349010008_83356_0100.png,thumbs/cluster_4/011_cell_1761648868910_912349010008_83356_0100.jpg
4,/home/wangqianqian/project/FS/data/28gusui&pizang/03/10/cell_1761646233774_912349010008_50090_0100.png,thumbs/cluster_4/012_cell_1761646233774_912349010008_50090_0100.jpg
4,/home/wangqianqian/project/FS/data/28gusui&pizang/03/48/cell_1761648531033_912349010008_49748_0100.png,thumbs/cluster_4/013_cell_1761648531033_912349010008_49748_0100.jpg
4,/home/wangqianqian/project/FS/data/28gusui&pizang/03/57/cell_1761649067704_912349010008_101702_0000.png,thumbs/cluster_4/014_cell_1761649067704_912349010008_101702_0000.jpg
4,/home/wangqianqian/project/FS/data/28gusui&pizang/03/15/cell_1761646522210_912349010008_74677_0000.png,thumbs/cluster_4/015_cell_1761646522210_912349010008_74677_0000.jpg
4,/home/wangqianqian/project/FS/data/28gusui&pizang/03/05/cell_1761645930359_912349010008_26047_0100.png,thumbs/cluster_4/016_cell_1761645930359_912349010008_26047_0100.jpg
4,/home/wangqianqian/project/FS/data/28gusui&pizang/03/08/cell_1761646120623_912349010008_41458_0100.png,thumbs/cluster_4/017_cell_1761646120623_912349010008_41458_0100.jpg
4,/home/wangqianqian/project/FS/data/28gusui&pizang/03/46/cell_1761648380824_912349010008_36593_0000.png,thumbs/cluster_4/018_cell_1761648380824_912349010008_36593_0000.jpg
4,/home/wangqianqian/project/FS/data/28gusui&pizang/03/48/cell_1761648484586_912349010008_45951_0100.png,thumbs/cluster_4/019_cell_1761648484586_912349010008_45951_0100.jpg
4,/home/wangqianqian/project/FS/data/28gusui&pizang/03/16/cell_1761646561308_912349010008_77822_0000.png,thumbs/cluster_4/020_cell_1761646561308_912349010008_77822_0000.jpg
4,/home/wangqianqian/project/FS/data/28gusui&pizang/03/42/cell_1761648158362_912349010008_17800_0100.png,thumbs/cluster_4/021_cell_1761648158362_912349010008_17800_0100.jpg
4,/home/wangqianqian/project/FS/data/28gusui&pizang/03/55/cell_1761648908404_912349010008_86973_0000.png,thumbs/cluster_4/022_cell_1761648908404_912349010008_86973_0000.jpg
4,/home/wangqianqian/project/FS/data/28gusui&pizang/03/06/cell_1761645967549_912349010008_29001_0100.png,thumbs/cluster_4/023_cell_1761645967549_912349010008_29001_0100.jpg
4,/home/wangqianqian/project/FS/data/28gusui&pizang/03/53/cell_1761648822415_912349010008_78769_0100.png,thumbs/cluster_4/024_cell_1761648822415_912349010008_78769_0100.jpg
4,/home/wangqianqian/project/FS/data/28gusui&pizang/03/19/cell_1761646746305_912349010008_93201_0100.png,thumbs/cluster_4/025_cell_1761646746305_912349010008_93201_0100.jpg
4,/home/wangqianqian/project/FS/data/28gusui&pizang/03/57/cell_1761649033050_912349010008_98076_0100.png,thumbs/cluster_4/026_cell_1761649033050_912349010008_98076_0100.jpg
4,/home/wangqianqian/project/FS/data/28gusui&pizang/03/55/cell_1761648937818_912349010008_89479_0100.png,thumbs/cluster_4/027_cell_1761648937818_912349010008_89479_0100.jpg
4,/home/wangqianqian/project/FS/data/28gusui&pizang/03/06/cell_1761645981457_912349010008_30206_0000.png,thumbs/cluster_4/028_cell_1761645981457_912349010008_30206_0000.jpg
4,/home/wangqianqian/project/FS/data/28gusui&pizang/03/55/cell_1761648939070_912349010008_89570_0000.png,thumbs/cluster_4/029_cell_1761648939070_912349010008_89570_0000.jpg
4,/home/wangqianqian/project/FS/data/28gusui&pizang/03/16/cell_1761646604364_912349010008_81169_0000.png,thumbs/cluster_4/030_cell_1761646604364_912349010008_81169_0000.jpg
4,/home/wangqianqian/project/FS/data/28gusui&pizang/03/16/cell_1761646579278_912349010008_79170_0000.png,thumbs/cluster_4/031_cell_1761646579278_912349010008_79170_0000.jpg
4,/home/wangqianqian/project/FS/data/28gusui&pizang/03/43/cell_1761648190643_912349010008_20130_0100.png,thumbs/cluster_4/032_cell_1761648190643_912349010008_20130_0100.jpg
4,/home/wangqianqian/project/FS/data/28gusui&pizang/03/59/cell_1761649172883_912349010008_112828_0000.png,thumbs/cluster_4/033_cell_1761649172883_912349010008_112828_0000.jpg
4,/home/wangqianqian/project/FS/data/28gusui&pizang/03/20/cell_1761646823636_912349010008_99625_0000.png,thumbs/cluster_4/034_cell_1761646823636_912349010008_99625_0000.jpg
4,/home/wangqianqian/project/FS/data/28gusui&pizang/03/13/cell_1761646386153_912349010008_62751_0100.png,thumbs/cluster_4/035_cell_1761646386153_912349010008_62751_0100.jpg
4,/home/wangqianqian/project/FS/data/28gusui&pizang/03/52/cell_1761648749485_912349010008_71426_0100.png,thumbs/cluster_4/036_cell_1761648749485_912349010008_71426_0100.jpg
4,/home/wangqianqian/project/FS/data/28gusui&pizang/03/21/cell_1761646903565_912349010008_106272_0100.png,thumbs/cluster_4/037_cell_1761646903565_912349010008_106272_0100.jpg
4,/home/wangqianqian/project/FS/data/28gusui&pizang/03/50/cell_1761648612859_912349010008_57579_0100.png,thumbs/cluster_4/038_cell_1761648612859_912349010008_57579_0100.jpg
4,/home/wangqianqian/project/FS/data/28gusui&pizang/03/56/cell_1761649009955_912349010008_95923_0100.png,thumbs/cluster_4/039_cell_1761649009955_912349010008_95923_0100.jpg
4,/home/wangqianqian/project/FS/data/28gusui&pizang/03/14/cell_1761646494225_912349010008_72253_0000.png,thumbs/cluster_4/040_cell_1761646494225_912349010008_72253_0000.jpg
4,/home/wangqianqian/project/FS/data/28gusui&pizang/03/53/cell_1761648791136_912349010008_75512_0000.png,thumbs/cluster_4/041_cell_1761648791136_912349010008_75512_0000.jpg
4,/home/wangqianqian/project/FS/data/28gusui&pizang/03/50/cell_1761648633343_912349010008_59636_0100.png,thumbs/cluster_4/042_cell_1761648633343_912349010008_59636_0100.jpg
4,/home/wangqianqian/project/FS/data/28gusui&pizang/03/54/cell_1761648841489_912349010008_80568_0100.png,thumbs/cluster_4/043_cell_1761648841489_912349010008_80568_0100.jpg
4,/home/wangqianqian/project/FS/data/28gusui&pizang/03/57/cell_1761649040097_912349010008_98781_0000.png,thumbs/cluster_4/044_cell_1761649040097_912349010008_98781_0000.jpg
4,/home/wangqianqian/project/FS/data/28gusui&pizang/03/21/cell_1761646895730_912349010008_105626_0100.png,thumbs/cluster_4/045_cell_1761646895730_912349010008_105626_0100.jpg
4,/home/wangqianqian/project/FS/data/28gusui&pizang/03/02/cell_1761645724736_912349010008_10108_0100.png,thumbs/cluster_4/046_cell_1761645724736_912349010008_10108_0100.jpg
4,/home/wangqianqian/project/FS/data/28gusui&pizang/03/14/cell_1761646459948_912349010008_69073_0000.png,thumbs/cluster_4/047_cell_1761646459948_912349010008_69073_0000.jpg
4,/home/wangqianqian/project/FS/data/28gusui&pizang/03/58/cell_1761649101994_912349010008_105317_0000.png,thumbs/cluster_4/048_cell_1761649101994_912349010008_105317_0000.jpg
4,/home/wangqianqian/project/FS/data/28gusui&pizang/03/46/cell_1761648366386_912349010008_35310_0000.png,thumbs/cluster_4/049_cell_1761648366386_912349010008_35310_0000.jpg
4,/home/wangqianqian/project/FS/data/28gusui&pizang/03/21/cell_1761646902818_912349010008_106232_0000.png,thumbs/cluster_4/050_cell_1761646902818_912349010008_106232_0000.jpg
4,/home/wangqianqian/project/FS/data/28gusui&pizang/03/59/cell_1761649163462_912349010008_111795_0100.png,thumbs/cluster_4/051_cell_1761649163462_912349010008_111795_0100.jpg
4,/home/wangqianqian/project/FS/data/28gusui&pizang/03/04/cell_1761645881882_912349010008_22437_0100.png,thumbs/cluster_4/052_cell_1761645881882_912349010008_22437_0100.jpg
4,/home/wangqianqian/project/FS/data/28gusui&pizang/03/52/cell_1761648770749_912349010008_73461_0100.png,thumbs/cluster_4/053_cell_1761648770749_912349010008_73461_0100.jpg
4,/home/wangqianqian/project/FS/data/28gusui&pizang/03/03/cell_1761645827795_912349010008_17848_0000.png,thumbs/cluster_4/054_cell_1761645827795_912349010008_17848_0000.jpg
4,/home/wangqianqian/project/FS/data/28gusui&pizang/03/57/cell_1761649053227_912349010008_100182_0000.png,thumbs/cluster_4/055_cell_1761649053227_912349010008_100182_0000.jpg
4,/home/wangqianqian/project/FS/data/28gusui&pizang/03/02/cell_1761645752695_912349010008_12108_0000.png,thumbs/cluster_4/056_cell_1761645752695_912349010008_12108_0000.jpg
4,/home/wangqianqian/project/FS/data/28gusui&pizang/03/41/cell_1761648089610_912349010008_13178_0000.png,thumbs/cluster_4/057_cell_1761648089610_912349010008_13178_0000.jpg
4,/home/wangqianqian/project/FS/data/28gusui&pizang/03/17/cell_1761646626758_912349010008_83049_0100.png,thumbs/cluster_4/058_cell_1761646626758_912349010008_83049_0100.jpg
4,/home/wangqianqian/project/FS/data/28gusui&pizang/03/08/cell_1761646126998_912349010008_41914_0000.png,thumbs/cluster_4/059_cell_1761646126998_912349010008_41914_0000.jpg
4,/home/wangqianqian/project/FS/data/28gusui&pizang/03/01/cell_1761645717408_912349010008_9558_0000.png,thumbs/cluster_4/060_cell_1761645717408_912349010008_9558_0000.jpg
4,/home/wangqianqian/project/FS/data/28gusui&pizang/03/18/cell_1761646728886_912349010008_91763_0100.png,thumbs/cluster_4/061_cell_1761646728886_912349010008_91763_0100.jpg
4,/home/wangqianqian/project/FS/data/28gusui&pizang/03/43/cell_1761648187455_912349010008_19876_0000.png,thumbs/cluster_4/062_cell_1761648187455_912349010008_19876_0000.jpg
4,/home/wangqianqian/project/FS/data/28gusui&pizang/03/03/cell_1761645835803_912349010008_18441_0100.png,thumbs/cluster_4/063_cell_1761645835803_912349010008_18441_0100.jpg
4,/home/wangqianqian/project/FS/data/28gusui&pizang/03/14/cell_1761646494238_912349010008_72254_0100.png,thumbs/cluster_4/064_cell_1761646494238_912349010008_72254_0100.jpg
4,/home/wangqianqian/project/FS/data/28gusui&pizang/03/05/cell_1761645912066_912349010008_24670_0100.png,thumbs/cluster_4/065_cell_1761645912066_912349010008_24670_0100.jpg
4,/home/wangqianqian/project/FS/data/28gusui&pizang/03/39/cell_1761647968861_912349010008_6936_0000.png,thumbs/cluster_4/066_cell_1761647968861_912349010008_6936_0000.jpg
4,/home/wangqianqian/project/FS/data/28gusui&pizang/03/54/cell_1761648841628_912349010008_80582_0000.png,thumbs/cluster_4/067_cell_1761648841628_912349010008_80582_0000.jpg
4,/home/wangqianqian/project/FS/data/28gusui&pizang/03/50/cell_1761648637398_912349010008_60081_0000.png,thumbs/cluster_4/068_cell_1761648637398_912349010008_60081_0000.jpg
4,/home/wangqianqian/project/FS/data/28gusui&pizang/03/40/cell_1761648005404_912349010008_8502_0000.png,thumbs/cluster_4/069_cell_1761648005404_912349010008_8502_0000.jpg
4,/home/wangqianqian/project/FS/data/28gusui&pizang/03/12/cell_1761646358020_912349010008_60493_0000.png,thumbs/cluster_4/070_cell_1761646358020_912349010008_60493_0000.jpg
4,/home/wangqianqian/project/FS/data/28gusui&pizang/03/47/cell_1761648447056_912349010008_42689_0000.png,thumbs/cluster_4/071_cell_1761648447056_912349010008_42689_0000.jpg
4,/home/wangqianqian/project/FS/data/28gusui&pizang/03/40/cell_1761648011349_912349010008_8795_0000.png,thumbs/cluster_4/072_cell_1761648011349_912349010008_8795_0000.jpg
4,/home/wangqianqian/project/FS/data/28gusui&pizang/03/44/cell_1761648287866_912349010008_28482_0000.png,thumbs/cluster_4/073_cell_1761648287866_912349010008_28482_0000.jpg
4,/home/wangqianqian/project/FS/data/28gusui&pizang/03/42/cell_1761648152921_912349010008_17412_0000.png,thumbs/cluster_4/074_cell_1761648152921_912349010008_17412_0000.jpg
4,/home/wangqianqian/project/FS/data/28gusui&pizang/03/52/cell_1761648760387_912349010008_72488_0000.png,thumbs/cluster_4/075_cell_1761648760387_912349010008_72488_0000.jpg
4,/home/wangqianqian/project/FS/data/28gusui&pizang/03/50/cell_1761648655628_912349010008_61967_0100.png,thumbs/cluster_4/076_cell_1761648655628_912349010008_61967_0100.jpg
4,/home/wangqianqian/project/FS/data/28gusui&pizang/03/54/cell_1761648862936_912349010008_82798_0000.png,thumbs/cluster_4/077_cell_1761648862936_912349010008_82798_0000.jpg
4,/home/wangqianqian/project/FS/data/28gusui&pizang/03/45/cell_1761648358456_912349010008_34594_0100.png,thumbs/cluster_4/078_cell_1761648358456_912349010008_34594_0100.jpg
4,/home/wangqianqian/project/FS/data/28gusui&pizang/03/07/cell_1761646061513_912349010008_37065_0100.png,thumbs/cluster_4/079_cell_1761646061513_912349010008_37065_0100.jpg
4,/home/wangqianqian/project/FS/data/28gusui&pizang/03/44/cell_1761648283455_912349010008_28076_0000.png,thumbs/cluster_4/080_cell_1761648283455_912349010008_28076_0000.jpg
4,/home/wangqianqian/project/FS/data/28gusui&pizang/03/59/cell_1761649167138_912349010008_112182_0100.png,thumbs/cluster_4/081_cell_1761649167138_912349010008_112182_0100.jpg
4,/home/wangqianqian/project/FS/data/28gusui&pizang/03/43/cell_1761648224208_912349010008_22754_0100.png,thumbs/cluster_4/082_cell_1761648224208_912349010008_22754_0100.jpg
4,/home/wangqianqian/project/FS/data/28gusui&pizang/03/39/cell_1761647980340_912349010008_7411_0100.png,thumbs/cluster_4/083_cell_1761647980340_912349010008_7411_0100.jpg
4,/home/wangqianqian/project/FS/data/28gusui&pizang/03/17/cell_1761646674058_912349010008_87204_0100.png,thumbs/cluster_4/084_cell_1761646674058_912349010008_87204_0100.jpg
4,/home/wangqianqian/project/FS/data/28gusui&pizang/03/42/cell_1761648140346_912349010008_16517_0000.png,thumbs/cluster_4/085_cell_1761648140346_912349010008_16517_0000.jpg
4,/home/wangqianqian/project/FS/data/28gusui&pizang/03/14/cell_1761646451140_912349010008_68283_0000.png,thumbs/cluster_4/086_cell_1761646451140_912349010008_68283_0000.jpg
4,/home/wangqianqian/project/FS/data/28gusui&pizang/03/14/cell_1761646477898_912349010008_70630_0100.png,thumbs/cluster_4/087_cell_1761646477898_912349010008_70630_0100.jpg
4,/home/wangqianqian/project/FS/data/28gusui&pizang/03/05/cell_1761645902786_912349010008_23944_0000.png,thumbs/cluster_4/088_cell_1761645902786_912349010008_23944_0000.jpg
4,/home/wangqianqian/project/FS/data/28gusui&pizang/03/50/cell_1761648657390_912349010008_62119_0000.png,thumbs/cluster_4/089_cell_1761648657390_912349010008_62119_0000.jpg
4,/home/wangqianqian/project/FS/data/28gusui&pizang/03/19/cell_1761646791591_912349010008_96811_0000.png,thumbs/cluster_4/090_cell_1761646791591_912349010008_96811_0000.jpg
4,/home/wangqianqian/project/FS/data/28gusui&pizang/03/46/cell_1761648372218_912349010008_35828_0000.png,thumbs/cluster_4/091_cell_1761648372218_912349010008_35828_0000.jpg
4,/home/wangqianqian/project/FS/data/28gusui&pizang/03/17/cell_1761646652411_912349010008_85295_0000.png,thumbs/cluster_4/092_cell_1761646652411_912349010008_85295_0000.jpg
4,/home/wangqianqian/project/FS/data/28gusui&pizang/03/42/cell_1761648129098_912349010008_15671_0100.png,thumbs/cluster_4/093_cell_1761648129098_912349010008_15671_0100.jpg
4,/home/wangqianqian/project/FS/data/28gusui&pizang/03/44/cell_1761648290456_912349010008_28712_0000.png,thumbs/cluster_4/094_cell_1761648290456_912349010008_28712_0000.jpg
4,/home/wangqianqian/project/FS/data/28gusui&pizang/03/17/cell_1761646638813_912349010008_84102_0100.png,thumbs/cluster_4/095_cell_1761646638813_912349010008_84102_0100.jpg
4,/home/wangqianqian/project/FS/data/28gusui&pizang/03/12/cell_1761646333219_912349010008_58481_0000.png,thumbs/cluster_4/096_cell_1761646333219_912349010008_58481_0000.jpg
4,/home/wangqianqian/project/FS/data/28gusui&pizang/03/56/cell_1761649017686_912349010008_96585_0100.png,thumbs/cluster_4/097_cell_1761649017686_912349010008_96585_0100.jpg
4,/home/wangqianqian/project/FS/data/28gusui&pizang/03/06/cell_1761645973128_912349010008_29459_0000.png,thumbs/cluster_4/098_cell_1761645973128_912349010008_29459_0000.jpg
4,/home/wangqianqian/project/FS/data/28gusui&pizang/03/40/cell_1761648021531_912349010008_9334_0000.png,thumbs/cluster_4/099_cell_1761648021531_912349010008_9334_0000.jpg
5,/home/wangqianqian/project/FS/data/28gusui&pizang/03/55/cell_1761648923099_912349010008_88126_0100.png,thumbs/cluster_5/000_cell_1761648923099_912349010008_88126_0100.jpg
5,/home/wangqianqian/project/FS/data/28gusui&pizang/03/51/cell_1761648708675_912349010008_67374_0100.png,thumbs/cluster_5/001_cell_1761648708675_912349010008_67374_0100.jpg
5,/home/wangqianqian/project/FS/data/28gusui&pizang/03/48/cell_1761648499029_912349010008_47170_0000.png,thumbs/cluster_5/002_cell_1761648499029_912349010008_47170_0000.jpg
5,/home/wangqianqian/project/FS/data/28gusui&pizang/03/21/cell_1761646918002_912349010008_107496_0000.png,thumbs/cluster_5/003_cell_1761646918002_912349010008_107496_0000.jpg
5,/home/wangqianqian/project/FS/data/28gusui&pizang/03/58/cell_1761649139877_912349010008_109276_0100.png,thumbs/cluster_5/004_cell_1761649139877_912349010008_109276_0100.jpg
5,/home/wangqianqian/project/FS/data/28gusui&pizang/03/13/cell_1761646416648_912349010008_65088_0000.png,thumbs/cluster_5/005_cell_1761646416648_912349010008_65088_0000.jpg
5,/home/wangqianqian/project/FS/data/28gusui&pizang/03/44/cell_1761648274010_912349010008_27188_0000.png,thumbs/cluster_5/006_cell_1761648274010_912349010008_27188_0000.jpg
5,/home/wangqianqian/project/FS/data/28gusui&pizang/03/06/cell_1761645992141_912349010008_31067_0000.png,thumbs/cluster_5/007_cell_1761645992141_912349010008_31067_0000.jpg
5,/home/wangqianqian/project/FS/data/28gusui&pizang/03/49/cell_1761648550517_912349010008_51548_0100.png,thumbs/cluster_5/008_cell_1761648550517_912349010008_51548_0100.jpg
5,/home/wangqianqian/project/FS/data/28gusui&pizang/03/51/cell_1761648716292_912349010008_68163_0000.png,thumbs/cluster_5/009_cell_1761648716292_912349010008_68163_0000.jpg
5,/home/wangqianqian/project/FS/data/28gusui&pizang/03/06/cell_1761646009679_912349010008_32535_0000.png,thumbs/cluster_5/010_cell_1761646009679_912349010008_32535_0000.jpg
5,/home/wangqianqian/project/FS/data/28gusui&pizang/03/08/cell_1761646085555_912349010008_38817_0000.png,thumbs/cluster_5/011_cell_1761646085555_912349010008_38817_0000.jpg
5,/home/wangqianqian/project/FS/data/28gusui&pizang/03/10/cell_1761646257902_912349010008_52032_0000.png,thumbs/cluster_5/012_cell_1761646257902_912349010008_52032_0000.jpg
5,/home/wangqianqian/project/FS/data/28gusui&pizang/03/21/cell_1761646910058_912349010008_106804_0100.png,thumbs/cluster_5/013_cell_1761646910058_912349010008_106804_0100.jpg
5,/home/wangqianqian/project/FS/data/28gusui&pizang/03/21/cell_1761646913119_912349010008_107083_0100.png,thumbs/cluster_5/014_cell_1761646913119_912349010008_107083_0100.jpg
5,/home/wangqianqian/project/FS/data/28gusui&pizang/03/51/cell_1761648678487_912349010008_64192_0000.png,thumbs/cluster_5/015_cell_1761648678487_912349010008_64192_0000.jpg
5,/home/wangqianqian/project/FS/data/28gusui&pizang/03/12/cell_1761646377355_912349010008_62083_0100.png,thumbs/cluster_5/016_cell_1761646377355_912349010008_62083_0100.jpg
5,/home/wangqianqian/project/FS/data/28gusui&pizang/03/21/cell_1761646861318_912349010008_102844_0000.png,thumbs/cluster_5/017_cell_1761646861318_912349010008_102844_0000.jpg
5,/home/wangqianqian/project/FS/data/28gusui&pizang/03/13/cell_1761646414488_912349010008_64901_0000.png,thumbs/cluster_5/018_cell_1761646414488_912349010008_64901_0000.jpg
5,/home/wangqianqian/project/FS/data/28gusui&pizang/03/45/cell_1761648332572_912349010008_32252_0000.png,thumbs/cluster_5/019_cell_1761648332572_912349010008_32252_0000.jpg
5,/home/wangqianqian/project/FS/data/28gusui&pizang/03/57/cell_1761649079036_912349010008_102842_0100.png,thumbs/cluster_5/020_cell_1761649079036_912349010008_102842_0100.jpg
5,/home/wangqianqian/project/FS/data/28gusui&pizang/03/19/cell_1761646767067_912349010008_94822_0000.png,thumbs/cluster_5/021_cell_1761646767067_912349010008_94822_0000.jpg
5,/home/wangqianqian/project/FS/data/28gusui&pizang/03/41/cell_1761648060204_912349010008_11277_0000.png,thumbs/cluster_5/022_cell_1761648060204_912349010008_11277_0000.jpg
5,/home/wangqianqian/project/FS/data/28gusui&pizang/03/20/cell_1761646837431_912349010008_100753_0000.png,thumbs/cluster_5/023_cell_1761646837431_912349010008_100753_0000.jpg
5,/home/wangqianqian/project/FS/data/28gusui&pizang/03/08/cell_1761646133473_912349010008_42366_0000.png,thumbs/cluster_5/024_cell_1761646133473_912349010008_42366_0000.jpg
5,/home/wangqianqian/project/FS/data/28gusui&pizang/03/03/cell_1761645795490_912349010008_15301_0000.png,thumbs/cluster_5/025_cell_1761645795490_912349010008_15301_0000.jpg
5,/home/wangqianqian/project/FS/data/28gusui&pizang/03/51/cell_1761648706340_912349010008_67128_0100.png,thumbs/cluster_5/026_cell_1761648706340_912349010008_67128_0100.jpg
5,/home/wangqianqian/project/FS/data/28gusui&pizang/03/45/cell_1761648326700_912349010008_31667_0000.png,thumbs/cluster_5/027_cell_1761648326700_912349010008_31667_0000.jpg
5,/home/wangqianqian/project/FS/data/28gusui&pizang/03/39/cell_1761647998281_912349010008_8125_0000.png,thumbs/cluster_5/028_cell_1761647998281_912349010008_8125_0000.jpg
5,/home/wangqianqian/project/FS/data/28gusui&pizang/03/17/cell_1761646635161_912349010008_83793_0000.png,thumbs/cluster_5/029_cell_1761646635161_912349010008_83793_0000.jpg
5,/home/wangqianqian/project/FS/data/28gusui&pizang/03/38/cell_1761647925153_912349010008_5172_0000.png,thumbs/cluster_5/030_cell_1761647925153_912349010008_5172_0000.jpg
5,/home/wangqianqian/project/FS/data/28gusui&pizang/03/12/cell_1761646324319_912349010008_57743_0100.png,thumbs/cluster_5/031_cell_1761646324319_912349010008_57743_0100.jpg
5,/home/wangqianqian/project/FS/data/28gusui&pizang/03/16/cell_1761646586598_912349010008_79673_0100.png,thumbs/cluster_5/032_cell_1761646586598_912349010008_79673_0100.jpg
5,/home/wangqianqian/project/FS/data/28gusui&pizang/03/53/cell_1761648801824_912349010008_76684_0100.png,thumbs/cluster_5/033_cell_1761648801824_912349010008_76684_0100.jpg
5,/home/wangqianqian/project/FS/data/28gusui&pizang/03/52/cell_1761648769744_912349010008_73368_0000.png,thumbs/cluster_5/034_cell_1761648769744_912349010008_73368_0000.jpg
5,/home/wangqianqian/project/FS/data/28gusui&pizang/03/54/cell_1761648847552_912349010008_81204_0100.png,thumbs/cluster_5/035_cell_1761648847552_912349010008_81204_0100.jpg
5,/home/wangqianqian/project/FS/data/28gusui&pizang/03/13/cell_1761646383643_912349010008_62577_0000.png,thumbs/cluster_5/036_cell_1761646383643_912349010008_62577_0000.jpg
5,/home/wangqianqian/project/FS/data/28gusui&pizang/03/39/cell_1761647954624_912349010008_6375_0000.png,thumbs/cluster_5/037_cell_1761647954624_912349010008_6375_0000.jpg
5,/home/wangqianqian/project/FS/data/28gusui&pizang/03/04/cell_1761645854045_912349010008_19989_0000.png,thumbs/cluster_5/038_cell_1761645854045_912349010008_19989_0000.jpg
5,/home/wangqianqian/project/FS/data/28gusui&pizang/03/03/cell_1761645806237_912349010008_16142_0100.png,thumbs/cluster_5/039_cell_1761645806237_912349010008_16142_0100.jpg
5,/home/wangqianqian/project/FS/data/28gusui&pizang/03/09/cell_1761646166895_912349010008_44810_0100.png,thumbs/cluster_5/040_cell_1761646166895_912349010008_44810_0100.jpg
5,/home/wangqianqian/project/FS/data/28gusui&pizang/03/13/cell_1761646393579_912349010008_63279_0100.png,thumbs/cluster_5/041_cell_1761646393579_912349010008_63279_0100.jpg
5,/home/wangqianqian/project/FS/data/28gusui&pizang/03/44/cell_1761648285812_912349010008_28284_0000.png,thumbs/cluster_5/042_cell_1761648285812_912349010008_28284_0000.jpg
5,/home/wangqianqian/project/FS/data/28gusui&pizang/03/50/cell_1761648642423_912349010008_60547_0000.png,thumbs/cluster_5/043_cell_1761648642423_912349010008_60547_0000.jpg
5,/home/wangqianqian/project/FS/data/28gusui&pizang/03/48/cell_1761648504296_912349010008_47597_0000.png,thumbs/cluster_5/044_cell_1761648504296_912349010008_47597_0000.jpg
5,/home/wangqianqian/project/FS/data/28gusui&pizang/03/08/cell_1761646080394_912349010008_38419_0000.png,thumbs/cluster_5/045_cell_1761646080394_912349010008_38419_0000.jpg
5,/home/wangqianqian/project/FS/data/28gusui&pizang/03/08/cell_1761646100988_912349010008_40005_0000.png,thumbs/cluster_5/046_cell_1761646100988_912349010008_40005_0000.jpg
5,/home/wangqianqian/project/FS/data/28gusui&pizang/03/59/cell_1761649163342_912349010008_111785_0100.png,thumbs/cluster_5/047_cell_1761649163342_912349010008_111785_0100.jpg
5,/home/wangqianqian/project/FS/data/28gusui&pizang/03/09/cell_1761646194329_912349010008_46850_0100.png,thumbs/cluster_5/048_cell_1761646194329_912349010008_46850_0100.jpg
5,/home/wangqianqian/project/FS/data/28gusui&pizang/03/15/cell_1761646553425_912349010008_77200_0000.png,thumbs/cluster_5/049_cell_1761646553425_912349010008_77200_0000.jpg
5,/home/wangqianqian/project/FS/data/28gusui&pizang/03/07/cell_1761646059453_912349010008_36902_0100.png,thumbs/cluster_5/050_cell_1761646059453_912349010008_36902_0100.jpg
5,/home/wangqianqian/project/FS/data/28gusui&pizang/03/42/cell_1761648120785_912349010008_15099_0000.png,thumbs/cluster_5/051_cell_1761648120785_912349010008_15099_0000.jpg
5,/home/wangqianqian/project/FS/data/28gusui&pizang/03/19/cell_1761646773065_912349010008_95310_0000.png,thumbs/cluster_5/052_cell_1761646773065_912349010008_95310_0000.jpg
5,/home/wangqianqian/project/FS/data/28gusui&pizang/03/17/cell_1761646673358_912349010008_87142_0000.png,thumbs/cluster_5/053_cell_1761646673358_912349010008_87142_0000.jpg
5,/home/wangqianqian/project/FS/data/28gusui&pizang/03/14/cell_1761646444406_912349010008_67615_0000.png,thumbs/cluster_5/054_cell_1761646444406_912349010008_67615_0000.jpg
5,/home/wangqianqian/project/FS/data/28gusui&pizang/03/16/cell_1761646584049_912349010008_79483_0000.png,thumbs/cluster_5/055_cell_1761646584049_912349010008_79483_0000.jpg
5,/home/wangqianqian/project/FS/data/28gusui&pizang/03/14/cell_1761646468953_912349010008_69870_0000.png,thumbs/cluster_5/056_cell_1761646468953_912349010008_69870_0000.jpg
5,/home/wangqianqian/project/FS/data/28gusui&pizang/03/01/cell_1761645700175_912349010008_8409_0000.png,thumbs/cluster_5/057_cell_1761645700175_912349010008_8409_0000.jpg
5,/home/wangqianqian/project/FS/data/28gusui&pizang/03/43/cell_1761648235324_912349010008_23706_0000.png,thumbs/cluster_5/058_cell_1761648235324_912349010008_23706_0000.jpg
5,/home/wangqianqian/project/FS/data/28gusui&pizang/03/20/cell_1761646822596_912349010008_99529_0000.png,thumbs/cluster_5/059_cell_1761646822596_912349010008_99529_0000.jpg
5,/home/wangqianqian/project/FS/data/28gusui&pizang/03/17/cell_1761646676388_912349010008_87436_0000.png,thumbs/cluster_5/060_cell_1761646676388_912349010008_87436_0000.jpg
5,/home/wangqianqian/project/FS/data/28gusui&pizang/03/44/cell_1761648294819_912349010008_29059_0100.png,thumbs/cluster_5/061_cell_1761648294819_912349010008_29059_0100.jpg
5,/home/wangqianqian/project/FS/data/28gusui&pizang/03/46/cell_1761648368433_912349010008_35505_0100.png,thumbs/cluster_5/062_cell_1761648368433_912349010008_35505_0100.jpg
5,/home/wangqianqian/project/FS/data/28gusui&pizang/03/18/cell_1761646719563_912349010008_90952_0000.png,thumbs/cluster_5/063_cell_1761646719563_912349010008_90952_0000.jpg
5,/home/wangqianqian/project/FS/data/28gusui&pizang/03/48/cell_1761648490958_912349010008_46467_0100.png,thumbs/cluster_5/064_cell_1761648490958_912349010008_46467_0100.jpg
5,/home/wangqianqian/project/FS/data/28gusui&pizang/03/49/cell_1761648584031_912349010008_54698_0100.png,thumbs/cluster_5/065_cell_1761648584031_912349010008_54698_0100.jpg
5,/home/wangqianqian/project/FS/data/28gusui&pizang/03/54/cell_1761648865654_912349010008_83029_0000.png,thumbs/cluster_5/066_cell_1761648865654_912349010008_83029_0000.jpg
5,/home/wangqianqian/project/FS/data/28gusui&pizang/03/52/cell_1761648771915_912349010008_73569_0100.png,thumbs/cluster_5/067_cell_1761648771915_912349010008_73569_0100.jpg
5,/home/wangqianqian/project/FS/data/28gusui&pizang/03/03/cell_1761645828259_912349010008_17881_0100.png,thumbs/cluster_5/068_cell_1761645828259_912349010008_17881_0100.jpg
5,/home/wangqianqian/project/FS/data/28gusui&pizang/03/47/cell_1761648436675_912349010008_41747_0000.png,thumbs/cluster_5/069_cell_1761648436675_912349010008_41747_0000.jpg
5,/home/wangqianqian/project/FS/data/28gusui&pizang/03/54/cell_1761648873970_912349010008_83869_0100.png,thumbs/cluster_5/070_cell_1761648873970_912349010008_83869_0100.jpg
5,/home/wangqianqian/project/FS/data/28gusui&pizang/03/50/cell_1761648658339_912349010008_62218_0000.png,thumbs/cluster_5/071_cell_1761648658339_912349010008_62218_0000.jpg
5,/home/wangqianqian/project/FS/data/28gusui&pizang/03/54/cell_1761648895699_912349010008_85960_0100.png,thumbs/cluster_5/072_cell_1761648895699_912349010008_85960_0100.jpg
5,/home/wangqianqian/project/FS/data/28gusui&pizang/03/59/cell_1761649142722_912349010008_109590_0000.png,thumbs/cluster_5/073_cell_1761649142722_912349010008_109590_0000.jpg
5,/home/wangqianqian/project/FS/data/28gusui&pizang/03/10/cell_1761646237066_912349010008_50377_0100.png,thumbs/cluster_5/074_cell_1761646237066_912349010008_50377_0100.jpg
5,/home/wangqianqian/project/FS/data/28gusui&pizang/03/56/cell_1761648974442_912349010008_92633_0100.png,thumbs/cluster_5/075_cell_1761648974442_912349010008_92633_0100.jpg
5,/home/wangqianqian/project/FS/data/28gusui&pizang/03/18/cell_1761646706357_912349010008_89922_0100.png,thumbs/cluster_5/076_cell_1761646706357_912349010008_89922_0100.jpg
5,/home/wangqianqian/project/FS/data/28gusui&pizang/03/40/cell_1761648010312_912349010008_8716_0000.png,thumbs/cluster_5/077_cell_1761648010312_912349010008_8716_0000.jpg
5,/home/wangqianqian/project/FS/data/28gusui&pizang/03/11/cell_1761646303798_912349010008_56042_0000.png,thumbs/cluster_5/078_cell_1761646303798_912349010008_56042_0000.jpg
5,/home/wangqianqian/project/FS/data/28gusui&pizang/03/03/cell_1761645783479_912349010008_14391_0100.png,thumbs/cluster_5/079_cell_1761645783479_912349010008_14391_0100.jpg
5,/home/wangqianqian/project/FS/data/28gusui&pizang/03/10/cell_1761646219564_912349010008_48906_0000.png,thumbs/cluster_5/080_cell_1761646219564_912349010008_48906_0000.jpg
5,/home/wangqianqian/project/FS/data/28gusui&pizang/03/54/cell_1761648859999_912349010008_82485_0000.png,thumbs/cluster_5/081_cell_1761648859999_912349010008_82485_0000.jpg
5,/home/wangqianqian/project/FS/data/28gusui&pizang/03/53/cell_1761648832082_912349010008_79674_0000.png,thumbs/cluster_5/082_cell_1761648832082_912349010008_79674_0000.jpg
5,/home/wangqianqian/project/FS/data/28gusui&pizang/03/51/cell_1761648696985_912349010008_66117_0100.png,thumbs/cluster_5/083_cell_1761648696985_912349010008_66117_0100.jpg
5,/home/wangqianqian/project/FS/data/28gusui&pizang/03/53/cell_1761648787142_912349010008_75051_0000.png,thumbs/cluster_5/084_cell_1761648787142_912349010008_75051_0000.jpg
5,/home/wangqianqian/project/FS/data/28gusui&pizang/03/20/cell_1761646835050_912349010008_100558_0100.png,thumbs/cluster_5/085_cell_1761646835050_912349010008_100558_0100.jpg
5,/home/wangqianqian/project/FS/data/28gusui&pizang/03/55/cell_1761648904449_912349010008_86672_0100.png,thumbs/cluster_5/086_cell_1761648904449_912349010008_86672_0100.jpg
5,/home/wangqianqian/project/FS/data/28gusui&pizang/03/49/cell_1761648579537_912349010008_54304_0000.png,thumbs/cluster_5/087_cell_1761648579537_912349010008_54304_0000.jpg
5,/home/wangqianqian/project/FS/data/28gusui&pizang/03/20/cell_1761646822731_912349010008_99548_0000.png,thumbs/cluster_5/088_cell_1761646822731_912349010008_99548_0000.jpg
5,/home/wangqianqian/project/FS/data/28gusui&pizang/03/44/cell_1761648254580_912349010008_25410_0000.png,thumbs/cluster_5/089_cell_1761648254580_912349010008_25410_0000.jpg
5,/home/wangqianqian/project/FS/data/28gusui&pizang/03/40/cell_1761648029602_912349010008_9753_0100.png,thumbs/cluster_5/090_cell_1761648029602_912349010008_9753_0100.jpg
5,/home/wangqianqian/project/FS/data/28gusui&pizang/03/19/cell_1761646743530_912349010008_92970_0000.png,thumbs/cluster_5/091_cell_1761646743530_912349010008_92970_0000.jpg
5,/home/wangqianqian/project/FS/data/28gusui&pizang/03/58/cell_1761649092491_912349010008_104372_0100.png,thumbs/cluster_5/092_cell_1761649092491_912349010008_104372_0100.jpg
5,/home/wangqianqian/project/FS/data/28gusui&pizang/03/57/cell_1761649053074_912349010008_100170_0000.png,thumbs/cluster_5/093_cell_1761649053074_912349010008_100170_0000.jpg
5,/home/wangqianqian/project/FS/data/28gusui&pizang/03/45/cell_1761648314752_912349010008_30710_0000.png,thumbs/cluster_5/094_cell_1761648314752_912349010008_30710_0000.jpg
5,/home/wangqianqian/project/FS/data/28gusui&pizang/03/51/cell_1761648672476_912349010008_63585_0000.png,thumbs/cluster_5/095_cell_1761648672476_912349010008_63585_0000.jpg
5,/home/wangqianqian/project/FS/data/28gusui&pizang/03/20/cell_1761646818260_912349010008_99159_0000.png,thumbs/cluster_5/096_cell_1761646818260_912349010008_99159_0000.jpg
5,/home/wangqianqian/project/FS/data/28gusui&pizang/03/46/cell_1761648415896_912349010008_39662_0000.png,thumbs/cluster_5/097_cell_1761648415896_912349010008_39662_0000.jpg
5,/home/wangqianqian/project/FS/data/28gusui&pizang/03/53/cell_1761648830380_912349010008_79513_0000.png,thumbs/cluster_5/098_cell_1761648830380_912349010008_79513_0000.jpg
5,/home/wangqianqian/project/FS/data/28gusui&pizang/03/21/cell_1761646879893_912349010008_104379_0000.png,thumbs/cluster_5/099_cell_1761646879893_912349010008_104379_0000.jpg
6,/home/wangqianqian/project/FS/data/28gusui&pizang/03/57/cell_1761649058616_912349010008_100756_0000.png,thumbs/cluster_6/000_cell_1761649058616_912349010008_100756_0000.jpg
6,/home/wangqianqian/project/FS/data/28gusui&pizang/03/55/cell_1761648951918_912349010008_90630_0000.png,thumbs/cluster_6/001_cell_1761648951918_912349010008_90630_0000.jpg
6,/home/wangqianqian/project/FS/data/28gusui&pizang/03/03/cell_1761645789862_912349010008_14893_0000.png,thumbs/cluster_6/002_cell_1761645789862_912349010008_14893_0000.jpg
6,/home/wangqianqian/project/FS/data/28gusui&pizang/03/41/cell_1761648091582_912349010008_13329_0100.png,thumbs/cluster_6/003_cell_1761648091582_912349010008_13329_0100.jpg
6,/home/wangqianqian/project/FS/data/28gusui&pizang/03/16/cell_1761646611788_912349010008_81748_0000.png,thumbs/cluster_6/004_cell_1761646611788_912349010008_81748_0000.jpg
6,/home/wangqianqian/project/FS/data/28gusui&pizang/03/16/cell_1761646575266_912349010008_78851_0000.png,thumbs/cluster_6/005_cell_1761646575266_912349010008_78851_0000.jpg
6,/home/wangqianqian/project/FS/data/28gusui&pizang/03/48/cell_1761648498853_912349010008_47150_0000.png,thumbs/cluster_6/006_cell_1761648498853_912349010008_47150_0000.jpg
6,/home/wangqianqian/project/FS/data/28gusui&pizang/03/01/cell_1761645701678_912349010008_8494_0000.png,thumbs/cluster_6/007_cell_1761645701678_912349010008_8494_0000.jpg
6,/home/wangqianqian/project/FS/data/28gusui&pizang/03/16/cell_1761646614296_912349010008_81948_0100.png,thumbs/cluster_6/008_cell_1761646614296_912349010008_81948_0100.jpg
6,/home/wangqianqian/project/FS/data/28gusui&pizang/03/39/cell_1761647948945_912349010008_6138_0100.png,thumbs/cluster_6/009_cell_1761647948945_912349010008_6138_0100.jpg
6,/home/wangqianqian/project/FS/data/28gusui&pizang/03/40/cell_1761648059092_912349010008_11207_0000.png,thumbs/cluster_6/010_cell_1761648059092_912349010008_11207_0000.jpg
6,/home/wangqianqian/project/FS/data/28gusui&pizang/03/19/cell_1761646764121_912349010008_94584_0000.png,thumbs/cluster_6/011_cell_1761646764121_912349010008_94584_0000.jpg
6,/home/wangqianqian/project/FS/data/28gusui&pizang/03/46/cell_1761648374138_912349010008_36001_0100.png,thumbs/cluster_6/012_cell_1761648374138_912349010008_36001_0100.jpg
6,/home/wangqianqian/project/FS/data/28gusui&pizang/03/52/cell_1761648728692_912349010008_69344_0000.png,thumbs/cluster_6/013_cell_1761648728692_912349010008_69344_0000.jpg
6,/home/wangqianqian/project/FS/data/28gusui&pizang/03/03/cell_1761645793368_912349010008_15151_0000.png,thumbs/cluster_6/014_cell_1761645793368_912349010008_15151_0000.jpg
6,/home/wangqianqian/project/FS/data/28gusui&pizang/03/53/cell_1761648832800_912349010008_79730_0000.png,thumbs/cluster_6/015_cell_1761648832800_912349010008_79730_0000.jpg
6,/home/wangqianqian/project/FS/data/28gusui&pizang/03/46/cell_1761648361761_912349010008_34915_0000.png,thumbs/cluster_6/016_cell_1761648361761_912349010008_34915_0000.jpg
6,/home/wangqianqian/project/FS/data/28gusui&pizang/03/05/cell_1761645906283_912349010008_24249_0100.png,thumbs/cluster_6/017_cell_1761645906283_912349010008_24249_0100.jpg
6,/home/wangqianqian/project/FS/data/28gusui&pizang/03/16/cell_1761646614893_912349010008_82001_0100.png,thumbs/cluster_6/018_cell_1761646614893_912349010008_82001_0100.jpg
6,/home/wangqianqian/project/FS/data/28gusui&pizang/03/18/cell_1761646684523_912349010008_88192_0000.png,thumbs/cluster_6/019_cell_1761646684523_912349010008_88192_0000.jpg
6,/home/wangqianqian/project/FS/data/28gusui&pizang/03/41/cell_1761648075536_912349010008_12191_0000.png,thumbs/cluster_6/020_cell_1761648075536_912349010008_12191_0000.jpg
6,/home/wangqianqian/project/FS/data/28gusui&pizang/03/50/cell_1761648653042_912349010008_61690_0000.png,thumbs/cluster_6/021_cell_1761648653042_912349010008_61690_0000.jpg
6,/home/wangqianqian/project/FS/data/28gusui&pizang/03/12/cell_1761646320235_912349010008_57429_0000.png,thumbs/cluster_6/022_cell_1761646320235_912349010008_57429_0000.jpg
6,/home/wangqianqian/project/FS/data/28gusui&pizang/03/44/cell_1761648251282_912349010008_25119_0100.png,thumbs/cluster_6/023_cell_1761648251282_912349010008_25119_0100.jpg
6,/home/wangqianqian/project/FS/data/28gusui&pizang/03/46/cell_1761648389110_912349010008_37268_0000.png,thumbs/cluster_6/024_cell_1761648389110_912349010008_37268_0000.jpg
6,/home/wangqianqian/project/FS/data/28gusui&pizang/03/10/cell_1761646215194_912349010008_48556_0100.png,thumbs/cluster_6/025_cell_1761646215194_912349010008_48556_0100.jpg
6,/home/wangqianqian/project/FS/data/28gusui&pizang/03/07/cell_1761646026651_912349010008_34037_0000.png,thumbs/cluster_6/026_cell_1761646026651_912349010008_34037_0000.jpg
6,/home/wangqianqian/project/FS/data/28gusui&pizang/03/56/cell_1761649009223_912349010008_95842_0100.png,thumbs/cluster_6/027_cell_1761649009223_912349010008_95842_0100.jpg
6,/home/wangqianqian/project/FS/data/28gusui&pizang/03/49/cell_1761648588860_912349010008_55159_0000.png,thumbs/cluster_6/028_cell_1761648588860_912349010008_55159_0000.jpg
6,/home/wangqianqian/project/FS/data/28gusui&pizang/03/54/cell_1761648891107_912349010008_85564_0000.png,thumbs/cluster_6/029_cell_1761648891107_912349010008_85564_0000.jpg
6,/home/wangqianqian/project/FS/data/28gusui&pizang/03/14/cell_1761646460748_912349010008_69151_0000.png,thumbs/cluster_6/030_cell_1761646460748_912349010008_69151_0000.jpg
6,/home/wangqianqian/project/FS/data/28gusui&pizang/03/53/cell_1761648794443_912349010008_75885_0100.png,thumbs/cluster_6/031_cell_1761648794443_912349010008_75885_0100.jpg
6,/home/wangqianqian/project/FS/data/28gusui&pizang/03/57/cell_1761649079350_912349010008_102886_0000.png,thumbs/cluster_6/032_cell_1761649079350_912349010008_102886_0000.jpg
6,/home/wangqianqian/project/FS/data/28gusui&pizang/03/20/cell_1761646822892_912349010008_99569_0000.png,thumbs/cluster_6/033_cell_1761646822892_912349010008_99569_0000.jpg
6,/home/wangqianqian/project/FS/data/28gusui&pizang/03/46/cell_1761648386858_912349010008_37100_0000.png,thumbs/cluster_6/034_cell_1761648386858_912349010008_37100_0000.jpg
6,/home/wangqianqian/project/FS/data/28gusui&pizang/03/01/cell_1761645709083_912349010008_8963_0100.png,thumbs/cluster_6/035_cell_1761645709083_912349010008_8963_0100.jpg
6,/home/wangqianqian/project/FS/data/28gusui&pizang/03/59/cell_1761649177482_912349010008_113278_0000.png,thumbs/cluster_6/036_cell_1761649177482_912349010008_113278_0000.jpg
6,/home/wangqianqian/project/FS/data/28gusui&pizang/03/46/cell_1761648387061_912349010008_37116_0000.png,thumbs/cluster_6/037_cell_1761648387061_912349010008_37116_0000.jpg
6,/home/wangqianqian/project/FS/data/28gusui&pizang/03/36/cell_1761647789347_912349010008_582_0000.png,thumbs/cluster_6/038_cell_1761647789347_912349010008_582_0000.jpg
6,/home/wangqianqian/project/FS/data/28gusui&pizang/03/50/cell_1761648635126_912349010008_59830_0000.png,thumbs/cluster_6/039_cell_1761648635126_912349010008_59830_0000.jpg
6,/home/wangqianqian/project/FS/data/28gusui&pizang/03/18/cell_1761646686305_912349010008_88364_0000.png,thumbs/cluster_6/040_cell_1761646686305_912349010008_88364_0000.jpg
6,/home/wangqianqian/project/FS/data/28gusui&pizang/03/55/cell_1761648943175_912349010008_89915_0000.png,thumbs/cluster_6/041_cell_1761648943175_912349010008_89915_0000.jpg
6,/home/wangqianqian/project/FS/data/28gusui&pizang/03/59/cell_1761649145377_912349010008_109876_0100.png,thumbs/cluster_6/042_cell_1761649145377_912349010008_109876_0100.jpg
6,/home/wangqianqian/project/FS/data/28gusui&pizang/03/04/cell_1761645899832_912349010008_23721_0100.png,thumbs/cluster_6/043_cell_1761645899832_912349010008_23721_0100.jpg
6,/home/wangqianqian/project/FS/data/28gusui&pizang/03/55/cell_1761648925963_912349010008_88434_0000.png,thumbs/cluster_6/044_cell_1761648925963_912349010008_88434_0000.jpg
6,/home/wangqianqian/project/FS/data/28gusui&pizang/03/54/cell_1761648858400_912349010008_82292_0000.png,thumbs/cluster_6/045_cell_1761648858400_912349010008_82292_0000.jpg
6,/home/wangqianqian/project/FS/data/28gusui&pizang/03/42/cell_1761648125407_912349010008_15434_0000.png,thumbs/cluster_6/046_cell_1761648125407_912349010008_15434_0000.jpg
6,/home/wangqianqian/project/FS/data/28gusui&pizang/03/07/cell_1761646069125_912349010008_37613_0000.png,thumbs/cluster_6/047_cell_1761646069125_912349010008_37613_0000.jpg
6,/home/wangqianqian/project/FS/data/28gusui&pizang/03/05/cell_1761645901304_912349010008_23842_0000.png,thumbs/cluster_6/048_cell_1761645901304_912349010008_23842_0000.jpg
6,/home/wangqianqian/project/FS/data/28gusui&pizang/03/14/cell_1761646493438_912349010008_72171_0000.png,thumbs/cluster_6/049_cell_1761646493438_912349010008_72171_0000.jpg
6,/home/wangqianqian/project/FS/data/28gusui&pizang/03/10/cell_1761646254852_912349010008_51787_0100.png,thumbs/cluster_6/050_cell_1761646254852_912349010008_51787_0100.jpg
6,/home/wangqianqian/project/FS/data/28gusui&pizang/03/42/cell_1761648176993_912349010008_19091_0100.png,thumbs/cluster_6/051_cell_1761648176993_912349010008_19091_0100.jpg
6,/home/wangqianqian/project/FS/data/28gusui&pizang/03/54/cell_1761648856417_912349010008_82073_0000.png,thumbs/cluster_6/052_cell_1761648856417_912349010008_82073_0000.jpg
6,/home/wangqianqian/project/FS/data/28gusui&pizang/03/53/cell_1761648824780_912349010008_79000_0100.png,thumbs/cluster_6/053_cell_1761648824780_912349010008_79000_0100.jpg
6,/home/wangqianqian/project/FS/data/28gusui&pizang/03/16/cell_1761646592073_912349010008_80126_0100.png,thumbs/cluster_6/054_cell_1761646592073_912349010008_80126_0100.jpg
6,/home/wangqianqian/project/FS/data/28gusui&pizang/03/53/cell_1761648793258_912349010008_75744_0000.png,thumbs/cluster_6/055_cell_1761648793258_912349010008_75744_0000.jpg
6,/home/wangqianqian/project/FS/data/28gusui&pizang/03/06/cell_1761645970964_912349010008_29287_0100.png,thumbs/cluster_6/056_cell_1761645970964_912349010008_29287_0100.jpg
6,/home/wangqianqian/project/FS/data/28gusui&pizang/03/49/cell_1761648590555_912349010008_55363_0000.png,thumbs/cluster_6/057_cell_1761648590555_912349010008_55363_0000.jpg
6,/home/wangqianqian/project/FS/data/28gusui&pizang/03/44/cell_1761648280539_912349010008_27807_0100.png,thumbs/cluster_6/058_cell_1761648280539_912349010008_27807_0100.jpg
6,/home/wangqianqian/project/FS/data/28gusui&pizang/03/41/cell_1761648085891_912349010008_12950_0100.png,thumbs/cluster_6/059_cell_1761648085891_912349010008_12950_0100.jpg
6,/home/wangqianqian/project/FS/data/28gusui&pizang/03/01/cell_1761645718418_912349010008_9642_0100.png,thumbs/cluster_6/060_cell_1761645718418_912349010008_9642_0100.jpg
6,/home/wangqianqian/project/FS/data/28gusui&pizang/03/52/cell_1761648771356_912349010008_73513_0000.png,thumbs/cluster_6/061_cell_1761648771356_912349010008_73513_0000.jpg
6,/home/wangqianqian/project/FS/data/28gusui&pizang/03/15/cell_1761646519786_912349010008_74450_0100.png,thumbs/cluster_6/062_cell_1761646519786_912349010008_74450_0100.jpg
6,/home/wangqianqian/project/FS/data/28gusui&pizang/03/09/cell_1761646179698_912349010008_45742_0100.png,thumbs/cluster_6/063_cell_1761646179698_912349010008_45742_0100.jpg
6,/home/wangqianqian/project/FS/data/28gusui&pizang/03/47/cell_1761648432477_912349010008_41260_0100.png,thumbs/cluster_6/064_cell_1761648432477_912349010008_41260_0100.jpg
6,/home/wangqianqian/project/FS/data/28gusui&pizang/03/04/cell_1761645892582_912349010008_23208_0100.png,thumbs/cluster_6/065_cell_1761645892582_912349010008_23208_0100.jpg
6,/home/wangqianqian/project/FS/data/28gusui&pizang/03/41/cell_1761648084123_912349010008_12814_0100.png,thumbs/cluster_6/066_cell_1761648084123_912349010008_12814_0100.jpg
6,/home/wangqianqian/project/FS/data/28gusui&pizang/03/07/cell_1761646025476_912349010008_33939_0000.png,thumbs/cluster_6/067_cell_1761646025476_912349010008_33939_0000.jpg
6,/home/wangqianqian/project/FS/data/28gusui&pizang/03/44/cell_1761648244724_912349010008_24526_0000.png,thumbs/cluster_6/068_cell_1761648244724_912349010008_24526_0000.jpg
6,/home/wangqianqian/project/FS/data/28gusui&pizang/03/11/cell_1761646314825_912349010008_56959_0100.png,thumbs/cluster_6/069_cell_1761646314825_912349010008_56959_0100.jpg
6,/home/wangqianqian/project/FS/data/28gusui&pizang/03/53/cell_1761648826689_912349010008_79176_0100.png,thumbs/cluster_6/070_cell_1761648826689_912349010008_79176_0100.jpg
6,/home/wangqianqian/project/FS/data/28gusui&pizang/03/01/cell_1761645697011_912349010008_8218_0000.png,thumbs/cluster_6/071_cell_1761645697011_912349010008_8218_0000.jpg
6,/home/wangqianqian/project/FS/data/28gusui&pizang/03/15/cell_1761646554687_912349010008_77298_0000.png,thumbs/cluster_6/072_cell_1761646554687_912349010008_77298_0000.jpg
6,/home/wangqianqian/project/FS/data/28gusui&pizang/03/45/cell_1761648353867_912349010008_34192_0100.png,thumbs/cluster_6/073_cell_1761648353867_912349010008_34192_0100.jpg
6,/home/wangqianqian/project/FS/data/28gusui&pizang/03/53/cell_1761648808021_912349010008_77386_0100.png,thumbs/cluster_6/074_cell_1761648808021_912349010008_77386_0100.jpg
6,/home/wangqianqian/project/FS/data/28gusui&pizang/03/01/cell_1761645717628_912349010008_9572_0000.png,thumbs/cluster_6/075_cell_1761645717628_912349010008_9572_0000.jpg
6,/home/wangqianqian/project/FS/data/28gusui&pizang/03/44/cell_1761648252986_912349010008_25289_0000.png,thumbs/cluster_6/076_cell_1761648252986_912349010008_25289_0000.jpg
6,/home/wangqianqian/project/FS/data/28gusui&pizang/03/08/cell_1761646097474_912349010008_39723_0000.png,thumbs/cluster_6/077_cell_1761646097474_912349010008_39723_0000.jpg
6,/home/wangqianqian/project/FS/data/28gusui&pizang/03/18/cell_1761646708184_912349010008_90068_0000.png,thumbs/cluster_6/078_cell_1761646708184_912349010008_90068_0000.jpg
6,/home/wangqianqian/project/FS/data/28gusui&pizang/03/03/cell_1761645781537_912349010008_14212_0000.png,thumbs/cluster_6/079_cell_1761645781537_912349010008_14212_0000.jpg
6,/home/wangqianqian/project/FS/data/28gusui&pizang/03/19/cell_1761646795719_912349010008_97154_0000.png,thumbs/cluster_6/080_cell_1761646795719_912349010008_97154_0000.jpg
6,/home/wangqianqian/project/FS/data/28gusui&pizang/03/21/cell_1761646907824_912349010008_106618_0000.png,thumbs/cluster_6/081_cell_1761646907824_912349010008_106618_0000.jpg
6,/home/wangqianqian/project/FS/data/28gusui&pizang/03/06/cell_1761645971133_912349010008_29304_0000.png,thumbs/cluster_6/082_cell_1761645971133_912349010008_29304_0000.jpg
6,/home/wangqianqian/project/FS/data/28gusui&pizang/03/48/cell_1761648487974_912349010008_46230_0000.png,thumbs/cluster_6/083_cell_1761648487974_912349010008_46230_0000.jpg
6,/home/wangqianqian/project/FS/data/28gusui&pizang/03/02/cell_1761645751905_912349010008_12056_0100.png,thumbs/cluster_6/084_cell_1761645751905_912349010008_12056_0100.jpg
6,/home/wangqianqian/project/FS/data/28gusui&pizang/03/44/cell_1761648279985_912349010008_27758_0000.png,thumbs/cluster_6/085_cell_1761648279985_912349010008_27758_0000.jpg
6,/home/wangqianqian/project/FS/data/28gusui&pizang/03/09/cell_1761646157867_912349010008_44164_0000.png,thumbs/cluster_6/086_cell_1761646157867_912349010008_44164_0000.jpg
6,/home/wangqianqian/project/FS/data/28gusui&pizang/03/06/cell_1761645976779_912349010008_29807_0000.png,thumbs/cluster_6/087_cell_1761645976779_912349010008_29807_0000.jpg
6,/home/wangqianqian/project/FS/data/28gusui&pizang/03/49/cell_1761648568941_912349010008_53281_0100.png,thumbs/cluster_6/088_cell_1761648568941_912349010008_53281_0100.jpg
6,/home/wangqianqian/project/FS/data/28gusui&pizang/03/18/cell_1761646691288_912349010008_88778_0000.png,thumbs/cluster_6/089_cell_1761646691288_912349010008_88778_0000.jpg
6,/home/wangqianqian/project/FS/data/28gusui&pizang/03/40/cell_1761648046600_912349010008_10559_0000.png,thumbs/cluster_6/090_cell_1761648046600_912349010008_10559_0000.jpg
6,/home/wangqianqian/project/FS/data/28gusui&pizang/03/46/cell_1761648394239_912349010008_37730_0100.png,thumbs/cluster_6/091_cell_1761648394239_912349010008_37730_0100.jpg
6,/home/wangqianqian/project/FS/data/28gusui&pizang/03/21/cell_1761646873140_912349010008_103835_0000.png,thumbs/cluster_6/092_cell_1761646873140_912349010008_103835_0000.jpg
6,/home/wangqianqian/project/FS/data/28gusui&pizang/03/12/cell_1761646345717_912349010008_59477_0100.png,thumbs/cluster_6/093_cell_1761646345717_912349010008_59477_0100.jpg
6,/home/wangqianqian/project/FS/data/28gusui&pizang/03/50/cell_1761648644785_912349010008_60799_0000.png,thumbs/cluster_6/094_cell_1761648644785_912349010008_60799_0000.jpg
6,/home/wangqianqian/project/FS/data/28gusui&pizang/03/17/cell_1761646665756_912349010008_86435_0100.png,thumbs/cluster_6/095_cell_1761646665756_912349010008_86435_0100.jpg
6,/home/wangqianqian/project/FS/data/28gusui&pizang/03/13/cell_1761646407491_912349010008_64355_0000.png,thumbs/cluster_6/096_cell_1761646407491_912349010008_64355_0000.jpg
6,/home/wangqianqian/project/FS/data/28gusui&pizang/03/41/cell_1761648061152_912349010008_11335_0100.png,thumbs/cluster_6/097_cell_1761648061152_912349010008_11335_0100.jpg
6,/home/wangqianqian/project/FS/data/28gusui&pizang/03/57/cell_1761649049016_912349010008_99752_0100.png,thumbs/cluster_6/098_cell_1761649049016_912349010008_99752_0100.jpg
6,/home/wangqianqian/project/FS/data/28gusui&pizang/03/47/cell_1761648448355_912349010008_42813_0100.png,thumbs/cluster_6/099_cell_1761648448355_912349010008_42813_0100.jpg
7,/home/wangqianqian/project/FS/data/28gusui&pizang/03/53/cell_1761648801767_912349010008_76675_0100.png,thumbs/cluster_7/000_cell_1761648801767_912349010008_76675_0100.jpg
7,/home/wangqianqian/project/FS/data/28gusui&pizang/03/42/cell_1761648149629_912349010008_17191_0000.png,thumbs/cluster_7/001_cell_1761648149629_912349010008_17191_0000.jpg
7,/home/wangqianqian/project/FS/data/28gusui&pizang/03/43/cell_1761648196714_912349010008_20561_0100.png,thumbs/cluster_7/002_cell_1761648196714_912349010008_20561_0100.jpg
7,/home/wangqianqian/project/FS/data/28gusui&pizang/03/48/cell_1761648522571_912349010008_49024_0100.png,thumbs/cluster_7/003_cell_1761648522571_912349010008_49024_0100.jpg
7,/home/wangqianqian/project/FS/data/28gusui&pizang/03/45/cell_1761648353394_912349010008_34131_0000.png,thumbs/cluster_7/004_cell_1761648353394_912349010008_34131_0000.jpg
7,/home/wangqianqian/project/FS/data/28gusui&pizang/03/49/cell_1761648548920_912349010008_51410_0000.png,thumbs/cluster_7/005_cell_1761648548920_912349010008_51410_0000.jpg
7,/home/wangqianqian/project/FS/data/28gusui&pizang/03/57/cell_1761649054512_912349010008_100313_0100.png,thumbs/cluster_7/006_cell_1761649054512_912349010008_100313_0100.jpg
7,/home/wangqianqian/project/FS/data/28gusui&pizang/03/13/cell_1761646419751_912349010008_65369_0000.png,thumbs/cluster_7/007_cell_1761646419751_912349010008_65369_0000.jpg
7,/home/wangqianqian/project/FS/data/28gusui&pizang/03/56/cell_1761649006218_912349010008_95560_0000.png,thumbs/cluster_7/008_cell_1761649006218_912349010008_95560_0000.jpg
7,/home/wangqianqian/project/FS/data/28gusui&pizang/03/59/cell_1761649167329_912349010008_112199_0000.png,thumbs/cluster_7/009_cell_1761649167329_912349010008_112199_0000.jpg
7,/home/wangqianqian/project/FS/data/28gusui&pizang/03/51/cell_1761648718690_912349010008_68394_0100.png,thumbs/cluster_7/010_cell_1761648718690_912349010008_68394_0100.jpg
7,/home/wangqianqian/project/FS/data/28gusui&pizang/03/44/cell_1761648287174_912349010008_28438_0100.png,thumbs/cluster_7/011_cell_1761648287174_912349010008_28438_0100.jpg
7,/home/wangqianqian/project/FS/data/28gusui&pizang/03/05/cell_1761645939459_912349010008_26723_0100.png,thumbs/cluster_7/012_cell_1761645939459_912349010008_26723_0100.jpg
7,/home/wangqianqian/project/FS/data/28gusui&pizang/03/11/cell_1761646306183_912349010008_56237_0100.png,thumbs/cluster_7/013_cell_1761646306183_912349010008_56237_0100.jpg
7,/home/wangqianqian/project/FS/data/28gusui&pizang/03/52/cell_1761648776571_912349010008_73965_0000.png,thumbs/cluster_7/014_cell_1761648776571_912349010008_73965_0000.jpg
7,/home/wangqianqian/project/FS/data/28gusui&pizang/03/59/cell_1761649173885_912349010008_112940_0100.png,thumbs/cluster_7/015_cell_1761649173885_912349010008_112940_0100.jpg
7,/home/wangqianqian/project/FS/data/28gusui&pizang/03/44/cell_1761648282448_912349010008_27990_0100.png,thumbs/cluster_7/016_cell_1761648282448_912349010008_27990_0100.jpg
7,/home/wangqianqian/project/FS/data/28gusui&pizang/03/55/cell_1761648901636_912349010008_86428_0100.png,thumbs/cluster_7/017_cell_1761648901636_912349010008_86428_0100.jpg
7,/home/wangqianqian/project/FS/data/28gusui&pizang/03/47/cell_1761648468628_912349010008_44525_0000.png,thumbs/cluster_7/018_cell_1761648468628_912349010008_44525_0000.jpg
7,/home/wangqianqian/project/FS/data/28gusui&pizang/03/12/cell_1761646335098_912349010008_58635_0100.png,thumbs/cluster_7/019_cell_1761646335098_912349010008_58635_0100.jpg
7,/home/wangqianqian/project/FS/data/28gusui&pizang/03/57/cell_1761649032107_912349010008_98015_0100.png,thumbs/cluster_7/020_cell_1761649032107_912349010008_98015_0100.jpg
7,/home/wangqianqian/project/FS/data/28gusui&pizang/03/54/cell_1761648894640_912349010008_85862_0000.png,thumbs/cluster_7/021_cell_1761648894640_912349010008_85862_0000.jpg
7,/home/wangqianqian/project/FS/data/28gusui&pizang/03/19/cell_1761646776904_912349010008_95670_0100.png,thumbs/cluster_7/022_cell_1761646776904_912349010008_95670_0100.jpg
7,/home/wangqianqian/project/FS/data/28gusui&pizang/03/02/cell_1761645771433_912349010008_13444_0000.png,thumbs/cluster_7/023_cell_1761645771433_912349010008_13444_0000.jpg
7,/home/wangqianqian/project/FS/data/28gusui&pizang/03/48/cell_1761648537241_912349010008_50337_0000.png,thumbs/cluster_7/024_cell_1761648537241_912349010008_50337_0000.jpg
7,/home/wangqianqian/project/FS/data/28gusui&pizang/03/44/cell_1761648290933_912349010008_28730_0100.png,thumbs/cluster_7/025_cell_1761648290933_912349010008_28730_0100.jpg
7,/home/wangqianqian/project/FS/data/28gusui&pizang/03/55/cell_1761648938376_912349010008_89517_0000.png,thumbs/cluster_7/026_cell_1761648938376_912349010008_89517_0000.jpg
7,/home/wangqianqian/project/FS/data/28gusui&pizang/03/57/cell_1761649060361_912349010008_100956_0000.png,thumbs/cluster_7/027_cell_1761649060361_912349010008_100956_0000.jpg
7,/home/wangqianqian/project/FS/data/28gusui&pizang/03/11/cell_1761646277115_912349010008_53623_0000.png,thumbs/cluster_7/028_cell_1761646277115_912349010008_53623_0000.jpg
7,/home/wangqianqian/project/FS/data/28gusui&pizang/03/12/cell_1761646351764_912349010008_60010_0000.png,thumbs/cluster_7/029_cell_1761646351764_912349010008_60010_0000.jpg
7,/home/wangqianqian/project/FS/data/28gusui&pizang/03/44/cell_1761648285321_912349010008_28231_0100.png,thumbs/cluster_7/030_cell_1761648285321_912349010008_28231_0100.jpg
7,/home/wangqianqian/project/FS/data/28gusui&pizang/03/20/cell_1761646837394_912349010008_100751_0100.png,thumbs/cluster_7/031_cell_1761646837394_912349010008_100751_0100.jpg
7,/home/wangqianqian/project/FS/data/28gusui&pizang/03/16/cell_1761646595415_912349010008_80380_0100.png,thumbs/cluster_7/032_cell_1761646595415_912349010008_80380_0100.jpg
7,/home/wangqianqian/project/FS/data/28gusui&pizang/03/12/cell_1761646328701_912349010008_58104_0100.png,thumbs/cluster_7/033_cell_1761646328701_912349010008_58104_0100.jpg
7,/home/wangqianqian/project/FS/data/28gusui&pizang/03/09/cell_1761646162170_912349010008_44487_0000.png,thumbs/cluster_7/034_cell_1761646162170_912349010008_44487_0000.jpg
7,/home/wangqianqian/project/FS/data/28gusui&pizang/03/57/cell_1761649065572_912349010008_101494_0000.png,thumbs/cluster_7/035_cell_1761649065572_912349010008_101494_0000.jpg
7,/home/wangqianqian/project/FS/data/28gusui&pizang/03/44/cell_1761648256642_912349010008_25589_0000.png,thumbs/cluster_7/036_cell_1761648256642_912349010008_25589_0000.jpg
7,/home/wangqianqian/project/FS/data/28gusui&pizang/03/19/cell_1761646790518_912349010008_96729_0100.png,thumbs/cluster_7/037_cell_1761646790518_912349010008_96729_0100.jpg
7,/home/wangqianqian/project/FS/data/28gusui&pizang/03/04/cell_1761645869897_912349010008_21420_0000.png,thumbs/cluster_7/038_cell_1761645869897_912349010008_21420_0000.jpg
7,/home/wangqianqian/project/FS/data/28gusui&pizang/03/49/cell_1761648598959_912349010008_56282_0000.png,thumbs/cluster_7/039_cell_1761648598959_912349010008_56282_0000.jpg
7,/home/wangqianqian/project/FS/data/28gusui&pizang/03/49/cell_1761648545803_912349010008_51102_0000.png,thumbs/cluster_7/040_cell_1761648545803_912349010008_51102_0000.jpg
7,/home/wangqianqian/project/FS/data/28gusui&pizang/03/10/cell_1761646215401_912349010008_48572_0100.png,thumbs/cluster_7/041_cell_1761646215401_912349010008_48572_0100.jpg
7,/home/wangqianqian/project/FS/data/28gusui&pizang/03/15/cell_1761646506005_912349010008_73322_0000.png,thumbs/cluster_7/042_cell_1761646506005_912349010008_73322_0000.jpg
7,/home/wangqianqian/project/FS/data/28gusui&pizang/03/59/cell_1761649156606_912349010008_111050_0100.png,thumbs/cluster_7/043_cell_1761649156606_912349010008_111050_0100.jpg
7,/home/wangqianqian/project/FS/data/28gusui&pizang/03/05/cell_1761645959672_912349010008_28361_0000.png,thumbs/cluster_7/044_cell_1761645959672_912349010008_28361_0000.jpg
7,/home/wangqianqian/project/FS/data/28gusui&pizang/03/58/cell_1761649105041_912349010008_105631_0000.png,thumbs/cluster_7/045_cell_1761649105041_912349010008_105631_0000.jpg
7,/home/wangqianqian/project/FS/data/28gusui&pizang/03/49/cell_1761648564841_912349010008_52875_0000.png,thumbs/cluster_7/046_cell_1761648564841_912349010008_52875_0000.jpg
7,/home/wangqianqian/project/FS/data/28gusui&pizang/03/09/cell_1761646143190_912349010008_43029_0100.png,thumbs/cluster_7/047_cell_1761646143190_912349010008_43029_0100.jpg
7,/home/wangqianqian/project/FS/data/28gusui&pizang/03/52/cell_1761648745787_912349010008_71099_0000.png,thumbs/cluster_7/048_cell_1761648745787_912349010008_71099_0000.jpg
7,/home/wangqianqian/project/FS/data/28gusui&pizang/03/19/cell_1761646756422_912349010008_93983_0000.png,thumbs/cluster_7/049_cell_1761646756422_912349010008_93983_0000.jpg
7,/home/wangqianqian/project/FS/data/28gusui&pizang/03/46/cell_1761648392023_912349010008_37513_0100.png,thumbs/cluster_7/050_cell_1761648392023_912349010008_37513_0100.jpg
7,/home/wangqianqian/project/FS/data/28gusui&pizang/03/14/cell_1761646464130_912349010008_69416_0100.png,thumbs/cluster_7/051_cell_1761646464130_912349010008_69416_0100.jpg
7,/home/wangqianqian/project/FS/data/28gusui&pizang/03/50/cell_1761648619481_912349010008_58263_0000.png,thumbs/cluster_7/052_cell_1761648619481_912349010008_58263_0000.jpg
7,/home/wangqianqian/project/FS/data/28gusui&pizang/03/44/cell_1761648250137_912349010008_25019_0000.png,thumbs/cluster_7/053_cell_1761648250137_912349010008_25019_0000.jpg
7,/home/wangqianqian/project/FS/data/28gusui&pizang/03/07/cell_1761646025473_912349010008_33938_0000.png,thumbs/cluster_7/054_cell_1761646025473_912349010008_33938_0000.jpg
7,/home/wangqianqian/project/FS/data/28gusui&pizang/03/53/cell_1761648802542_912349010008_76777_0100.png,thumbs/cluster_7/055_cell_1761648802542_912349010008_76777_0100.jpg
7,/home/wangqianqian/project/FS/data/28gusui&pizang/03/17/cell_1761646634245_912349010008_83704_0100.png,thumbs/cluster_7/056_cell_1761646634245_912349010008_83704_0100.jpg
7,/home/wangqianqian/project/FS/data/28gusui&pizang/03/58/cell_1761649093576_912349010008_104484_0000.png,thumbs/cluster_7/057_cell_1761649093576_912349010008_104484_0000.jpg
7,/home/wangqianqian/project/FS/data/28gusui&pizang/03/17/cell_1761646662334_912349010008_86129_0100.png,thumbs/cluster_7/058_cell_1761646662334_912349010008_86129_0100.jpg
7,/home/wangqianqian/project/FS/data/28gusui&pizang/03/53/cell_1761648786411_912349010008_74959_0000.png,thumbs/cluster_7/059_cell_1761648786411_912349010008_74959_0000.jpg
7,/home/wangqianqian/project/FS/data/28gusui&pizang/03/11/cell_1761646287208_912349010008_54534_0000.png,thumbs/cluster_7/060_cell_1761646287208_912349010008_54534_0000.jpg
7,/home/wangqianqian/project/FS/data/28gusui&pizang/03/54/cell_1761648866860_912349010008_83143_0100.png,thumbs/cluster_7/061_cell_1761648866860_912349010008_83143_0100.jpg
7,/home/wangqianqian/project/FS/data/28gusui&pizang/03/15/cell_1761646524725_912349010008_74897_0100.png,thumbs/cluster_7/062_cell_1761646524725_912349010008_74897_0100.jpg
7,/home/wangqianqian/project/FS/data/28gusui&pizang/03/04/cell_1761645877620_912349010008_22081_0000.png,thumbs/cluster_7/063_cell_1761645877620_912349010008_22081_0000.jpg
7,/home/wangqianqian/project/FS/data/28gusui&pizang/03/19/cell_1761646788334_912349010008_96539_0100.png,thumbs/cluster_7/064_cell_1761646788334_912349010008_96539_0100.jpg
7,/home/wangqianqian/project/FS/data/28gusui&pizang/03/11/cell_1761646271359_912349010008_53118_0000.png,thumbs/cluster_7/065_cell_1761646271359_912349010008_53118_0000.jpg
7,/home/wangqianqian/project/FS/data/28gusui&pizang/03/51/cell_1761648660742_912349010008_62472_0000.png,thumbs/cluster_7/066_cell_1761648660742_912349010008_62472_0000.jpg
7,/home/wangqianqian/project/FS/data/28gusui&pizang/03/54/cell_1761648867379_912349010008_83203_0000.png,thumbs/cluster_7/067_cell_1761648867379_912349010008_83203_0000.jpg
7,/home/wangqianqian/project/FS/data/28gusui&pizang/03/08/cell_1761646131022_912349010008_42188_0000.png,thumbs/cluster_7/068_cell_1761646131022_912349010008_42188_0000.jpg
7,/home/wangqianqian/project/FS/data/28gusui&pizang/03/04/cell_1761645854151_912349010008_20006_0000.png,thumbs/cluster_7/069_cell_1761645854151_912349010008_20006_0000.jpg
7,/home/wangqianqian/project/FS/data/28gusui&pizang/03/40/cell_1761648051833_912349010008_10817_0000.png,thumbs/cluster_7/070_cell_1761648051833_912349010008_10817_0000.jpg
7,/home/wangqianqian/project/FS/data/28gusui&pizang/03/53/cell_1761648811717_912349010008_77745_0000.png,thumbs/cluster_7/071_cell_1761648811717_912349010008_77745_0000.jpg
7,/home/wangqianqian/project/FS/data/28gusui&pizang/03/58/cell_1761649086914_912349010008_103709_0000.png,thumbs/cluster_7/072_cell_1761649086914_912349010008_103709_0000.jpg
7,/home/wangqianqian/project/FS/data/28gusui&pizang/03/40/cell_1761648031425_912349010008_9849_0100.png,thumbs/cluster_7/073_cell_1761648031425_912349010008_9849_0100.jpg
7,/home/wangqianqian/project/FS/data/28gusui&pizang/03/20/cell_1761646810724_912349010008_98508_0000.png,thumbs/cluster_7/074_cell_1761646810724_912349010008_98508_0000.jpg
7,/home/wangqianqian/project/FS/data/28gusui&pizang/03/54/cell_1761648887197_912349010008_85170_0100.png,thumbs/cluster_7/075_cell_1761648887197_912349010008_85170_0100.jpg
7,/home/wangqianqian/project/FS/data/28gusui&pizang/03/56/cell_1761648980129_912349010008_93135_0000.png,thumbs/cluster_7/076_cell_1761648980129_912349010008_93135_0000.jpg
7,/home/wangqianqian/project/FS/data/28gusui&pizang/03/43/cell_1761648190873_912349010008_20147_0100.png,thumbs/cluster_7/077_cell_1761648190873_912349010008_20147_0100.jpg
7,/home/wangqianqian/project/FS/data/28gusui&pizang/03/08/cell_1761646091578_912349010008_39297_0000.png,thumbs/cluster_7/078_cell_1761646091578_912349010008_39297_0000.jpg
7,/home/wangqianqian/project/FS/data/28gusui&pizang/03/02/cell_1761645779696_912349010008_14087_0100.png,thumbs/cluster_7/079_cell_1761645779696_912349010008_14087_0100.jpg
7,/home/wangqianqian/project/FS/data/28gusui&pizang/03/05/cell_1761645930196_912349010008_26032_0000.png,thumbs/cluster_7/080_cell_1761645930196_912349010008_26032_0000.jpg
7,/home/wangqianqian/project/FS/data/28gusui&pizang/03/55/cell_1761648932726_912349010008_89053_0000.png,thumbs/cluster_7/081_cell_1761648932726_912349010008_89053_0000.jpg
7,/home/wangqianqian/project/FS/data/28gusui&pizang/03/58/cell_1761649082227_912349010008_103199_0100.png,thumbs/cluster_7/082_cell_1761649082227_912349010008_103199_0100.jpg
7,/home/wangqianqian/project/FS/data/28gusui&pizang/03/45/cell_1761648330274_912349010008_32017_0000.png,thumbs/cluster_7/083_cell_1761648330274_912349010008_32017_0000.jpg
7,/home/wangqianqian/project/FS/data/28gusui&pizang/03/40/cell_1761648028115_912349010008_9653_0000.png,thumbs/cluster_7/084_cell_1761648028115_912349010008_9653_0000.jpg
7,/home/wangqianqian/project/FS/data/28gusui&pizang/03/43/cell_1761648212356_912349010008_21904_0000.png,thumbs/cluster_7/085_cell_1761648212356_912349010008_21904_0000.jpg
7,/home/wangqianqian/project/FS/data/28gusui&pizang/03/51/cell_1761648712193_912349010008_67766_0000.png,thumbs/cluster_7/086_cell_1761648712193_912349010008_67766_0000.jpg
7,/home/wangqianqian/project/FS/data/28gusui&pizang/03/07/cell_1761646026205_912349010008_34006_0000.png,thumbs/cluster_7/087_cell_1761646026205_912349010008_34006_0000.jpg
7,/home/wangqianqian/project/FS/data/28gusui&pizang/03/06/cell_1761645967213_912349010008_28981_0000.png,thumbs/cluster_7/088_cell_1761645967213_912349010008_28981_0000.jpg
7,/home/wangqianqian/project/FS/data/28gusui&pizang/03/11/cell_1761646262945_912349010008_52447_0000.png,thumbs/cluster_7/089_cell_1761646262945_912349010008_52447_0000.jpg
7,/home/wangqianqian/project/FS/data/28gusui&pizang/03/58/cell_1761649084399_912349010008_103412_0100.png,thumbs/cluster_7/090_cell_1761649084399_912349010008_103412_0100.jpg
7,/home/wangqianqian/project/FS/data/28gusui&pizang/03/51/cell_1761648665854_912349010008_62970_0000.png,thumbs/cluster_7/091_cell_1761648665854_912349010008_62970_0000.jpg
7,/home/wangqianqian/project/FS/data/28gusui&pizang/03/12/cell_1761646325718_912349010008_57877_0000.png,thumbs/cluster_7/092_cell_1761646325718_912349010008_57877_0000.jpg
7,/home/wangqianqian/project/FS/data/28gusui&pizang/03/07/cell_1761646038643_912349010008_35074_0100.png,thumbs/cluster_7/093_cell_1761646038643_912349010008_35074_0100.jpg
7,/home/wangqianqian/project/FS/data/28gusui&pizang/03/50/cell_1761648630901_912349010008_59398_0100.png,thumbs/cluster_7/094_cell_1761648630901_912349010008_59398_0100.jpg
7,/home/wangqianqian/project/FS/data/28gusui&pizang/03/56/cell_1761648986307_912349010008_93680_0000.png,thumbs/cluster_7/095_cell_1761648986307_912349010008_93680_0000.jpg
7,/home/wangqianqian/project/FS/data/28gusui&pizang/03/15/cell_1761646544213_912349010008_76469_0000.png,thumbs/cluster_7/096_cell_1761646544213_912349010008_76469_0000.jpg
7,/home/wangqianqian/project/FS/data/28gusui&pizang/03/51/cell_1761648680168_912349010008_64366_0000.png,thumbs/cluster_7/097_cell_1761648680168_912349010008_64366_0000.jpg
7,/home/wangqianqian/project/FS/data/28gusui&pizang/03/11/cell_1761646262137_912349010008_52378_0000.png,thumbs/cluster_7/098_cell_1761646262137_912349010008_52378_0000.jpg
7,/home/wangqianqian/project/FS/data/28gusui&pizang/03/07/cell_1761646067936_912349010008_37533_0000.png,thumbs/cluster_7/099_cell_1761646067936_912349010008_37533_0000.jpg
8,/home/wangqianqian/project/FS/data/28gusui&pizang/03/06/cell_1761645966963_912349010008_28964_0100.png,thumbs/cluster_8/000_cell_1761645966963_912349010008_28964_0100.jpg
8,/home/wangqianqian/project/FS/data/28gusui&pizang/03/07/cell_1761646031343_912349010008_34476_0000.png,thumbs/cluster_8/001_cell_1761646031343_912349010008_34476_0000.jpg
8,/home/wangqianqian/project/FS/data/28gusui&pizang/03/42/cell_1761648166209_912349010008_18274_0000.png,thumbs/cluster_8/002_cell_1761648166209_912349010008_18274_0000.jpg
8,/home/wangqianqian/project/FS/data/28gusui&pizang/03/43/cell_1761648239749_912349010008_24097_0100.png,thumbs/cluster_8/003_cell_1761648239749_912349010008_24097_0100.jpg
8,/home/wangqianqian/project/FS/data/28gusui&pizang/03/02/cell_1761645752014_912349010008_12059_0100.png,thumbs/cluster_8/004_cell_1761645752014_912349010008_12059_0100.jpg
8,/home/wangqianqian/project/FS/data/28gusui&pizang/03/19/cell_1761646748625_912349010008_93366_0000.png,thumbs/cluster_8/005_cell_1761646748625_912349010008_93366_0000.jpg
8,/home/wangqianqian/project/FS/data/28gusui&pizang/03/40/cell_1761648010508_912349010008_8733_0100.png,thumbs/cluster_8/006_cell_1761648010508_912349010008_8733_0100.jpg
8,/home/wangqianqian/project/FS/data/28gusui&pizang/03/58/cell_1761649102477_912349010008_105365_0000.png,thumbs/cluster_8/007_cell_1761649102477_912349010008_105365_0000.jpg
8,/home/wangqianqian/project/FS/data/28gusui&pizang/03/07/cell_1761646071152_912349010008_37754_0000.png,thumbs/cluster_8/008_cell_1761646071152_912349010008_37754_0000.jpg
8,/home/wangqianqian/project/FS/data/28gusui&pizang/03/08/cell_1761646118347_912349010008_41291_0000.png,thumbs/cluster_8/009_cell_1761646118347_912349010008_41291_0000.jpg
8,/home/wangqianqian/project/FS/data/28gusui&pizang/03/11/cell_1761646310428_912349010008_56590_0000.png,thumbs/cluster_8/010_cell_1761646310428_912349010008_56590_0000.jpg
8,/home/wangqianqian/project/FS/data/28gusui&pizang/03/16/cell_1761646613339_912349010008_81865_0000.png,thumbs/cluster_8/011_cell_1761646613339_912349010008_81865_0000.jpg
8,/home/wangqianqian/project/FS/data/28gusui&pizang/03/15/cell_1761646521784_912349010008_74634_0100.png,thumbs/cluster_8/012_cell_1761646521784_912349010008_74634_0100.jpg
8,/home/wangqianqian/project/FS/data/28gusui&pizang/03/02/cell_1761645732690_912349010008_10626_0100.png,thumbs/cluster_8/013_cell_1761645732690_912349010008_10626_0100.jpg
8,/home/wangqianqian/project/FS/data/28gusui&pizang/03/39/cell_1761647946814_912349010008_6063_0000.png,thumbs/cluster_8/014_cell_1761647946814_912349010008_6063_0000.jpg
8,/home/wangqianqian/project/FS/data/28gusui&pizang/03/08/cell_1761646104952_912349010008_40316_0100.png,thumbs/cluster_8/015_cell_1761646104952_912349010008_40316_0100.jpg
8,/home/wangqianqian/project/FS/data/28gusui&pizang/03/49/cell_1761648544561_912349010008_51003_0000.png,thumbs/cluster_8/016_cell_1761648544561_912349010008_51003_0000.jpg
8,/home/wangqianqian/project/FS/data/28gusui&pizang/03/02/cell_1761645734242_912349010008_10743_0000.png,thumbs/cluster_8/017_cell_1761645734242_912349010008_10743_0000.jpg
8,/home/wangqianqian/project/FS/data/28gusui&pizang/03/03/cell_1761645808318_912349010008_16312_0000.png,thumbs/cluster_8/018_cell_1761645808318_912349010008_16312_0000.jpg
8,/home/wangqianqian/project/FS/data/28gusui&pizang/03/09/cell_1761646149396_912349010008_43480_0100.png,thumbs/cluster_8/019_cell_1761646149396_912349010008_43480_0100.jpg
8,/home/wangqianqian/project/FS/data/28gusui&pizang/03/55/cell_1761648908955_912349010008_87024_0000.png,thumbs/cluster_8/020_cell_1761648908955_912349010008_87024_0000.jpg
8,/home/wangqianqian/project/FS/data/28gusui&pizang/03/02/cell_1761645721396_912349010008_9871_0100.png,thumbs/cluster_8/021_cell_1761645721396_912349010008_9871_0100.jpg
8,/home/wangqianqian/project/FS/data/28gusui&pizang/03/50/cell_1761648612858_912349010008_57578_0000.png,thumbs/cluster_8/022_cell_1761648612858_912349010008_57578_0000.jpg
8,/home/wangqianqian/project/FS/data/28gusui&pizang/03/48/cell_1761648495488_912349010008_46874_0100.png,thumbs/cluster_8/023_cell_1761648495488_912349010008_46874_0100.jpg
8,/home/wangqianqian/project/FS/data/28gusui&pizang/03/56/cell_1761648986700_912349010008_93718_0100.png,thumbs/cluster_8/024_cell_1761648986700_912349010008_93718_0100.jpg
8,/home/wangqianqian/project/FS/data/28gusui&pizang/03/21/cell_1761646861178_912349010008_102824_0000.png,thumbs/cluster_8/025_cell_1761646861178_912349010008_102824_0000.jpg
8,/home/wangqianqian/project/FS/data/28gusui&pizang/03/03/cell_1761645810103_912349010008_16432_0100.png,thumbs/cluster_8/026_cell_1761645810103_912349010008_16432_0100.jpg
8,/home/wangqianqian/project/FS/data/28gusui&pizang/03/10/cell_1761646209943_912349010008_48086_0000.png,thumbs/cluster_8/027_cell_1761646209943_912349010008_48086_0000.jpg
8,/home/wangqianqian/project/FS/data/28gusui&pizang/03/20/cell_1761646805796_912349010008_98106_0000.png,thumbs/cluster_8/028_cell_1761646805796_912349010008_98106_0000.jpg
8,/home/wangqianqian/project/FS/data/28gusui&pizang/03/09/cell_1761646145635_912349010008_43187_0100.png,thumbs/cluster_8/029_cell_1761646145635_912349010008_43187_0100.jpg
8,/home/wangqianqian/project/FS/data/28gusui&pizang/03/17/cell_1761646634837_912349010008_83765_0000.png,thumbs/cluster_8/030_cell_1761646634837_912349010008_83765_0000.jpg
8,/home/wangqianqian/project/FS/data/28gusui&pizang/03/57/cell_1761649039210_912349010008_98668_0100.png,thumbs/cluster_8/031_cell_1761649039210_912349010008_98668_0100.jpg
8,/home/wangqianqian/project/FS/data/28gusui&pizang/03/21/cell_1761646862543_912349010008_102947_0000.png,thumbs/cluster_8/032_cell_1761646862543_912349010008_102947_0000.jpg
8,/home/wangqianqian/project/FS/data/28gusui&pizang/03/53/cell_1761648788397_912349010008_75203_0000.png,thumbs/cluster_8/033_cell_1761648788397_912349010008_75203_0000.jpg
8,/home/wangqianqian/project/FS/data/28gusui&pizang/03/02/cell_1761645771894_912349010008_13464_0000.png,thumbs/cluster_8/034_cell_1761645771894_912349010008_13464_0000.jpg
8,/home/wangqianqian/project/FS/data/28gusui&pizang/03/56/cell_1761649016772_912349010008_96510_0000.png,thumbs/cluster_8/035_cell_1761649016772_912349010008_96510_0000.jpg
8,/home/wangqianqian/project/FS/data/28gusui&pizang/03/13/cell_1761646388777_912349010008_62958_0100.png,thumbs/cluster_8/036_cell_1761646388777_912349010008_62958_0100.jpg
8,/home/wangqianqian/project/FS/data/28gusui&pizang/03/19/cell_1761646779796_912349010008_95891_0100.png,thumbs/cluster_8/037_cell_1761646779796_912349010008_95891_0100.jpg
8,/home/wangqianqian/project/FS/data/28gusui&pizang/03/51/cell_1761648681757_912349010008_64539_0000.png,thumbs/cluster_8/038_cell_1761648681757_912349010008_64539_0000.jpg
8,/home/wangqianqian/project/FS/data/28gusui&pizang/03/41/cell_1761648080017_912349010008_12519_0000.png,thumbs/cluster_8/039_cell_1761648080017_912349010008_12519_0000.jpg
8,/home/wangqianqian/project/FS/data/28gusui&pizang/03/50/cell_1761648642970_912349010008_60596_0100.png,thumbs/cluster_8/040_cell_1761648642970_912349010008_60596_0100.jpg
8,/home/wangqianqian/project/FS/data/28gusui&pizang/03/13/cell_1761646422148_912349010008_65586_0000.png,thumbs/cluster_8/041_cell_1761646422148_912349010008_65586_0000.jpg
8,/home/wangqianqian/project/FS/data/28gusui&pizang/03/03/cell_1761645787521_912349010008_14704_0100.png,thumbs/cluster_8/042_cell_1761645787521_912349010008_14704_0100.jpg
8,/home/wangqianqian/project/FS/data/28gusui&pizang/03/03/cell_1761645838236_912349010008_18646_0000.png,thumbs/cluster_8/043_cell_1761645838236_912349010008_18646_0000.jpg
8,/home/wangqianqian/project/FS/data/28gusui&pizang/03/02/cell_1761645721614_912349010008_9885_0000.png,thumbs/cluster_8/044_cell_1761645721614_912349010008_9885_0000.jpg
8,/home/wangqianqian/project/FS/data/28gusui&pizang/03/50/cell_1761648609627_912349010008_57277_0000.png,thumbs/cluster_8/045_cell_1761648609627_912349010008_57277_0000.jpg
8,/home/wangqianqian/project/FS/data/28gusui&pizang/03/57/cell_1761649046629_912349010008_99523_0000.png,thumbs/cluster_8/046_cell_1761649046629_912349010008_99523_0000.jpg
8,/home/wangqianqian/project/FS/data/28gusui&pizang/03/13/cell_1761646386939_912349010008_62804_0000.png,thumbs/cluster_8/047_cell_1761646386939_912349010008_62804_0000.jpg
8,/home/wangqianqian/project/FS/data/28gusui&pizang/03/58/cell_1761649106777_912349010008_105819_0100.png,thumbs/cluster_8/048_cell_1761649106777_912349010008_105819_0100.jpg
8,/home/wangqianqian/project/FS/data/28gusui&pizang/03/19/cell_1761646792946_912349010008_96919_0000.png,thumbs/cluster_8/049_cell_1761646792946_912349010008_96919_0000.jpg
8,/home/wangqianqian/project/FS/data/28gusui&pizang/03/42/cell_1761648146914_912349010008_17002_0000.png,thumbs/cluster_8/050_cell_1761648146914_912349010008_17002_0000.jpg
8,/home/wangqianqian/project/FS/data/28gusui&pizang/03/20/cell_1761646830824_912349010008_100264_0100.png,thumbs/cluster_8/051_cell_1761646830824_912349010008_100264_0100.jpg
8,/home/wangqianqian/project/FS/data/28gusui&pizang/03/50/cell_1761648649462_912349010008_61305_0100.png,thumbs/cluster_8/052_cell_1761648649462_912349010008_61305_0100.jpg
8,/home/wangqianqian/project/FS/data/28gusui&pizang/03/18/cell_1761646724059_912349010008_91325_0000.png,thumbs/cluster_8/053_cell_1761646724059_912349010008_91325_0000.jpg
8,/home/wangqianqian/project/FS/data/28gusui&pizang/03/05/cell_1761645952784_912349010008_27844_0000.png,thumbs/cluster_8/054_cell_1761645952784_912349010008_27844_0000.jpg
8,/home/wangqianqian/project/FS/data/28gusui&pizang/03/12/cell_1761646360579_912349010008_60699_0100.png,thumbs/cluster_8/055_cell_1761646360579_912349010008_60699_0100.jpg
8,/home/wangqianqian/project/FS/data/28gusui&pizang/03/45/cell_1761648318138_912349010008_30950_0100.png,thumbs/cluster_8/056_cell_1761648318138_912349010008_30950_0100.jpg
8,/home/wangqianqian/project/FS/data/28gusui&pizang/03/12/cell_1761646321495_912349010008_57517_0100.png,thumbs/cluster_8/057_cell_1761646321495_912349010008_57517_0100.jpg
8,/home/wangqianqian/project/FS/data/28gusui&pizang/03/09/cell_1761646145314_912349010008_43170_0000.png,thumbs/cluster_8/058_cell_1761646145314_912349010008_43170_0000.jpg
8,/home/wangqianqian/project/FS/data/28gusui&pizang/03/04/cell_1761645889012_912349010008_22983_0100.png,thumbs/cluster_8/059_cell_1761645889012_912349010008_22983_0100.jpg
8,/home/wangqianqian/project/FS/data/28gusui&pizang/03/02/cell_1761645754177_912349010008_12224_0000.png,thumbs/cluster_8/060_cell_1761645754177_912349010008_12224_0000.jpg
8,/home/wangqianqian/project/FS/data/28gusui&pizang/03/05/cell_1761645938733_912349010008_26669_0100.png,thumbs/cluster_8/061_cell_1761645938733_912349010008_26669_0100.jpg
8,/home/wangqianqian/project/FS/data/28gusui&pizang/03/46/cell_1761648402314_912349010008_38409_0000.png,thumbs/cluster_8/062_cell_1761648402314_912349010008_38409_0000.jpg
8,/home/wangqianqian/project/FS/data/28gusui&pizang/03/05/cell_1761645922106_912349010008_25401_0000.png,thumbs/cluster_8/063_cell_1761645922106_912349010008_25401_0000.jpg
8,/home/wangqianqian/project/FS/data/28gusui&pizang/03/36/cell_1761647786466_912349010008_515_0100.png,thumbs/cluster_8/064_cell_1761647786466_912349010008_515_0100.jpg
8,/home/wangqianqian/project/FS/data/28gusui&pizang/03/08/cell_1761646113286_912349010008_40927_0100.png,thumbs/cluster_8/065_cell_1761646113286_912349010008_40927_0100.jpg
8,/home/wangqianqian/project/FS/data/28gusui&pizang/03/03/cell_1761645831816_912349010008_18139_0000.png,thumbs/cluster_8/066_cell_1761645831816_912349010008_18139_0000.jpg
8,/home/wangqianqian/project/FS/data/28gusui&pizang/03/15/cell_1761646509287_912349010008_73567_0100.png,thumbs/cluster_8/067_cell_1761646509287_912349010008_73567_0100.jpg
8,/home/wangqianqian/project/FS/data/28gusui&pizang/03/19/cell_1761646790409_912349010008_96719_0000.png,thumbs/cluster_8/068_cell_1761646790409_912349010008_96719_0000.jpg
8,/home/wangqianqian/project/FS/data/28gusui&pizang/03/50/cell_1761648620457_912349010008_58349_0100.png,thumbs/cluster_8/069_cell_1761648620457_912349010008_58349_0100.jpg
8,/home/wangqianqian/project/FS/data/28gusui&pizang/03/17/cell_1761646660093_912349010008_85960_0000.png,thumbs/cluster_8/070_cell_1761646660093_912349010008_85960_0000.jpg
8,/home/wangqianqian/project/FS/data/28gusui&pizang/03/03/cell_1761645818902_912349010008_17119_0000.png,thumbs/cluster_8/071_cell_1761645818902_912349010008_17119_0000.jpg
8,/home/wangqianqian/project/FS/data/28gusui&pizang/03/02/cell_1761645774822_912349010008_13697_0100.png,thumbs/cluster_8/072_cell_1761645774822_912349010008_13697_0100.jpg
8,/home/wangqianqian/project/FS/data/28gusui&pizang/03/09/cell_1761646165499_912349010008_44712_0100.png,thumbs/cluster_8/073_cell_1761646165499_912349010008_44712_0100.jpg
8,/home/wangqianqian/project/FS/data/28gusui&pizang/03/09/cell_1761646182145_912349010008_45938_0000.png,thumbs/cluster_8/074_cell_1761646182145_912349010008_45938_0000.jpg
8,/home/wangqianqian/project/FS/data/28gusui&pizang/03/46/cell_1761648387766_912349010008_37178_0100.png,thumbs/cluster_8/075_cell_1761648387766_912349010008_37178_0100.jpg
8,/home/wangqianqian/project/FS/data/28gusui&pizang/03/59/cell_1761649169875_912349010008_112482_0000.png,thumbs/cluster_8/076_cell_1761649169875_912349010008_112482_0000.jpg
8,/home/wangqianqian/project/FS/data/28gusui&pizang/03/57/cell_1761649069631_912349010008_101885_0100.png,thumbs/cluster_8/077_cell_1761649069631_912349010008_101885_0100.jpg
8,/home/wangqianqian/project/FS/data/28gusui&pizang/03/19/cell_1761646795829_912349010008_97164_0100.png,thumbs/cluster_8/078_cell_1761646795829_912349010008_97164_0100.jpg
8,/home/wangqianqian/project/FS/data/28gusui&pizang/03/13/cell_1761646386235_912349010008_62757_0000.png,thumbs/cluster_8/079_cell_1761646386235_912349010008_62757_0000.jpg
8,/home/wangqianqian/project/FS/data/28gusui&pizang/03/08/cell_1761646097626_912349010008_39736_0000.png,thumbs/cluster_8/080_cell_1761646097626_912349010008_39736_0000.jpg
8,/home/wangqianqian/project/FS/data/28gusui&pizang/03/13/cell_1761646381592_912349010008_62424_0100.png,thumbs/cluster_8/081_cell_1761646381592_912349010008_62424_0100.jpg
8,/home/wangqianqian/project/FS/data/28gusui&pizang/03/44/cell_1761648279623_912349010008_27732_0000.png,thumbs/cluster_8/082_cell_1761648279623_912349010008_27732_0000.jpg
8,/home/wangqianqian/project/FS/data/28gusui&pizang/03/19/cell_1761646770656_912349010008_95115_0000.png,thumbs/cluster_8/083_cell_1761646770656_912349010008_95115_0000.jpg
8,/home/wangqianqian/project/FS/data/28gusui&pizang/03/14/cell_1761646491561_912349010008_71993_0000.png,thumbs/cluster_8/084_cell_1761646491561_912349010008_71993_0000.jpg
8,/home/wangqianqian/project/FS/data/28gusui&pizang/03/49/cell_1761648590216_912349010008_55306_0000.png,thumbs/cluster_8/085_cell_1761648590216_912349010008_55306_0000.jpg
8,/home/wangqianqian/project/FS/data/28gusui&pizang/03/58/cell_1761649108715_912349010008_106033_0100.png,thumbs/cluster_8/086_cell_1761649108715_912349010008_106033_0100.jpg
8,/home/wangqianqian/project/FS/data/28gusui&pizang/03/08/cell_1761646100579_912349010008_39967_0000.png,thumbs/cluster_8/087_cell_1761646100579_912349010008_39967_0000.jpg
8,/home/wangqianqian/project/FS/data/28gusui&pizang/03/16/cell_1761646593974_912349010008_80290_0000.png,thumbs/cluster_8/088_cell_1761646593974_912349010008_80290_0000.jpg
8,/home/wangqianqian/project/FS/data/28gusui&pizang/03/11/cell_1761646315362_912349010008_56997_0000.png,thumbs/cluster_8/089_cell_1761646315362_912349010008_56997_0000.jpg
8,/home/wangqianqian/project/FS/data/28gusui&pizang/03/46/cell_1761648381604_912349010008_36661_0000.png,thumbs/cluster_8/090_cell_1761648381604_912349010008_36661_0000.jpg
8,/home/wangqianqian/project/FS/data/28gusui&pizang/03/36/cell_1761647792276_912349010008_620_0000.png,thumbs/cluster_8/091_cell_1761647792276_912349010008_620_0000.jpg
8,/home/wangqianqian/project/FS/data/28gusui&pizang/03/21/cell_1761646892521_912349010008_105366_0100.png,thumbs/cluster_8/092_cell_1761646892521_912349010008_105366_0100.jpg
8,/home/wangqianqian/project/FS/data/28gusui&pizang/03/05/cell_1761645956188_912349010008_28106_0000.png,thumbs/cluster_8/093_cell_1761645956188_912349010008_28106_0000.jpg
8,/home/wangqianqian/project/FS/data/28gusui&pizang/03/05/cell_1761645943458_912349010008_27071_0100.png,thumbs/cluster_8/094_cell_1761645943458_912349010008_27071_0100.jpg
8,/home/wangqianqian/project/FS/data/28gusui&pizang/03/02/cell_1761645720865_912349010008_9827_0000.png,thumbs/cluster_8/095_cell_1761645720865_912349010008_9827_0000.jpg
8,/home/wangqianqian/project/FS/data/28gusui&pizang/03/56/cell_1761649002629_912349010008_95243_0100.png,thumbs/cluster_8/096_cell_1761649002629_912349010008_95243_0100.jpg
8,/home/wangqianqian/project/FS/data/28gusui&pizang/03/49/cell_1761648569815_912349010008_53347_0100.png,thumbs/cluster_8/097_cell_1761648569815_912349010008_53347_0100.jpg
8,/home/wangqianqian/project/FS/data/28gusui&pizang/03/09/cell_1761646198385_912349010008_47199_0000.png,thumbs/cluster_8/098_cell_1761646198385_912349010008_47199_0000.jpg
8,/home/wangqianqian/project/FS/data/28gusui&pizang/03/16/cell_1761646605111_912349010008_81232_0000.png,thumbs/cluster_8/099_cell_1761646605111_912349010008_81232_0000.jpg
9,/home/wangqianqian/project/FS/data/28gusui&pizang/03/41/cell_1761648104464_912349010008_14081_0000.png,thumbs/cluster_9/000_cell_1761648104464_912349010008_14081_0000.jpg
9,/home/wangqianqian/project/FS/data/28gusui&pizang/03/50/cell_1761648635308_912349010008_59856_0100.png,thumbs/cluster_9/001_cell_1761648635308_912349010008_59856_0100.jpg
9,/home/wangqianqian/project/FS/data/28gusui&pizang/03/15/cell_1761646522097_912349010008_74661_0000.png,thumbs/cluster_9/002_cell_1761646522097_912349010008_74661_0000.jpg
9,/home/wangqianqian/project/FS/data/28gusui&pizang/03/06/cell_1761646011670_912349010008_32719_0100.png,thumbs/cluster_9/003_cell_1761646011670_912349010008_32719_0100.jpg
9,/home/wangqianqian/project/FS/data/28gusui&pizang/03/02/cell_1761645762532_912349010008_12847_0000.png,thumbs/cluster_9/004_cell_1761645762532_912349010008_12847_0000.jpg
9,/home/wangqianqian/project/FS/data/28gusui&pizang/03/14/cell_1761646447115_912349010008_67905_0100.png,thumbs/cluster_9/005_cell_1761646447115_912349010008_67905_0100.jpg
9,/home/wangqianqian/project/FS/data/28gusui&pizang/03/13/cell_1761646411055_912349010008_64631_0000.png,thumbs/cluster_9/006_cell_1761646411055_912349010008_64631_0000.jpg
9,/home/wangqianqian/project/FS/data/28gusui&pizang/03/46/cell_1761648405810_912349010008_38732_0000.png,thumbs/cluster_9/007_cell_1761648405810_912349010008_38732_0000.jpg
9,/home/wangqianqian/project/FS/data/28gusui&pizang/03/21/cell_1761646902630_912349010008_106211_0100.png,thumbs/cluster_9/008_cell_1761646902630_912349010008_106211_0100.jpg
9,/home/wangqianqian/project/FS/data/28gusui&pizang/03/06/cell_1761645964332_912349010008_28739_0100.png,thumbs/cluster_9/009_cell_1761645964332_912349010008_28739_0100.jpg
9,/home/wangqianqian/project/FS/data/28gusui&pizang/03/17/cell_1761646672087_912349010008_87039_0000.png,thumbs/cluster_9/010_cell_1761646672087_912349010008_87039_0000.jpg
9,/home/wangqianqian/project/FS/data/28gusui&pizang/03/10/cell_1761646226024_912349010008_49473_0000.png,thumbs/cluster_9/011_cell_1761646226024_912349010008_49473_0000.jpg
9,/home/wangqianqian/project/FS/data/28gusui&pizang/03/54/cell_1761648857039_912349010008_82132_0100.png,thumbs/cluster_9/012_cell_1761648857039_912349010008_82132_0100.jpg
9,/home/wangqianqian/project/FS/data/28gusui&pizang/03/06/cell_1761645991856_912349010008_31038_0100.png,thumbs/cluster_9/013_cell_1761645991856_912349010008_31038_0100.jpg
9,/home/wangqianqian/project/FS/data/28gusui&pizang/03/07/cell_1761646044696_912349010008_35592_0100.png,thumbs/cluster_9/014_cell_1761646044696_912349010008_35592_0100.jpg
9,/home/wangqianqian/project/FS/data/28gusui&pizang/03/19/cell_1761646755020_912349010008_93861_0000.png,thumbs/cluster_9/015_cell_1761646755020_912349010008_93861_0000.jpg
9,/home/wangqianqian/project/FS/data/28gusui&pizang/03/49/cell_1761648584330_912349010008_54725_0000.png,thumbs/cluster_9/016_cell_1761648584330_912349010008_54725_0000.jpg
9,/home/wangqianqian/project/FS/data/28gusui&pizang/03/52/cell_1761648758376_912349010008_72313_0000.png,thumbs/cluster_9/017_cell_1761648758376_912349010008_72313_0000.jpg
9,/home/wangqianqian/project/FS/data/28gusui&pizang/03/04/cell_1761645882533_912349010008_22507_0000.png,thumbs/cluster_9/018_cell_1761645882533_912349010008_22507_0000.jpg
9,/home/wangqianqian/project/FS/data/28gusui&pizang/03/56/cell_1761648994311_912349010008_94433_0000.png,thumbs/cluster_9/019_cell_1761648994311_912349010008_94433_0000.jpg
9,/home/wangqianqian/project/FS/data/28gusui&pizang/03/57/cell_1761649079788_912349010008_102937_0100.png,thumbs/cluster_9/020_cell_1761649079788_912349010008_102937_0100.jpg
9,/home/wangqianqian/project/FS/data/28gusui&pizang/03/57/cell_1761649039778_912349010008_98732_0000.png,thumbs/cluster_9/021_cell_1761649039778_912349010008_98732_0000.jpg
9,/home/wangqianqian/project/FS/data/28gusui&pizang/03/51/cell_1761648716222_912349010008_68154_0100.png,thumbs/cluster_9/022_cell_1761648716222_912349010008_68154_0100.jpg
9,/home/wangqianqian/project/FS/data/28gusui&pizang/03/11/cell_1761646315390_912349010008_57000_0000.png,thumbs/cluster_9/023_cell_1761646315390_912349010008_57000_0000.jpg
9,/home/wangqianqian/project/FS/data/28gusui&pizang/03/03/cell_1761645821141_912349010008_17287_0000.png,thumbs/cluster_9/024_cell_1761645821141_912349010008_17287_0000.jpg
9,/home/wangqianqian/project/FS/data/28gusui&pizang/03/11/cell_1761646268782_912349010008_52896_0000.png,thumbs/cluster_9/025_cell_1761646268782_912349010008_52896_0000.jpg
9,/home/wangqianqian/project/FS/data/28gusui&pizang/03/52/cell_1761648738476_912349010008_70318_0100.png,thumbs/cluster_9/026_cell_1761648738476_912349010008_70318_0100.jpg
9,/home/wangqianqian/project/FS/data/28gusui&pizang/03/53/cell_1761648803891_912349010008_76936_0000.png,thumbs/cluster_9/027_cell_1761648803891_912349010008_76936_0000.jpg
9,/home/wangqianqian/project/FS/data/28gusui&pizang/03/46/cell_1761648419362_912349010008_40036_0100.png,thumbs/cluster_9/028_cell_1761648419362_912349010008_40036_0100.jpg
9,/home/wangqianqian/project/FS/data/28gusui&pizang/03/49/cell_1761648583022_912349010008_54622_0000.png,thumbs/cluster_9/029_cell_1761648583022_912349010008_54622_0000.jpg
9,/home/wangqianqian/project/FS/data/28gusui&pizang/03/48/cell_1761648538168_912349010008_50431_0100.png,thumbs/cluster_9/030_cell_1761648538168_912349010008_50431_0100.jpg
9,/home/wangqianqian/project/FS/data/28gusui&pizang/03/57/cell_1761649052741_912349010008_100138_0000.png,thumbs/cluster_9/031_cell_1761649052741_912349010008_100138_0000.jpg
9,/home/wangqianqian/project/FS/data/28gusui&pizang/03/41/cell_1761648100934_912349010008_13876_0100.png,thumbs/cluster_9/032_cell_1761648100934_912349010008_13876_0100.jpg
9,/home/wangqianqian/project/FS/data/28gusui&pizang/03/51/cell_1761648713543_912349010008_67914_0000.png,thumbs/cluster_9/033_cell_1761648713543_912349010008_67914_0000.jpg
9,/home/wangqianqian/project/FS/data/28gusui&pizang/03/13/cell_1761646398390_912349010008_63660_0000.png,thumbs/cluster_9/034_cell_1761646398390_912349010008_63660_0000.jpg
9,/home/wangqianqian/project/FS/data/28gusui&pizang/03/50/cell_1761648610106_912349010008_57314_0100.png,thumbs/cluster_9/035_cell_1761648610106_912349010008_57314_0100.jpg
9,/home/wangqianqian/project/FS/data/28gusui&pizang/03/50/cell_1761648645035_912349010008_60826_0000.png,thumbs/cluster_9/036_cell_1761648645035_912349010008_60826_0000.jpg
9,/home/wangqianqian/project/FS/data/28gusui&pizang/03/52/cell_1761648770628_912349010008_73446_0100.png,thumbs/cluster_9/037_cell_1761648770628_912349010008_73446_0100.jpg
9,/home/wangqianqian/project/FS/data/28gusui&pizang/03/16/cell_1761646616903_912349010008_82195_0100.png,thumbs/cluster_9/038_cell_1761646616903_912349010008_82195_0100.jpg
9,/home/wangqianqian/project/FS/data/28gusui&pizang/03/09/cell_1761646196609_912349010008_47042_0100.png,thumbs/cluster_9/039_cell_1761646196609_912349010008_47042_0100.jpg
9,/home/wangqianqian/project/FS/data/28gusui&pizang/03/59/cell_1761649170630_912349010008_112580_0100.png,thumbs/cluster_9/040_cell_1761649170630_912349010008_112580_0100.jpg
9,/home/wangqianqian/project/FS/data/28gusui&pizang/03/02/cell_1761645722498_912349010008_9952_0000.png,thumbs/cluster_9/041_cell_1761645722498_912349010008_9952_0000.jpg
9,/home/wangqianqian/project/FS/data/28gusui&pizang/03/09/cell_1761646190305_912349010008_46574_0000.png,thumbs/cluster_9/042_cell_1761646190305_912349010008_46574_0000.jpg
9,/home/wangqianqian/project/FS/data/28gusui&pizang/03/11/cell_1761646308286_912349010008_56415_0000.png,thumbs/cluster_9/043_cell_1761646308286_912349010008_56415_0000.jpg
9,/home/wangqianqian/project/FS/data/28gusui&pizang/03/58/cell_1761649113745_912349010008_106605_0100.png,thumbs/cluster_9/044_cell_1761649113745_912349010008_106605_0100.jpg
9,/home/wangqianqian/project/FS/data/28gusui&pizang/03/45/cell_1761648342835_912349010008_33169_0100.png,thumbs/cluster_9/045_cell_1761648342835_912349010008_33169_0100.jpg
9,/home/wangqianqian/project/FS/data/28gusui&pizang/03/07/cell_1761646038356_912349010008_35057_0000.png,thumbs/cluster_9/046_cell_1761646038356_912349010008_35057_0000.jpg
9,/home/wangqianqian/project/FS/data/28gusui&pizang/03/49/cell_1761648577660_912349010008_54133_0100.png,thumbs/cluster_9/047_cell_1761648577660_912349010008_54133_0100.jpg
9,/home/wangqianqian/project/FS/data/28gusui&pizang/03/44/cell_1761648283705_912349010008_28101_0000.png,thumbs/cluster_9/048_cell_1761648283705_912349010008_28101_0000.jpg
9,/home/wangqianqian/project/FS/data/28gusui&pizang/03/45/cell_1761648340262_912349010008_32910_0100.png,thumbs/cluster_9/049_cell_1761648340262_912349010008_32910_0100.jpg
9,/home/wangqianqian/project/FS/data/28gusui&pizang/03/10/cell_1761646238262_912349010008_50468_0000.png,thumbs/cluster_9/050_cell_1761646238262_912349010008_50468_0000.jpg
9,/home/wangqianqian/project/FS/data/28gusui&pizang/03/07/cell_1761646032274_912349010008_34556_0000.png,thumbs/cluster_9/051_cell_1761646032274_912349010008_34556_0000.jpg
9,/home/wangqianqian/project/FS/data/28gusui&pizang/03/53/cell_1761648812886_912349010008_77857_0100.png,thumbs/cluster_9/052_cell_1761648812886_912349010008_77857_0100.jpg
9,/home/wangqianqian/project/FS/data/28gusui&pizang/03/18/cell_1761646707168_912349010008_89982_0000.png,thumbs/cluster_9/053_cell_1761646707168_912349010008_89982_0000.jpg
9,/home/wangqianqian/project/FS/data/28gusui&pizang/03/03/cell_1761645832763_912349010008_18208_0000.png,thumbs/cluster_9/054_cell_1761645832763_912349010008_18208_0000.jpg
9,/home/wangqianqian/project/FS/data/28gusui&pizang/03/12/cell_1761646331963_912349010008_58371_0100.png,thumbs/cluster_9/055_cell_1761646331963_912349010008_58371_0100.jpg
9,/home/wangqianqian/project/FS/data/28gusui&pizang/03/18/cell_1761646705532_912349010008_89858_0000.png,thumbs/cluster_9/056_cell_1761646705532_912349010008_89858_0000.jpg
9,/home/wangqianqian/project/FS/data/28gusui&pizang/03/08/cell_1761646122167_912349010008_41568_0000.png,thumbs/cluster_9/057_cell_1761646122167_912349010008_41568_0000.jpg
9,/home/wangqianqian/project/FS/data/28gusui&pizang/03/51/cell_1761648708544_912349010008_67361_0100.png,thumbs/cluster_9/058_cell_1761648708544_912349010008_67361_0100.jpg
9,/home/wangqianqian/project/FS/data/28gusui&pizang/03/51/cell_1761648687448_912349010008_65124_0000.png,thumbs/cluster_9/059_cell_1761648687448_912349010008_65124_0000.jpg
9,/home/wangqianqian/project/FS/data/28gusui&pizang/03/59/cell_1761649148858_912349010008_110211_0000.png,thumbs/cluster_9/060_cell_1761649148858_912349010008_110211_0000.jpg
9,/home/wangqianqian/project/FS/data/28gusui&pizang/03/57/cell_1761649067895_912349010008_101729_0000.png,thumbs/cluster_9/061_cell_1761649067895_912349010008_101729_0000.jpg
9,/home/wangqianqian/project/FS/data/28gusui&pizang/03/16/cell_1761646591020_912349010008_80035_0100.png,thumbs/cluster_9/062_cell_1761646591020_912349010008_80035_0100.jpg
9,/home/wangqianqian/project/FS/data/28gusui&pizang/03/04/cell_1761645870155_912349010008_21444_0100.png,thumbs/cluster_9/063_cell_1761645870155_912349010008_21444_0100.jpg
9,/home/wangqianqian/project/FS/data/28gusui&pizang/03/14/cell_1761646451173_912349010008_68286_0000.png,thumbs/cluster_9/064_cell_1761646451173_912349010008_68286_0000.jpg
9,/home/wangqianqian/project/FS/data/28gusui&pizang/03/09/cell_1761646195916_912349010008_46978_0000.png,thumbs/cluster_9/065_cell_1761646195916_912349010008_46978_0000.jpg
9,/home/wangqianqian/project/FS/data/28gusui&pizang/03/10/cell_1761646202604_912349010008_47519_0100.png,thumbs/cluster_9/066_cell_1761646202604_912349010008_47519_0100.jpg
9,/home/wangqianqian/project/FS/data/28gusui&pizang/03/51/cell_1761648685006_912349010008_64864_0100.png,thumbs/cluster_9/067_cell_1761648685006_912349010008_64864_0100.jpg
9,/home/wangqianqian/project/FS/data/28gusui&pizang/03/14/cell_1761646473206_912349010008_70249_0100.png,thumbs/cluster_9/068_cell_1761646473206_912349010008_70249_0100.jpg
9,/home/wangqianqian/project/FS/data/28gusui&pizang/03/43/cell_1761648224665_912349010008_22800_0100.png,thumbs/cluster_9/069_cell_1761648224665_912349010008_22800_0100.jpg
9,/home/wangqianqian/project/FS/data/28gusui&pizang/03/12/cell_1761646338288_912349010008_58864_0000.png,thumbs/cluster_9/070_cell_1761646338288_912349010008_58864_0000.jpg
9,/home/wangqianqian/project/FS/data/28gusui&pizang/03/53/cell_1761648838107_912349010008_80242_0000.png,thumbs/cluster_9/071_cell_1761648838107_912349010008_80242_0000.jpg
9,/home/wangqianqian/project/FS/data/28gusui&pizang/03/16/cell_1761646587515_912349010008_79741_0100.png,thumbs/cluster_9/072_cell_1761646587515_912349010008_79741_0100.jpg
9,/home/wangqianqian/project/FS/data/28gusui&pizang/03/07/cell_1761646029107_912349010008_34258_0100.png,thumbs/cluster_9/073_cell_1761646029107_912349010008_34258_0100.jpg
9,/home/wangqianqian/project/FS/data/28gusui&pizang/03/13/cell_1761646418925_912349010008_65294_0000.png,thumbs/cluster_9/074_cell_1761646418925_912349010008_65294_0000.jpg
9,/home/wangqianqian/project/FS/data/28gusui&pizang/03/20/cell_1761646806567_912349010008_98174_0100.png,thumbs/cluster_9/075_cell_1761646806567_912349010008_98174_0100.jpg
9,/home/wangqianqian/project/FS/data/28gusui&pizang/03/08/cell_1761646105764_912349010008_40377_0000.png,thumbs/cluster_9/076_cell_1761646105764_912349010008_40377_0000.jpg
9,/home/wangqianqian/project/FS/data/28gusui&pizang/03/17/cell_1761646631113_912349010008_83406_0100.png,thumbs/cluster_9/077_cell_1761646631113_912349010008_83406_0100.jpg
9,/home/wangqianqian/project/FS/data/28gusui&pizang/03/45/cell_1761648329018_912349010008_31908_0100.png,thumbs/cluster_9/078_cell_1761648329018_912349010008_31908_0100.jpg
9,/home/wangqianqian/project/FS/data/28gusui&pizang/03/03/cell_1761645802676_912349010008_15871_0000.png,thumbs/cluster_9/079_cell_1761645802676_912349010008_15871_0000.jpg
9,/home/wangqianqian/project/FS/data/28gusui&pizang/03/19/cell_1761646763444_912349010008_94516_0000.png,thumbs/cluster_9/080_cell_1761646763444_912349010008_94516_0000.jpg
9,/home/wangqianqian/project/FS/data/28gusui&pizang/03/58/cell_1761649089803_912349010008_104035_0000.png,thumbs/cluster_9/081_cell_1761649089803_912349010008_104035_0000.jpg
9,/home/wangqianqian/project/FS/data/28gusui&pizang/03/20/cell_1761646806609_912349010008_98179_0100.png,thumbs/cluster_9/082_cell_1761646806609_912349010008_98179_0100.jpg
9,/home/wangqianqian/project/FS/data/28gusui&pizang/03/09/cell_1761646141315_912349010008_42908_0100.png,thumbs/cluster_9/083_cell_1761646141315_912349010008_42908_0100.jpg
9,/home/wangqianqian/project/FS/data/28gusui&pizang/03/56/cell_1761648979954_912349010008_93122_0100.png,thumbs/cluster_9/084_cell_1761648979954_912349010008_93122_0100.jpg
9,/home/wangqianqian/project/FS/data/28gusui&pizang/03/51/cell_1761648677980_912349010008_64122_0100.png,thumbs/cluster_9/085_cell_1761648677980_912349010008_64122_0100.jpg
9,/home/wangqianqian/project/FS/data/28gusui&pizang/03/11/cell_1761646319150_912349010008_57333_0100.png,thumbs/cluster_9/086_cell_1761646319150_912349010008_57333_0100.jpg
9,/home/wangqianqian/project/FS/data/28gusui&pizang/03/52/cell_1761648775095_912349010008_73831_0000.png,thumbs/cluster_9/087_cell_1761648775095_912349010008_73831_0000.jpg
9,/home/wangqianqian/project/FS/data/28gusui&pizang/03/53/cell_1761648803340_912349010008_76860_0100.png,thumbs/cluster_9/088_cell_1761648803340_912349010008_76860_0100.jpg
9,/home/wangqianqian/project/FS/data/28gusui&pizang/03/44/cell_1761648262135_912349010008_26050_0100.png,thumbs/cluster_9/089_cell_1761648262135_912349010008_26050_0100.jpg
9,/home/wangqianqian/project/FS/data/28gusui&pizang/03/51/cell_1761648710199_912349010008_67548_0000.png,thumbs/cluster_9/090_cell_1761648710199_912349010008_67548_0000.jpg
9,/home/wangqianqian/project/FS/data/28gusui&pizang/03/15/cell_1761646508931_912349010008_73546_0000.png,thumbs/cluster_9/091_cell_1761646508931_912349010008_73546_0000.jpg
9,/home/wangqianqian/project/FS/data/28gusui&pizang/03/20/cell_1761646831126_912349010008_100277_0100.png,thumbs/cluster_9/092_cell_1761646831126_912349010008_100277_0100.jpg
9,/home/wangqianqian/project/FS/data/28gusui&pizang/03/56/cell_1761649006442_912349010008_95581_0000.png,thumbs/cluster_9/093_cell_1761649006442_912349010008_95581_0000.jpg
9,/home/wangqianqian/project/FS/data/28gusui&pizang/03/46/cell_1761648392343_912349010008_37537_0100.png,thumbs/cluster_9/094_cell_1761648392343_912349010008_37537_0100.jpg
9,/home/wangqianqian/project/FS/data/28gusui&pizang/03/07/cell_1761646075890_912349010008_38076_0100.png,thumbs/cluster_9/095_cell_1761646075890_912349010008_38076_0100.jpg
9,/home/wangqianqian/project/FS/data/28gusui&pizang/03/56/cell_1761648997266_912349010008_94747_0100.png,thumbs/cluster_9/096_cell_1761648997266_912349010008_94747_0100.jpg
9,/home/wangqianqian/project/FS/data/28gusui&pizang/03/02/cell_1761645747009_912349010008_11687_0000.png,thumbs/cluster_9/097_cell_1761645747009_912349010008_11687_0000.jpg
9,/home/wangqianqian/project/FS/data/28gusui&pizang/03/20/cell_1761646842251_912349010008_101154_0000.png,thumbs/cluster_9/098_cell_1761646842251_912349010008_101154_0000.jpg
9,/home/wangqianqian/project/FS/data/28gusui&pizang/03/16/cell_1761646575132_912349010008_78842_0000.png,thumbs/cluster_9/099_cell_1761646575132_912349010008_78842_0000.jpg
10,/home/wangqianqian/project/FS/data/28gusui&pizang/03/21/cell_1761646910954_912349010008_106890_0000.png,thumbs/cluster_10/000_cell_1761646910954_912349010008_106890_0000.jpg
10,/home/wangqianqian/project/FS/data/28gusui&pizang/03/04/cell_1761645869123_912349010008_21352_0100.png,thumbs/cluster_10/001_cell_1761645869123_912349010008_21352_0100.jpg
10,/home/wangqianqian/project/FS/data/28gusui&pizang/03/14/cell_1761646490581_912349010008_71898_0000.png,thumbs/cluster_10/002_cell_1761646490581_912349010008_71898_0000.jpg
10,/home/wangqianqian/project/FS/data/28gusui&pizang/03/53/cell_1761648807701_912349010008_77330_0000.png,thumbs/cluster_10/003_cell_1761648807701_912349010008_77330_0000.jpg
10,/home/wangqianqian/project/FS/data/28gusui&pizang/03/50/cell_1761648653756_912349010008_61754_0000.png,thumbs/cluster_10/004_cell_1761648653756_912349010008_61754_0000.jpg
10,/home/wangqianqian/project/FS/data/28gusui&pizang/03/47/cell_1761648461205_912349010008_43913_0100.png,thumbs/cluster_10/005_cell_1761648461205_912349010008_43913_0100.jpg
10,/home/wangqianqian/project/FS/data/28gusui&pizang/03/55/cell_1761648929826_912349010008_88796_0000.png,thumbs/cluster_10/006_cell_1761648929826_912349010008_88796_0000.jpg
10,/home/wangqianqian/project/FS/data/28gusui&pizang/03/41/cell_1761648063353_912349010008_11497_0100.png,thumbs/cluster_10/007_cell_1761648063353_912349010008_11497_0100.jpg
10,/home/wangqianqian/project/FS/data/28gusui&pizang/03/57/cell_1761649028663_912349010008_97682_0100.png,thumbs/cluster_10/008_cell_1761649028663_912349010008_97682_0100.jpg
10,/home/wangqianqian/project/FS/data/28gusui&pizang/03/05/cell_1761645926350_912349010008_25757_0100.png,thumbs/cluster_10/009_cell_1761645926350_912349010008_25757_0100.jpg
10,/home/wangqianqian/project/FS/data/28gusui&pizang/03/48/cell_1761648491891_912349010008_46543_0000.png,thumbs/cluster_10/010_cell_1761648491891_912349010008_46543_0000.jpg
10,/home/wangqianqian/project/FS/data/28gusui&pizang/03/39/cell_1761647989570_912349010008_7756_0000.png,thumbs/cluster_10/011_cell_1761647989570_912349010008_7756_0000.jpg
10,/home/wangqianqian/project/FS/data/28gusui&pizang/03/56/cell_1761648999556_912349010008_94965_0100.png,thumbs/cluster_10/012_cell_1761648999556_912349010008_94965_0100.jpg
10,/home/wangqianqian/project/FS/data/28gusui&pizang/03/08/cell_1761646091178_912349010008_39271_0100.png,thumbs/cluster_10/013_cell_1761646091178_912349010008_39271_0100.jpg
10,/home/wangqianqian/project/FS/data/28gusui&pizang/03/41/cell_1761648073962_912349010008_12091_0000.png,thumbs/cluster_10/014_cell_1761648073962_912349010008_12091_0000.jpg
10,/home/wangqianqian/project/FS/data/28gusui&pizang/03/11/cell_1761646288497_912349010008_54653_0000.png,thumbs/cluster_10/015_cell_1761646288497_912349010008_54653_0000.jpg
10,/home/wangqianqian/project/FS/data/28gusui&pizang/03/40/cell_1761648045959_912349010008_10525_0100.png,thumbs/cluster_10/016_cell_1761648045959_912349010008_10525_0100.jpg
10,/home/wangqianqian/project/FS/data/28gusui&pizang/03/07/cell_1761646053480_912349010008_36433_0100.png,thumbs/cluster_10/017_cell_1761646053480_912349010008_36433_0100.jpg
10,/home/wangqianqian/project/FS/data/28gusui&pizang/03/46/cell_1761648419278_912349010008_40031_0100.png,thumbs/cluster_10/018_cell_1761648419278_912349010008_40031_0100.jpg
10,/home/wangqianqian/project/FS/data/28gusui&pizang/03/49/cell_1761648592291_912349010008_55538_0000.png,thumbs/cluster_10/019_cell_1761648592291_912349010008_55538_0000.jpg
10,/home/wangqianqian/project/FS/data/28gusui&pizang/03/55/cell_1761648903892_912349010008_86629_0100.png,thumbs/cluster_10/020_cell_1761648903892_912349010008_86629_0100.jpg
10,/home/wangqianqian/project/FS/data/28gusui&pizang/03/54/cell_1761648885843_912349010008_85049_0000.png,thumbs/cluster_10/021_cell_1761648885843_912349010008_85049_0000.jpg
10,/home/wangqianqian/project/FS/data/28gusui&pizang/03/12/cell_1761646374002_912349010008_61835_0000.png,thumbs/cluster_10/022_cell_1761646374002_912349010008_61835_0000.jpg
10,/home/wangqianqian/project/FS/data/28gusui&pizang/03/07/cell_1761646029919_912349010008_34336_0100.png,thumbs/cluster_10/023_cell_1761646029919_912349010008_34336_0100.jpg
10,/home/wangqianqian/project/FS/data/28gusui&pizang/03/49/cell_1761648587695_912349010008_55068_0100.png,thumbs/cluster_10/024_cell_1761648587695_912349010008_55068_0100.jpg
10,/home/wangqianqian/project/FS/data/28gusui&pizang/03/07/cell_1761646078724_912349010008_38283_0000.png,thumbs/cluster_10/025_cell_1761646078724_912349010008_38283_0000.jpg
10,/home/wangqianqian/project/FS/data/28gusui&pizang/03/18/cell_1761646698732_912349010008_89340_0000.png,thumbs/cluster_10/026_cell_1761646698732_912349010008_89340_0000.jpg
10,/home/wangqianqian/project/FS/data/28gusui&pizang/03/45/cell_1761648311367_912349010008_30440_0100.png,thumbs/cluster_10/027_cell_1761648311367_912349010008_30440_0100.jpg
10,/home/wangqianqian/project/FS/data/28gusui&pizang/03/08/cell_1761646107750_912349010008_40503_0000.png,thumbs/cluster_10/028_cell_1761646107750_912349010008_40503_0000.jpg
10,/home/wangqianqian/project/FS/data/28gusui&pizang/03/47/cell_1761648433857_912349010008_41418_0100.png,thumbs/cluster_10/029_cell_1761648433857_912349010008_41418_0100.jpg
10,/home/wangqianqian/project/FS/data/28gusui&pizang/03/45/cell_1761648326785_912349010008_31673_0000.png,thumbs/cluster_10/030_cell_1761648326785_912349010008_31673_0000.jpg
10,/home/wangqianqian/project/FS/data/28gusui&pizang/03/43/cell_1761648197463_912349010008_20618_0100.png,thumbs/cluster_10/031_cell_1761648197463_912349010008_20618_0100.jpg
10,/home/wangqianqian/project/FS/data/28gusui&pizang/03/47/cell_1761648460020_912349010008_43814_0000.png,thumbs/cluster_10/032_cell_1761648460020_912349010008_43814_0000.jpg
10,/home/wangqianqian/project/FS/data/28gusui&pizang/03/10/cell_1761646255784_912349010008_51879_0000.png,thumbs/cluster_10/033_cell_1761646255784_912349010008_51879_0000.jpg
10,/home/wangqianqian/project/FS/data/28gusui&pizang/03/54/cell_1761648845773_912349010008_81013_0000.png,thumbs/cluster_10/034_cell_1761648845773_912349010008_81013_0000.jpg
10,/home/wangqianqian/project/FS/data/28gusui&pizang/03/16/cell_1761646617972_912349010008_82287_0000.png,thumbs/cluster_10/035_cell_1761646617972_912349010008_82287_0000.jpg
10,/home/wangqianqian/project/FS/data/28gusui&pizang/03/49/cell_1761648584379_912349010008_54732_0000.png,thumbs/cluster_10/036_cell_1761648584379_912349010008_54732_0000.jpg
10,/home/wangqianqian/project/FS/data/28gusui&pizang/03/51/cell_1761648686311_912349010008_64999_0100.png,thumbs/cluster_10/037_cell_1761648686311_912349010008_64999_0100.jpg
10,/home/wangqianqian/project/FS/data/28gusui&pizang/03/21/cell_1761646919208_912349010008_107582_0000.png,thumbs/cluster_10/038_cell_1761646919208_912349010008_107582_0000.jpg
10,/home/wangqianqian/project/FS/data/28gusui&pizang/03/44/cell_1761648282730_912349010008_28009_0000.png,thumbs/cluster_10/039_cell_1761648282730_912349010008_28009_0000.jpg
10,/home/wangqianqian/project/FS/data/28gusui&pizang/03/45/cell_1761648343556_912349010008_33242_0000.png,thumbs/cluster_10/040_cell_1761648343556_912349010008_33242_0000.jpg
10,/home/wangqianqian/project/FS/data/28gusui&pizang/03/04/cell_1761645856920_912349010008_20263_0000.png,thumbs/cluster_10/041_cell_1761645856920_912349010008_20263_0000.jpg
10,/home/wangqianqian/project/FS/data/28gusui&pizang/03/44/cell_1761648251959_912349010008_25181_0100.png,thumbs/cluster_10/042_cell_1761648251959_912349010008_25181_0100.jpg
10,/home/wangqianqian/project/FS/data/28gusui&pizang/03/05/cell_1761645946180_912349010008_27320_0000.png,thumbs/cluster_10/043_cell_1761645946180_912349010008_27320_0000.jpg
10,/home/wangqianqian/project/FS/data/28gusui&pizang/03/41/cell_1761648067876_912349010008_11779_0100.png,thumbs/cluster_10/044_cell_1761648067876_912349010008_11779_0100.jpg
10,/home/wangqianqian/project/FS/data/28gusui&pizang/03/43/cell_1761648212356_912349010008_21904_0100.png,thumbs/cluster_10/045_cell_1761648212356_912349010008_21904_0100.jpg
10,/home/wangqianqian/project/FS/data/28gusui&pizang/03/55/cell_1761648952594_912349010008_90704_0100.png,thumbs/cluster_10/046_cell_1761648952594_912349010008_90704_0100.jpg
10,/home/wangqianqian/project/FS/data/28gusui&pizang/03/51/cell_1761648661374_912349010008_62538_0100.png,thumbs/cluster_10/047_cell_1761648661374_912349010008_62538_0100.jpg
10,/home/wangqianqian/project/FS/data/28gusui&pizang/03/43/cell_1761648210155_912349010008_21691_0100.png,thumbs/cluster_10/048_cell_1761648210155_912349010008_21691_0100.jpg
10,/home/wangqianqian/project/FS/data/28gusui&pizang/03/36/cell_1761647795801_912349010008_709_0100.png,thumbs/cluster_10/049_cell_1761647795801_912349010008_709_0100.jpg
10,/home/wangqianqian/project/FS/data/28gusui&pizang/03/20/cell_1761646854055_912349010008_102178_0000.png,thumbs/cluster_10/050_cell_1761646854055_912349010008_102178_0000.jpg
10,/home/wangqianqian/project/FS/data/28gusui&pizang/03/56/cell_1761648969099_912349010008_92140_0100.png,thumbs/cluster_10/051_cell_1761648969099_912349010008_92140_0100.jpg
10,/home/wangqianqian/project/FS/data/28gusui&pizang/03/20/cell_1761646801482_912349010008_97711_0100.png,thumbs/cluster_10/052_cell_1761646801482_912349010008_97711_0100.jpg
10,/home/wangqianqian/project/FS/data/28gusui&pizang/03/53/cell_1761648809227_912349010008_77510_0100.png,thumbs/cluster_10/053_cell_1761648809227_912349010008_77510_0100.jpg
10,/home/wangqianqian/project/FS/data/28gusui&pizang/03/09/cell_1761646179380_912349010008_45718_0000.png,thumbs/cluster_10/054_cell_1761646179380_912349010008_45718_0000.jpg
10,/home/wangqianqian/project/FS/data/28gusui&pizang/03/21/cell_1761646905143_912349010008_106387_0000.png,thumbs/cluster_10/055_cell_1761646905143_912349010008_106387_0000.jpg
10,/home/wangqianqian/project/FS/data/28gusui&pizang/03/51/cell_1761648691442_912349010008_65514_0100.png,thumbs/cluster_10/056_cell_1761648691442_912349010008_65514_0100.jpg
10,/home/wangqianqian/project/FS/data/28gusui&pizang/03/52/cell_1761648745163_912349010008_71033_0000.png,thumbs/cluster_10/057_cell_1761648745163_912349010008_71033_0000.jpg
10,/home/wangqianqian/project/FS/data/28gusui&pizang/03/13/cell_1761646422212_912349010008_65589_0100.png,thumbs/cluster_10/058_cell_1761646422212_912349010008_65589_0100.jpg
10,/home/wangqianqian/project/FS/data/28gusui&pizang/03/11/cell_1761646274817_912349010008_53411_0000.png,thumbs/cluster_10/059_cell_1761646274817_912349010008_53411_0000.jpg
10,/home/wangqianqian/project/FS/data/28gusui&pizang/03/58/cell_1761649133303_912349010008_108609_0000.png,thumbs/cluster_10/060_cell_1761649133303_912349010008_108609_0000.jpg
10,/home/wangqianqian/project/FS/data/28gusui&pizang/03/55/cell_1761648906613_912349010008_86835_0100.png,thumbs/cluster_10/061_cell_1761648906613_912349010008_86835_0100.jpg
10,/home/wangqianqian/project/FS/data/28gusui&pizang/03/05/cell_1761645921581_912349010008_25346_0000.png,thumbs/cluster_10/062_cell_1761645921581_912349010008_25346_0000.jpg
10,/home/wangqianqian/project/FS/data/28gusui&pizang/03/12/cell_1761646340677_912349010008_59057_0100.png,thumbs/cluster_10/063_cell_1761646340677_912349010008_59057_0100.jpg
10,/home/wangqianqian/project/FS/data/28gusui&pizang/03/18/cell_1761646687506_912349010008_88461_0000.png,thumbs/cluster_10/064_cell_1761646687506_912349010008_88461_0000.jpg
10,/home/wangqianqian/project/FS/data/28gusui&pizang/03/54/cell_1761648860802_912349010008_82577_0000.png,thumbs/cluster_10/065_cell_1761648860802_912349010008_82577_0000.jpg
10,/home/wangqianqian/project/FS/data/28gusui&pizang/03/54/cell_1761648886963_912349010008_85145_0000.png,thumbs/cluster_10/066_cell_1761648886963_912349010008_85145_0000.jpg
10,/home/wangqianqian/project/FS/data/28gusui&pizang/03/13/cell_1761646382073_912349010008_62464_0000.png,thumbs/cluster_10/067_cell_1761646382073_912349010008_62464_0000.jpg
10,/home/wangqianqian/project/FS/data/28gusui&pizang/03/02/cell_1761645776211_912349010008_13817_0100.png,thumbs/cluster_10/068_cell_1761645776211_912349010008_13817_0100.jpg
10,/home/wangqianqian/project/FS/data/28gusui&pizang/03/07/cell_1761646030764_912349010008_34411_0000.png,thumbs/cluster_10/069_cell_1761646030764_912349010008_34411_0000.jpg
10,/home/wangqianqian/project/FS/data/28gusui&pizang/03/56/cell_1761649001441_912349010008_95135_0000.png,thumbs/cluster_10/070_cell_1761649001441_912349010008_95135_0000.jpg
10,/home/wangqianqian/project/FS/data/28gusui&pizang/03/19/cell_1761646793084_912349010008_96931_0000.png,thumbs/cluster_10/071_cell_1761646793084_912349010008_96931_0000.jpg
10,/home/wangqianqian/project/FS/data/28gusui&pizang/03/05/cell_1761645928812_912349010008_25923_0000.png,thumbs/cluster_10/072_cell_1761645928812_912349010008_25923_0000.jpg
10,/home/wangqianqian/project/FS/data/28gusui&pizang/03/19/cell_1761646775050_912349010008_95492_0100.png,thumbs/cluster_10/073_cell_1761646775050_912349010008_95492_0100.jpg
10,/home/wangqianqian/project/FS/data/28gusui&pizang/03/54/cell_1761648852546_912349010008_81734_0000.png,thumbs/cluster_10/074_cell_1761648852546_912349010008_81734_0000.jpg
10,/home/wangqianqian/project/FS/data/28gusui&pizang/03/49/cell_1761648560580_912349010008_52453_0100.png,thumbs/cluster_10/075_cell_1761648560580_912349010008_52453_0100.jpg
10,/home/wangqianqian/project/FS/data/28gusui&pizang/03/17/cell_1761646671347_912349010008_86966_0100.png,thumbs/cluster_10/076_cell_1761646671347_912349010008_86966_0100.jpg
10,/home/wangqianqian/project/FS/data/28gusui&pizang/03/15/cell_1761646526356_912349010008_75010_0000.png,thumbs/cluster_10/077_cell_1761646526356_912349010008_75010_0000.jpg
10,/home/wangqianqian/project/FS/data/28gusui&pizang/03/13/cell_1761646439348_912349010008_67179_0000.png,thumbs/cluster_10/078_cell_1761646439348_912349010008_67179_0000.jpg
10,/home/wangqianqian/project/FS/data/28gusui&pizang/03/17/cell_1761646637364_912349010008_83978_0100.png,thumbs/cluster_10/079_cell_1761646637364_912349010008_83978_0100.jpg
10,/home/wangqianqian/project/FS/data/28gusui&pizang/03/13/cell_1761646416659_912349010008_65093_0000.png,thumbs/cluster_10/080_cell_1761646416659_912349010008_65093_0000.jpg
10,/home/wangqianqian/project/FS/data/28gusui&pizang/03/21/cell_1761646866070_912349010008_103283_0000.png,thumbs/cluster_10/081_cell_1761646866070_912349010008_103283_0000.jpg
10,/home/wangqianqian/project/FS/data/28gusui&pizang/03/20/cell_1761646847824_912349010008_101611_0100.png,thumbs/cluster_10/082_cell_1761646847824_912349010008_101611_0100.jpg
10,/home/wangqianqian/project/FS/data/28gusui&pizang/03/02/cell_1761645773858_912349010008_13635_0000.png,thumbs/cluster_10/083_cell_1761645773858_912349010008_13635_0000.jpg
10,/home/wangqianqian/project/FS/data/28gusui&pizang/03/53/cell_1761648802480_912349010008_76766_0000.png,thumbs/cluster_10/084_cell_1761648802480_912349010008_76766_0000.jpg
10,/home/wangqianqian/project/FS/data/28gusui&pizang/03/10/cell_1761646213201_912349010008_48382_0100.png,thumbs/cluster_10/085_cell_1761646213201_912349010008_48382_0100.jpg
10,/home/wangqianqian/project/FS/data/28gusui&pizang/03/46/cell_1761648371853_912349010008_35795_0000.png,thumbs/cluster_10/086_cell_1761648371853_912349010008_35795_0000.jpg
10,/home/wangqianqian/project/FS/data/28gusui&pizang/03/40/cell_1761648040670_912349010008_10276_0000.png,thumbs/cluster_10/087_cell_1761648040670_912349010008_10276_0000.jpg
10,/home/wangqianqian/project/FS/data/28gusui&pizang/03/40/cell_1761648036720_912349010008_10130_0000.png,thumbs/cluster_10/088_cell_1761648036720_912349010008_10130_0000.jpg
10,/home/wangqianqian/project/FS/data/28gusui&pizang/03/46/cell_1761648401700_912349010008_38363_0000.png,thumbs/cluster_10/089_cell_1761648401700_912349010008_38363_0000.jpg
10,/home/wangqianqian/project/FS/data/28gusui&pizang/03/13/cell_1761646380340_912349010008_62320_0000.png,thumbs/cluster_10/090_cell_1761646380340_912349010008_62320_0000.jpg
10,/home/wangqianqian/project/FS/data/28gusui&pizang/03/53/cell_1761648782328_912349010008_74533_0100.png,thumbs/cluster_10/091_cell_1761648782328_912349010008_74533_0100.jpg
10,/home/wangqianqian/project/FS/data/28gusui&pizang/03/03/cell_1761645825915_912349010008_17710_0000.png,thumbs/cluster_10/092_cell_1761645825915_912349010008_17710_0000.jpg
10,/home/wangqianqian/project/FS/data/28gusui&pizang/03/17/cell_1761646658218_912349010008_85782_0000.png,thumbs/cluster_10/093_cell_1761646658218_912349010008_85782_0000.jpg
10,/home/wangqianqian/project/FS/data/28gusui&pizang/03/54/cell_1761648844113_912349010008_80857_0000.png,thumbs/cluster_10/094_cell_1761648844113_912349010008_80857_0000.jpg
10,/home/wangqianqian/project/FS/data/28gusui&pizang/03/09/cell_1761646153118_912349010008_43789_0100.png,thumbs/cluster_10/095_cell_1761646153118_912349010008_43789_0100.jpg
10,/home/wangqianqian/project/FS/data/28gusui&pizang/03/46/cell_1761648373012_912349010008_35895_0000.png,thumbs/cluster_10/096_cell_1761648373012_912349010008_35895_0000.jpg
10,/home/wangqianqian/project/FS/data/28gusui&pizang/03/15/cell_1761646511213_912349010008_73737_0100.png,thumbs/cluster_10/097_cell_1761646511213_912349010008_73737_0100.jpg
10,/home/wangqianqian/project/FS/data/28gusui&pizang/03/01/cell_1761645712470_912349010008_9160_0000.png,thumbs/cluster_10/098_cell_1761645712470_912349010008_9160_0000.jpg
10,/home/wangqianqian/project/FS/data/28gusui&pizang/03/51/cell_1761648705501_912349010008_67035_0000.png,thumbs/cluster_10/099_cell_1761648705501_912349010008_67035_0000.jpg
11,/home/wangqianqian/project/FS/data/28gusui&pizang/03/49/cell_1761648563248_912349010008_52702_0100.png,thumbs/cluster_11/000_cell_1761648563248_912349010008_52702_0100.jpg
11,/home/wangqianqian/project/FS/data/28gusui&pizang/03/56/cell_1761648972846_912349010008_92492_0000.png,thumbs/cluster_11/001_cell_1761648972846_912349010008_92492_0000.jpg
11,/home/wangqianqian/project/FS/data/28gusui&pizang/03/16/cell_1761646596209_912349010008_80456_0000.png,thumbs/cluster_11/002_cell_1761646596209_912349010008_80456_0000.jpg
11,/home/wangqianqian/project/FS/data/28gusui&pizang/03/53/cell_1761648829139_912349010008_79402_0100.png,thumbs/cluster_11/003_cell_1761648829139_912349010008_79402_0100.jpg
11,/home/wangqianqian/project/FS/data/28gusui&pizang/03/03/cell_1761645791070_912349010008_14975_0000.png,thumbs/cluster_11/004_cell_1761645791070_912349010008_14975_0000.jpg
11,/home/wangqianqian/project/FS/data/28gusui&pizang/03/51/cell_1761648665931_912349010008_62975_0100.png,thumbs/cluster_11/005_cell_1761648665931_912349010008_62975_0100.jpg
11,/home/wangqianqian/project/FS/data/28gusui&pizang/03/53/cell_1761648823936_912349010008_78922_0100.png,thumbs/cluster_11/006_cell_1761648823936_912349010008_78922_0100.jpg
11,/home/wangqianqian/project/FS/data/28gusui&pizang/03/09/cell_1761646157694_912349010008_44142_0000.png,thumbs/cluster_11/007_cell_1761646157694_912349010008_44142_0000.jpg
11,/home/wangqianqian/project/FS/data/28gusui&pizang/03/08/cell_1761646083667_912349010008_38648_0100.png,thumbs/cluster_11/008_cell_1761646083667_912349010008_38648_0100.jpg
11,/home/wangqianqian/project/FS/data/28gusui&pizang/03/44/cell_1761648240780_912349010008_24185_0100.png,thumbs/cluster_11/009_cell_1761648240780_912349010008_24185_0100.jpg
11,/home/wangqianqian/project/FS/data/28gusui&pizang/03/57/cell_1761649036252_912349010008_98393_0100.png,thumbs/cluster_11/010_cell_1761649036252_912349010008_98393_0100.jpg
11,/home/wangqianqian/project/FS/data/28gusui&pizang/03/07/cell_1761646020015_912349010008_33460_0000.png,thumbs/cluster_11/011_cell_1761646020015_912349010008_33460_0000.jpg
11,/home/wangqianqian/project/FS/data/28gusui&pizang/03/05/cell_1761645931571_912349010008_26130_0100.png,thumbs/cluster_11/012_cell_1761645931571_912349010008_26130_0100.jpg
11,/home/wangqianqian/project/FS/data/28gusui&pizang/03/44/cell_1761648274474_912349010008_27236_0100.png,thumbs/cluster_11/013_cell_1761648274474_912349010008_27236_0100.jpg
11,/home/wangqianqian/project/FS/data/28gusui&pizang/03/13/cell_1761646421827_912349010008_65548_0000.png,thumbs/cluster_11/014_cell_1761646421827_912349010008_65548_0000.jpg
11,/home/wangqianqian/project/FS/data/28gusui&pizang/03/41/cell_1761648077181_912349010008_12312_0100.png,thumbs/cluster_11/015_cell_1761648077181_912349010008_12312_0100.jpg
11,/home/wangqianqian/project/FS/data/28gusui&pizang/03/08/cell_1761646099496_912349010008_39891_0100.png,thumbs/cluster_11/016_cell_1761646099496_912349010008_39891_0100.jpg
11,/home/wangqianqian/project/FS/data/28gusui&pizang/03/10/cell_1761646232175_912349010008_49956_0100.png,thumbs/cluster_11/017_cell_1761646232175_912349010008_49956_0100.jpg
11,/home/wangqianqian/project/FS/data/28gusui&pizang/03/50/cell_1761648656942_912349010008_62073_0100.png,thumbs/cluster_11/018_cell_1761648656942_912349010008_62073_0100.jpg
11,/home/wangqianqian/project/FS/data/28gusui&pizang/03/54/cell_1761648855911_912349010008_82022_0000.png,thumbs/cluster_11/019_cell_1761648855911_912349010008_82022_0000.jpg
11,/home/wangqianqian/project/FS/data/28gusui&pizang/03/19/cell_1761646759591_912349010008_94224_0000.png,thumbs/cluster_11/020_cell_1761646759591_912349010008_94224_0000.jpg
11,/home/wangqianqian/project/FS/data/28gusui&pizang/03/17/cell_1761646629375_912349010008_83251_0000.png,thumbs/cluster_11/021_cell_1761646629375_912349010008_83251_0000.jpg
11,/home/wangqianqian/project/FS/data/28gusui&pizang/03/59/cell_1761649173166_912349010008_112862_0100.png,thumbs/cluster_11/022_cell_1761649173166_912349010008_112862_0100.jpg
11,/home/wangqianqian/project/FS/data/28gusui&pizang/03/59/cell_1761649147972_912349010008_110118_0000.png,thumbs/cluster_11/023_cell_1761649147972_912349010008_110118_0000.jpg
11,/home/wangqianqian/project/FS/data/28gusui&pizang/03/58/cell_1761649110618_912349010008_106239_0000.png,thumbs/cluster_11/024_cell_1761649110618_912349010008_106239_0000.jpg
11,/home/wangqianqian/project/FS/data/28gusui&pizang/03/56/cell_1761649014073_912349010008_96260_0000.png,thumbs/cluster_11/025_cell_1761649014073_912349010008_96260_0000.jpg
11,/home/wangqianqian/project/FS/data/28gusui&pizang/03/18/cell_1761646698098_912349010008_89304_0000.png,thumbs/cluster_11/026_cell_1761646698098_912349010008_89304_0000.jpg
11,/home/wangqianqian/project/FS/data/28gusui&pizang/03/40/cell_1761648058879_912349010008_11195_0100.png,thumbs/cluster_11/027_cell_1761648058879_912349010008_11195_0100.jpg
11,/home/wangqianqian/project/FS/data/28gusui&pizang/03/50/cell_1761648649362_912349010008_61292_0000.png,thumbs/cluster_11/028_cell_1761648649362_912349010008_61292_0000.jpg
11,/home/wangqianqian/project/FS/data/28gusui&pizang/03/44/cell_1761648262151_912349010008_26052_0100.png,thumbs/cluster_11/029_cell_1761648262151_912349010008_26052_0100.jpg
11,/home/wangqianqian/project/FS/data/28gusui&pizang/03/49/cell_1761648548485_912349010008_51380_0100.png,thumbs/cluster_11/030_cell_1761648548485_912349010008_51380_0100.jpg
11,/home/wangqianqian/project/FS/data/28gusui&pizang/03/52/cell_1761648754652_912349010008_71948_0000.png,thumbs/cluster_11/031_cell_1761648754652_912349010008_71948_0000.jpg
11,/home/wangqianqian/project/FS/data/28gusui&pizang/03/56/cell_1761649018187_912349010008_96639_0100.png,thumbs/cluster_11/032_cell_1761649018187_912349010008_96639_0100.jpg
11,/home/wangqianqian/project/FS/data/28gusui&pizang/03/41/cell_1761648091280_912349010008_13291_0100.png,thumbs/cluster_11/033_cell_1761648091280_912349010008_13291_0100.jpg
11,/home/wangqianqian/project/FS/data/28gusui&pizang/03/48/cell_1761648483885_912349010008_45883_0000.png,thumbs/cluster_11/034_cell_1761648483885_912349010008_45883_0000.jpg
11,/home/wangqianqian/project/FS/data/28gusui&pizang/03/09/cell_1761646176344_912349010008_45469_0000.png,thumbs/cluster_11/035_cell_1761646176344_912349010008_45469_0000.jpg
11,/home/wangqianqian/project/FS/data/28gusui&pizang/03/15/cell_1761646546345_912349010008_76654_0000.png,thumbs/cluster_11/036_cell_1761646546345_912349010008_76654_0000.jpg
11,/home/wangqianqian/project/FS/data/28gusui&pizang/03/19/cell_1761646750515_912349010008_93513_0000.png,thumbs/cluster_11/037_cell_1761646750515_912349010008_93513_0000.jpg
11,/home/wangqianqian/project/FS/data/28gusui&pizang/03/04/cell_1761645862908_912349010008_20759_0100.png,thumbs/cluster_11/038_cell_1761645862908_912349010008_20759_0100.jpg
11,/home/wangqianqian/project/FS/data/28gusui&pizang/03/21/cell_1761646874169_912349010008_103904_0100.png,thumbs/cluster_11/039_cell_1761646874169_912349010008_103904_0100.jpg
11,/home/wangqianqian/project/FS/data/28gusui&pizang/03/44/cell_1761648253827_912349010008_25352_0000.png,thumbs/cluster_11/040_cell_1761648253827_912349010008_25352_0000.jpg
11,/home/wangqianqian/project/FS/data/28gusui&pizang/03/01/cell_1761645719873_912349010008_9742_0000.png,thumbs/cluster_11/041_cell_1761645719873_912349010008_9742_0000.jpg
11,/home/wangqianqian/project/FS/data/28gusui&pizang/03/55/cell_1761648922688_912349010008_88081_0100.png,thumbs/cluster_11/042_cell_1761648922688_912349010008_88081_0100.jpg
11,/home/wangqianqian/project/FS/data/28gusui&pizang/03/43/cell_1761648193396_912349010008_20326_0000.png,thumbs/cluster_11/043_cell_1761648193396_912349010008_20326_0000.jpg
11,/home/wangqianqian/project/FS/data/28gusui&pizang/03/10/cell_1761646219415_912349010008_48889_0100.png,thumbs/cluster_11/044_cell_1761646219415_912349010008_48889_0100.jpg
11,/home/wangqianqian/project/FS/data/28gusui&pizang/03/10/cell_1761646242366_912349010008_50781_0100.png,thumbs/cluster_11/045_cell_1761646242366_912349010008_50781_0100.jpg
11,/home/wangqianqian/project/FS/data/28gusui&pizang/03/06/cell_1761645994163_912349010008_31228_0100.png,thumbs/cluster_11/046_cell_1761645994163_912349010008_31228_0100.jpg
11,/home/wangqianqian/project/FS/data/28gusui&pizang/03/53/cell_1761648817395_912349010008_78298_0000.png,thumbs/cluster_11/047_cell_1761648817395_912349010008_78298_0000.jpg
11,/home/wangqianqian/project/FS/data/28gusui&pizang/03/21/cell_1761646895827_912349010008_105637_0000.png,thumbs/cluster_11/048_cell_1761646895827_912349010008_105637_0000.jpg
11,/home/wangqianqian/project/FS/data/28gusui&pizang/03/16/cell_1761646606316_912349010008_81325_0100.png,thumbs/cluster_11/049_cell_1761646606316_912349010008_81325_0100.jpg
11,/home/wangqianqian/project/FS/data/28gusui&pizang/03/58/cell_1761649087754_912349010008_103798_0100.png,thumbs/cluster_11/050_cell_1761649087754_912349010008_103798_0100.jpg
11,/home/wangqianqian/project/FS/data/28gusui&pizang/03/07/cell_1761646043231_912349010008_35478_0000.png,thumbs/cluster_11/051_cell_1761646043231_912349010008_35478_0000.jpg
11,/home/wangqianqian/project/FS/data/28gusui&pizang/03/46/cell_1761648370204_912349010008_35646_0100.png,thumbs/cluster_11/052_cell_1761648370204_912349010008_35646_0100.jpg
11,/home/wangqianqian/project/FS/data/28gusui&pizang/03/52/cell_1761648750182_912349010008_71506_0100.png,thumbs/cluster_11/053_cell_1761648750182_912349010008_71506_0100.jpg
11,/home/wangqianqian/project/FS/data/28gusui&pizang/03/20/cell_1761646849892_912349010008_101780_0100.png,thumbs/cluster_11/054_cell_1761646849892_912349010008_101780_0100.jpg
11,/home/wangqianqian/project/FS/data/28gusui&pizang/03/48/cell_1761648496283_912349010008_46951_0000.png,thumbs/cluster_11/055_cell_1761648496283_912349010008_46951_0000.jpg
11,/home/wangqianqian/project/FS/data/28gusui&pizang/03/20/cell_1761646816382_912349010008_99013_0100.png,thumbs/cluster_11/056_cell_1761646816382_912349010008_99013_0100.jpg
11,/home/wangqianqian/project/FS/data/28gusui&pizang/03/47/cell_1761648420764_912349010008_40159_0100.png,thumbs/cluster_11/057_cell_1761648420764_912349010008_40159_0100.jpg
11,/home/wangqianqian/project/FS/data/28gusui&pizang/03/17/cell_1761646633223_912349010008_83612_0000.png,thumbs/cluster_11/058_cell_1761646633223_912349010008_83612_0000.jpg
11,/home/wangqianqian/project/FS/data/28gusui&pizang/03/53/cell_1761648806896_912349010008_77249_0100.png,thumbs/cluster_11/059_cell_1761648806896_912349010008_77249_0100.jpg
11,/home/wangqianqian/project/FS/data/28gusui&pizang/03/21/cell_1761646868383_912349010008_103457_0100.png,thumbs/cluster_11/060_cell_1761646868383_912349010008_103457_0100.jpg
11,/home/wangqianqian/project/FS/data/28gusui&pizang/03/52/cell_1761648745027_912349010008_71018_0100.png,thumbs/cluster_11/061_cell_1761648745027_912349010008_71018_0100.jpg
11,/home/wangqianqian/project/FS/data/28gusui&pizang/03/15/cell_1761646528547_912349010008_75164_0100.png,thumbs/cluster_11/062_cell_1761646528547_912349010008_75164_0100.jpg
11,/home/wangqianqian/project/FS/data/28gusui&pizang/03/57/cell_1761649050538_912349010008_99901_0000.png,thumbs/cluster_11/063_cell_1761649050538_912349010008_99901_0000.jpg
11,/home/wangqianqian/project/FS/data/28gusui&pizang/03/41/cell_1761648098152_912349010008_13730_0000.png,thumbs/cluster_11/064_cell_1761648098152_912349010008_13730_0000.jpg
11,/home/wangqianqian/project/FS/data/28gusui&pizang/03/57/cell_1761649058195_912349010008_100715_0100.png,thumbs/cluster_11/065_cell_1761649058195_912349010008_100715_0100.jpg
11,/home/wangqianqian/project/FS/data/28gusui&pizang/03/18/cell_1761646697083_912349010008_89217_0100.png,thumbs/cluster_11/066_cell_1761646697083_912349010008_89217_0100.jpg
11,/home/wangqianqian/project/FS/data/28gusui&pizang/03/18/cell_1761646701549_912349010008_89555_0100.png,thumbs/cluster_11/067_cell_1761646701549_912349010008_89555_0100.jpg
11,/home/wangqianqian/project/FS/data/28gusui&pizang/03/13/cell_1761646428328_912349010008_66185_0100.png,thumbs/cluster_11/068_cell_1761646428328_912349010008_66185_0100.jpg
11,/home/wangqianqian/project/FS/data/28gusui&pizang/03/19/cell_1761646754391_912349010008_93822_0000.png,thumbs/cluster_11/069_cell_1761646754391_912349010008_93822_0000.jpg
11,/home/wangqianqian/project/FS/data/28gusui&pizang/03/14/cell_1761646490132_912349010008_71855_0000.png,thumbs/cluster_11/070_cell_1761646490132_912349010008_71855_0000.jpg
11,/home/wangqianqian/project/FS/data/28gusui&pizang/03/57/cell_1761649043404_912349010008_99164_0000.png,thumbs/cluster_11/071_cell_1761649043404_912349010008_99164_0000.jpg
11,/home/wangqianqian/project/FS/data/28gusui&pizang/03/42/cell_1761648145960_912349010008_16934_0100.png,thumbs/cluster_11/072_cell_1761648145960_912349010008_16934_0100.jpg
11,/home/wangqianqian/project/FS/data/28gusui&pizang/03/04/cell_1761645866001_912349010008_21090_0100.png,thumbs/cluster_11/073_cell_1761645866001_912349010008_21090_0100.jpg
11,/home/wangqianqian/project/FS/data/28gusui&pizang/03/06/cell_1761645982292_912349010008_30279_0100.png,thumbs/cluster_11/074_cell_1761645982292_912349010008_30279_0100.jpg
11,/home/wangqianqian/project/FS/data/28gusui&pizang/03/13/cell_1761646435544_912349010008_66824_0100.png,thumbs/cluster_11/075_cell_1761646435544_912349010008_66824_0100.jpg
11,/home/wangqianqian/project/FS/data/28gusui&pizang/03/12/cell_1761646353552_912349010008_60168_0000.png,thumbs/cluster_11/076_cell_1761646353552_912349010008_60168_0000.jpg
11,/home/wangqianqian/project/FS/data/28gusui&pizang/03/20/cell_1761646851626_912349010008_101952_0100.png,thumbs/cluster_11/077_cell_1761646851626_912349010008_101952_0100.jpg
11,/home/wangqianqian/project/FS/data/28gusui&pizang/03/19/cell_1761646796232_912349010008_97197_0100.png,thumbs/cluster_11/078_cell_1761646796232_912349010008_97197_0100.jpg
11,/home/wangqianqian/project/FS/data/28gusui&pizang/03/07/cell_1761646052974_912349010008_36387_0000.png,thumbs/cluster_11/079_cell_1761646052974_912349010008_36387_0000.jpg
11,/home/wangqianqian/project/FS/data/28gusui&pizang/03/49/cell_1761648557448_912349010008_52186_0000.png,thumbs/cluster_11/080_cell_1761648557448_912349010008_52186_0000.jpg
11,/home/wangqianqian/project/FS/data/28gusui&pizang/03/05/cell_1761645942284_912349010008_26966_0100.png,thumbs/cluster_11/081_cell_1761645942284_912349010008_26966_0100.jpg
11,/home/wangqianqian/project/FS/data/28gusui&pizang/03/41/cell_1761648082201_912349010008_12673_0100.png,thumbs/cluster_11/082_cell_1761648082201_912349010008_12673_0100.jpg
11,/home/wangqianqian/project/FS/data/28gusui&pizang/03/54/cell_1761648887492_912349010008_85198_0100.png,thumbs/cluster_11/083_cell_1761648887492_912349010008_85198_0100.jpg
11,/home/wangqianqian/project/FS/data/28gusui&pizang/03/59/cell_1761649169456_912349010008_112422_0100.png,thumbs/cluster_11/084_cell_1761649169456_912349010008_112422_0100.jpg
11,/home/wangqianqian/project/FS/data/28gusui&pizang/03/14/cell_1761646487202_912349010008_71555_0100.png,thumbs/cluster_11/085_cell_1761646487202_912349010008_71555_0100.jpg
11,/home/wangqianqian/project/FS/data/28gusui&pizang/03/12/cell_1761646344763_912349010008_59387_0000.png,thumbs/cluster_11/086_cell_1761646344763_912349010008_59387_0000.jpg
11,/home/wangqianqian/project/FS/data/28gusui&pizang/03/56/cell_1761648979916_912349010008_93115_0100.png,thumbs/cluster_11/087_cell_1761648979916_912349010008_93115_0100.jpg
11,/home/wangqianqian/project/FS/data/28gusui&pizang/03/19/cell_1761646785063_912349010008_96274_0100.png,thumbs/cluster_11/088_cell_1761646785063_912349010008_96274_0100.jpg
11,/home/wangqianqian/project/FS/data/28gusui&pizang/03/18/cell_1761646733278_912349010008_92151_0000.png,thumbs/cluster_11/089_cell_1761646733278_912349010008_92151_0000.jpg
11,/home/wangqianqian/project/FS/data/28gusui&pizang/03/15/cell_1761646546134_912349010008_76637_0100.png,thumbs/cluster_11/090_cell_1761646546134_912349010008_76637_0100.jpg
11,/home/wangqianqian/project/FS/data/28gusui&pizang/03/56/cell_1761648976310_912349010008_92785_0000.png,thumbs/cluster_11/091_cell_1761648976310_912349010008_92785_0000.jpg
11,/home/wangqianqian/project/FS/data/28gusui&pizang/03/16/cell_1761646618809_912349010008_82360_0100.png,thumbs/cluster_11/092_cell_1761646618809_912349010008_82360_0100.jpg
11,/home/wangqianqian/project/FS/data/28gusui&pizang/03/47/cell_1761648432616_912349010008_41280_0100.png,thumbs/cluster_11/093_cell_1761648432616_912349010008_41280_0100.jpg
11,/home/wangqianqian/project/FS/data/28gusui&pizang/03/49/cell_1761648597119_912349010008_56119_0100.png,thumbs/cluster_11/094_cell_1761648597119_912349010008_56119_0100.jpg
11,/home/wangqianqian/project/FS/data/28gusui&pizang/03/07/cell_1761646027793_912349010008_34144_0000.png,thumbs/cluster_11/095_cell_1761646027793_912349010008_34144_0000.jpg
11,/home/wangqianqian/project/FS/data/28gusui&pizang/03/07/cell_1761646079414_912349010008_38343_0000.png,thumbs/cluster_11/096_cell_1761646079414_912349010008_38343_0000.jpg
11,/home/wangqianqian/project/FS/data/28gusui&pizang/03/13/cell_1761646419731_912349010008_65362_0000.png,thumbs/cluster_11/097_cell_1761646419731_912349010008_65362_0000.jpg
11,/home/wangqianqian/project/FS/data/28gusui&pizang/03/10/cell_1761646220391_912349010008_49000_0100.png,thumbs/cluster_11/098_cell_1761646220391_912349010008_49000_0100.jpg
11,/home/wangqianqian/project/FS/data/28gusui&pizang/03/47/cell_1761648438244_912349010008_41907_0000.png,thumbs/cluster_11/099_cell_1761648438244_912349010008_41907_0000.jpg
12,/home/wangqianqian/project/FS/data/28gusui&pizang/03/15/cell_1761646524632_912349010008_74890_0100.png,thumbs/cluster_12/000_cell_1761646524632_912349010008_74890_0100.jpg
12,/home/wangqianqian/project/FS/data/28gusui&pizang/03/01/cell_1761645709964_912349010008_9007_0000.png,thumbs/cluster_12/001_cell_1761645709964_912349010008_9007_0000.jpg
12,/home/wangqianqian/project/FS/data/28gusui&pizang/03/57/cell_1761649045933_912349010008_99433_0000.png,thumbs/cluster_12/002_cell_1761649045933_912349010008_99433_0000.jpg
12,/home/wangqianqian/project/FS/data/28gusui&pizang/03/53/cell_1761648826893_912349010008_79196_0000.png,thumbs/cluster_12/003_cell_1761648826893_912349010008_79196_0000.jpg
12,/home/wangqianqian/project/FS/data/28gusui&pizang/03/44/cell_1761648286925_912349010008_28409_0000.png,thumbs/cluster_12/004_cell_1761648286925_912349010008_28409_0000.jpg
12,/home/wangqianqian/project/FS/data/28gusui&pizang/03/50/cell_1761648644590_912349010008_60785_0100.png,thumbs/cluster_12/005_cell_1761648644590_912349010008_60785_0100.jpg
12,/home/wangqianqian/project/FS/data/28gusui&pizang/03/15/cell_1761646529814_912349010008_75251_0000.png,thumbs/cluster_12/006_cell_1761646529814_912349010008_75251_0000.jpg
12,/home/wangqianqian/project/FS/data/28gusui&pizang/03/11/cell_1761646289979_912349010008_54790_0000.png,thumbs/cluster_12/007_cell_1761646289979_912349010008_54790_0000.jpg
12,/home/wangqianqian/project/FS/data/28gusui&pizang/03/45/cell_1761648352412_912349010008_34045_0000.png,thumbs/cluster_12/008_cell_1761648352412_912349010008_34045_0000.jpg
12,/home/wangqianqian/project/FS/data/28gusui&pizang/03/48/cell_1761648505462_912349010008_47691_0000.png,thumbs/cluster_12/009_cell_1761648505462_912349010008_47691_0000.jpg
12,/home/wangqianqian/project/FS/data/28gusui&pizang/03/16/cell_1761646562945_912349010008_77938_0100.png,thumbs/cluster_12/010_cell_1761646562945_912349010008_77938_0100.jpg
12,/home/wangqianqian/project/FS/data/28gusui&pizang/03/53/cell_1761648815105_912349010008_78090_0000.png,thumbs/cluster_12/011_cell_1761648815105_912349010008_78090_0000.jpg
12,/home/wangqianqian/project/FS/data/28gusui&pizang/03/59/cell_1761649179498_912349010008_113479_0000.png,thumbs/cluster_12/012_cell_1761649179498_912349010008_113479_0000.jpg
12,/home/wangqianqian/project/FS/data/28gusui&pizang/03/14/cell_1761646464181_912349010008_69420_0000.png,thumbs/cluster_12/013_cell_1761646464181_912349010008_69420_0000.jpg
12,/home/wangqianqian/project/FS/data/28gusui&pizang/03/59/cell_1761649147864_912349010008_110106_0000.png,thumbs/cluster_12/014_cell_1761649147864_912349010008_110106_0000.jpg
12,/home/wangqianqian/project/FS/data/28gusui&pizang/03/58/cell_1761649101476_912349010008_105266_0000.png,thumbs/cluster_12/015_cell_1761649101476_912349010008_105266_0000.jpg
12,/home/wangqianqian/project/FS/data/28gusui&pizang/03/07/cell_1761646035101_912349010008_34783_0100.png,thumbs/cluster_12/016_cell_1761646035101_912349010008_34783_0100.jpg
12,/home/wangqianqian/project/FS/data/28gusui&pizang/03/11/cell_1761646272307_912349010008_53201_0000.png,thumbs/cluster_12/017_cell_1761646272307_912349010008_53201_0000.jpg
12,/home/wangqianqian/project/FS/data/28gusui&pizang/03/15/cell_1761646525163_912349010008_74929_0100.png,thumbs/cluster_12/018_cell_1761646525163_912349010008_74929_0100.jpg
12,/home/wangqianqian/project/FS/data/28gusui&pizang/03/14/cell_1761646478156_912349010008_70666_0100.png,thumbs/cluster_12/019_cell_1761646478156_912349010008_70666_0100.jpg
12,/home/wangqianqian/project/FS/data/28gusui&pizang/03/05/cell_1761645942829_912349010008_26997_0000.png,thumbs/cluster_12/020_cell_1761645942829_912349010008_26997_0000.jpg
12,/home/wangqianqian/project/FS/data/28gusui&pizang/03/38/cell_1761647938936_912349010008_5739_0100.png,thumbs/cluster_12/021_cell_1761647938936_912349010008_5739_0100.jpg
12,/home/wangqianqian/project/FS/data/28gusui&pizang/03/06/cell_1761646013110_912349010008_32857_0100.png,thumbs/cluster_12/022_cell_1761646013110_912349010008_32857_0100.jpg
12,/home/wangqianqian/project/FS/data/28gusui&pizang/03/04/cell_1761645895912_912349010008_23452_0100.png,thumbs/cluster_12/023_cell_1761645895912_912349010008_23452_0100.jpg
12,/home/wangqianqian/project/FS/data/28gusui&pizang/03/09/cell_1761646149762_912349010008_43506_0100.png,thumbs/cluster_12/024_cell_1761646149762_912349010008_43506_0100.jpg
12,/home/wangqianqian/project/FS/data/28gusui&pizang/03/07/cell_1761646049575_912349010008_36040_0100.png,thumbs/cluster_12/025_cell_1761646049575_912349010008_36040_0100.jpg
12,/home/wangqianqian/project/FS/data/28gusui&pizang/03/14/cell_1761646491889_912349010008_72021_0000.png,thumbs/cluster_12/026_cell_1761646491889_912349010008_72021_0000.jpg
12,/home/wangqianqian/project/FS/data/28gusui&pizang/03/52/cell_1761648775695_912349010008_73873_0000.png,thumbs/cluster_12/027_cell_1761648775695_912349010008_73873_0000.jpg
12,/home/wangqianqian/project/FS/data/28gusui&pizang/03/16/cell_1761646561284_912349010008_77821_0000.png,thumbs/cluster_12/028_cell_1761646561284_912349010008_77821_0000.jpg
12,/home/wangqianqian/project/FS/data/28gusui&pizang/03/11/cell_1761646290481_912349010008_54828_0100.png,thumbs/cluster_12/029_cell_1761646290481_912349010008_54828_0100.jpg
12,/home/wangqianqian/project/FS/data/28gusui&pizang/03/58/cell_1761649131089_912349010008_108404_0100.png,thumbs/cluster_12/030_cell_1761649131089_912349010008_108404_0100.jpg
12,/home/wangqianqian/project/FS/data/28gusui&pizang/03/40/cell_1761648042796_912349010008_10360_0000.png,thumbs/cluster_12/031_cell_1761648042796_912349010008_10360_0000.jpg
12,/home/wangqianqian/project/FS/data/28gusui&pizang/03/17/cell_1761646666806_912349010008_86547_0100.png,thumbs/cluster_12/032_cell_1761646666806_912349010008_86547_0100.jpg
12,/home/wangqianqian/project/FS/data/28gusui&pizang/03/51/cell_1761648718847_912349010008_68408_0100.png,thumbs/cluster_12/033_cell_1761648718847_912349010008_68408_0100.jpg
12,/home/wangqianqian/project/FS/data/28gusui&pizang/03/58/cell_1761649113990_912349010008_106641_0000.png,thumbs/cluster_12/034_cell_1761649113990_912349010008_106641_0000.jpg
12,/home/wangqianqian/project/FS/data/28gusui&pizang/03/04/cell_1761645877026_912349010008_22030_0100.png,thumbs/cluster_12/035_cell_1761645877026_912349010008_22030_0100.jpg
12,/home/wangqianqian/project/FS/data/28gusui&pizang/03/51/cell_1761648679031_912349010008_64253_0100.png,thumbs/cluster_12/036_cell_1761648679031_912349010008_64253_0100.jpg
12,/home/wangqianqian/project/FS/data/28gusui&pizang/03/57/cell_1761649052006_912349010008_100055_0000.png,thumbs/cluster_12/037_cell_1761649052006_912349010008_100055_0000.jpg
12,/home/wangqianqian/project/FS/data/28gusui&pizang/03/08/cell_1761646131471_912349010008_42216_0100.png,thumbs/cluster_12/038_cell_1761646131471_912349010008_42216_0100.jpg
12,/home/wangqianqian/project/FS/data/28gusui&pizang/03/19/cell_1761646774380_912349010008_95437_0000.png,thumbs/cluster_12/039_cell_1761646774380_912349010008_95437_0000.jpg
12,/home/wangqianqian/project/FS/data/28gusui&pizang/03/46/cell_1761648366129_912349010008_35288_0000.png,thumbs/cluster_12/040_cell_1761648366129_912349010008_35288_0000.jpg
12,/home/wangqianqian/project/FS/data/28gusui&pizang/03/54/cell_1761648884871_912349010008_84949_0100.png,thumbs/cluster_12/041_cell_1761648884871_912349010008_84949_0100.jpg
12,/home/wangqianqian/project/FS/data/28gusui&pizang/03/57/cell_1761649057746_912349010008_100672_0000.png,thumbs/cluster_12/042_cell_1761649057746_912349010008_100672_0000.jpg
12,/home/wangqianqian/project/FS/data/28gusui&pizang/03/05/cell_1761645907892_912349010008_24372_0000.png,thumbs/cluster_12/043_cell_1761645907892_912349010008_24372_0000.jpg
12,/home/wangqianqian/project/FS/data/28gusui&pizang/03/21/cell_1761646877407_912349010008_104158_0000.png,thumbs/cluster_12/044_cell_1761646877407_912349010008_104158_0000.jpg
12,/home/wangqianqian/project/FS/data/28gusui&pizang/03/57/cell_1761649070998_912349010008_102027_0000.png,thumbs/cluster_12/045_cell_1761649070998_912349010008_102027_0000.jpg
12,/home/wangqianqian/project/FS/data/28gusui&pizang/03/58/cell_1761649098460_912349010008_104971_0000.png,thumbs/cluster_12/046_cell_1761649098460_912349010008_104971_0000.jpg
12,/home/wangqianqian/project/FS/data/28gusui&pizang/03/12/cell_1761646337992_912349010008_58838_0000.png,thumbs/cluster_12/047_cell_1761646337992_912349010008_58838_0000.jpg
12,/home/wangqianqian/project/FS/data/28gusui&pizang/03/14/cell_1761646492271_912349010008_72063_0100.png,thumbs/cluster_12/048_cell_1761646492271_912349010008_72063_0100.jpg
12,/home/wangqianqian/project/FS/data/28gusui&pizang/03/17/cell_1761646631708_912349010008_83470_0000.png,thumbs/cluster_12/049_cell_1761646631708_912349010008_83470_0000.jpg
12,/home/wangqianqian/project/FS/data/28gusui&pizang/03/04/cell_1761645893999_912349010008_23319_0100.png,thumbs/cluster_12/050_cell_1761645893999_912349010008_23319_0100.jpg
12,/home/wangqianqian/project/FS/data/28gusui&pizang/03/14/cell_1761646450682_912349010008_68238_0000.png,thumbs/cluster_12/051_cell_1761646450682_912349010008_68238_0000.jpg
12,/home/wangqianqian/project/FS/data/28gusui&pizang/03/59/cell_1761649150240_912349010008_110328_0000.png,thumbs/cluster_12/052_cell_1761649150240_912349010008_110328_0000.jpg
12,/home/wangqianqian/project/FS/data/28gusui&pizang/03/14/cell_1761646441682_912349010008_67379_0000.png,thumbs/cluster_12/053_cell_1761646441682_912349010008_67379_0000.jpg
12,/home/wangqianqian/project/FS/data/28gusui&pizang/03/41/cell_1761648113061_912349010008_14582_0000.png,thumbs/cluster_12/054_cell_1761648113061_912349010008_14582_0000.jpg
12,/home/wangqianqian/project/FS/data/28gusui&pizang/03/02/cell_1761645766698_912349010008_13120_0100.png,thumbs/cluster_12/055_cell_1761645766698_912349010008_13120_0100.jpg
12,/home/wangqianqian/project/FS/data/28gusui&pizang/03/53/cell_1761648784618_912349010008_74760_0000.png,thumbs/cluster_12/056_cell_1761648784618_912349010008_74760_0000.jpg
12,/home/wangqianqian/project/FS/data/28gusui&pizang/03/40/cell_1761648013178_912349010008_8893_0000.png,thumbs/cluster_12/057_cell_1761648013178_912349010008_8893_0000.jpg
12,/home/wangqianqian/project/FS/data/28gusui&pizang/03/43/cell_1761648195873_912349010008_20500_0000.png,thumbs/cluster_12/058_cell_1761648195873_912349010008_20500_0000.jpg
12,/home/wangqianqian/project/FS/data/28gusui&pizang/03/08/cell_1761646083886_912349010008_38660_0000.png,thumbs/cluster_12/059_cell_1761646083886_912349010008_38660_0000.jpg
12,/home/wangqianqian/project/FS/data/28gusui&pizang/03/45/cell_1761648320075_912349010008_31115_0000.png,thumbs/cluster_12/060_cell_1761648320075_912349010008_31115_0000.jpg
12,/home/wangqianqian/project/FS/data/28gusui&pizang/03/51/cell_1761648675954_912349010008_63913_0100.png,thumbs/cluster_12/061_cell_1761648675954_912349010008_63913_0100.jpg
12,/home/wangqianqian/project/FS/data/28gusui&pizang/03/10/cell_1761646225780_912349010008_49460_0100.png,thumbs/cluster_12/062_cell_1761646225780_912349010008_49460_0100.jpg
12,/home/wangqianqian/project/FS/data/28gusui&pizang/03/02/cell_1761645766698_912349010008_13119_0100.png,thumbs/cluster_12/063_cell_1761645766698_912349010008_13119_0100.jpg
12,/home/wangqianqian/project/FS/data/28gusui&pizang/03/47/cell_1761648454776_912349010008_43343_0000.png,thumbs/cluster_12/064_cell_1761648454776_912349010008_43343_0000.jpg
12,/home/wangqianqian/project/FS/data/28gusui&pizang/03/48/cell_1761648520329_912349010008_48850_0100.png,thumbs/cluster_12/065_cell_1761648520329_912349010008_48850_0100.jpg
12,/home/wangqianqian/project/FS/data/28gusui&pizang/03/58/cell_1761649104240_912349010008_105532_0100.png,thumbs/cluster_12/066_cell_1761649104240_912349010008_105532_0100.jpg
12,/home/wangqianqian/project/FS/data/28gusui&pizang/03/16/cell_1761646615671_912349010008_82069_0000.png,thumbs/cluster_12/067_cell_1761646615671_912349010008_82069_0000.jpg
12,/home/wangqianqian/project/FS/data/28gusui&pizang/03/57/cell_1761649074399_912349010008_102380_0100.png,thumbs/cluster_12/068_cell_1761649074399_912349010008_102380_0100.jpg
12,/home/wangqianqian/project/FS/data/28gusui&pizang/03/51/cell_1761648666659_912349010008_63044_0000.png,thumbs/cluster_12/069_cell_1761648666659_912349010008_63044_0000.jpg
12,/home/wangqianqian/project/FS/data/28gusui&pizang/03/57/cell_1761649078655_912349010008_102814_0100.png,thumbs/cluster_12/070_cell_1761649078655_912349010008_102814_0100.jpg
12,/home/wangqianqian/project/FS/data/28gusui&pizang/03/09/cell_1761646146509_912349010008_43256_0000.png,thumbs/cluster_12/071_cell_1761646146509_912349010008_43256_0000.jpg
12,/home/wangqianqian/project/FS/data/28gusui&pizang/03/04/cell_1761645860598_912349010008_20599_0100.png,thumbs/cluster_12/072_cell_1761645860598_912349010008_20599_0100.jpg
12,/home/wangqianqian/project/FS/data/28gusui&pizang/03/58/cell_1761649108341_912349010008_105983_0000.png,thumbs/cluster_12/073_cell_1761649108341_912349010008_105983_0000.jpg
12,/home/wangqianqian/project/FS/data/28gusui&pizang/03/03/cell_1761645799600_912349010008_15625_0000.png,thumbs/cluster_12/074_cell_1761645799600_912349010008_15625_0000.jpg
12,/home/wangqianqian/project/FS/data/28gusui&pizang/03/07/cell_1761646032019_912349010008_34538_0000.png,thumbs/cluster_12/075_cell_1761646032019_912349010008_34538_0000.jpg
12,/home/wangqianqian/project/FS/data/28gusui&pizang/03/55/cell_1761648927694_912349010008_88607_0000.png,thumbs/cluster_12/076_cell_1761648927694_912349010008_88607_0000.jpg
12,/home/wangqianqian/project/FS/data/28gusui&pizang/03/49/cell_1761648540530_912349010008_50624_0000.png,thumbs/cluster_12/077_cell_1761648540530_912349010008_50624_0000.jpg
12,/home/wangqianqian/project/FS/data/28gusui&pizang/03/10/cell_1761646235850_912349010008_50261_0100.png,thumbs/cluster_12/078_cell_1761646235850_912349010008_50261_0100.jpg
12,/home/wangqianqian/project/FS/data/28gusui&pizang/03/10/cell_1761646220437_912349010008_49004_0100.png,thumbs/cluster_12/079_cell_1761646220437_912349010008_49004_0100.jpg
12,/home/wangqianqian/project/FS/data/28gusui&pizang/03/48/cell_1761648530751_912349010008_49731_0000.png,thumbs/cluster_12/080_cell_1761648530751_912349010008_49731_0000.jpg
12,/home/wangqianqian/project/FS/data/28gusui&pizang/03/10/cell_1761646212071_912349010008_48284_0000.png,thumbs/cluster_12/081_cell_1761646212071_912349010008_48284_0000.jpg
12,/home/wangqianqian/project/FS/data/28gusui&pizang/03/51/cell_1761648705505_912349010008_67036_0100.png,thumbs/cluster_12/082_cell_1761648705505_912349010008_67036_0100.jpg
12,/home/wangqianqian/project/FS/data/28gusui&pizang/03/54/cell_1761648847101_912349010008_81148_0000.png,thumbs/cluster_12/083_cell_1761648847101_912349010008_81148_0000.jpg
12,/home/wangqianqian/project/FS/data/28gusui&pizang/03/41/cell_1761648082431_912349010008_12692_0100.png,thumbs/cluster_12/084_cell_1761648082431_912349010008_12692_0100.jpg
12,/home/wangqianqian/project/FS/data/28gusui&pizang/03/04/cell_1761645897923_912349010008_23581_0100.png,thumbs/cluster_12/085_cell_1761645897923_912349010008_23581_0100.jpg
12,/home/wangqianqian/project/FS/data/28gusui&pizang/03/40/cell_1761648037763_912349010008_10163_0100.png,thumbs/cluster_12/086_cell_1761648037763_912349010008_10163_0100.jpg
12,/home/wangqianqian/project/FS/data/28gusui&pizang/03/11/cell_1761646262748_912349010008_52428_0100.png,thumbs/cluster_12/087_cell_1761646262748_912349010008_52428_0100.jpg
12,/home/wangqianqian/project/FS/data/28gusui&pizang/03/11/cell_1761646312004_912349010008_56718_0100.png,thumbs/cluster_12/088_cell_1761646312004_912349010008_56718_0100.jpg
12,/home/wangqianqian/project/FS/data/28gusui&pizang/03/50/cell_1761648637657_912349010008_60102_0000.png,thumbs/cluster_12/089_cell_1761648637657_912349010008_60102_0000.jpg
12,/home/wangqianqian/project/FS/data/28gusui&pizang/03/50/cell_1761648658529_912349010008_62236_0000.png,thumbs/cluster_12/090_cell_1761648658529_912349010008_62236_0000.jpg
12,/home/wangqianqian/project/FS/data/28gusui&pizang/03/43/cell_1761648230669_912349010008_23324_0000.png,thumbs/cluster_12/091_cell_1761648230669_912349010008_23324_0000.jpg
12,/home/wangqianqian/project/FS/data/28gusui&pizang/03/42/cell_1761648120663_912349010008_15092_0000.png,thumbs/cluster_12/092_cell_1761648120663_912349010008_15092_0000.jpg
12,/home/wangqianqian/project/FS/data/28gusui&pizang/03/12/cell_1761646358051_912349010008_60496_0000.png,thumbs/cluster_12/093_cell_1761646358051_912349010008_60496_0000.jpg
12,/home/wangqianqian/project/FS/data/28gusui&pizang/03/06/cell_1761645991645_912349010008_31019_0000.png,thumbs/cluster_12/094_cell_1761645991645_912349010008_31019_0000.jpg
12,/home/wangqianqian/project/FS/data/28gusui&pizang/03/57/cell_1761649067758_912349010008_101709_0000.png,thumbs/cluster_12/095_cell_1761649067758_912349010008_101709_0000.jpg
12,/home/wangqianqian/project/FS/data/28gusui&pizang/03/42/cell_1761648154935_912349010008_17541_0100.png,thumbs/cluster_12/096_cell_1761648154935_912349010008_17541_0100.jpg
12,/home/wangqianqian/project/FS/data/28gusui&pizang/03/44/cell_1761648273128_912349010008_27104_0000.png,thumbs/cluster_12/097_cell_1761648273128_912349010008_27104_0000.jpg
12,/home/wangqianqian/project/FS/data/28gusui&pizang/03/50/cell_1761648652694_912349010008_61648_0100.png,thumbs/cluster_12/098_cell_1761648652694_912349010008_61648_0100.jpg
12,/home/wangqianqian/project/FS/data/28gusui&pizang/03/49/cell_1761648561323_912349010008_52521_0000.png,thumbs/cluster_12/099_cell_1761648561323_912349010008_52521_0000.jpg
13,/home/wangqianqian/project/FS/data/28gusui&pizang/03/10/cell_1761646226390_912349010008_49498_0100.png,thumbs/cluster_13/000_cell_1761646226390_912349010008_49498_0100.jpg
13,/home/wangqianqian/project/FS/data/28gusui&pizang/03/36/cell_1761647787191_912349010008_524_0000.png,thumbs/cluster_13/001_cell_1761647787191_912349010008_524_0000.jpg
13,/home/wangqianqian/project/FS/data/28gusui&pizang/03/09/cell_1761646152633_912349010008_43751_0000.png,thumbs/cluster_13/002_cell_1761646152633_912349010008_43751_0000.jpg
13,/home/wangqianqian/project/FS/data/28gusui&pizang/03/18/cell_1761646720012_912349010008_90983_0000.png,thumbs/cluster_13/003_cell_1761646720012_912349010008_90983_0000.jpg
13,/home/wangqianqian/project/FS/data/28gusui&pizang/03/46/cell_1761648375940_912349010008_36152_0100.png,thumbs/cluster_13/004_cell_1761648375940_912349010008_36152_0100.jpg
13,/home/wangqianqian/project/FS/data/28gusui&pizang/03/19/cell_1761646743797_912349010008_92994_0000.png,thumbs/cluster_13/005_cell_1761646743797_912349010008_92994_0000.jpg
13,/home/wangqianqian/project/FS/data/28gusui&pizang/03/19/cell_1761646754178_912349010008_93809_0000.png,thumbs/cluster_13/006_cell_1761646754178_912349010008_93809_0000.jpg
13,/home/wangqianqian/project/FS/data/28gusui&pizang/03/54/cell_1761648888242_912349010008_85288_0000.png,thumbs/cluster_13/007_cell_1761648888242_912349010008_85288_0000.jpg
13,/home/wangqianqian/project/FS/data/28gusui&pizang/03/13/cell_1761646407353_912349010008_64341_0100.png,thumbs/cluster_13/008_cell_1761646407353_912349010008_64341_0100.jpg
13,/home/wangqianqian/project/FS/data/28gusui&pizang/03/57/cell_1761649060819_912349010008_100996_0000.png,thumbs/cluster_13/009_cell_1761649060819_912349010008_100996_0000.jpg
13,/home/wangqianqian/project/FS/data/28gusui&pizang/03/04/cell_1761645899143_912349010008_23671_0000.png,thumbs/cluster_13/010_cell_1761645899143_912349010008_23671_0000.jpg
13,/home/wangqianqian/project/FS/data/28gusui&pizang/03/55/cell_1761648949566_912349010008_90445_0000.png,thumbs/cluster_13/011_cell_1761648949566_912349010008_90445_0000.jpg
13,/home/wangqianqian/project/FS/data/28gusui&pizang/03/19/cell_1761646770030_912349010008_95063_0000.png,thumbs/cluster_13/012_cell_1761646770030_912349010008_95063_0000.jpg
13,/home/wangqianqian/project/FS/data/28gusui&pizang/03/06/cell_1761645965481_912349010008_28848_0000.png,thumbs/cluster_13/013_cell_1761645965481_912349010008_28848_0000.jpg
13,/home/wangqianqian/project/FS/data/28gusui&pizang/03/03/cell_1761645811840_912349010008_16569_0000.png,thumbs/cluster_13/014_cell_1761645811840_912349010008_16569_0000.jpg
13,/home/wangqianqian/project/FS/data/28gusui&pizang/03/18/cell_1761646714841_912349010008_90572_0000.png,thumbs/cluster_13/015_cell_1761646714841_912349010008_90572_0000.jpg
13,/home/wangqianqian/project/FS/data/28gusui&pizang/03/59/cell_1761649157264_912349010008_111117_0100.png,thumbs/cluster_13/016_cell_1761649157264_912349010008_111117_0100.jpg
13,/home/wangqianqian/project/FS/data/28gusui&pizang/03/17/cell_1761646670980_912349010008_86927_0000.png,thumbs/cluster_13/017_cell_1761646670980_912349010008_86927_0000.jpg
13,/home/wangqianqian/project/FS/data/28gusui&pizang/03/45/cell_1761648327954_912349010008_31784_0100.png,thumbs/cluster_13/018_cell_1761648327954_912349010008_31784_0100.jpg
13,/home/wangqianqian/project/FS/data/28gusui&pizang/03/13/cell_1761646390999_912349010008_63115_0100.png,thumbs/cluster_13/019_cell_1761646390999_912349010008_63115_0100.jpg
13,/home/wangqianqian/project/FS/data/28gusui&pizang/03/52/cell_1761648755043_912349010008_71987_0000.png,thumbs/cluster_13/020_cell_1761648755043_912349010008_71987_0000.jpg
13,/home/wangqianqian/project/FS/data/28gusui&pizang/03/21/cell_1761646899709_912349010008_105995_0000.png,thumbs/cluster_13/021_cell_1761646899709_912349010008_105995_0000.jpg
13,/home/wangqianqian/project/FS/data/28gusui&pizang/03/42/cell_1761648126672_912349010008_15524_0000.png,thumbs/cluster_13/022_cell_1761648126672_912349010008_15524_0000.jpg
13,/home/wangqianqian/project/FS/data/28gusui&pizang/03/52/cell_1761648734996_912349010008_69955_0000.png,thumbs/cluster_13/023_cell_1761648734996_912349010008_69955_0000.jpg
13,/home/wangqianqian/project/FS/data/28gusui&pizang/03/44/cell_1761648275428_912349010008_27359_0100.png,thumbs/cluster_13/024_cell_1761648275428_912349010008_27359_0100.jpg
13,/home/wangqianqian/project/FS/data/28gusui&pizang/03/03/cell_1761645812252_912349010008_16603_0100.png,thumbs/cluster_13/025_cell_1761645812252_912349010008_16603_0100.jpg
13,/home/wangqianqian/project/FS/data/28gusui&pizang/03/03/cell_1761645796485_912349010008_15394_0100.png,thumbs/cluster_13/026_cell_1761645796485_912349010008_15394_0100.jpg
13,/home/wangqianqian/project/FS/data/28gusui&pizang/03/44/cell_1761648276293_912349010008_27439_0100.png,thumbs/cluster_13/027_cell_1761648276293_912349010008_27439_0100.jpg
13,/home/wangqianqian/project/FS/data/28gusui&pizang/03/14/cell_1761646495403_912349010008_72394_0100.png,thumbs/cluster_13/028_cell_1761646495403_912349010008_72394_0100.jpg
13,/home/wangqianqian/project/FS/data/28gusui&pizang/03/09/cell_1761646145496_912349010008_43177_0000.png,thumbs/cluster_13/029_cell_1761646145496_912349010008_43177_0000.jpg
13,/home/wangqianqian/project/FS/data/28gusui&pizang/03/14/cell_1761646493689_912349010008_72201_0000.png,thumbs/cluster_13/030_cell_1761646493689_912349010008_72201_0000.jpg
13,/home/wangqianqian/project/FS/data/28gusui&pizang/03/48/cell_1761648505243_912349010008_47676_0000.png,thumbs/cluster_13/031_cell_1761648505243_912349010008_47676_0000.jpg
13,/home/wangqianqian/project/FS/data/28gusui&pizang/03/09/cell_1761646172197_912349010008_45174_0000.png,thumbs/cluster_13/032_cell_1761646172197_912349010008_45174_0000.jpg
13,/home/wangqianqian/project/FS/data/28gusui&pizang/03/06/cell_1761645982443_912349010008_30288_0000.png,thumbs/cluster_13/033_cell_1761645982443_912349010008_30288_0000.jpg
13,/home/wangqianqian/project/FS/data/28gusui&pizang/03/20/cell_1761646829917_912349010008_100157_0000.png,thumbs/cluster_13/034_cell_1761646829917_912349010008_100157_0000.jpg
13,/home/wangqianqian/project/FS/data/28gusui&pizang/03/45/cell_1761648302640_912349010008_29675_0000.png,thumbs/cluster_13/035_cell_1761648302640_912349010008_29675_0000.jpg
13,/home/wangqianqian/project/FS/data/28gusui&pizang/03/57/cell_1761649034535_912349010008_98232_0000.png,thumbs/cluster_13/036_cell_1761649034535_912349010008_98232_0000.jpg
13,/home/wangqianqian/project/FS/data/28gusui&pizang/03/03/cell_1761645789918_912349010008_14899_0000.png,thumbs/cluster_13/037_cell_1761645789918_912349010008_14899_0000.jpg
13,/home/wangqianqian/project/FS/data/28gusui&pizang/03/55/cell_1761648954937_912349010008_90903_0000.png,thumbs/cluster_13/038_cell_1761648954937_912349010008_90903_0000.jpg
13,/home/wangqianqian/project/FS/data/28gusui&pizang/03/58/cell_1761649134748_912349010008_108752_0000.png,thumbs/cluster_13/039_cell_1761649134748_912349010008_108752_0000.jpg
13,/home/wangqianqian/project/FS/data/28gusui&pizang/03/47/cell_1761648446804_912349010008_42663_0000.png,thumbs/cluster_13/040_cell_1761648446804_912349010008_42663_0000.jpg
13,/home/wangqianqian/project/FS/data/28gusui&pizang/03/16/cell_1761646570449_912349010008_78476_0000.png,thumbs/cluster_13/041_cell_1761646570449_912349010008_78476_0000.jpg
13,/home/wangqianqian/project/FS/data/28gusui&pizang/03/21/cell_1761646863398_912349010008_103039_0000.png,thumbs/cluster_13/042_cell_1761646863398_912349010008_103039_0000.jpg
13,/home/wangqianqian/project/FS/data/28gusui&pizang/03/07/cell_1761646046588_912349010008_35752_0000.png,thumbs/cluster_13/043_cell_1761646046588_912349010008_35752_0000.jpg
13,/home/wangqianqian/project/FS/data/28gusui&pizang/03/50/cell_1761648652014_912349010008_61581_0100.png,thumbs/cluster_13/044_cell_1761648652014_912349010008_61581_0100.jpg
13,/home/wangqianqian/project/FS/data/28gusui&pizang/03/53/cell_1761648786495_912349010008_74971_0000.png,thumbs/cluster_13/045_cell_1761648786495_912349010008_74971_0000.jpg
13,/home/wangqianqian/project/FS/data/28gusui&pizang/03/09/cell_1761646162903_912349010008_44548_0100.png,thumbs/cluster_13/046_cell_1761646162903_912349010008_44548_0100.jpg
13,/home/wangqianqian/project/FS/data/28gusui&pizang/03/10/cell_1761646218278_912349010008_48804_0100.png,thumbs/cluster_13/047_cell_1761646218278_912349010008_48804_0100.jpg
13,/home/wangqianqian/project/FS/data/28gusui&pizang/03/57/cell_1761649023327_912349010008_97165_0000.png,thumbs/cluster_13/048_cell_1761649023327_912349010008_97165_0000.jpg
13,/home/wangqianqian/project/FS/data/28gusui&pizang/03/39/cell_1761647950392_912349010008_6215_0000.png,thumbs/cluster_13/049_cell_1761647950392_912349010008_6215_0000.jpg
13,/home/wangqianqian/project/FS/data/28gusui&pizang/03/14/cell_1761646495971_912349010008_72438_0000.png,thumbs/cluster_13/050_cell_1761646495971_912349010008_72438_0000.jpg
13,/home/wangqianqian/project/FS/data/28gusui&pizang/03/19/cell_1761646784479_912349010008_96239_0000.png,thumbs/cluster_13/051_cell_1761646784479_912349010008_96239_0000.jpg
13,/home/wangqianqian/project/FS/data/28gusui&pizang/03/41/cell_1761648111233_912349010008_14470_0000.png,thumbs/cluster_13/052_cell_1761648111233_912349010008_14470_0000.jpg
13,/home/wangqianqian/project/FS/data/28gusui&pizang/03/38/cell_1761647907682_912349010008_4677_0100.png,thumbs/cluster_13/053_cell_1761647907682_912349010008_4677_0100.jpg
13,/home/wangqianqian/project/FS/data/28gusui&pizang/03/43/cell_1761648237841_912349010008_23931_0100.png,thumbs/cluster_13/054_cell_1761648237841_912349010008_23931_0100.jpg
13,/home/wangqianqian/project/FS/data/28gusui&pizang/03/07/cell_1761646037301_912349010008_34969_0000.png,thumbs/cluster_13/055_cell_1761646037301_912349010008_34969_0000.jpg
13,/home/wangqianqian/project/FS/data/28gusui&pizang/03/57/cell_1761649026186_912349010008_97406_0100.png,thumbs/cluster_13/056_cell_1761649026186_912349010008_97406_0100.jpg
13,/home/wangqianqian/project/FS/data/28gusui&pizang/03/11/cell_1761646280307_912349010008_53906_0000.png,thumbs/cluster_13/057_cell_1761646280307_912349010008_53906_0000.jpg
13,/home/wangqianqian/project/FS/data/28gusui&pizang/03/12/cell_1761646344201_912349010008_59341_0000.png,thumbs/cluster_13/058_cell_1761646344201_912349010008_59341_0000.jpg
13,/home/wangqianqian/project/FS/data/28gusui&pizang/03/57/cell_1761649071388_912349010008_102070_0000.png,thumbs/cluster_13/059_cell_1761649071388_912349010008_102070_0000.jpg
13,/home/wangqianqian/project/FS/data/28gusui&pizang/03/55/cell_1761648910914_912349010008_87170_0000.png,thumbs/cluster_13/060_cell_1761648910914_912349010008_87170_0000.jpg
13,/home/wangqianqian/project/FS/data/28gusui&pizang/03/18/cell_1761646682818_912349010008_88005_0000.png,thumbs/cluster_13/061_cell_1761646682818_912349010008_88005_0000.jpg
13,/home/wangqianqian/project/FS/data/28gusui&pizang/03/02/cell_1761645750752_912349010008_11966_0100.png,thumbs/cluster_13/062_cell_1761645750752_912349010008_11966_0100.jpg
13,/home/wangqianqian/project/FS/data/28gusui&pizang/03/56/cell_1761648988440_912349010008_93854_0000.png,thumbs/cluster_13/063_cell_1761648988440_912349010008_93854_0000.jpg
13,/home/wangqianqian/project/FS/data/28gusui&pizang/03/47/cell_1761648442208_912349010008_42233_0100.png,thumbs/cluster_13/064_cell_1761648442208_912349010008_42233_0100.jpg
13,/home/wangqianqian/project/FS/data/28gusui&pizang/03/11/cell_1761646280811_912349010008_53956_0000.png,thumbs/cluster_13/065_cell_1761646280811_912349010008_53956_0000.jpg
13,/home/wangqianqian/project/FS/data/28gusui&pizang/03/07/cell_1761646062196_912349010008_37121_0000.png,thumbs/cluster_13/066_cell_1761646062196_912349010008_37121_0000.jpg
13,/home/wangqianqian/project/FS/data/28gusui&pizang/03/02/cell_1761645772278_912349010008_13507_0100.png,thumbs/cluster_13/067_cell_1761645772278_912349010008_13507_0100.jpg
13,/home/wangqianqian/project/FS/data/28gusui&pizang/03/51/cell_1761648667388_912349010008_63114_0000.png,thumbs/cluster_13/068_cell_1761648667388_912349010008_63114_0000.jpg
13,/home/wangqianqian/project/FS/data/28gusui&pizang/03/07/cell_1761646023834_912349010008_33793_0000.png,thumbs/cluster_13/069_cell_1761646023834_912349010008_33793_0000.jpg
13,/home/wangqianqian/project/FS/data/28gusui&pizang/03/03/cell_1761645831756_912349010008_18132_0100.png,thumbs/cluster_13/070_cell_1761645831756_912349010008_18132_0100.jpg
13,/home/wangqianqian/project/FS/data/28gusui&pizang/03/17/cell_1761646650170_912349010008_85106_0100.png,thumbs/cluster_13/071_cell_1761646650170_912349010008_85106_0100.jpg
13,/home/wangqianqian/project/FS/data/28gusui&pizang/03/47/cell_1761648443215_912349010008_42337_0000.png,thumbs/cluster_13/072_cell_1761648443215_912349010008_42337_0000.jpg
13,/home/wangqianqian/project/FS/data/28gusui&pizang/03/18/cell_1761646710633_912349010008_90254_0100.png,thumbs/cluster_13/073_cell_1761646710633_912349010008_90254_0100.jpg
13,/home/wangqianqian/project/FS/data/28gusui&pizang/03/05/cell_1761645939794_912349010008_26761_0100.png,thumbs/cluster_13/074_cell_1761645939794_912349010008_26761_0100.jpg
13,/home/wangqianqian/project/FS/data/28gusui&pizang/03/49/cell_1761648577560_912349010008_54117_0100.png,thumbs/cluster_13/075_cell_1761648577560_912349010008_54117_0100.jpg
13,/home/wangqianqian/project/FS/data/28gusui&pizang/03/16/cell_1761646597045_912349010008_80511_0100.png,thumbs/cluster_13/076_cell_1761646597045_912349010008_80511_0100.jpg
13,/home/wangqianqian/project/FS/data/28gusui&pizang/03/21/cell_1761646913944_912349010008_107160_0100.png,thumbs/cluster_13/077_cell_1761646913944_912349010008_107160_0100.jpg
13,/home/wangqianqian/project/FS/data/28gusui&pizang/03/48/cell_1761648530154_912349010008_49666_0000.png,thumbs/cluster_13/078_cell_1761648530154_912349010008_49666_0000.jpg
13,/home/wangqianqian/project/FS/data/28gusui&pizang/03/07/cell_1761646066311_912349010008_37412_0000.png,thumbs/cluster_13/079_cell_1761646066311_912349010008_37412_0000.jpg
13,/home/wangqianqian/project/FS/data/28gusui&pizang/03/06/cell_1761645992200_912349010008_31072_0100.png,thumbs/cluster_13/080_cell_1761645992200_912349010008_31072_0100.jpg
13,/home/wangqianqian/project/FS/data/28gusui&pizang/03/19/cell_1761646740286_912349010008_92719_0000.png,thumbs/cluster_13/081_cell_1761646740286_912349010008_92719_0000.jpg
13,/home/wangqianqian/project/FS/data/28gusui&pizang/03/44/cell_1761648259662_912349010008_25844_0000.png,thumbs/cluster_13/082_cell_1761648259662_912349010008_25844_0000.jpg
13,/home/wangqianqian/project/FS/data/28gusui&pizang/03/08/cell_1761646124798_912349010008_41755_0000.png,thumbs/cluster_13/083_cell_1761646124798_912349010008_41755_0000.jpg
13,/home/wangqianqian/project/FS/data/28gusui&pizang/03/45/cell_1761648351387_912349010008_33954_0100.png,thumbs/cluster_13/084_cell_1761648351387_912349010008_33954_0100.jpg
13,/home/wangqianqian/project/FS/data/28gusui&pizang/03/48/cell_1761648512010_912349010008_48193_0100.png,thumbs/cluster_13/085_cell_1761648512010_912349010008_48193_0100.jpg
13,/home/wangqianqian/project/FS/data/28gusui&pizang/03/50/cell_1761648642399_912349010008_60540_0000.png,thumbs/cluster_13/086_cell_1761648642399_912349010008_60540_0000.jpg
13,/home/wangqianqian/project/FS/data/28gusui&pizang/03/46/cell_1761648382046_912349010008_36694_0100.png,thumbs/cluster_13/087_cell_1761648382046_912349010008_36694_0100.jpg
13,/home/wangqianqian/project/FS/data/28gusui&pizang/03/03/cell_1761645819530_912349010008_17158_0100.png,thumbs/cluster_13/088_cell_1761645819530_912349010008_17158_0100.jpg
13,/home/wangqianqian/project/FS/data/28gusui&pizang/03/54/cell_1761648843905_912349010008_80835_0000.png,thumbs/cluster_13/089_cell_1761648843905_912349010008_80835_0000.jpg
13,/home/wangqianqian/project/FS/data/28gusui&pizang/03/46/cell_1761648371106_912349010008_35742_0000.png,thumbs/cluster_13/090_cell_1761648371106_912349010008_35742_0000.jpg
13,/home/wangqianqian/project/FS/data/28gusui&pizang/03/02/cell_1761645748695_912349010008_11830_0000.png,thumbs/cluster_13/091_cell_1761645748695_912349010008_11830_0000.jpg
13,/home/wangqianqian/project/FS/data/28gusui&pizang/03/11/cell_1761646263904_912349010008_52513_0000.png,thumbs/cluster_13/092_cell_1761646263904_912349010008_52513_0000.jpg
13,/home/wangqianqian/project/FS/data/28gusui&pizang/03/43/cell_1761648187677_912349010008_19898_0000.png,thumbs/cluster_13/093_cell_1761648187677_912349010008_19898_0000.jpg
13,/home/wangqianqian/project/FS/data/28gusui&pizang/03/55/cell_1761648949243_912349010008_90402_0000.png,thumbs/cluster_13/094_cell_1761648949243_912349010008_90402_0000.jpg
13,/home/wangqianqian/project/FS/data/28gusui&pizang/03/06/cell_1761645972752_912349010008_29426_0000.png,thumbs/cluster_13/095_cell_1761645972752_912349010008_29426_0000.jpg
13,/home/wangqianqian/project/FS/data/28gusui&pizang/03/43/cell_1761648213085_912349010008_21961_0100.png,thumbs/cluster_13/096_cell_1761648213085_912349010008_21961_0100.jpg
13,/home/wangqianqian/project/FS/data/28gusui&pizang/03/57/cell_1761649037139_912349010008_98495_0100.png,thumbs/cluster_13/097_cell_1761649037139_912349010008_98495_0100.jpg
13,/home/wangqianqian/project/FS/data/28gusui&pizang/03/52/cell_1761648729632_912349010008_69438_0000.png,thumbs/cluster_13/098_cell_1761648729632_912349010008_69438_0000.jpg
13,/home/wangqianqian/project/FS/data/28gusui&pizang/03/04/cell_1761645893732_912349010008_23303_0100.png,thumbs/cluster_13/099_cell_1761645893732_912349010008_23303_0100.jpg
14,/home/wangqianqian/project/FS/data/28gusui&pizang/03/46/cell_1761648397683_912349010008_38029_0100.png,thumbs/cluster_14/000_cell_1761648397683_912349010008_38029_0100.jpg
14,/home/wangqianqian/project/FS/data/28gusui&pizang/03/47/cell_1761648437668_912349010008_41854_0000.png,thumbs/cluster_14/001_cell_1761648437668_912349010008_41854_0000.jpg
14,/home/wangqianqian/project/FS/data/28gusui&pizang/03/50/cell_1761648623940_912349010008_58673_0000.png,thumbs/cluster_14/002_cell_1761648623940_912349010008_58673_0000.jpg
14,/home/wangqianqian/project/FS/data/28gusui&pizang/03/59/cell_1761649164620_912349010008_111923_0000.png,thumbs/cluster_14/003_cell_1761649164620_912349010008_111923_0000.jpg
14,/home/wangqianqian/project/FS/data/28gusui&pizang/03/56/cell_1761648996280_912349010008_94637_0000.png,thumbs/cluster_14/004_cell_1761648996280_912349010008_94637_0000.jpg
14,/home/wangqianqian/project/FS/data/28gusui&pizang/03/16/cell_1761646567553_912349010008_78232_0000.png,thumbs/cluster_14/005_cell_1761646567553_912349010008_78232_0000.jpg
14,/home/wangqianqian/project/FS/data/28gusui&pizang/03/15/cell_1761646541034_912349010008_76189_0100.png,thumbs/cluster_14/006_cell_1761646541034_912349010008_76189_0100.jpg
14,/home/wangqianqian/project/FS/data/28gusui&pizang/03/47/cell_1761648438840_912349010008_41960_0100.png,thumbs/cluster_14/007_cell_1761648438840_912349010008_41960_0100.jpg
14,/home/wangqianqian/project/FS/data/28gusui&pizang/03/58/cell_1761649104271_912349010008_105541_0100.png,thumbs/cluster_14/008_cell_1761649104271_912349010008_105541_0100.jpg
14,/home/wangqianqian/project/FS/data/28gusui&pizang/03/21/cell_1761646896747_912349010008_105720_0100.png,thumbs/cluster_14/009_cell_1761646896747_912349010008_105720_0100.jpg
14,/home/wangqianqian/project/FS/data/28gusui&pizang/03/52/cell_1761648761463_912349010008_72585_0000.png,thumbs/cluster_14/010_cell_1761648761463_912349010008_72585_0000.jpg
14,/home/wangqianqian/project/FS/data/28gusui&pizang/03/41/cell_1761648090139_912349010008_13214_0000.png,thumbs/cluster_14/011_cell_1761648090139_912349010008_13214_0000.jpg
14,/home/wangqianqian/project/FS/data/28gusui&pizang/03/55/cell_1761648911130_912349010008_87183_0000.png,thumbs/cluster_14/012_cell_1761648911130_912349010008_87183_0000.jpg
14,/home/wangqianqian/project/FS/data/28gusui&pizang/03/44/cell_1761648269872_912349010008_26784_0000.png,thumbs/cluster_14/013_cell_1761648269872_912349010008_26784_0000.jpg
14,/home/wangqianqian/project/FS/data/28gusui&pizang/03/07/cell_1761646047514_912349010008_35845_0100.png,thumbs/cluster_14/014_cell_1761646047514_912349010008_35845_0100.jpg
14,/home/wangqianqian/project/FS/data/28gusui&pizang/03/08/cell_1761646137363_912349010008_42628_0100.png,thumbs/cluster_14/015_cell_1761646137363_912349010008_42628_0100.jpg
14,/home/wangqianqian/project/FS/data/28gusui&pizang/03/11/cell_1761646309248_912349010008_56492_0000.png,thumbs/cluster_14/016_cell_1761646309248_912349010008_56492_0000.jpg
14,/home/wangqianqian/project/FS/data/28gusui&pizang/03/40/cell_1761648017741_912349010008_9116_0100.png,thumbs/cluster_14/017_cell_1761648017741_912349010008_9116_0100.jpg
14,/home/wangqianqian/project/FS/data/28gusui&pizang/03/53/cell_1761648839914_912349010008_80407_0000.png,thumbs/cluster_14/018_cell_1761648839914_912349010008_80407_0000.jpg
14,/home/wangqianqian/project/FS/data/28gusui&pizang/03/45/cell_1761648302108_912349010008_29639_0000.png,thumbs/cluster_14/019_cell_1761648302108_912349010008_29639_0000.jpg
14,/home/wangqianqian/project/FS/data/28gusui&pizang/03/20/cell_1761646849042_912349010008_101714_0000.png,thumbs/cluster_14/020_cell_1761646849042_912349010008_101714_0000.jpg
14,/home/wangqianqian/project/FS/data/28gusui&pizang/03/14/cell_1761646493005_912349010008_72132_0100.png,thumbs/cluster_14/021_cell_1761646493005_912349010008_72132_0100.jpg
14,/home/wangqianqian/project/FS/data/28gusui&pizang/03/12/cell_1761646354103_912349010008_60211_0100.png,thumbs/cluster_14/022_cell_1761646354103_912349010008_60211_0100.jpg
14,/home/wangqianqian/project/FS/data/28gusui&pizang/03/48/cell_1761648528922_912349010008_49564_0000.png,thumbs/cluster_14/023_cell_1761648528922_912349010008_49564_0000.jpg
14,/home/wangqianqian/project/FS/data/28gusui&pizang/03/44/cell_1761648291902_912349010008_28825_0000.png,thumbs/cluster_14/024_cell_1761648291902_912349010008_28825_0000.jpg
14,/home/wangqianqian/project/FS/data/28gusui&pizang/03/17/cell_1761646623528_912349010008_82753_0000.png,thumbs/cluster_14/025_cell_1761646623528_912349010008_82753_0000.jpg
14,/home/wangqianqian/project/FS/data/28gusui&pizang/03/04/cell_1761645870212_912349010008_21454_0000.png,thumbs/cluster_14/026_cell_1761645870212_912349010008_21454_0000.jpg
14,/home/wangqianqian/project/FS/data/28gusui&pizang/03/12/cell_1761646373527_912349010008_61792_0000.png,thumbs/cluster_14/027_cell_1761646373527_912349010008_61792_0000.jpg
14,/home/wangqianqian/project/FS/data/28gusui&pizang/03/19/cell_1761646766931_912349010008_94811_0100.png,thumbs/cluster_14/028_cell_1761646766931_912349010008_94811_0100.jpg
14,/home/wangqianqian/project/FS/data/28gusui&pizang/03/56/cell_1761649006289_912349010008_95570_0100.png,thumbs/cluster_14/029_cell_1761649006289_912349010008_95570_0100.jpg
14,/home/wangqianqian/project/FS/data/28gusui&pizang/03/09/cell_1761646153525_912349010008_43818_0000.png,thumbs/cluster_14/030_cell_1761646153525_912349010008_43818_0000.jpg
14,/home/wangqianqian/project/FS/data/28gusui&pizang/03/11/cell_1761646278917_912349010008_53777_0100.png,thumbs/cluster_14/031_cell_1761646278917_912349010008_53777_0100.jpg
14,/home/wangqianqian/project/FS/data/28gusui&pizang/03/52/cell_1761648764263_912349010008_72847_0000.png,thumbs/cluster_14/032_cell_1761648764263_912349010008_72847_0000.jpg
14,/home/wangqianqian/project/FS/data/28gusui&pizang/03/44/cell_1761648248939_912349010008_24929_0000.png,thumbs/cluster_14/033_cell_1761648248939_912349010008_24929_0000.jpg
14,/home/wangqianqian/project/FS/data/28gusui&pizang/03/49/cell_1761648547607_912349010008_51290_0100.png,thumbs/cluster_14/034_cell_1761648547607_912349010008_51290_0100.jpg
14,/home/wangqianqian/project/FS/data/28gusui&pizang/03/03/cell_1761645796159_912349010008_15369_0000.png,thumbs/cluster_14/035_cell_1761645796159_912349010008_15369_0000.jpg
14,/home/wangqianqian/project/FS/data/28gusui&pizang/03/48/cell_1761648492093_912349010008_46560_0000.png,thumbs/cluster_14/036_cell_1761648492093_912349010008_46560_0000.jpg
14,/home/wangqianqian/project/FS/data/28gusui&pizang/03/18/cell_1761646733320_912349010008_92161_0000.png,thumbs/cluster_14/037_cell_1761646733320_912349010008_92161_0000.jpg
14,/home/wangqianqian/project/FS/data/28gusui&pizang/03/02/cell_1761645776734_912349010008_13865_0000.png,thumbs/cluster_14/038_cell_1761645776734_912349010008_13865_0000.jpg
14,/home/wangqianqian/project/FS/data/28gusui&pizang/03/18/cell_1761646685666_912349010008_88301_0000.png,thumbs/cluster_14/039_cell_1761646685666_912349010008_88301_0000.jpg
14,/home/wangqianqian/project/FS/data/28gusui&pizang/03/13/cell_1761646381234_912349010008_62400_0000.png,thumbs/cluster_14/040_cell_1761646381234_912349010008_62400_0000.jpg
14,/home/wangqianqian/project/FS/data/28gusui&pizang/03/18/cell_1761646738778_912349010008_92599_0000.png,thumbs/cluster_14/041_cell_1761646738778_912349010008_92599_0000.jpg
14,/home/wangqianqian/project/FS/data/28gusui&pizang/03/55/cell_1761648900270_912349010008_86309_0100.png,thumbs/cluster_14/042_cell_1761648900270_912349010008_86309_0100.jpg
14,/home/wangqianqian/project/FS/data/28gusui&pizang/03/44/cell_1761648263108_912349010008_26142_0100.png,thumbs/cluster_14/043_cell_1761648263108_912349010008_26142_0100.jpg
14,/home/wangqianqian/project/FS/data/28gusui&pizang/03/49/cell_1761648551421_912349010008_51611_0000.png,thumbs/cluster_14/044_cell_1761648551421_912349010008_51611_0000.jpg
14,/home/wangqianqian/project/FS/data/28gusui&pizang/03/59/cell_1761649152855_912349010008_110623_0100.png,thumbs/cluster_14/045_cell_1761649152855_912349010008_110623_0100.jpg
14,/home/wangqianqian/project/FS/data/28gusui&pizang/03/52/cell_1761648736192_912349010008_70083_0000.png,thumbs/cluster_14/046_cell_1761648736192_912349010008_70083_0000.jpg
14,/home/wangqianqian/project/FS/data/28gusui&pizang/03/56/cell_1761648986498_912349010008_93696_0000.png,thumbs/cluster_14/047_cell_1761648986498_912349010008_93696_0000.jpg
14,/home/wangqianqian/project/FS/data/28gusui&pizang/03/04/cell_1761645857533_912349010008_20335_0100.png,thumbs/cluster_14/048_cell_1761645857533_912349010008_20335_0100.jpg
14,/home/wangqianqian/project/FS/data/28gusui&pizang/03/15/cell_1761646533072_912349010008_75508_0100.png,thumbs/cluster_14/049_cell_1761646533072_912349010008_75508_0100.jpg
14,/home/wangqianqian/project/FS/data/28gusui&pizang/03/12/cell_1761646371993_912349010008_61655_0000.png,thumbs/cluster_14/050_cell_1761646371993_912349010008_61655_0000.jpg
14,/home/wangqianqian/project/FS/data/28gusui&pizang/03/54/cell_1761648866579_912349010008_83121_0000.png,thumbs/cluster_14/051_cell_1761648866579_912349010008_83121_0000.jpg
14,/home/wangqianqian/project/FS/data/28gusui&pizang/03/07/cell_1761646041889_912349010008_35350_0000.png,thumbs/cluster_14/052_cell_1761646041889_912349010008_35350_0000.jpg
14,/home/wangqianqian/project/FS/data/28gusui&pizang/03/58/cell_1761649088365_912349010008_103864_0000.png,thumbs/cluster_14/053_cell_1761649088365_912349010008_103864_0000.jpg
14,/home/wangqianqian/project/FS/data/28gusui&pizang/03/47/cell_1761648464011_912349010008_44149_0000.png,thumbs/cluster_14/054_cell_1761648464011_912349010008_44149_0000.jpg
14,/home/wangqianqian/project/FS/data/28gusui&pizang/03/52/cell_1761648743774_912349010008_70889_0000.png,thumbs/cluster_14/055_cell_1761648743774_912349010008_70889_0000.jpg
14,/home/wangqianqian/project/FS/data/28gusui&pizang/03/55/cell_1761648913454_912349010008_87369_0100.png,thumbs/cluster_14/056_cell_1761648913454_912349010008_87369_0100.jpg
14,/home/wangqianqian/project/FS/data/28gusui&pizang/03/17/cell_1761646649135_912349010008_85029_0100.png,thumbs/cluster_14/057_cell_1761646649135_912349010008_85029_0100.jpg
14,/home/wangqianqian/project/FS/data/28gusui&pizang/03/14/cell_1761646467655_912349010008_69753_0100.png,thumbs/cluster_14/058_cell_1761646467655_912349010008_69753_0100.jpg
14,/home/wangqianqian/project/FS/data/28gusui&pizang/03/58/cell_1761649117347_912349010008_106981_0000.png,thumbs/cluster_14/059_cell_1761649117347_912349010008_106981_0000.jpg
14,/home/wangqianqian/project/FS/data/28gusui&pizang/03/53/cell_1761648793783_912349010008_75803_0100.png,thumbs/cluster_14/060_cell_1761648793783_912349010008_75803_0100.jpg
14,/home/wangqianqian/project/FS/data/28gusui&pizang/03/54/cell_1761648872618_912349010008_83727_0000.png,thumbs/cluster_14/061_cell_1761648872618_912349010008_83727_0000.jpg
14,/home/wangqianqian/project/FS/data/28gusui&pizang/03/58/cell_1761649082524_912349010008_103226_0000.png,thumbs/cluster_14/062_cell_1761649082524_912349010008_103226_0000.jpg
14,/home/wangqianqian/project/FS/data/28gusui&pizang/03/41/cell_1761648072108_912349010008_11996_0000.png,thumbs/cluster_14/063_cell_1761648072108_912349010008_11996_0000.jpg
14,/home/wangqianqian/project/FS/data/28gusui&pizang/03/58/cell_1761649092006_912349010008_104315_0000.png,thumbs/cluster_14/064_cell_1761649092006_912349010008_104315_0000.jpg
14,/home/wangqianqian/project/FS/data/28gusui&pizang/03/53/cell_1761648785164_912349010008_74822_0100.png,thumbs/cluster_14/065_cell_1761648785164_912349010008_74822_0100.jpg
14,/home/wangqianqian/project/FS/data/28gusui&pizang/03/06/cell_1761645972589_912349010008_29408_0100.png,thumbs/cluster_14/066_cell_1761645972589_912349010008_29408_0100.jpg
14,/home/wangqianqian/project/FS/data/28gusui&pizang/03/49/cell_1761648570405_912349010008_53410_0100.png,thumbs/cluster_14/067_cell_1761648570405_912349010008_53410_0100.jpg
14,/home/wangqianqian/project/FS/data/28gusui&pizang/03/11/cell_1761646311650_912349010008_56688_0000.png,thumbs/cluster_14/068_cell_1761646311650_912349010008_56688_0000.jpg
14,/home/wangqianqian/project/FS/data/28gusui&pizang/03/53/cell_1761648808629_912349010008_77443_0000.png,thumbs/cluster_14/069_cell_1761648808629_912349010008_77443_0000.jpg
14,/home/wangqianqian/project/FS/data/28gusui&pizang/03/53/cell_1761648826069_912349010008_79127_0000.png,thumbs/cluster_14/070_cell_1761648826069_912349010008_79127_0000.jpg
14,/home/wangqianqian/project/FS/data/28gusui&pizang/03/07/cell_1761646075350_912349010008_38036_0000.png,thumbs/cluster_14/071_cell_1761646075350_912349010008_38036_0000.jpg
14,/home/wangqianqian/project/FS/data/28gusui&pizang/03/47/cell_1761648454628_912349010008_43331_0000.png,thumbs/cluster_14/072_cell_1761648454628_912349010008_43331_0000.jpg
14,/home/wangqianqian/project/FS/data/28gusui&pizang/03/05/cell_1761645911957_912349010008_24659_0100.png,thumbs/cluster_14/073_cell_1761645911957_912349010008_24659_0100.jpg
14,/home/wangqianqian/project/FS/data/28gusui&pizang/03/54/cell_1761648899644_912349010008_86248_0000.png,thumbs/cluster_14/074_cell_1761648899644_912349010008_86248_0000.jpg
14,/home/wangqianqian/project/FS/data/28gusui&pizang/03/09/cell_1761646156453_912349010008_44048_0000.png,thumbs/cluster_14/075_cell_1761646156453_912349010008_44048_0000.jpg
14,/home/wangqianqian/project/FS/data/28gusui&pizang/03/54/cell_1761648884691_912349010008_84916_0000.png,thumbs/cluster_14/076_cell_1761648884691_912349010008_84916_0000.jpg
14,/home/wangqianqian/project/FS/data/28gusui&pizang/03/07/cell_1761646050286_912349010008_36123_0000.png,thumbs/cluster_14/077_cell_1761646050286_912349010008_36123_0000.jpg
14,/home/wangqianqian/project/FS/data/28gusui&pizang/03/21/cell_1761646867913_912349010008_103422_0000.png,thumbs/cluster_14/078_cell_1761646867913_912349010008_103422_0000.jpg
14,/home/wangqianqian/project/FS/data/28gusui&pizang/03/53/cell_1761648826659_912349010008_79172_0100.png,thumbs/cluster_14/079_cell_1761648826659_912349010008_79172_0100.jpg
14,/home/wangqianqian/project/FS/data/28gusui&pizang/03/43/cell_1761648206522_912349010008_21387_0100.png,thumbs/cluster_14/080_cell_1761648206522_912349010008_21387_0100.jpg
14,/home/wangqianqian/project/FS/data/28gusui&pizang/03/53/cell_1761648805348_912349010008_77099_0000.png,thumbs/cluster_14/081_cell_1761648805348_912349010008_77099_0000.jpg
14,/home/wangqianqian/project/FS/data/28gusui&pizang/03/18/cell_1761646685600_912349010008_88293_0000.png,thumbs/cluster_14/082_cell_1761646685600_912349010008_88293_0000.jpg
14,/home/wangqianqian/project/FS/data/28gusui&pizang/03/46/cell_1761648399380_912349010008_38183_0000.png,thumbs/cluster_14/083_cell_1761648399380_912349010008_38183_0000.jpg
14,/home/wangqianqian/project/FS/data/28gusui&pizang/03/20/cell_1761646828287_912349010008_100032_0000.png,thumbs/cluster_14/084_cell_1761646828287_912349010008_100032_0000.jpg
14,/home/wangqianqian/project/FS/data/28gusui&pizang/03/40/cell_1761648022079_912349010008_9366_0100.png,thumbs/cluster_14/085_cell_1761648022079_912349010008_9366_0100.jpg
14,/home/wangqianqian/project/FS/data/28gusui&pizang/03/40/cell_1761648037645_912349010008_10156_0000.png,thumbs/cluster_14/086_cell_1761648037645_912349010008_10156_0000.jpg
14,/home/wangqianqian/project/FS/data/28gusui&pizang/03/58/cell_1761649131937_912349010008_108488_0000.png,thumbs/cluster_14/087_cell_1761649131937_912349010008_108488_0000.jpg
14,/home/wangqianqian/project/FS/data/28gusui&pizang/03/06/cell_1761645980891_912349010008_30164_0000.png,thumbs/cluster_14/088_cell_1761645980891_912349010008_30164_0000.jpg
14,/home/wangqianqian/project/FS/data/28gusui&pizang/03/47/cell_1761648443679_912349010008_42383_0000.png,thumbs/cluster_14/089_cell_1761648443679_912349010008_42383_0000.jpg
14,/home/wangqianqian/project/FS/data/28gusui&pizang/03/44/cell_1761648277749_912349010008_27587_0000.png,thumbs/cluster_14/090_cell_1761648277749_912349010008_27587_0000.jpg
14,/home/wangqianqian/project/FS/data/28gusui&pizang/03/10/cell_1761646225071_912349010008_49392_0100.png,thumbs/cluster_14/091_cell_1761646225071_912349010008_49392_0100.jpg
14,/home/wangqianqian/project/FS/data/28gusui&pizang/03/16/cell_1761646566959_912349010008_78188_0000.png,thumbs/cluster_14/092_cell_1761646566959_912349010008_78188_0000.jpg
14,/home/wangqianqian/project/FS/data/28gusui&pizang/03/05/cell_1761645911506_912349010008_24628_0000.png,thumbs/cluster_14/093_cell_1761645911506_912349010008_24628_0000.jpg
14,/home/wangqianqian/project/FS/data/28gusui&pizang/03/08/cell_1761646129539_912349010008_42091_0100.png,thumbs/cluster_14/094_cell_1761646129539_912349010008_42091_0100.jpg
14,/home/wangqianqian/project/FS/data/28gusui&pizang/03/01/cell_1761645713625_912349010008_9237_0100.png,thumbs/cluster_14/095_cell_1761645713625_912349010008_9237_0100.jpg
14,/home/wangqianqian/project/FS/data/28gusui&pizang/03/11/cell_1761646301037_912349010008_55818_0000.png,thumbs/cluster_14/096_cell_1761646301037_912349010008_55818_0000.jpg
14,/home/wangqianqian/project/FS/data/28gusui&pizang/03/18/cell_1761646696733_912349010008_89196_0000.png,thumbs/cluster_14/097_cell_1761646696733_912349010008_89196_0000.jpg
14,/home/wangqianqian/project/FS/data/28gusui&pizang/03/59/cell_1761649170170_912349010008_112522_0000.png,thumbs/cluster_14/098_cell_1761649170170_912349010008_112522_0000.jpg
14,/home/wangqianqian/project/FS/data/28gusui&pizang/03/10/cell_1761646216853_912349010008_48689_0100.png,thumbs/cluster_14/099_cell_1761646216853_912349010008_48689_0100.jpg
15,/home/wangqianqian/project/FS/data/28gusui&pizang/03/43/cell_1761648228408_912349010008_23130_0100.png,thumbs/cluster_15/000_cell_1761648228408_912349010008_23130_0100.jpg
15,/home/wangqianqian/project/FS/data/28gusui&pizang/03/21/cell_1761646910078_912349010008_106808_0000.png,thumbs/cluster_15/001_cell_1761646910078_912349010008_106808_0000.jpg
15,/home/wangqianqian/project/FS/data/28gusui&pizang/03/02/cell_1761645742678_912349010008_11385_0000.png,thumbs/cluster_15/002_cell_1761645742678_912349010008_11385_0000.jpg
15,/home/wangqianqian/project/FS/data/28gusui&pizang/03/16/cell_1761646578931_912349010008_79144_0000.png,thumbs/cluster_15/003_cell_1761646578931_912349010008_79144_0000.jpg
15,/home/wangqianqian/project/FS/data/28gusui&pizang/03/46/cell_1761648377010_912349010008_36226_0000.png,thumbs/cluster_15/004_cell_1761648377010_912349010008_36226_0000.jpg
15,/home/wangqianqian/project/FS/data/28gusui&pizang/03/11/cell_1761646268938_912349010008_52908_0100.png,thumbs/cluster_15/005_cell_1761646268938_912349010008_52908_0100.jpg
15,/home/wangqianqian/project/FS/data/28gusui&pizang/03/48/cell_1761648516256_912349010008_48519_0000.png,thumbs/cluster_15/006_cell_1761648516256_912349010008_48519_0000.jpg
15,/home/wangqianqian/project/FS/data/28gusui&pizang/03/41/cell_1761648116270_912349010008_14783_0000.png,thumbs/cluster_15/007_cell_1761648116270_912349010008_14783_0000.jpg
15,/home/wangqianqian/project/FS/data/28gusui&pizang/03/43/cell_1761648238844_912349010008_24025_0100.png,thumbs/cluster_15/008_cell_1761648238844_912349010008_24025_0100.jpg
15,/home/wangqianqian/project/FS/data/28gusui&pizang/03/53/cell_1761648788720_912349010008_75239_0000.png,thumbs/cluster_15/009_cell_1761648788720_912349010008_75239_0000.jpg
15,/home/wangqianqian/project/FS/data/28gusui&pizang/03/57/cell_1761649065757_912349010008_101511_0100.png,thumbs/cluster_15/010_cell_1761649065757_912349010008_101511_0100.jpg
15,/home/wangqianqian/project/FS/data/28gusui&pizang/03/52/cell_1761648764978_912349010008_72920_0100.png,thumbs/cluster_15/011_cell_1761648764978_912349010008_72920_0100.jpg
15,/home/wangqianqian/project/FS/data/28gusui&pizang/03/51/cell_1761648714610_912349010008_68028_0100.png,thumbs/cluster_15/012_cell_1761648714610_912349010008_68028_0100.jpg
15,/home/wangqianqian/project/FS/data/28gusui&pizang/03/17/cell_1761646676571_912349010008_87457_0100.png,thumbs/cluster_15/013_cell_1761646676571_912349010008_87457_0100.jpg
15,/home/wangqianqian/project/FS/data/28gusui&pizang/03/43/cell_1761648221702_912349010008_22576_0000.png,thumbs/cluster_15/014_cell_1761648221702_912349010008_22576_0000.jpg
15,/home/wangqianqian/project/FS/data/28gusui&pizang/03/45/cell_1761648341389_912349010008_33037_0000.png,thumbs/cluster_15/015_cell_1761648341389_912349010008_33037_0000.jpg
15,/home/wangqianqian/project/FS/data/28gusui&pizang/03/52/cell_1761648756257_912349010008_72094_0100.png,thumbs/cluster_15/016_cell_1761648756257_912349010008_72094_0100.jpg
15,/home/wangqianqian/project/FS/data/28gusui&pizang/03/55/cell_1761648918544_912349010008_87756_0100.png,thumbs/cluster_15/017_cell_1761648918544_912349010008_87756_0100.jpg
15,/home/wangqianqian/project/FS/data/28gusui&pizang/03/16/cell_1761646612600_912349010008_81812_0000.png,thumbs/cluster_15/018_cell_1761646612600_912349010008_81812_0000.jpg
15,/home/wangqianqian/project/FS/data/28gusui&pizang/03/12/cell_1761646346306_912349010008_59524_0100.png,thumbs/cluster_15/019_cell_1761646346306_912349010008_59524_0100.jpg
15,/home/wangqianqian/project/FS/data/28gusui&pizang/03/43/cell_1761648217358_912349010008_22238_0000.png,thumbs/cluster_15/020_cell_1761648217358_912349010008_22238_0000.jpg
15,/home/wangqianqian/project/FS/data/28gusui&pizang/03/53/cell_1761648805478_912349010008_77113_0000.png,thumbs/cluster_15/021_cell_1761648805478_912349010008_77113_0000.jpg
15,/home/wangqianqian/project/FS/data/28gusui&pizang/03/01/cell_1761645697990_912349010008_8260_0100.png,thumbs/cluster_15/022_cell_1761645697990_912349010008_8260_0100.jpg
15,/home/wangqianqian/project/FS/data/28gusui&pizang/03/52/cell_1761648738032_912349010008_70285_0000.png,thumbs/cluster_15/023_cell_1761648738032_912349010008_70285_0000.jpg
15,/home/wangqianqian/project/FS/data/28gusui&pizang/03/48/cell_1761648535961_912349010008_50244_0000.png,thumbs/cluster_15/024_cell_1761648535961_912349010008_50244_0000.jpg
15,/home/wangqianqian/project/FS/data/28gusui&pizang/03/51/cell_1761648672553_912349010008_63595_0000.png,thumbs/cluster_15/025_cell_1761648672553_912349010008_63595_0000.jpg
15,/home/wangqianqian/project/FS/data/28gusui&pizang/03/41/cell_1761648109689_912349010008_14367_0000.png,thumbs/cluster_15/026_cell_1761648109689_912349010008_14367_0000.jpg
15,/home/wangqianqian/project/FS/data/28gusui&pizang/03/53/cell_1761648800696_912349010008_76561_0000.png,thumbs/cluster_15/027_cell_1761648800696_912349010008_76561_0000.jpg
15,/home/wangqianqian/project/FS/data/28gusui&pizang/03/19/cell_1761646750281_912349010008_93500_0000.png,thumbs/cluster_15/028_cell_1761646750281_912349010008_93500_0000.jpg
15,/home/wangqianqian/project/FS/data/28gusui&pizang/03/16/cell_1761646599478_912349010008_80721_0000.png,thumbs/cluster_15/029_cell_1761646599478_912349010008_80721_0000.jpg
15,/home/wangqianqian/project/FS/data/28gusui&pizang/03/14/cell_1761646453458_912349010008_68466_0100.png,thumbs/cluster_15/030_cell_1761646453458_912349010008_68466_0100.jpg
15,/home/wangqianqian/project/FS/data/28gusui&pizang/03/56/cell_1761648968303_912349010008_92059_0100.png,thumbs/cluster_15/031_cell_1761648968303_912349010008_92059_0100.jpg
15,/home/wangqianqian/project/FS/data/28gusui&pizang/03/17/cell_1761646660611_912349010008_85998_0000.png,thumbs/cluster_15/032_cell_1761646660611_912349010008_85998_0000.jpg
15,/home/wangqianqian/project/FS/data/28gusui&pizang/03/02/cell_1761645756403_912349010008_12420_0100.png,thumbs/cluster_15/033_cell_1761645756403_912349010008_12420_0100.jpg
15,/home/wangqianqian/project/FS/data/28gusui&pizang/03/41/cell_1761648069727_912349010008_11882_0000.png,thumbs/cluster_15/034_cell_1761648069727_912349010008_11882_0000.jpg
15,/home/wangqianqian/project/FS/data/28gusui&pizang/03/18/cell_1761646697011_912349010008_89215_0100.png,thumbs/cluster_15/035_cell_1761646697011_912349010008_89215_0100.jpg
15,/home/wangqianqian/project/FS/data/28gusui&pizang/03/50/cell_1761648642527_912349010008_60554_0000.png,thumbs/cluster_15/036_cell_1761648642527_912349010008_60554_0000.jpg
15,/home/wangqianqian/project/FS/data/28gusui&pizang/03/54/cell_1761648859978_912349010008_82484_0000.png,thumbs/cluster_15/037_cell_1761648859978_912349010008_82484_0000.jpg
15,/home/wangqianqian/project/FS/data/28gusui&pizang/03/05/cell_1761645912740_912349010008_24710_0100.png,thumbs/cluster_15/038_cell_1761645912740_912349010008_24710_0100.jpg
15,/home/wangqianqian/project/FS/data/28gusui&pizang/03/54/cell_1761648862898_912349010008_82791_0100.png,thumbs/cluster_15/039_cell_1761648862898_912349010008_82791_0100.jpg
15,/home/wangqianqian/project/FS/data/28gusui&pizang/03/21/cell_1761646871288_912349010008_103690_0000.png,thumbs/cluster_15/040_cell_1761646871288_912349010008_103690_0000.jpg
15,/home/wangqianqian/project/FS/data/28gusui&pizang/03/15/cell_1761646529420_912349010008_75222_0100.png,thumbs/cluster_15/041_cell_1761646529420_912349010008_75222_0100.jpg
15,/home/wangqianqian/project/FS/data/28gusui&pizang/03/51/cell_1761648681798_912349010008_64542_0000.png,thumbs/cluster_15/042_cell_1761648681798_912349010008_64542_0000.jpg
15,/home/wangqianqian/project/FS/data/28gusui&pizang/03/53/cell_1761648792896_912349010008_75698_0000.png,thumbs/cluster_15/043_cell_1761648792896_912349010008_75698_0000.jpg
15,/home/wangqianqian/project/FS/data/28gusui&pizang/03/55/cell_1761648939342_912349010008_89599_0100.png,thumbs/cluster_15/044_cell_1761648939342_912349010008_89599_0100.jpg
15,/home/wangqianqian/project/FS/data/28gusui&pizang/03/54/cell_1761648875936_912349010008_84061_0000.png,thumbs/cluster_15/045_cell_1761648875936_912349010008_84061_0000.jpg
15,/home/wangqianqian/project/FS/data/28gusui&pizang/03/54/cell_1761648841576_912349010008_80579_0100.png,thumbs/cluster_15/046_cell_1761648841576_912349010008_80579_0100.jpg
15,/home/wangqianqian/project/FS/data/28gusui&pizang/03/02/cell_1761645738459_912349010008_11001_0000.png,thumbs/cluster_15/047_cell_1761645738459_912349010008_11001_0000.jpg
15,/home/wangqianqian/project/FS/data/28gusui&pizang/03/06/cell_1761646013986_912349010008_32943_0000.png,thumbs/cluster_15/048_cell_1761646013986_912349010008_32943_0000.jpg
15,/home/wangqianqian/project/FS/data/28gusui&pizang/03/59/cell_1761649166704_912349010008_112144_0100.png,thumbs/cluster_15/049_cell_1761649166704_912349010008_112144_0100.jpg
15,/home/wangqianqian/project/FS/data/28gusui&pizang/03/02/cell_1761645721387_912349010008_9869_0100.png,thumbs/cluster_15/050_cell_1761645721387_912349010008_9869_0100.jpg
15,/home/wangqianqian/project/FS/data/28gusui&pizang/03/57/cell_1761649040549_912349010008_98846_0100.png,thumbs/cluster_15/051_cell_1761649040549_912349010008_98846_0100.jpg
15,/home/wangqianqian/project/FS/data/28gusui&pizang/03/56/cell_1761648982601_912349010008_93352_0100.png,thumbs/cluster_15/052_cell_1761648982601_912349010008_93352_0100.jpg
15,/home/wangqianqian/project/FS/data/28gusui&pizang/03/56/cell_1761648988967_912349010008_93926_0000.png,thumbs/cluster_15/053_cell_1761648988967_912349010008_93926_0000.jpg
15,/home/wangqianqian/project/FS/data/28gusui&pizang/03/15/cell_1761646516471_912349010008_74169_0000.png,thumbs/cluster_15/054_cell_1761646516471_912349010008_74169_0000.jpg
15,/home/wangqianqian/project/FS/data/28gusui&pizang/03/05/cell_1761645942038_912349010008_26949_0100.png,thumbs/cluster_15/055_cell_1761645942038_912349010008_26949_0100.jpg
15,/home/wangqianqian/project/FS/data/28gusui&pizang/03/57/cell_1761649060569_912349010008_100970_0000.png,thumbs/cluster_15/056_cell_1761649060569_912349010008_100970_0000.jpg
15,/home/wangqianqian/project/FS/data/28gusui&pizang/03/50/cell_1761648645036_912349010008_60827_0100.png,thumbs/cluster_15/057_cell_1761648645036_912349010008_60827_0100.jpg
15,/home/wangqianqian/project/FS/data/28gusui&pizang/03/44/cell_1761648285454_912349010008_28249_0000.png,thumbs/cluster_15/058_cell_1761648285454_912349010008_28249_0000.jpg
15,/home/wangqianqian/project/FS/data/28gusui&pizang/03/08/cell_1761646096370_912349010008_39641_0000.png,thumbs/cluster_15/059_cell_1761646096370_912349010008_39641_0000.jpg
15,/home/wangqianqian/project/FS/data/28gusui&pizang/03/49/cell_1761648540530_912349010008_50625_0000.png,thumbs/cluster_15/060_cell_1761648540530_912349010008_50625_0000.jpg
15,/home/wangqianqian/project/FS/data/28gusui&pizang/03/46/cell_1761648377090_912349010008_36236_0000.png,thumbs/cluster_15/061_cell_1761648377090_912349010008_36236_0000.jpg
15,/home/wangqianqian/project/FS/data/28gusui&pizang/03/19/cell_1761646797883_912349010008_97336_0100.png,thumbs/cluster_15/062_cell_1761646797883_912349010008_97336_0100.jpg
15,/home/wangqianqian/project/FS/data/28gusui&pizang/03/14/cell_1761646442462_912349010008_67462_0000.png,thumbs/cluster_15/063_cell_1761646442462_912349010008_67462_0000.jpg
15,/home/wangqianqian/project/FS/data/28gusui&pizang/03/17/cell_1761646663491_912349010008_86247_0000.png,thumbs/cluster_15/064_cell_1761646663491_912349010008_86247_0000.jpg
15,/home/wangqianqian/project/FS/data/28gusui&pizang/03/52/cell_1761648764206_912349010008_72837_0100.png,thumbs/cluster_15/065_cell_1761648764206_912349010008_72837_0100.jpg
15,/home/wangqianqian/project/FS/data/28gusui&pizang/03/10/cell_1761646207597_912349010008_47886_0000.png,thumbs/cluster_15/066_cell_1761646207597_912349010008_47886_0000.jpg
15,/home/wangqianqian/project/FS/data/28gusui&pizang/03/57/cell_1761649020871_912349010008_96912_0000.png,thumbs/cluster_15/067_cell_1761649020871_912349010008_96912_0000.jpg
15,/home/wangqianqian/project/FS/data/28gusui&pizang/03/55/cell_1761648936131_912349010008_89350_0100.png,thumbs/cluster_15/068_cell_1761648936131_912349010008_89350_0100.jpg
15,/home/wangqianqian/project/FS/data/28gusui&pizang/03/46/cell_1761648410801_912349010008_39187_0100.png,thumbs/cluster_15/069_cell_1761648410801_912349010008_39187_0100.jpg
15,/home/wangqianqian/project/FS/data/28gusui&pizang/03/52/cell_1761648751082_912349010008_71574_0000.png,thumbs/cluster_15/070_cell_1761648751082_912349010008_71574_0000.jpg
15,/home/wangqianqian/project/FS/data/28gusui&pizang/03/16/cell_1761646611002_912349010008_81671_0100.png,thumbs/cluster_15/071_cell_1761646611002_912349010008_81671_0100.jpg
15,/home/wangqianqian/project/FS/data/28gusui&pizang/03/50/cell_1761648644148_912349010008_60725_0000.png,thumbs/cluster_15/072_cell_1761648644148_912349010008_60725_0000.jpg
15,/home/wangqianqian/project/FS/data/28gusui&pizang/03/45/cell_1761648333674_912349010008_32339_0000.png,thumbs/cluster_15/073_cell_1761648333674_912349010008_32339_0000.jpg
15,/home/wangqianqian/project/FS/data/28gusui&pizang/03/06/cell_1761645963995_912349010008_28717_0000.png,thumbs/cluster_15/074_cell_1761645963995_912349010008_28717_0000.jpg
15,/home/wangqianqian/project/FS/data/28gusui&pizang/03/03/cell_1761645793423_912349010008_15154_0000.png,thumbs/cluster_15/075_cell_1761645793423_912349010008_15154_0000.jpg
15,/home/wangqianqian/project/FS/data/28gusui&pizang/03/02/cell_1761645747296_912349010008_11712_0000.png,thumbs/cluster_15/076_cell_1761645747296_912349010008_11712_0000.jpg
15,/home/wangqianqian/project/FS/data/28gusui&pizang/03/13/cell_1761646411072_912349010008_64634_0100.png,thumbs/cluster_15/077_cell_1761646411072_912349010008_64634_0100.jpg
15,/home/wangqianqian/project/FS/data/28gusui&pizang/03/52/cell_1761648758176_912349010008_72292_0100.png,thumbs/cluster_15/078_cell_1761648758176_912349010008_72292_0100.jpg
15,/home/wangqianqian/project/FS/data/28gusui&pizang/03/02/cell_1761645770853_912349010008_13409_0100.png,thumbs/cluster_15/079_cell_1761645770853_912349010008_13409_0100.jpg
15,/home/wangqianqian/project/FS/data/28gusui&pizang/03/04/cell_1761645895936_912349010008_23456_0000.png,thumbs/cluster_15/080_cell_1761645895936_912349010008_23456_0000.jpg
15,/home/wangqianqian/project/FS/data/28gusui&pizang/03/57/cell_1761649079654_912349010008_102923_0000.png,thumbs/cluster_15/081_cell_1761649079654_912349010008_102923_0000.jpg
15,/home/wangqianqian/project/FS/data/28gusui&pizang/03/54/cell_1761648869085_912349010008_83366_0000.png,thumbs/cluster_15/082_cell_1761648869085_912349010008_83366_0000.jpg
15,/home/wangqianqian/project/FS/data/28gusui&pizang/03/19/cell_1761646789500_912349010008_96641_0100.png,thumbs/cluster_15/083_cell_1761646789500_912349010008_96641_0100.jpg
15,/home/wangqianqian/project/FS/data/28gusui&pizang/03/42/cell_1761648176830_912349010008_19083_0000.png,thumbs/cluster_15/084_cell_1761648176830_912349010008_19083_0000.jpg
15,/home/wangqianqian/project/FS/data/28gusui&pizang/03/12/cell_1761646374259_912349010008_61859_0000.png,thumbs/cluster_15/085_cell_1761646374259_912349010008_61859_0000.jpg
15,/home/wangqianqian/project/FS/data/28gusui&pizang/03/38/cell_1761647912873_912349010008_4814_0000.png,thumbs/cluster_15/086_cell_1761647912873_912349010008_4814_0000.jpg
15,/home/wangqianqian/project/FS/data/28gusui&pizang/03/51/cell_1761648702288_912349010008_66654_0000.png,thumbs/cluster_15/087_cell_1761648702288_912349010008_66654_0000.jpg
15,/home/wangqianqian/project/FS/data/28gusui&pizang/03/09/cell_1761646175619_912349010008_45412_0100.png,thumbs/cluster_15/088_cell_1761646175619_912349010008_45412_0100.jpg
15,/home/wangqianqian/project/FS/data/28gusui&pizang/03/51/cell_1761648687237_912349010008_65105_0000.png,thumbs/cluster_15/089_cell_1761648687237_912349010008_65105_0000.jpg
15,/home/wangqianqian/project/FS/data/28gusui&pizang/03/48/cell_1761648507794_912349010008_47895_0000.png,thumbs/cluster_15/090_cell_1761648507794_912349010008_47895_0000.jpg
15,/home/wangqianqian/project/FS/data/28gusui&pizang/03/58/cell_1761649105491_912349010008_105682_0100.png,thumbs/cluster_15/091_cell_1761649105491_912349010008_105682_0100.jpg
15,/home/wangqianqian/project/FS/data/28gusui&pizang/03/18/cell_1761646685665_912349010008_88300_0100.png,thumbs/cluster_15/092_cell_1761646685665_912349010008_88300_0100.jpg
15,/home/wangqianqian/project/FS/data/28gusui&pizang/03/10/cell_1761646235660_912349010008_50245_0100.png,thumbs/cluster_15/093_cell_1761646235660_912349010008_50245_0100.jpg
15,/home/wangqianqian/project/FS/data/28gusui&pizang/03/19/cell_1761646769293_912349010008_95020_0000.png,thumbs/cluster_15/094_cell_1761646769293_912349010008_95020_0000.jpg
15,/home/wangqianqian/project/FS/data/28gusui&pizang/03/08/cell_1761646081333_912349010008_38492_0100.png,thumbs/cluster_15/095_cell_1761646081333_912349010008_38492_0100.jpg
15,/home/wangqianqian/project/FS/data/28gusui&pizang/03/41/cell_1761648117127_912349010008_14863_0000.png,thumbs/cluster_15/096_cell_1761648117127_912349010008_14863_0000.jpg
15,/home/wangqianqian/project/FS/data/28gusui&pizang/03/49/cell_1761648540483_912349010008_50619_0000.png,thumbs/cluster_15/097_cell_1761648540483_912349010008_50619_0000.jpg
15,/home/wangqianqian/project/FS/data/28gusui&pizang/03/59/cell_1761649145973_912349010008_109928_0100.png,thumbs/cluster_15/098_cell_1761649145973_912349010008_109928_0100.jpg
15,/home/wangqianqian/project/FS/data/28gusui&pizang/03/18/cell_1761646681725_912349010008_87898_0100.png,thumbs/cluster_15/099_cell_1761646681725_912349010008_87898_0100.jpg
16,/home/wangqianqian/project/FS/data/28gusui&pizang/03/39/cell_1761647979070_912349010008_7352_0000.png,thumbs/cluster_16/000_cell_1761647979070_912349010008_7352_0000.jpg
16,/home/wangqianqian/project/FS/data/28gusui&pizang/03/49/cell_1761648557308_912349010008_52170_0000.png,thumbs/cluster_16/001_cell_1761648557308_912349010008_52170_0000.jpg
16,/home/wangqianqian/project/FS/data/28gusui&pizang/03/45/cell_1761648334162_912349010008_32367_0000.png,thumbs/cluster_16/002_cell_1761648334162_912349010008_32367_0000.jpg
16,/home/wangqianqian/project/FS/data/28gusui&pizang/03/08/cell_1761646097514_912349010008_39730_0100.png,thumbs/cluster_16/003_cell_1761646097514_912349010008_39730_0100.jpg
16,/home/wangqianqian/project/FS/data/28gusui&pizang/03/10/cell_1761646201156_912349010008_47411_0000.png,thumbs/cluster_16/004_cell_1761646201156_912349010008_47411_0000.jpg
16,/home/wangqianqian/project/FS/data/28gusui&pizang/03/46/cell_1761648371106_912349010008_35744_0000.png,thumbs/cluster_16/005_cell_1761648371106_912349010008_35744_0000.jpg
16,/home/wangqianqian/project/FS/data/28gusui&pizang/03/41/cell_1761648106715_912349010008_14204_0100.png,thumbs/cluster_16/006_cell_1761648106715_912349010008_14204_0100.jpg
16,/home/wangqianqian/project/FS/data/28gusui&pizang/03/03/cell_1761645820788_912349010008_17250_0100.png,thumbs/cluster_16/007_cell_1761645820788_912349010008_17250_0100.jpg
16,/home/wangqianqian/project/FS/data/28gusui&pizang/03/49/cell_1761648595940_912349010008_55973_0100.png,thumbs/cluster_16/008_cell_1761648595940_912349010008_55973_0100.jpg
16,/home/wangqianqian/project/FS/data/28gusui&pizang/03/47/cell_1761648463508_912349010008_44113_0000.png,thumbs/cluster_16/009_cell_1761648463508_912349010008_44113_0000.jpg
16,/home/wangqianqian/project/FS/data/28gusui&pizang/03/52/cell_1761648732080_912349010008_69645_0000.png,thumbs/cluster_16/010_cell_1761648732080_912349010008_69645_0000.jpg
16,/home/wangqianqian/project/FS/data/28gusui&pizang/03/20/cell_1761646835314_912349010008_100580_0000.png,thumbs/cluster_16/011_cell_1761646835314_912349010008_100580_0000.jpg
16,/home/wangqianqian/project/FS/data/28gusui&pizang/03/08/cell_1761646086650_912349010008_38895_0000.png,thumbs/cluster_16/012_cell_1761646086650_912349010008_38895_0000.jpg
16,/home/wangqianqian/project/FS/data/28gusui&pizang/03/13/cell_1761646392269_912349010008_63194_0100.png,thumbs/cluster_16/013_cell_1761646392269_912349010008_63194_0100.jpg
16,/home/wangqianqian/project/FS/data/28gusui&pizang/03/14/cell_1761646461733_912349010008_69233_0100.png,thumbs/cluster_16/014_cell_1761646461733_912349010008_69233_0100.jpg
16,/home/wangqianqian/project/FS/data/28gusui&pizang/03/19/cell_1761646791133_912349010008_96771_0000.png,thumbs/cluster_16/015_cell_1761646791133_912349010008_96771_0000.jpg
16,/home/wangqianqian/project/FS/data/28gusui&pizang/03/22/cell_1761646920787_912349010008_107700_0000.png,thumbs/cluster_16/016_cell_1761646920787_912349010008_107700_0000.jpg
16,/home/wangqianqian/project/FS/data/28gusui&pizang/03/55/cell_1761648926820_912349010008_88528_0000.png,thumbs/cluster_16/017_cell_1761648926820_912349010008_88528_0000.jpg
16,/home/wangqianqian/project/FS/data/28gusui&pizang/03/04/cell_1761645882571_912349010008_22509_0100.png,thumbs/cluster_16/018_cell_1761645882571_912349010008_22509_0100.jpg
16,/home/wangqianqian/project/FS/data/28gusui&pizang/03/08/cell_1761646106716_912349010008_40441_0000.png,thumbs/cluster_16/019_cell_1761646106716_912349010008_40441_0000.jpg
16,/home/wangqianqian/project/FS/data/28gusui&pizang/03/08/cell_1761646102555_912349010008_40119_0000.png,thumbs/cluster_16/020_cell_1761646102555_912349010008_40119_0000.jpg
16,/home/wangqianqian/project/FS/data/28gusui&pizang/03/57/cell_1761649059219_912349010008_100835_0000.png,thumbs/cluster_16/021_cell_1761649059219_912349010008_100835_0000.jpg
16,/home/wangqianqian/project/FS/data/28gusui&pizang/03/18/cell_1761646688612_912349010008_88569_0000.png,thumbs/cluster_16/022_cell_1761646688612_912349010008_88569_0000.jpg
16,/home/wangqianqian/project/FS/data/28gusui&pizang/03/57/cell_1761649058183_912349010008_100714_0000.png,thumbs/cluster_16/023_cell_1761649058183_912349010008_100714_0000.jpg
16,/home/wangqianqian/project/FS/data/28gusui&pizang/03/18/cell_1761646733969_912349010008_92224_0000.png,thumbs/cluster_16/024_cell_1761646733969_912349010008_92224_0000.jpg
16,/home/wangqianqian/project/FS/data/28gusui&pizang/03/45/cell_1761648341948_912349010008_33081_0000.png,thumbs/cluster_16/025_cell_1761648341948_912349010008_33081_0000.jpg
16,/home/wangqianqian/project/FS/data/28gusui&pizang/03/11/cell_1761646286130_912349010008_54426_0000.png,thumbs/cluster_16/026_cell_1761646286130_912349010008_54426_0000.jpg
16,/home/wangqianqian/project/FS/data/28gusui&pizang/03/14/cell_1761646453679_912349010008_68477_0000.png,thumbs/cluster_16/027_cell_1761646453679_912349010008_68477_0000.jpg
16,/home/wangqianqian/project/FS/data/28gusui&pizang/03/02/cell_1761645723590_912349010008_10036_0100.png,thumbs/cluster_16/028_cell_1761645723590_912349010008_10036_0100.jpg
16,/home/wangqianqian/project/FS/data/28gusui&pizang/03/56/cell_1761649000785_912349010008_95070_0000.png,thumbs/cluster_16/029_cell_1761649000785_912349010008_95070_0000.jpg
16,/home/wangqianqian/project/FS/data/28gusui&pizang/03/42/cell_1761648148130_912349010008_17072_0000.png,thumbs/cluster_16/030_cell_1761648148130_912349010008_17072_0000.jpg
16,/home/wangqianqian/project/FS/data/28gusui&pizang/03/18/cell_1761646692314_912349010008_88866_0000.png,thumbs/cluster_16/031_cell_1761646692314_912349010008_88866_0000.jpg
16,/home/wangqianqian/project/FS/data/28gusui&pizang/03/59/cell_1761649149139_912349010008_110231_0000.png,thumbs/cluster_16/032_cell_1761649149139_912349010008_110231_0000.jpg
16,/home/wangqianqian/project/FS/data/28gusui&pizang/03/13/cell_1761646410271_912349010008_64574_0000.png,thumbs/cluster_16/033_cell_1761646410271_912349010008_64574_0000.jpg
16,/home/wangqianqian/project/FS/data/28gusui&pizang/03/02/cell_1761645729160_912349010008_10375_0000.png,thumbs/cluster_16/034_cell_1761645729160_912349010008_10375_0000.jpg
16,/home/wangqianqian/project/FS/data/28gusui&pizang/03/17/cell_1761646676802_912349010008_87487_0000.png,thumbs/cluster_16/035_cell_1761646676802_912349010008_87487_0000.jpg
16,/home/wangqianqian/project/FS/data/28gusui&pizang/03/57/cell_1761649039253_912349010008_98672_0000.png,thumbs/cluster_16/036_cell_1761649039253_912349010008_98672_0000.jpg
16,/home/wangqianqian/project/FS/data/28gusui&pizang/03/46/cell_1761648377016_912349010008_36227_0000.png,thumbs/cluster_16/037_cell_1761648377016_912349010008_36227_0000.jpg
16,/home/wangqianqian/project/FS/data/28gusui&pizang/03/47/cell_1761648475759_912349010008_45153_0100.png,thumbs/cluster_16/038_cell_1761648475759_912349010008_45153_0100.jpg
16,/home/wangqianqian/project/FS/data/28gusui&pizang/03/45/cell_1761648300467_912349010008_29511_0000.png,thumbs/cluster_16/039_cell_1761648300467_912349010008_29511_0000.jpg
16,/home/wangqianqian/project/FS/data/28gusui&pizang/03/47/cell_1761648424911_912349010008_40535_0100.png,thumbs/cluster_16/040_cell_1761648424911_912349010008_40535_0100.jpg
16,/home/wangqianqian/project/FS/data/28gusui&pizang/03/15/cell_1761646505430_912349010008_73267_0000.png,thumbs/cluster_16/041_cell_1761646505430_912349010008_73267_0000.jpg
16,/home/wangqianqian/project/FS/data/28gusui&pizang/03/17/cell_1761646658391_912349010008_85796_0100.png,thumbs/cluster_16/042_cell_1761646658391_912349010008_85796_0100.jpg
16,/home/wangqianqian/project/FS/data/28gusui&pizang/03/52/cell_1761648735276_912349010008_69984_0100.png,thumbs/cluster_16/043_cell_1761648735276_912349010008_69984_0100.jpg
16,/home/wangqianqian/project/FS/data/28gusui&pizang/03/47/cell_1761648447755_912349010008_42759_0000.png,thumbs/cluster_16/044_cell_1761648447755_912349010008_42759_0000.jpg
16,/home/wangqianqian/project/FS/data/28gusui&pizang/03/10/cell_1761646220334_912349010008_48993_0000.png,thumbs/cluster_16/045_cell_1761646220334_912349010008_48993_0000.jpg
16,/home/wangqianqian/project/FS/data/28gusui&pizang/03/03/cell_1761645805528_912349010008_16098_0000.png,thumbs/cluster_16/046_cell_1761645805528_912349010008_16098_0000.jpg
16,/home/wangqianqian/project/FS/data/28gusui&pizang/03/54/cell_1761648850145_912349010008_81455_0100.png,thumbs/cluster_16/047_cell_1761648850145_912349010008_81455_0100.jpg
16,/home/wangqianqian/project/FS/data/28gusui&pizang/03/57/cell_1761649036248_912349010008_98391_0000.png,thumbs/cluster_16/048_cell_1761649036248_912349010008_98391_0000.jpg
16,/home/wangqianqian/project/FS/data/28gusui&pizang/03/59/cell_1761649157547_912349010008_111153_0000.png,thumbs/cluster_16/049_cell_1761649157547_912349010008_111153_0000.jpg
16,/home/wangqianqian/project/FS/data/28gusui&pizang/03/39/cell_1761647991994_912349010008_7881_0000.png,thumbs/cluster_16/050_cell_1761647991994_912349010008_7881_0000.jpg
16,/home/wangqianqian/project/FS/data/28gusui&pizang/03/49/cell_1761648593324_912349010008_55645_0000.png,thumbs/cluster_16/051_cell_1761648593324_912349010008_55645_0000.jpg
16,/home/wangqianqian/project/FS/data/28gusui&pizang/03/51/cell_1761648696164_912349010008_66023_0000.png,thumbs/cluster_16/052_cell_1761648696164_912349010008_66023_0000.jpg
16,/home/wangqianqian/project/FS/data/28gusui&pizang/03/15/cell_1761646522067_912349010008_74657_0100.png,thumbs/cluster_16/053_cell_1761646522067_912349010008_74657_0100.jpg
16,/home/wangqianqian/project/FS/data/28gusui&pizang/03/49/cell_1761648585235_912349010008_54812_0100.png,thumbs/cluster_16/054_cell_1761648585235_912349010008_54812_0100.jpg
16,/home/wangqianqian/project/FS/data/28gusui&pizang/03/54/cell_1761648862476_912349010008_82743_0000.png,thumbs/cluster_16/055_cell_1761648862476_912349010008_82743_0000.jpg
16,/home/wangqianqian/project/FS/data/28gusui&pizang/03/05/cell_1761645914374_912349010008_24829_0000.png,thumbs/cluster_16/056_cell_1761645914374_912349010008_24829_0000.jpg
16,/home/wangqianqian/project/FS/data/28gusui&pizang/03/49/cell_1761648561246_912349010008_52511_0100.png,thumbs/cluster_16/057_cell_1761648561246_912349010008_52511_0100.jpg
16,/home/wangqianqian/project/FS/data/28gusui&pizang/03/41/cell_1761648077132_912349010008_12303_0100.png,thumbs/cluster_16/058_cell_1761648077132_912349010008_12303_0100.jpg
16,/home/wangqianqian/project/FS/data/28gusui&pizang/03/13/cell_1761646400935_912349010008_63829_0000.png,thumbs/cluster_16/059_cell_1761646400935_912349010008_63829_0000.jpg
16,/home/wangqianqian/project/FS/data/28gusui&pizang/03/41/cell_1761648099340_912349010008_13803_0100.png,thumbs/cluster_16/060_cell_1761648099340_912349010008_13803_0100.jpg
16,/home/wangqianqian/project/FS/data/28gusui&pizang/03/59/cell_1761649148296_912349010008_110156_0000.png,thumbs/cluster_16/061_cell_1761649148296_912349010008_110156_0000.jpg
16,/home/wangqianqian/project/FS/data/28gusui&pizang/03/56/cell_1761649012710_912349010008_96161_0000.png,thumbs/cluster_16/062_cell_1761649012710_912349010008_96161_0000.jpg
16,/home/wangqianqian/project/FS/data/28gusui&pizang/03/50/cell_1761648629912_912349010008_59311_0100.png,thumbs/cluster_16/063_cell_1761648629912_912349010008_59311_0100.jpg
16,/home/wangqianqian/project/FS/data/28gusui&pizang/03/58/cell_1761649128873_912349010008_108163_0100.png,thumbs/cluster_16/064_cell_1761649128873_912349010008_108163_0100.jpg
16,/home/wangqianqian/project/FS/data/28gusui&pizang/03/18/cell_1761646715711_912349010008_90651_0000.png,thumbs/cluster_16/065_cell_1761646715711_912349010008_90651_0000.jpg
16,/home/wangqianqian/project/FS/data/28gusui&pizang/03/13/cell_1761646386893_912349010008_62802_0000.png,thumbs/cluster_16/066_cell_1761646386893_912349010008_62802_0000.jpg
16,/home/wangqianqian/project/FS/data/28gusui&pizang/03/46/cell_1761648409966_912349010008_39095_0100.png,thumbs/cluster_16/067_cell_1761648409966_912349010008_39095_0100.jpg
16,/home/wangqianqian/project/FS/data/28gusui&pizang/03/46/cell_1761648404706_912349010008_38639_0000.png,thumbs/cluster_16/068_cell_1761648404706_912349010008_38639_0000.jpg
16,/home/wangqianqian/project/FS/data/28gusui&pizang/03/08/cell_1761646137920_912349010008_42662_0000.png,thumbs/cluster_16/069_cell_1761646137920_912349010008_42662_0000.jpg
16,/home/wangqianqian/project/FS/data/28gusui&pizang/03/56/cell_1761648988660_912349010008_93883_0100.png,thumbs/cluster_16/070_cell_1761648988660_912349010008_93883_0100.jpg
16,/home/wangqianqian/project/FS/data/28gusui&pizang/03/46/cell_1761648404896_912349010008_38655_0100.png,thumbs/cluster_16/071_cell_1761648404896_912349010008_38655_0100.jpg
16,/home/wangqianqian/project/FS/data/28gusui&pizang/03/07/cell_1761646053373_912349010008_36419_0000.png,thumbs/cluster_16/072_cell_1761646053373_912349010008_36419_0000.jpg
16,/home/wangqianqian/project/FS/data/28gusui&pizang/03/42/cell_1761648135019_912349010008_16129_0000.png,thumbs/cluster_16/073_cell_1761648135019_912349010008_16129_0000.jpg
16,/home/wangqianqian/project/FS/data/28gusui&pizang/03/10/cell_1761646229406_912349010008_49739_0100.png,thumbs/cluster_16/074_cell_1761646229406_912349010008_49739_0100.jpg
16,/home/wangqianqian/project/FS/data/28gusui&pizang/03/52/cell_1761648734560_912349010008_69905_0100.png,thumbs/cluster_16/075_cell_1761648734560_912349010008_69905_0100.jpg
16,/home/wangqianqian/project/FS/data/28gusui&pizang/03/10/cell_1761646211782_912349010008_48256_0000.png,thumbs/cluster_16/076_cell_1761646211782_912349010008_48256_0000.jpg
16,/home/wangqianqian/project/FS/data/28gusui&pizang/03/48/cell_1761648515095_912349010008_48440_0000.png,thumbs/cluster_16/077_cell_1761648515095_912349010008_48440_0000.jpg
16,/home/wangqianqian/project/FS/data/28gusui&pizang/03/45/cell_1761648342341_912349010008_33121_0000.png,thumbs/cluster_16/078_cell_1761648342341_912349010008_33121_0000.jpg
16,/home/wangqianqian/project/FS/data/28gusui&pizang/03/16/cell_1761646565985_912349010008_78126_0000.png,thumbs/cluster_16/079_cell_1761646565985_912349010008_78126_0000.jpg
16,/home/wangqianqian/project/FS/data/28gusui&pizang/03/01/cell_1761645705150_912349010008_8696_0100.png,thumbs/cluster_16/080_cell_1761645705150_912349010008_8696_0100.jpg
16,/home/wangqianqian/project/FS/data/28gusui&pizang/03/57/cell_1761649068341_912349010008_101773_0000.png,thumbs/cluster_16/081_cell_1761649068341_912349010008_101773_0000.jpg
16,/home/wangqianqian/project/FS/data/28gusui&pizang/03/11/cell_1761646286264_912349010008_54434_0100.png,thumbs/cluster_16/082_cell_1761646286264_912349010008_54434_0100.jpg
16,/home/wangqianqian/project/FS/data/28gusui&pizang/03/17/cell_1761646649337_912349010008_85044_0100.png,thumbs/cluster_16/083_cell_1761646649337_912349010008_85044_0100.jpg
16,/home/wangqianqian/project/FS/data/28gusui&pizang/03/21/cell_1761646877347_912349010008_104146_0100.png,thumbs/cluster_16/084_cell_1761646877347_912349010008_104146_0100.jpg
16,/home/wangqianqian/project/FS/data/28gusui&pizang/03/45/cell_1761648305831_912349010008_29968_0000.png,thumbs/cluster_16/085_cell_1761648305831_912349010008_29968_0000.jpg
16,/home/wangqianqian/project/FS/data/28gusui&pizang/03/46/cell_1761648418179_912349010008_39935_0000.png,thumbs/cluster_16/086_cell_1761648418179_912349010008_39935_0000.jpg
16,/home/wangqianqian/project/FS/data/28gusui&pizang/03/14/cell_1761646461534_912349010008_69222_0000.png,thumbs/cluster_16/087_cell_1761646461534_912349010008_69222_0000.jpg
16,/home/wangqianqian/project/FS/data/28gusui&pizang/03/40/cell_1761648052437_912349010008_10863_0000.png,thumbs/cluster_16/088_cell_1761648052437_912349010008_10863_0000.jpg
16,/home/wangqianqian/project/FS/data/28gusui&pizang/03/18/cell_1761646690975_912349010008_88744_0000.png,thumbs/cluster_16/089_cell_1761646690975_912349010008_88744_0000.jpg
16,/home/wangqianqian/project/FS/data/28gusui&pizang/03/46/cell_1761648384092_912349010008_36851_0100.png,thumbs/cluster_16/090_cell_1761648384092_912349010008_36851_0100.jpg
16,/home/wangqianqian/project/FS/data/28gusui&pizang/03/42/cell_1761648124937_912349010008_15399_0100.png,thumbs/cluster_16/091_cell_1761648124937_912349010008_15399_0100.jpg
16,/home/wangqianqian/project/FS/data/28gusui&pizang/03/58/cell_1761649091369_912349010008_104215_0000.png,thumbs/cluster_16/092_cell_1761649091369_912349010008_104215_0000.jpg
16,/home/wangqianqian/project/FS/data/28gusui&pizang/03/13/cell_1761646380872_912349010008_62368_0000.png,thumbs/cluster_16/093_cell_1761646380872_912349010008_62368_0000.jpg
16,/home/wangqianqian/project/FS/data/28gusui&pizang/03/49/cell_1761648590582_912349010008_55366_0100.png,thumbs/cluster_16/094_cell_1761648590582_912349010008_55366_0100.jpg
16,/home/wangqianqian/project/FS/data/28gusui&pizang/03/54/cell_1761648847860_912349010008_81236_0100.png,thumbs/cluster_16/095_cell_1761648847860_912349010008_81236_0100.jpg
16,/home/wangqianqian/project/FS/data/28gusui&pizang/03/12/cell_1761646372215_912349010008_61684_0100.png,thumbs/cluster_16/096_cell_1761646372215_912349010008_61684_0100.jpg
16,/home/wangqianqian/project/FS/data/28gusui&pizang/03/48/cell_1761648526281_912349010008_49360_0000.png,thumbs/cluster_16/097_cell_1761648526281_912349010008_49360_0000.jpg
16,/home/wangqianqian/project/FS/data/28gusui&pizang/03/06/cell_1761645975544_912349010008_29718_0000.png,thumbs/cluster_16/098_cell_1761645975544_912349010008_29718_0000.jpg
16,/home/wangqianqian/project/FS/data/28gusui&pizang/03/53/cell_1761648797467_912349010008_76222_0000.png,thumbs/cluster_16/099_cell_1761648797467_912349010008_76222_0000.jpg
17,/home/wangqianqian/project/FS/data/28gusui&pizang/03/07/cell_1761646023073_912349010008_33739_0100.png,thumbs/cluster_17/000_cell_1761646023073_912349010008_33739_0100.jpg
17,/home/wangqianqian/project/FS/data/28gusui&pizang/03/05/cell_1761645903193_912349010008_23979_0000.png,thumbs/cluster_17/001_cell_1761645903193_912349010008_23979_0000.jpg
17,/home/wangqianqian/project/FS/data/28gusui&pizang/03/42/cell_1761648143141_912349010008_16715_0100.png,thumbs/cluster_17/002_cell_1761648143141_912349010008_16715_0100.jpg
17,/home/wangqianqian/project/FS/data/28gusui&pizang/03/55/cell_1761648929610_912349010008_88775_0000.png,thumbs/cluster_17/003_cell_1761648929610_912349010008_88775_0000.jpg
17,/home/wangqianqian/project/FS/data/28gusui&pizang/03/03/cell_1761645834941_912349010008_18365_0000.png,thumbs/cluster_17/004_cell_1761645834941_912349010008_18365_0000.jpg
17,/home/wangqianqian/project/FS/data/28gusui&pizang/03/17/cell_1761646629084_912349010008_83232_0000.png,thumbs/cluster_17/005_cell_1761646629084_912349010008_83232_0000.jpg
17,/home/wangqianqian/project/FS/data/28gusui&pizang/03/15/cell_1761646504464_912349010008_73186_0000.png,thumbs/cluster_17/006_cell_1761646504464_912349010008_73186_0000.jpg
17,/home/wangqianqian/project/FS/data/28gusui&pizang/03/02/cell_1761645755780_912349010008_12357_0000.png,thumbs/cluster_17/007_cell_1761645755780_912349010008_12357_0000.jpg
17,/home/wangqianqian/project/FS/data/28gusui&pizang/03/11/cell_1761646291651_912349010008_54935_0000.png,thumbs/cluster_17/008_cell_1761646291651_912349010008_54935_0000.jpg
17,/home/wangqianqian/project/FS/data/28gusui&pizang/03/59/cell_1761649158594_912349010008_111258_0000.png,thumbs/cluster_17/009_cell_1761649158594_912349010008_111258_0000.jpg
17,/home/wangqianqian/project/FS/data/28gusui&pizang/03/13/cell_1761646424129_912349010008_65747_0000.png,thumbs/cluster_17/010_cell_1761646424129_912349010008_65747_0000.jpg
17,/home/wangqianqian/project/FS/data/28gusui&pizang/03/15/cell_1761646545546_912349010008_76590_0000.png,thumbs/cluster_17/011_cell_1761646545546_912349010008_76590_0000.jpg
17,/home/wangqianqian/project/FS/data/28gusui&pizang/03/17/cell_1761646678115_912349010008_87604_0100.png,thumbs/cluster_17/012_cell_1761646678115_912349010008_87604_0100.jpg
17,/home/wangqianqian/project/FS/data/28gusui&pizang/03/10/cell_1761646232711_912349010008_50002_0000.png,thumbs/cluster_17/013_cell_1761646232711_912349010008_50002_0000.jpg
17,/home/wangqianqian/project/FS/data/28gusui&pizang/03/19/cell_1761646796608_912349010008_97228_0000.png,thumbs/cluster_17/014_cell_1761646796608_912349010008_97228_0000.jpg
17,/home/wangqianqian/project/FS/data/28gusui&pizang/03/11/cell_1761646293149_912349010008_55088_0000.png,thumbs/cluster_17/015_cell_1761646293149_912349010008_55088_0000.jpg
17,/home/wangqianqian/project/FS/data/28gusui&pizang/03/58/cell_1761649112531_912349010008_106475_0000.png,thumbs/cluster_17/016_cell_1761649112531_912349010008_106475_0000.jpg
17,/home/wangqianqian/project/FS/data/28gusui&pizang/03/36/cell_1761647799110_912349010008_817_0000.png,thumbs/cluster_17/017_cell_1761647799110_912349010008_817_0000.jpg
17,/home/wangqianqian/project/FS/data/28gusui&pizang/03/17/cell_1761646628119_912349010008_83147_0000.png,thumbs/cluster_17/018_cell_1761646628119_912349010008_83147_0000.jpg
17,/home/wangqianqian/project/FS/data/28gusui&pizang/03/21/cell_1761646865525_912349010008_103238_0000.png,thumbs/cluster_17/019_cell_1761646865525_912349010008_103238_0000.jpg
17,/home/wangqianqian/project/FS/data/28gusui&pizang/03/54/cell_1761648846961_912349010008_81135_0000.png,thumbs/cluster_17/020_cell_1761648846961_912349010008_81135_0000.jpg
17,/home/wangqianqian/project/FS/data/28gusui&pizang/03/14/cell_1761646494108_912349010008_72245_0100.png,thumbs/cluster_17/021_cell_1761646494108_912349010008_72245_0100.jpg
17,/home/wangqianqian/project/FS/data/28gusui&pizang/03/10/cell_1761646205408_912349010008_47730_0000.png,thumbs/cluster_17/022_cell_1761646205408_912349010008_47730_0000.jpg
17,/home/wangqianqian/project/FS/data/28gusui&pizang/03/12/cell_1761646375418_912349010008_61928_0000.png,thumbs/cluster_17/023_cell_1761646375418_912349010008_61928_0000.jpg
17,/home/wangqianqian/project/FS/data/28gusui&pizang/03/15/cell_1761646516535_912349010008_74172_0100.png,thumbs/cluster_17/024_cell_1761646516535_912349010008_74172_0100.jpg
17,/home/wangqianqian/project/FS/data/28gusui&pizang/03/16/cell_1761646607333_912349010008_81405_0100.png,thumbs/cluster_17/025_cell_1761646607333_912349010008_81405_0100.jpg
17,/home/wangqianqian/project/FS/data/28gusui&pizang/03/13/cell_1761646425945_912349010008_65912_0100.png,thumbs/cluster_17/026_cell_1761646425945_912349010008_65912_0100.jpg
17,/home/wangqianqian/project/FS/data/28gusui&pizang/03/04/cell_1761645875093_912349010008_21847_0100.png,thumbs/cluster_17/027_cell_1761645875093_912349010008_21847_0100.jpg
17,/home/wangqianqian/project/FS/data/28gusui&pizang/03/10/cell_1761646234685_912349010008_50163_0100.png,thumbs/cluster_17/028_cell_1761646234685_912349010008_50163_0100.jpg
17,/home/wangqianqian/project/FS/data/28gusui&pizang/03/16/cell_1761646570800_912349010008_78502_0100.png,thumbs/cluster_17/029_cell_1761646570800_912349010008_78502_0100.jpg
17,/home/wangqianqian/project/FS/data/28gusui&pizang/03/56/cell_1761648978483_912349010008_93006_0000.png,thumbs/cluster_17/030_cell_1761648978483_912349010008_93006_0000.jpg
17,/home/wangqianqian/project/FS/data/28gusui&pizang/03/20/cell_1761646803038_912349010008_97863_0100.png,thumbs/cluster_17/031_cell_1761646803038_912349010008_97863_0100.jpg
17,/home/wangqianqian/project/FS/data/28gusui&pizang/03/11/cell_1761646293543_912349010008_55124_0100.png,thumbs/cluster_17/032_cell_1761646293543_912349010008_55124_0100.jpg
17,/home/wangqianqian/project/FS/data/28gusui&pizang/03/14/cell_1761646440638_912349010008_67291_0100.png,thumbs/cluster_17/033_cell_1761646440638_912349010008_67291_0100.jpg
17,/home/wangqianqian/project/FS/data/28gusui&pizang/03/55/cell_1761648938318_912349010008_89512_0100.png,thumbs/cluster_17/034_cell_1761648938318_912349010008_89512_0100.jpg
17,/home/wangqianqian/project/FS/data/28gusui&pizang/03/02/cell_1761645739435_912349010008_11114_0000.png,thumbs/cluster_17/035_cell_1761645739435_912349010008_11114_0000.jpg
17,/home/wangqianqian/project/FS/data/28gusui&pizang/03/09/cell_1761646184807_912349010008_46168_0000.png,thumbs/cluster_17/036_cell_1761646184807_912349010008_46168_0000.jpg
17,/home/wangqianqian/project/FS/data/28gusui&pizang/03/49/cell_1761648576708_912349010008_54034_0100.png,thumbs/cluster_17/037_cell_1761648576708_912349010008_54034_0100.jpg
17,/home/wangqianqian/project/FS/data/28gusui&pizang/03/06/cell_1761646009616_912349010008_32518_0000.png,thumbs/cluster_17/038_cell_1761646009616_912349010008_32518_0000.jpg
17,/home/wangqianqian/project/FS/data/28gusui&pizang/03/04/cell_1761645899244_912349010008_23683_0100.png,thumbs/cluster_17/039_cell_1761645899244_912349010008_23683_0100.jpg
17,/home/wangqianqian/project/FS/data/28gusui&pizang/03/15/cell_1761646551536_912349010008_77054_0000.png,thumbs/cluster_17/040_cell_1761646551536_912349010008_77054_0000.jpg
17,/home/wangqianqian/project/FS/data/28gusui&pizang/03/42/cell_1761648125015_912349010008_15415_0000.png,thumbs/cluster_17/041_cell_1761648125015_912349010008_15415_0000.jpg
17,/home/wangqianqian/project/FS/data/28gusui&pizang/03/14/cell_1761646452687_912349010008_68397_0000.png,thumbs/cluster_17/042_cell_1761646452687_912349010008_68397_0000.jpg
17,/home/wangqianqian/project/FS/data/28gusui&pizang/03/55/cell_1761648933888_912349010008_89147_0000.png,thumbs/cluster_17/043_cell_1761648933888_912349010008_89147_0000.jpg
17,/home/wangqianqian/project/FS/data/28gusui&pizang/03/09/cell_1761646196819_912349010008_47068_0100.png,thumbs/cluster_17/044_cell_1761646196819_912349010008_47068_0100.jpg
17,/home/wangqianqian/project/FS/data/28gusui&pizang/03/04/cell_1761645872171_912349010008_21588_0100.png,thumbs/cluster_17/045_cell_1761645872171_912349010008_21588_0100.jpg
17,/home/wangqianqian/project/FS/data/28gusui&pizang/03/10/cell_1761646257369_912349010008_51992_0000.png,thumbs/cluster_17/046_cell_1761646257369_912349010008_51992_0000.jpg
17,/home/wangqianqian/project/FS/data/28gusui&pizang/03/15/cell_1761646518153_912349010008_74320_0000.png,thumbs/cluster_17/047_cell_1761646518153_912349010008_74320_0000.jpg
17,/home/wangqianqian/project/FS/data/28gusui&pizang/03/03/cell_1761645811242_912349010008_16518_0000.png,thumbs/cluster_17/048_cell_1761645811242_912349010008_16518_0000.jpg
17,/home/wangqianqian/project/FS/data/28gusui&pizang/03/02/cell_1761645727591_912349010008_10277_0000.png,thumbs/cluster_17/049_cell_1761645727591_912349010008_10277_0000.jpg
17,/home/wangqianqian/project/FS/data/28gusui&pizang/03/18/cell_1761646720019_912349010008_90984_0000.png,thumbs/cluster_17/050_cell_1761646720019_912349010008_90984_0000.jpg
17,/home/wangqianqian/project/FS/data/28gusui&pizang/03/55/cell_1761648957112_912349010008_91118_0100.png,thumbs/cluster_17/051_cell_1761648957112_912349010008_91118_0100.jpg
17,/home/wangqianqian/project/FS/data/28gusui&pizang/03/17/cell_1761646641425_912349010008_84322_0100.png,thumbs/cluster_17/052_cell_1761646641425_912349010008_84322_0100.jpg
17,/home/wangqianqian/project/FS/data/28gusui&pizang/03/20/cell_1761646845255_912349010008_101419_0000.png,thumbs/cluster_17/053_cell_1761646845255_912349010008_101419_0000.jpg
17,/home/wangqianqian/project/FS/data/28gusui&pizang/03/02/cell_1761645753547_912349010008_12187_0100.png,thumbs/cluster_17/054_cell_1761645753547_912349010008_12187_0100.jpg
17,/home/wangqianqian/project/FS/data/28gusui&pizang/03/56/cell_1761648996371_912349010008_94652_0100.png,thumbs/cluster_17/055_cell_1761648996371_912349010008_94652_0100.jpg
17,/home/wangqianqian/project/FS/data/28gusui&pizang/03/09/cell_1761646170243_912349010008_45048_0000.png,thumbs/cluster_17/056_cell_1761646170243_912349010008_45048_0000.jpg
17,/home/wangqianqian/project/FS/data/28gusui&pizang/03/11/cell_1761646303437_912349010008_56011_0000.png,thumbs/cluster_17/057_cell_1761646303437_912349010008_56011_0000.jpg
17,/home/wangqianqian/project/FS/data/28gusui&pizang/03/02/cell_1761645752451_912349010008_12090_0100.png,thumbs/cluster_17/058_cell_1761645752451_912349010008_12090_0100.jpg
17,/home/wangqianqian/project/FS/data/28gusui&pizang/03/07/cell_1761646067923_912349010008_37532_0000.png,thumbs/cluster_17/059_cell_1761646067923_912349010008_37532_0000.jpg
17,/home/wangqianqian/project/FS/data/28gusui&pizang/03/14/cell_1761646465284_912349010008_69540_0000.png,thumbs/cluster_17/060_cell_1761646465284_912349010008_69540_0000.jpg
17,/home/wangqianqian/project/FS/data/28gusui&pizang/03/59/cell_1761649166261_912349010008_112098_0000.png,thumbs/cluster_17/061_cell_1761649166261_912349010008_112098_0000.jpg
17,/home/wangqianqian/project/FS/data/28gusui&pizang/03/15/cell_1761646502589_912349010008_73043_0100.png,thumbs/cluster_17/062_cell_1761646502589_912349010008_73043_0100.jpg
17,/home/wangqianqian/project/FS/data/28gusui&pizang/03/03/cell_1761645808410_912349010008_16316_0100.png,thumbs/cluster_17/063_cell_1761645808410_912349010008_16316_0100.jpg
17,/home/wangqianqian/project/FS/data/28gusui&pizang/03/09/cell_1761646174155_912349010008_45317_0000.png,thumbs/cluster_17/064_cell_1761646174155_912349010008_45317_0000.jpg
17,/home/wangqianqian/project/FS/data/28gusui&pizang/03/15/cell_1761646534589_912349010008_75623_0000.png,thumbs/cluster_17/065_cell_1761646534589_912349010008_75623_0000.jpg
17,/home/wangqianqian/project/FS/data/28gusui&pizang/03/06/cell_1761645978827_912349010008_29968_0100.png,thumbs/cluster_17/066_cell_1761645978827_912349010008_29968_0100.jpg
17,/home/wangqianqian/project/FS/data/28gusui&pizang/03/45/cell_1761648342710_912349010008_33158_0000.png,thumbs/cluster_17/067_cell_1761648342710_912349010008_33158_0000.jpg
17,/home/wangqianqian/project/FS/data/28gusui&pizang/03/02/cell_1761645723767_912349010008_10056_0100.png,thumbs/cluster_17/068_cell_1761645723767_912349010008_10056_0100.jpg
17,/home/wangqianqian/project/FS/data/28gusui&pizang/03/09/cell_1761646183477_912349010008_46043_0000.png,thumbs/cluster_17/069_cell_1761646183477_912349010008_46043_0000.jpg
17,/home/wangqianqian/project/FS/data/28gusui&pizang/03/18/cell_1761646719806_912349010008_90968_0000.png,thumbs/cluster_17/070_cell_1761646719806_912349010008_90968_0000.jpg
17,/home/wangqianqian/project/FS/data/28gusui&pizang/03/44/cell_1761648250751_912349010008_25078_0000.png,thumbs/cluster_17/071_cell_1761648250751_912349010008_25078_0000.jpg
17,/home/wangqianqian/project/FS/data/28gusui&pizang/03/06/cell_1761645994420_912349010008_31241_0100.png,thumbs/cluster_17/072_cell_1761645994420_912349010008_31241_0100.jpg
17,/home/wangqianqian/project/FS/data/28gusui&pizang/03/02/cell_1761645742207_912349010008_11350_0000.png,thumbs/cluster_17/073_cell_1761645742207_912349010008_11350_0000.jpg
17,/home/wangqianqian/project/FS/data/28gusui&pizang/03/12/cell_1761646374585_912349010008_61876_0000.png,thumbs/cluster_17/074_cell_1761646374585_912349010008_61876_0000.jpg
17,/home/wangqianqian/project/FS/data/28gusui&pizang/03/43/cell_1761648212066_912349010008_21868_0100.png,thumbs/cluster_17/075_cell_1761648212066_912349010008_21868_0100.jpg
17,/home/wangqianqian/project/FS/data/28gusui&pizang/03/53/cell_1761648820831_912349010008_78627_0000.png,thumbs/cluster_17/076_cell_1761648820831_912349010008_78627_0000.jpg
17,/home/wangqianqian/project/FS/data/28gusui&pizang/03/54/cell_1761648859271_912349010008_82378_0100.png,thumbs/cluster_17/077_cell_1761648859271_912349010008_82378_0100.jpg
17,/home/wangqianqian/project/FS/data/28gusui&pizang/03/02/cell_1761645732773_912349010008_10638_0000.png,thumbs/cluster_17/078_cell_1761645732773_912349010008_10638_0000.jpg
17,/home/wangqianqian/project/FS/data/28gusui&pizang/03/59/cell_1761649179332_912349010008_113461_0100.png,thumbs/cluster_17/079_cell_1761649179332_912349010008_113461_0100.jpg
17,/home/wangqianqian/project/FS/data/28gusui&pizang/03/06/cell_1761645968159_912349010008_29059_0000.png,thumbs/cluster_17/080_cell_1761645968159_912349010008_29059_0000.jpg
17,/home/wangqianqian/project/FS/data/28gusui&pizang/03/43/cell_1761648199089_912349010008_20750_0000.png,thumbs/cluster_17/081_cell_1761648199089_912349010008_20750_0000.jpg
17,/home/wangqianqian/project/FS/data/28gusui&pizang/03/08/cell_1761646121861_912349010008_41552_0100.png,thumbs/cluster_17/082_cell_1761646121861_912349010008_41552_0100.jpg
17,/home/wangqianqian/project/FS/data/28gusui&pizang/03/20/cell_1761646856631_912349010008_102427_0000.png,thumbs/cluster_17/083_cell_1761646856631_912349010008_102427_0000.jpg
17,/home/wangqianqian/project/FS/data/28gusui&pizang/03/16/cell_1761646571309_912349010008_78551_0100.png,thumbs/cluster_17/084_cell_1761646571309_912349010008_78551_0100.jpg
17,/home/wangqianqian/project/FS/data/28gusui&pizang/03/08/cell_1761646114891_912349010008_41062_0000.png,thumbs/cluster_17/085_cell_1761646114891_912349010008_41062_0000.jpg
17,/home/wangqianqian/project/FS/data/28gusui&pizang/03/02/cell_1761645727780_912349010008_10287_0000.png,thumbs/cluster_17/086_cell_1761645727780_912349010008_10287_0000.jpg
17,/home/wangqianqian/project/FS/data/28gusui&pizang/03/15/cell_1761646540684_912349010008_76152_0000.png,thumbs/cluster_17/087_cell_1761646540684_912349010008_76152_0000.jpg
17,/home/wangqianqian/project/FS/data/28gusui&pizang/03/54/cell_1761648842832_912349010008_80707_0000.png,thumbs/cluster_17/088_cell_1761648842832_912349010008_80707_0000.jpg
17,/home/wangqianqian/project/FS/data/28gusui&pizang/03/51/cell_1761648712553_912349010008_67805_0000.png,thumbs/cluster_17/089_cell_1761648712553_912349010008_67805_0000.jpg
17,/home/wangqianqian/project/FS/data/28gusui&pizang/03/59/cell_1761649159863_912349010008_111431_0000.png,thumbs/cluster_17/090_cell_1761649159863_912349010008_111431_0000.jpg
17,/home/wangqianqian/project/FS/data/28gusui&pizang/03/13/cell_1761646388868_912349010008_62966_0000.png,thumbs/cluster_17/091_cell_1761646388868_912349010008_62966_0000.jpg
17,/home/wangqianqian/project/FS/data/28gusui&pizang/03/44/cell_1761648299814_912349010008_29460_0000.png,thumbs/cluster_17/092_cell_1761648299814_912349010008_29460_0000.jpg
17,/home/wangqianqian/project/FS/data/28gusui&pizang/03/18/cell_1761646702604_912349010008_89649_0100.png,thumbs/cluster_17/093_cell_1761646702604_912349010008_89649_0100.jpg
17,/home/wangqianqian/project/FS/data/28gusui&pizang/03/53/cell_1761648780953_912349010008_74400_0100.png,thumbs/cluster_17/094_cell_1761648780953_912349010008_74400_0100.jpg
17,/home/wangqianqian/project/FS/data/28gusui&pizang/03/48/cell_1761648503623_912349010008_47549_0000.png,thumbs/cluster_17/095_cell_1761648503623_912349010008_47549_0000.jpg
17,/home/wangqianqian/project/FS/data/28gusui&pizang/03/09/cell_1761646161513_912349010008_44443_0000.png,thumbs/cluster_17/096_cell_1761646161513_912349010008_44443_0000.jpg
17,/home/wangqianqian/project/FS/data/28gusui&pizang/03/07/cell_1761646027551_912349010008_34114_0100.png,thumbs/cluster_17/097_cell_1761646027551_912349010008_34114_0100.jpg
17,/home/wangqianqian/project/FS/data/28gusui&pizang/03/04/cell_1761645898664_912349010008_23630_0000.png,thumbs/cluster_17/098_cell_1761645898664_912349010008_23630_0000.jpg
17,/home/wangqianqian/project/FS/data/28gusui&pizang/03/15/cell_1761646555162_912349010008_77330_0100.png,thumbs/cluster_17/099_cell_1761646555162_912349010008_77330_0100.jpg
18,/home/wangqianqian/project/FS/data/28gusui&pizang/03/54/cell_1761648881628_912349010008_84632_0000.png,thumbs/cluster_18/000_cell_1761648881628_912349010008_84632_0000.jpg
18,/home/wangqianqian/project/FS/data/28gusui&pizang/03/51/cell_1761648717982_912349010008_68329_0000.png,thumbs/cluster_18/001_cell_1761648717982_912349010008_68329_0000.jpg
18,/home/wangqianqian/project/FS/data/28gusui&pizang/03/40/cell_1761648028304_912349010008_9661_0000.png,thumbs/cluster_18/002_cell_1761648028304_912349010008_9661_0000.jpg
18,/home/wangqianqian/project/FS/data/28gusui&pizang/03/09/cell_1761646198114_912349010008_47180_0100.png,thumbs/cluster_18/003_cell_1761646198114_912349010008_47180_0100.jpg
18,/home/wangqianqian/project/FS/data/28gusui&pizang/03/05/cell_1761645953123_912349010008_27870_0100.png,thumbs/cluster_18/004_cell_1761645953123_912349010008_27870_0100.jpg
18,/home/wangqianqian/project/FS/data/28gusui&pizang/03/12/cell_1761646364073_912349010008_61031_0100.png,thumbs/cluster_18/005_cell_1761646364073_912349010008_61031_0100.jpg
18,/home/wangqianqian/project/FS/data/28gusui&pizang/03/45/cell_1761648340260_912349010008_32909_0100.png,thumbs/cluster_18/006_cell_1761648340260_912349010008_32909_0100.jpg
18,/home/wangqianqian/project/FS/data/28gusui&pizang/03/44/cell_1761648258041_912349010008_25688_0100.png,thumbs/cluster_18/007_cell_1761648258041_912349010008_25688_0100.jpg
18,/home/wangqianqian/project/FS/data/28gusui&pizang/03/51/cell_1761648717905_912349010008_68319_0000.png,thumbs/cluster_18/008_cell_1761648717905_912349010008_68319_0000.jpg
18,/home/wangqianqian/project/FS/data/28gusui&pizang/03/01/cell_1761645695272_912349010008_8106_0000.png,thumbs/cluster_18/009_cell_1761645695272_912349010008_8106_0000.jpg
18,/home/wangqianqian/project/FS/data/28gusui&pizang/03/57/cell_1761649079551_912349010008_102910_0000.png,thumbs/cluster_18/010_cell_1761649079551_912349010008_102910_0000.jpg
18,/home/wangqianqian/project/FS/data/28gusui&pizang/03/18/cell_1761646711612_912349010008_90328_0000.png,thumbs/cluster_18/011_cell_1761646711612_912349010008_90328_0000.jpg
18,/home/wangqianqian/project/FS/data/28gusui&pizang/03/40/cell_1761648001828_912349010008_8319_0000.png,thumbs/cluster_18/012_cell_1761648001828_912349010008_8319_0000.jpg
18,/home/wangqianqian/project/FS/data/28gusui&pizang/03/41/cell_1761648067410_912349010008_11743_0100.png,thumbs/cluster_18/013_cell_1761648067410_912349010008_11743_0100.jpg
18,/home/wangqianqian/project/FS/data/28gusui&pizang/03/57/cell_1761649049893_912349010008_99833_0000.png,thumbs/cluster_18/014_cell_1761649049893_912349010008_99833_0000.jpg
18,/home/wangqianqian/project/FS/data/28gusui&pizang/03/07/cell_1761646024373_912349010008_33847_0100.png,thumbs/cluster_18/015_cell_1761646024373_912349010008_33847_0100.jpg
18,/home/wangqianqian/project/FS/data/28gusui&pizang/03/54/cell_1761648899781_912349010008_86262_0000.png,thumbs/cluster_18/016_cell_1761648899781_912349010008_86262_0000.jpg
18,/home/wangqianqian/project/FS/data/28gusui&pizang/03/15/cell_1761646515815_912349010008_74123_0000.png,thumbs/cluster_18/017_cell_1761646515815_912349010008_74123_0000.jpg
18,/home/wangqianqian/project/FS/data/28gusui&pizang/03/52/cell_1761648735661_912349010008_70017_0100.png,thumbs/cluster_18/018_cell_1761648735661_912349010008_70017_0100.jpg
18,/home/wangqianqian/project/FS/data/28gusui&pizang/03/10/cell_1761646214573_912349010008_48505_0100.png,thumbs/cluster_18/019_cell_1761646214573_912349010008_48505_0100.jpg
18,/home/wangqianqian/project/FS/data/28gusui&pizang/03/17/cell_1761646664856_912349010008_86357_0000.png,thumbs/cluster_18/020_cell_1761646664856_912349010008_86357_0000.jpg
18,/home/wangqianqian/project/FS/data/28gusui&pizang/03/46/cell_1761648383044_912349010008_36778_0000.png,thumbs/cluster_18/021_cell_1761648383044_912349010008_36778_0000.jpg
18,/home/wangqianqian/project/FS/data/28gusui&pizang/03/40/cell_1761648034867_912349010008_10032_0000.png,thumbs/cluster_18/022_cell_1761648034867_912349010008_10032_0000.jpg
18,/home/wangqianqian/project/FS/data/28gusui&pizang/03/11/cell_1761646311442_912349010008_56667_0100.png,thumbs/cluster_18/023_cell_1761646311442_912349010008_56667_0100.jpg
18,/home/wangqianqian/project/FS/data/28gusui&pizang/03/02/cell_1761645762239_912349010008_12835_0000.png,thumbs/cluster_18/024_cell_1761645762239_912349010008_12835_0000.jpg
18,/home/wangqianqian/project/FS/data/28gusui&pizang/03/21/cell_1761646886309_912349010008_104872_0000.png,thumbs/cluster_18/025_cell_1761646886309_912349010008_104872_0000.jpg
18,/home/wangqianqian/project/FS/data/28gusui&pizang/03/54/cell_1761648864484_912349010008_82910_0100.png,thumbs/cluster_18/026_cell_1761648864484_912349010008_82910_0100.jpg
18,/home/wangqianqian/project/FS/data/28gusui&pizang/03/42/cell_1761648151629_912349010008_17324_0000.png,thumbs/cluster_18/027_cell_1761648151629_912349010008_17324_0000.jpg
18,/home/wangqianqian/project/FS/data/28gusui&pizang/03/18/cell_1761646710078_912349010008_90204_0000.png,thumbs/cluster_18/028_cell_1761646710078_912349010008_90204_0000.jpg
18,/home/wangqianqian/project/FS/data/28gusui&pizang/03/18/cell_1761646726002_912349010008_91502_0100.png,thumbs/cluster_18/029_cell_1761646726002_912349010008_91502_0100.jpg
18,/home/wangqianqian/project/FS/data/28gusui&pizang/03/13/cell_1761646412264_912349010008_64724_0100.png,thumbs/cluster_18/030_cell_1761646412264_912349010008_64724_0100.jpg
18,/home/wangqianqian/project/FS/data/28gusui&pizang/03/57/cell_1761649027653_912349010008_97545_0000.png,thumbs/cluster_18/031_cell_1761649027653_912349010008_97545_0000.jpg
18,/home/wangqianqian/project/FS/data/28gusui&pizang/03/52/cell_1761648753938_912349010008_71885_0100.png,thumbs/cluster_18/032_cell_1761648753938_912349010008_71885_0100.jpg
18,/home/wangqianqian/project/FS/data/28gusui&pizang/03/16/cell_1761646572223_912349010008_78616_0000.png,thumbs/cluster_18/033_cell_1761646572223_912349010008_78616_0000.jpg
18,/home/wangqianqian/project/FS/data/28gusui&pizang/03/57/cell_1761649053195_912349010008_100178_0100.png,thumbs/cluster_18/034_cell_1761649053195_912349010008_100178_0100.jpg
18,/home/wangqianqian/project/FS/data/28gusui&pizang/03/12/cell_1761646335083_912349010008_58633_0000.png,thumbs/cluster_18/035_cell_1761646335083_912349010008_58633_0000.jpg
18,/home/wangqianqian/project/FS/data/28gusui&pizang/03/14/cell_1761646479744_912349010008_70802_0100.png,thumbs/cluster_18/036_cell_1761646479744_912349010008_70802_0100.jpg
18,/home/wangqianqian/project/FS/data/28gusui&pizang/03/59/cell_1761649150942_912349010008_110421_0100.png,thumbs/cluster_18/037_cell_1761649150942_912349010008_110421_0100.jpg
18,/home/wangqianqian/project/FS/data/28gusui&pizang/03/18/cell_1761646716288_912349010008_90701_0100.png,thumbs/cluster_18/038_cell_1761646716288_912349010008_90701_0100.jpg
18,/home/wangqianqian/project/FS/data/28gusui&pizang/03/45/cell_1761648336829_912349010008_32616_0000.png,thumbs/cluster_18/039_cell_1761648336829_912349010008_32616_0000.jpg
18,/home/wangqianqian/project/FS/data/28gusui&pizang/03/50/cell_1761648617565_912349010008_58064_0100.png,thumbs/cluster_18/040_cell_1761648617565_912349010008_58064_0100.jpg
18,/home/wangqianqian/project/FS/data/28gusui&pizang/03/05/cell_1761645934744_912349010008_26375_0000.png,thumbs/cluster_18/041_cell_1761645934744_912349010008_26375_0000.jpg
18,/home/wangqianqian/project/FS/data/28gusui&pizang/03/45/cell_1761648332881_912349010008_32277_0100.png,thumbs/cluster_18/042_cell_1761648332881_912349010008_32277_0100.jpg
18,/home/wangqianqian/project/FS/data/28gusui&pizang/03/15/cell_1761646512338_912349010008_73835_0000.png,thumbs/cluster_18/043_cell_1761646512338_912349010008_73835_0000.jpg
18,/home/wangqianqian/project/FS/data/28gusui&pizang/03/20/cell_1761646817860_912349010008_99128_0000.png,thumbs/cluster_18/044_cell_1761646817860_912349010008_99128_0000.jpg
18,/home/wangqianqian/project/FS/data/28gusui&pizang/03/42/cell_1761648148891_912349010008_17123_0100.png,thumbs/cluster_18/045_cell_1761648148891_912349010008_17123_0100.jpg
18,/home/wangqianqian/project/FS/data/28gusui&pizang/03/08/cell_1761646121855_912349010008_41549_0100.png,thumbs/cluster_18/046_cell_1761646121855_912349010008_41549_0100.jpg
18,/home/wangqianqian/project/FS/data/28gusui&pizang/03/18/cell_1761646693328_912349010008_88947_0000.png,thumbs/cluster_18/047_cell_1761646693328_912349010008_88947_0000.jpg
18,/home/wangqianqian/project/FS/data/28gusui&pizang/03/43/cell_1761648220767_912349010008_22514_0000.png,thumbs/cluster_18/048_cell_1761648220767_912349010008_22514_0000.jpg
18,/home/wangqianqian/project/FS/data/28gusui&pizang/03/53/cell_1761648835920_912349010008_80034_0100.png,thumbs/cluster_18/049_cell_1761648835920_912349010008_80034_0100.jpg
18,/home/wangqianqian/project/FS/data/28gusui&pizang/03/01/cell_1761645712807_912349010008_9178_0000.png,thumbs/cluster_18/050_cell_1761645712807_912349010008_9178_0000.jpg
18,/home/wangqianqian/project/FS/data/28gusui&pizang/03/50/cell_1761648621480_912349010008_58450_0100.png,thumbs/cluster_18/051_cell_1761648621480_912349010008_58450_0100.jpg
18,/home/wangqianqian/project/FS/data/28gusui&pizang/03/16/cell_1761646602502_912349010008_81002_0100.png,thumbs/cluster_18/052_cell_1761646602502_912349010008_81002_0100.jpg
18,/home/wangqianqian/project/FS/data/28gusui&pizang/03/48/cell_1761648492198_912349010008_46573_0100.png,thumbs/cluster_18/053_cell_1761648492198_912349010008_46573_0100.jpg
18,/home/wangqianqian/project/FS/data/28gusui&pizang/03/06/cell_1761646005611_912349010008_32146_0100.png,thumbs/cluster_18/054_cell_1761646005611_912349010008_32146_0100.jpg
18,/home/wangqianqian/project/FS/data/28gusui&pizang/03/55/cell_1761648932951_912349010008_89083_0000.png,thumbs/cluster_18/055_cell_1761648932951_912349010008_89083_0000.jpg
18,/home/wangqianqian/project/FS/data/28gusui&pizang/03/04/cell_1761645887909_912349010008_22893_0000.png,thumbs/cluster_18/056_cell_1761645887909_912349010008_22893_0000.jpg
18,/home/wangqianqian/project/FS/data/28gusui&pizang/03/58/cell_1761649131140_912349010008_108417_0100.png,thumbs/cluster_18/057_cell_1761649131140_912349010008_108417_0100.jpg
18,/home/wangqianqian/project/FS/data/28gusui&pizang/03/07/cell_1761646051274_912349010008_36219_0000.png,thumbs/cluster_18/058_cell_1761646051274_912349010008_36219_0000.jpg
18,/home/wangqianqian/project/FS/data/28gusui&pizang/03/04/cell_1761645870505_912349010008_21475_0100.png,thumbs/cluster_18/059_cell_1761645870505_912349010008_21475_0100.jpg
18,/home/wangqianqian/project/FS/data/28gusui&pizang/03/06/cell_1761646008864_912349010008_32444_0000.png,thumbs/cluster_18/060_cell_1761646008864_912349010008_32444_0000.jpg
18,/home/wangqianqian/project/FS/data/28gusui&pizang/03/46/cell_1761648407046_912349010008_38833_0000.png,thumbs/cluster_18/061_cell_1761648407046_912349010008_38833_0000.jpg
18,/home/wangqianqian/project/FS/data/28gusui&pizang/03/03/cell_1761645828727_912349010008_17923_0000.png,thumbs/cluster_18/062_cell_1761645828727_912349010008_17923_0000.jpg
18,/home/wangqianqian/project/FS/data/28gusui&pizang/03/57/cell_1761649040424_912349010008_98814_0000.png,thumbs/cluster_18/063_cell_1761649040424_912349010008_98814_0000.jpg
18,/home/wangqianqian/project/FS/data/28gusui&pizang/03/18/cell_1761646730393_912349010008_91888_0100.png,thumbs/cluster_18/064_cell_1761646730393_912349010008_91888_0100.jpg
18,/home/wangqianqian/project/FS/data/28gusui&pizang/03/08/cell_1761646132264_912349010008_42275_0100.png,thumbs/cluster_18/065_cell_1761646132264_912349010008_42275_0100.jpg
18,/home/wangqianqian/project/FS/data/28gusui&pizang/03/41/cell_1761648091290_912349010008_13295_0000.png,thumbs/cluster_18/066_cell_1761648091290_912349010008_13295_0000.jpg
18,/home/wangqianqian/project/FS/data/28gusui&pizang/03/56/cell_1761648968519_912349010008_92085_0000.png,thumbs/cluster_18/067_cell_1761648968519_912349010008_92085_0000.jpg
18,/home/wangqianqian/project/FS/data/28gusui&pizang/03/47/cell_1761648433565_912349010008_41389_0000.png,thumbs/cluster_18/068_cell_1761648433565_912349010008_41389_0000.jpg
18,/home/wangqianqian/project/FS/data/28gusui&pizang/03/41/cell_1761648077813_912349010008_12359_0000.png,thumbs/cluster_18/069_cell_1761648077813_912349010008_12359_0000.jpg
18,/home/wangqianqian/project/FS/data/28gusui&pizang/03/55/cell_1761648904188_912349010008_86649_0100.png,thumbs/cluster_18/070_cell_1761648904188_912349010008_86649_0100.jpg
18,/home/wangqianqian/project/FS/data/28gusui&pizang/03/46/cell_1761648383005_912349010008_36771_0000.png,thumbs/cluster_18/071_cell_1761648383005_912349010008_36771_0000.jpg
18,/home/wangqianqian/project/FS/data/28gusui&pizang/03/49/cell_1761648562900_912349010008_52664_0100.png,thumbs/cluster_18/072_cell_1761648562900_912349010008_52664_0100.jpg
18,/home/wangqianqian/project/FS/data/28gusui&pizang/03/17/cell_1761646666923_912349010008_86557_0000.png,thumbs/cluster_18/073_cell_1761646666923_912349010008_86557_0000.jpg
18,/home/wangqianqian/project/FS/data/28gusui&pizang/03/18/cell_1761646707168_912349010008_89981_0100.png,thumbs/cluster_18/074_cell_1761646707168_912349010008_89981_0100.jpg
18,/home/wangqianqian/project/FS/data/28gusui&pizang/03/17/cell_1761646623147_912349010008_82728_0100.png,thumbs/cluster_18/075_cell_1761646623147_912349010008_82728_0100.jpg
18,/home/wangqianqian/project/FS/data/28gusui&pizang/03/12/cell_1761646362256_912349010008_60877_0000.png,thumbs/cluster_18/076_cell_1761646362256_912349010008_60877_0000.jpg
18,/home/wangqianqian/project/FS/data/28gusui&pizang/03/03/cell_1761645832537_912349010008_18195_0000.png,thumbs/cluster_18/077_cell_1761645832537_912349010008_18195_0000.jpg
18,/home/wangqianqian/project/FS/data/28gusui&pizang/03/58/cell_1761649131334_912349010008_108430_0100.png,thumbs/cluster_18/078_cell_1761649131334_912349010008_108430_0100.jpg
18,/home/wangqianqian/project/FS/data/28gusui&pizang/03/57/cell_1761649026201_912349010008_97410_0000.png,thumbs/cluster_18/079_cell_1761649026201_912349010008_97410_0000.jpg
18,/home/wangqianqian/project/FS/data/28gusui&pizang/03/10/cell_1761646202591_912349010008_47518_0000.png,thumbs/cluster_18/080_cell_1761646202591_912349010008_47518_0000.jpg
18,/home/wangqianqian/project/FS/data/28gusui&pizang/03/13/cell_1761646436921_912349010008_66947_0000.png,thumbs/cluster_18/081_cell_1761646436921_912349010008_66947_0000.jpg
18,/home/wangqianqian/project/FS/data/28gusui&pizang/03/08/cell_1761646093416_912349010008_39429_0000.png,thumbs/cluster_18/082_cell_1761646093416_912349010008_39429_0000.jpg
18,/home/wangqianqian/project/FS/data/28gusui&pizang/03/38/cell_1761647894093_912349010008_4214_0000.png,thumbs/cluster_18/083_cell_1761647894093_912349010008_4214_0000.jpg
18,/home/wangqianqian/project/FS/data/28gusui&pizang/03/46/cell_1761648381244_912349010008_36633_0100.png,thumbs/cluster_18/084_cell_1761648381244_912349010008_36633_0100.jpg
18,/home/wangqianqian/project/FS/data/28gusui&pizang/03/54/cell_1761648860996_912349010008_82594_0000.png,thumbs/cluster_18/085_cell_1761648860996_912349010008_82594_0000.jpg
18,/home/wangqianqian/project/FS/data/28gusui&pizang/03/51/cell_1761648693529_912349010008_65773_0100.png,thumbs/cluster_18/086_cell_1761648693529_912349010008_65773_0100.jpg
18,/home/wangqianqian/project/FS/data/28gusui&pizang/03/04/cell_1761645890404_912349010008_23054_0000.png,thumbs/cluster_18/087_cell_1761645890404_912349010008_23054_0000.jpg
18,/home/wangqianqian/project/FS/data/28gusui&pizang/03/09/cell_1761646181801_912349010008_45923_0100.png,thumbs/cluster_18/088_cell_1761646181801_912349010008_45923_0100.jpg
18,/home/wangqianqian/project/FS/data/28gusui&pizang/03/09/cell_1761646149669_912349010008_43499_0100.png,thumbs/cluster_18/089_cell_1761646149669_912349010008_43499_0100.jpg
18,/home/wangqianqian/project/FS/data/28gusui&pizang/03/48/cell_1761648517503_912349010008_48632_0100.png,thumbs/cluster_18/090_cell_1761648517503_912349010008_48632_0100.jpg
18,/home/wangqianqian/project/FS/data/28gusui&pizang/03/18/cell_1761646731612_912349010008_91985_0100.png,thumbs/cluster_18/091_cell_1761646731612_912349010008_91985_0100.jpg
18,/home/wangqianqian/project/FS/data/28gusui&pizang/03/57/cell_1761649079483_912349010008_102898_0000.png,thumbs/cluster_18/092_cell_1761649079483_912349010008_102898_0000.jpg
18,/home/wangqianqian/project/FS/data/28gusui&pizang/03/10/cell_1761646211101_912349010008_48183_0000.png,thumbs/cluster_18/093_cell_1761646211101_912349010008_48183_0000.jpg
18,/home/wangqianqian/project/FS/data/28gusui&pizang/03/54/cell_1761648859946_912349010008_82481_0100.png,thumbs/cluster_18/094_cell_1761648859946_912349010008_82481_0100.jpg
18,/home/wangqianqian/project/FS/data/28gusui&pizang/03/08/cell_1761646126143_912349010008_41852_0000.png,thumbs/cluster_18/095_cell_1761646126143_912349010008_41852_0000.jpg
18,/home/wangqianqian/project/FS/data/28gusui&pizang/03/17/cell_1761646639899_912349010008_84175_0000.png,thumbs/cluster_18/096_cell_1761646639899_912349010008_84175_0000.jpg
18,/home/wangqianqian/project/FS/data/28gusui&pizang/03/50/cell_1761648617804_912349010008_58102_0100.png,thumbs/cluster_18/097_cell_1761648617804_912349010008_58102_0100.jpg
18,/home/wangqianqian/project/FS/data/28gusui&pizang/03/38/cell_1761647915489_912349010008_4901_0100.png,thumbs/cluster_18/098_cell_1761647915489_912349010008_4901_0100.jpg
18,/home/wangqianqian/project/FS/data/28gusui&pizang/03/46/cell_1761648400343_912349010008_38251_0000.png,thumbs/cluster_18/099_cell_1761648400343_912349010008_38251_0000.jpg
19,/home/wangqianqian/project/FS/data/28gusui&pizang/03/20/cell_1761646837065_912349010008_100727_0000.png,thumbs/cluster_19/000_cell_1761646837065_912349010008_100727_0000.jpg
19,/home/wangqianqian/project/FS/data/28gusui&pizang/03/08/cell_1761646136922_912349010008_42584_0000.png,thumbs/cluster_19/001_cell_1761646136922_912349010008_42584_0000.jpg
19,/home/wangqianqian/project/FS/data/28gusui&pizang/03/18/cell_1761646728867_912349010008_91758_0000.png,thumbs/cluster_19/002_cell_1761646728867_912349010008_91758_0000.jpg
19,/home/wangqianqian/project/FS/data/28gusui&pizang/03/40/cell_1761648011496_912349010008_8806_0000.png,thumbs/cluster_19/003_cell_1761648011496_912349010008_8806_0000.jpg
19,/home/wangqianqian/project/FS/data/28gusui&pizang/03/03/cell_1761645812413_912349010008_16628_0000.png,thumbs/cluster_19/004_cell_1761645812413_912349010008_16628_0000.jpg
19,/home/wangqianqian/project/FS/data/28gusui&pizang/03/57/cell_1761649030312_912349010008_97840_0000.png,thumbs/cluster_19/005_cell_1761649030312_912349010008_97840_0000.jpg
19,/home/wangqianqian/project/FS/data/28gusui&pizang/03/58/cell_1761649099870_912349010008_105108_0000.png,thumbs/cluster_19/006_cell_1761649099870_912349010008_105108_0000.jpg
19,/home/wangqianqian/project/FS/data/28gusui&pizang/03/17/cell_1761646621141_912349010008_82571_0100.png,thumbs/cluster_19/007_cell_1761646621141_912349010008_82571_0100.jpg
19,/home/wangqianqian/project/FS/data/28gusui&pizang/03/43/cell_1761648221962_912349010008_22596_0000.png,thumbs/cluster_19/008_cell_1761648221962_912349010008_22596_0000.jpg
19,/home/wangqianqian/project/FS/data/28gusui&pizang/03/18/cell_1761646706951_912349010008_89963_0000.png,thumbs/cluster_19/009_cell_1761646706951_912349010008_89963_0000.jpg
19,/home/wangqianqian/project/FS/data/28gusui&pizang/03/47/cell_1761648478200_912349010008_45366_0100.png,thumbs/cluster_19/010_cell_1761648478200_912349010008_45366_0100.jpg
19,/home/wangqianqian/project/FS/data/28gusui&pizang/03/20/cell_1761646859741_912349010008_102691_0000.png,thumbs/cluster_19/011_cell_1761646859741_912349010008_102691_0000.jpg
19,/home/wangqianqian/project/FS/data/28gusui&pizang/03/15/cell_1761646509301_912349010008_73570_0000.png,thumbs/cluster_19/012_cell_1761646509301_912349010008_73570_0000.jpg
19,/home/wangqianqian/project/FS/data/28gusui&pizang/03/49/cell_1761648557145_912349010008_52152_0000.png,thumbs/cluster_19/013_cell_1761648557145_912349010008_52152_0000.jpg
19,/home/wangqianqian/project/FS/data/28gusui&pizang/03/45/cell_1761648348324_912349010008_33696_0000.png,thumbs/cluster_19/014_cell_1761648348324_912349010008_33696_0000.jpg
19,/home/wangqianqian/project/FS/data/28gusui&pizang/03/06/cell_1761645982950_912349010008_30336_0100.png,thumbs/cluster_19/015_cell_1761645982950_912349010008_30336_0100.jpg
19,/home/wangqianqian/project/FS/data/28gusui&pizang/03/20/cell_1761646823173_912349010008_99594_0000.png,thumbs/cluster_19/016_cell_1761646823173_912349010008_99594_0000.jpg
19,/home/wangqianqian/project/FS/data/28gusui&pizang/03/09/cell_1761646179542_912349010008_45730_0000.png,thumbs/cluster_19/017_cell_1761646179542_912349010008_45730_0000.jpg
19,/home/wangqianqian/project/FS/data/28gusui&pizang/03/40/cell_1761648027816_912349010008_9637_0000.png,thumbs/cluster_19/018_cell_1761648027816_912349010008_9637_0000.jpg
19,/home/wangqianqian/project/FS/data/28gusui&pizang/03/04/cell_1761645874486_912349010008_21797_0000.png,thumbs/cluster_19/019_cell_1761645874486_912349010008_21797_0000.jpg
19,/home/wangqianqian/project/FS/data/28gusui&pizang/03/06/cell_1761645960306_912349010008_28407_0000.png,thumbs/cluster_19/020_cell_1761645960306_912349010008_28407_0000.jpg
19,/home/wangqianqian/project/FS/data/28gusui&pizang/03/06/cell_1761646014388_912349010008_32984_0000.png,thumbs/cluster_19/021_cell_1761646014388_912349010008_32984_0000.jpg
19,/home/wangqianqian/project/FS/data/28gusui&pizang/03/43/cell_1761648212449_912349010008_21913_0100.png,thumbs/cluster_19/022_cell_1761648212449_912349010008_21913_0100.jpg
19,/home/wangqianqian/project/FS/data/28gusui&pizang/03/11/cell_1761646290949_912349010008_54868_0100.png,thumbs/cluster_19/023_cell_1761646290949_912349010008_54868_0100.jpg
19,/home/wangqianqian/project/FS/data/28gusui&pizang/03/58/cell_1761649118872_912349010008_107128_0000.png,thumbs/cluster_19/024_cell_1761649118872_912349010008_107128_0000.jpg
19,/home/wangqianqian/project/FS/data/28gusui&pizang/03/09/cell_1761646153810_912349010008_43845_0000.png,thumbs/cluster_19/025_cell_1761646153810_912349010008_43845_0000.jpg
19,/home/wangqianqian/project/FS/data/28gusui&pizang/03/52/cell_1761648725731_912349010008_69072_0000.png,thumbs/cluster_19/026_cell_1761648725731_912349010008_69072_0000.jpg
19,/home/wangqianqian/project/FS/data/28gusui&pizang/03/54/cell_1761648873379_912349010008_83806_0000.png,thumbs/cluster_19/027_cell_1761648873379_912349010008_83806_0000.jpg
19,/home/wangqianqian/project/FS/data/28gusui&pizang/03/52/cell_1761648742115_912349010008_70718_0000.png,thumbs/cluster_19/028_cell_1761648742115_912349010008_70718_0000.jpg
19,/home/wangqianqian/project/FS/data/28gusui&pizang/03/50/cell_1761648633965_912349010008_59679_0100.png,thumbs/cluster_19/029_cell_1761648633965_912349010008_59679_0100.jpg
19,/home/wangqianqian/project/FS/data/28gusui&pizang/03/50/cell_1761648613539_912349010008_57660_0000.png,thumbs/cluster_19/030_cell_1761648613539_912349010008_57660_0000.jpg
19,/home/wangqianqian/project/FS/data/28gusui&pizang/03/03/cell_1761645792319_912349010008_15081_0000.png,thumbs/cluster_19/031_cell_1761645792319_912349010008_15081_0000.jpg
19,/home/wangqianqian/project/FS/data/28gusui&pizang/03/02/cell_1761645734443_912349010008_10753_0000.png,thumbs/cluster_19/032_cell_1761645734443_912349010008_10753_0000.jpg
19,/home/wangqianqian/project/FS/data/28gusui&pizang/03/09/cell_1761646175324_912349010008_45385_0000.png,thumbs/cluster_19/033_cell_1761646175324_912349010008_45385_0000.jpg
19,/home/wangqianqian/project/FS/data/28gusui&pizang/03/41/cell_1761648090164_912349010008_13215_0000.png,thumbs/cluster_19/034_cell_1761648090164_912349010008_13215_0000.jpg
19,/home/wangqianqian/project/FS/data/28gusui&pizang/03/21/cell_1761646918000_912349010008_107494_0000.png,thumbs/cluster_19/035_cell_1761646918000_912349010008_107494_0000.jpg
19,/home/wangqianqian/project/FS/data/28gusui&pizang/03/16/cell_1761646582329_912349010008_79384_0000.png,thumbs/cluster_19/036_cell_1761646582329_912349010008_79384_0000.jpg
19,/home/wangqianqian/project/FS/data/28gusui&pizang/03/45/cell_1761648349318_912349010008_33781_0000.png,thumbs/cluster_19/037_cell_1761648349318_912349010008_33781_0000.jpg
19,/home/wangqianqian/project/FS/data/28gusui&pizang/03/08/cell_1761646136617_912349010008_42570_0000.png,thumbs/cluster_19/038_cell_1761646136617_912349010008_42570_0000.jpg
19,/home/wangqianqian/project/FS/data/28gusui&pizang/03/08/cell_1761646084724_912349010008_38729_0000.png,thumbs/cluster_19/039_cell_1761646084724_912349010008_38729_0000.jpg
19,/home/wangqianqian/project/FS/data/28gusui&pizang/03/06/cell_1761646012447_912349010008_32783_0000.png,thumbs/cluster_19/040_cell_1761646012447_912349010008_32783_0000.jpg
19,/home/wangqianqian/project/FS/data/28gusui&pizang/03/38/cell_1761647907791_912349010008_4684_0000.png,thumbs/cluster_19/041_cell_1761647907791_912349010008_4684_0000.jpg
19,/home/wangqianqian/project/FS/data/28gusui&pizang/03/55/cell_1761648942002_912349010008_89819_0000.png,thumbs/cluster_19/042_cell_1761648942002_912349010008_89819_0000.jpg
19,/home/wangqianqian/project/FS/data/28gusui&pizang/03/41/cell_1761648084463_912349010008_12836_0000.png,thumbs/cluster_19/043_cell_1761648084463_912349010008_12836_0000.jpg
19,/home/wangqianqian/project/FS/data/28gusui&pizang/03/40/cell_1761648052226_912349010008_10839_0000.png,thumbs/cluster_19/044_cell_1761648052226_912349010008_10839_0000.jpg
19,/home/wangqianqian/project/FS/data/28gusui&pizang/03/58/cell_1761649094026_912349010008_104528_0000.png,thumbs/cluster_19/045_cell_1761649094026_912349010008_104528_0000.jpg
19,/home/wangqianqian/project/FS/data/28gusui&pizang/03/04/cell_1761645851497_912349010008_19773_0100.png,thumbs/cluster_19/046_cell_1761645851497_912349010008_19773_0100.jpg
19,/home/wangqianqian/project/FS/data/28gusui&pizang/03/08/cell_1761646111764_912349010008_40786_0000.png,thumbs/cluster_19/047_cell_1761646111764_912349010008_40786_0000.jpg
19,/home/wangqianqian/project/FS/data/28gusui&pizang/03/58/cell_1761649124389_912349010008_107690_0000.png,thumbs/cluster_19/048_cell_1761649124389_912349010008_107690_0000.jpg
19,/home/wangqianqian/project/FS/data/28gusui&pizang/03/42/cell_1761648146306_912349010008_16959_0000.png,thumbs/cluster_19/049_cell_1761648146306_912349010008_16959_0000.jpg
19,/home/wangqianqian/project/FS/data/28gusui&pizang/03/05/cell_1761645938337_912349010008_26644_0000.png,thumbs/cluster_19/050_cell_1761645938337_912349010008_26644_0000.jpg
19,/home/wangqianqian/project/FS/data/28gusui&pizang/03/51/cell_1761648690590_912349010008_65432_0100.png,thumbs/cluster_19/051_cell_1761648690590_912349010008_65432_0100.jpg
19,/home/wangqianqian/project/FS/data/28gusui&pizang/03/14/cell_1761646499592_912349010008_72792_0100.png,thumbs/cluster_19/052_cell_1761646499592_912349010008_72792_0100.jpg
19,/home/wangqianqian/project/FS/data/28gusui&pizang/03/16/cell_1761646588916_912349010008_79857_0100.png,thumbs/cluster_19/053_cell_1761646588916_912349010008_79857_0100.jpg
19,/home/wangqianqian/project/FS/data/28gusui&pizang/03/54/cell_1761648879622_912349010008_84432_0000.png,thumbs/cluster_19/054_cell_1761648879622_912349010008_84432_0000.jpg
19,/home/wangqianqian/project/FS/data/28gusui&pizang/03/11/cell_1761646264777_912349010008_52580_0000.png,thumbs/cluster_19/055_cell_1761646264777_912349010008_52580_0000.jpg
19,/home/wangqianqian/project/FS/data/28gusui&pizang/03/44/cell_1761648252941_912349010008_25272_0100.png,thumbs/cluster_19/056_cell_1761648252941_912349010008_25272_0100.jpg
19,/home/wangqianqian/project/FS/data/28gusui&pizang/03/20/cell_1761646840773_912349010008_101023_0100.png,thumbs/cluster_19/057_cell_1761646840773_912349010008_101023_0100.jpg
19,/home/wangqianqian/project/FS/data/28gusui&pizang/03/58/cell_1761649138411_912349010008_109116_0100.png,thumbs/cluster_19/058_cell_1761649138411_912349010008_109116_0100.jpg
19,/home/wangqianqian/project/FS/data/28gusui&pizang/03/17/cell_1761646656841_912349010008_85668_0000.png,thumbs/cluster_19/059_cell_1761646656841_912349010008_85668_0000.jpg
19,/home/wangqianqian/project/FS/data/28gusui&pizang/03/20/cell_1761646844316_912349010008_101325_0000.png,thumbs/cluster_19/060_cell_1761646844316_912349010008_101325_0000.jpg
19,/home/wangqianqian/project/FS/data/28gusui&pizang/03/55/cell_1761648922240_912349010008_88033_0000.png,thumbs/cluster_19/061_cell_1761648922240_912349010008_88033_0000.jpg
19,/home/wangqianqian/project/FS/data/28gusui&pizang/03/57/cell_1761649053373_912349010008_100195_0000.png,thumbs/cluster_19/062_cell_1761649053373_912349010008_100195_0000.jpg
19,/home/wangqianqian/project/FS/data/28gusui&pizang/03/43/cell_1761648194472_912349010008_20409_0000.png,thumbs/cluster_19/063_cell_1761648194472_912349010008_20409_0000.jpg
19,/home/wangqianqian/project/FS/data/28gusui&pizang/03/22/cell_1761646920100_912349010008_107646_0000.png,thumbs/cluster_19/064_cell_1761646920100_912349010008_107646_0000.jpg
19,/home/wangqianqian/project/FS/data/28gusui&pizang/03/11/cell_1761646303284_912349010008_55993_0000.png,thumbs/cluster_19/065_cell_1761646303284_912349010008_55993_0000.jpg
19,/home/wangqianqian/project/FS/data/28gusui&pizang/03/43/cell_1761648186653_912349010008_19807_0000.png,thumbs/cluster_19/066_cell_1761648186653_912349010008_19807_0000.jpg
19,/home/wangqianqian/project/FS/data/28gusui&pizang/03/44/cell_1761648263455_912349010008_26177_0000.png,thumbs/cluster_19/067_cell_1761648263455_912349010008_26177_0000.jpg
19,/home/wangqianqian/project/FS/data/28gusui&pizang/03/50/cell_1761648603205_912349010008_56701_0100.png,thumbs/cluster_19/068_cell_1761648603205_912349010008_56701_0100.jpg
19,/home/wangqianqian/project/FS/data/28gusui&pizang/03/04/cell_1761645843937_912349010008_19052_0100.png,thumbs/cluster_19/069_cell_1761645843937_912349010008_19052_0100.jpg
19,/home/wangqianqian/project/FS/data/28gusui&pizang/03/44/cell_1761648242188_912349010008_24306_0000.png,thumbs/cluster_19/070_cell_1761648242188_912349010008_24306_0000.jpg
19,/home/wangqianqian/project/FS/data/28gusui&pizang/03/56/cell_1761648984072_912349010008_93480_0100.png,thumbs/cluster_19/071_cell_1761648984072_912349010008_93480_0100.jpg
19,/home/wangqianqian/project/FS/data/28gusui&pizang/03/56/cell_1761648979913_912349010008_93112_0000.png,thumbs/cluster_19/072_cell_1761648979913_912349010008_93112_0000.jpg
19,/home/wangqianqian/project/FS/data/28gusui&pizang/03/57/cell_1761649071875_912349010008_102121_0000.png,thumbs/cluster_19/073_cell_1761649071875_912349010008_102121_0000.jpg
19,/home/wangqianqian/project/FS/data/28gusui&pizang/03/43/cell_1761648180272_912349010008_19333_0100.png,thumbs/cluster_19/074_cell_1761648180272_912349010008_19333_0100.jpg
19,/home/wangqianqian/project/FS/data/28gusui&pizang/03/11/cell_1761646269892_912349010008_52993_0000.png,thumbs/cluster_19/075_cell_1761646269892_912349010008_52993_0000.jpg
19,/home/wangqianqian/project/FS/data/28gusui&pizang/03/48/cell_1761648537886_912349010008_50399_0000.png,thumbs/cluster_19/076_cell_1761648537886_912349010008_50399_0000.jpg
19,/home/wangqianqian/project/FS/data/28gusui&pizang/03/46/cell_1761648376235_912349010008_36176_0000.png,thumbs/cluster_19/077_cell_1761648376235_912349010008_36176_0000.jpg
19,/home/wangqianqian/project/FS/data/28gusui&pizang/03/58/cell_1761649110478_912349010008_106216_0000.png,thumbs/cluster_19/078_cell_1761649110478_912349010008_106216_0000.jpg
19,/home/wangqianqian/project/FS/data/28gusui&pizang/03/44/cell_1761648245904_912349010008_24655_0000.png,thumbs/cluster_19/079_cell_1761648245904_912349010008_24655_0000.jpg
19,/home/wangqianqian/project/FS/data/28gusui&pizang/03/11/cell_1761646285805_912349010008_54396_0000.png,thumbs/cluster_19/080_cell_1761646285805_912349010008_54396_0000.jpg
19,/home/wangqianqian/project/FS/data/28gusui&pizang/03/20/cell_1761646804071_912349010008_97941_0000.png,thumbs/cluster_19/081_cell_1761646804071_912349010008_97941_0000.jpg
19,/home/wangqianqian/project/FS/data/28gusui&pizang/03/58/cell_1761649127139_912349010008_107956_0000.png,thumbs/cluster_19/082_cell_1761649127139_912349010008_107956_0000.jpg
19,/home/wangqianqian/project/FS/data/28gusui&pizang/03/12/cell_1761646349073_912349010008_59757_0000.png,thumbs/cluster_19/083_cell_1761646349073_912349010008_59757_0000.jpg
19,/home/wangqianqian/project/FS/data/28gusui&pizang/03/02/cell_1761645759676_912349010008_12652_0000.png,thumbs/cluster_19/084_cell_1761645759676_912349010008_12652_0000.jpg
19,/home/wangqianqian/project/FS/data/28gusui&pizang/03/46/cell_1761648397462_912349010008_38014_0000.png,thumbs/cluster_19/085_cell_1761648397462_912349010008_38014_0000.jpg
19,/home/wangqianqian/project/FS/data/28gusui&pizang/03/51/cell_1761648687642_912349010008_65149_0000.png,thumbs/cluster_19/086_cell_1761648687642_912349010008_65149_0000.jpg
19,/home/wangqianqian/project/FS/data/28gusui&pizang/03/44/cell_1761648297316_912349010008_29269_0100.png,thumbs/cluster_19/087_cell_1761648297316_912349010008_29269_0100.jpg
19,/home/wangqianqian/project/FS/data/28gusui&pizang/03/09/cell_1761646143098_912349010008_43023_0000.png,thumbs/cluster_19/088_cell_1761646143098_912349010008_43023_0000.jpg
19,/home/wangqianqian/project/FS/data/28gusui&pizang/03/02/cell_1761645779335_912349010008_14056_0000.png,thumbs/cluster_19/089_cell_1761645779335_912349010008_14056_0000.jpg
19,/home/wangqianqian/project/FS/data/28gusui&pizang/03/36/cell_1761647794628_912349010008_679_0000.png,thumbs/cluster_19/090_cell_1761647794628_912349010008_679_0000.jpg
19,/home/wangqianqian/project/FS/data/28gusui&pizang/03/41/cell_1761648119889_912349010008_15041_0100.png,thumbs/cluster_19/091_cell_1761648119889_912349010008_15041_0100.jpg
19,/home/wangqianqian/project/FS/data/28gusui&pizang/03/42/cell_1761648177324_912349010008_19116_0100.png,thumbs/cluster_19/092_cell_1761648177324_912349010008_19116_0100.jpg
19,/home/wangqianqian/project/FS/data/28gusui&pizang/03/41/cell_1761648114747_912349010008_14681_0000.png,thumbs/cluster_19/093_cell_1761648114747_912349010008_14681_0000.jpg
19,/home/wangqianqian/project/FS/data/28gusui&pizang/03/17/cell_1761646634372_912349010008_83714_0000.png,thumbs/cluster_19/094_cell_1761646634372_912349010008_83714_0000.jpg
19,/home/wangqianqian/project/FS/data/28gusui&pizang/03/50/cell_1761648638575_912349010008_60182_0000.png,thumbs/cluster_19/095_cell_1761648638575_912349010008_60182_0000.jpg
19,/home/wangqianqian/project/FS/data/28gusui&pizang/03/46/cell_1761648384294_912349010008_36869_0000.png,thumbs/cluster_19/096_cell_1761648384294_912349010008_36869_0000.jpg
19,/home/wangqianqian/project/FS/data/28gusui&pizang/03/49/cell_1761648594862_912349010008_55832_0100.png,thumbs/cluster_19/097_cell_1761648594862_912349010008_55832_0100.jpg
19,/home/wangqianqian/project/FS/data/28gusui&pizang/03/12/cell_1761646338980_912349010008_58940_0000.png,thumbs/cluster_19/098_cell_1761646338980_912349010008_58940_0000.jpg
19,/home/wangqianqian/project/FS/data/28gusui&pizang/03/18/cell_1761646737911_912349010008_92531_0100.png,thumbs/cluster_19/099_cell_1761646737911_912349010008_92531_0100.jpg
20,/home/wangqianqian/project/FS/data/28gusui&pizang/03/16/cell_1761646567171_912349010008_78199_0000.png,thumbs/cluster_20/000_cell_1761646567171_912349010008_78199_0000.jpg
20,/home/wangqianqian/project/FS/data/28gusui&pizang/03/53/cell_1761648810250_912349010008_77607_0100.png,thumbs/cluster_20/001_cell_1761648810250_912349010008_77607_0100.jpg
20,/home/wangqianqian/project/FS/data/28gusui&pizang/03/08/cell_1761646117901_912349010008_41257_0100.png,thumbs/cluster_20/002_cell_1761646117901_912349010008_41257_0100.jpg
20,/home/wangqianqian/project/FS/data/28gusui&pizang/03/47/cell_1761648461477_912349010008_43947_0000.png,thumbs/cluster_20/003_cell_1761648461477_912349010008_43947_0000.jpg
20,/home/wangqianqian/project/FS/data/28gusui&pizang/03/57/cell_1761649050060_912349010008_99859_0000.png,thumbs/cluster_20/004_cell_1761649050060_912349010008_99859_0000.jpg
20,/home/wangqianqian/project/FS/data/28gusui&pizang/03/58/cell_1761649120224_912349010008_107274_0000.png,thumbs/cluster_20/005_cell_1761649120224_912349010008_107274_0000.jpg
20,/home/wangqianqian/project/FS/data/28gusui&pizang/03/19/cell_1761646742252_912349010008_92862_0100.png,thumbs/cluster_20/006_cell_1761646742252_912349010008_92862_0100.jpg
20,/home/wangqianqian/project/FS/data/28gusui&pizang/03/13/cell_1761646389553_912349010008_63006_0000.png,thumbs/cluster_20/007_cell_1761646389553_912349010008_63006_0000.jpg
20,/home/wangqianqian/project/FS/data/28gusui&pizang/03/18/cell_1761646710713_912349010008_90260_0000.png,thumbs/cluster_20/008_cell_1761646710713_912349010008_90260_0000.jpg
20,/home/wangqianqian/project/FS/data/28gusui&pizang/03/42/cell_1761648127604_912349010008_15578_0000.png,thumbs/cluster_20/009_cell_1761648127604_912349010008_15578_0000.jpg
20,/home/wangqianqian/project/FS/data/28gusui&pizang/03/54/cell_1761648867157_912349010008_83177_0000.png,thumbs/cluster_20/010_cell_1761648867157_912349010008_83177_0000.jpg
20,/home/wangqianqian/project/FS/data/28gusui&pizang/03/50/cell_1761648610082_912349010008_57310_0100.png,thumbs/cluster_20/011_cell_1761648610082_912349010008_57310_0100.jpg
20,/home/wangqianqian/project/FS/data/28gusui&pizang/03/05/cell_1761645900443_912349010008_23777_0000.png,thumbs/cluster_20/012_cell_1761645900443_912349010008_23777_0000.jpg
20,/home/wangqianqian/project/FS/data/28gusui&pizang/03/18/cell_1761646722563_912349010008_91180_0000.png,thumbs/cluster_20/013_cell_1761646722563_912349010008_91180_0000.jpg
20,/home/wangqianqian/project/FS/data/28gusui&pizang/03/59/cell_1761649177133_912349010008_113247_0100.png,thumbs/cluster_20/014_cell_1761649177133_912349010008_113247_0100.jpg
20,/home/wangqianqian/project/FS/data/28gusui&pizang/03/14/cell_1761646487068_912349010008_71540_0100.png,thumbs/cluster_20/015_cell_1761646487068_912349010008_71540_0100.jpg
20,/home/wangqianqian/project/FS/data/28gusui&pizang/03/52/cell_1761648743130_912349010008_70826_0100.png,thumbs/cluster_20/016_cell_1761648743130_912349010008_70826_0100.jpg
20,/home/wangqianqian/project/FS/data/28gusui&pizang/03/06/cell_1761646002031_912349010008_31865_0000.png,thumbs/cluster_20/017_cell_1761646002031_912349010008_31865_0000.jpg
20,/home/wangqianqian/project/FS/data/28gusui&pizang/03/50/cell_1761648624732_912349010008_58759_0100.png,thumbs/cluster_20/018_cell_1761648624732_912349010008_58759_0100.jpg
20,/home/wangqianqian/project/FS/data/28gusui&pizang/03/47/cell_1761648443433_912349010008_42360_0000.png,thumbs/cluster_20/019_cell_1761648443433_912349010008_42360_0000.jpg
20,/home/wangqianqian/project/FS/data/28gusui&pizang/03/13/cell_1761646411777_912349010008_64687_0100.png,thumbs/cluster_20/020_cell_1761646411777_912349010008_64687_0100.jpg
20,/home/wangqianqian/project/FS/data/28gusui&pizang/03/56/cell_1761648992160_912349010008_94232_0100.png,thumbs/cluster_20/021_cell_1761648992160_912349010008_94232_0100.jpg
20,/home/wangqianqian/project/FS/data/28gusui&pizang/03/57/cell_1761649068312_912349010008_101770_0000.png,thumbs/cluster_20/022_cell_1761649068312_912349010008_101770_0000.jpg
20,/home/wangqianqian/project/FS/data/28gusui&pizang/03/43/cell_1761648228798_912349010008_23156_0000.png,thumbs/cluster_20/023_cell_1761648228798_912349010008_23156_0000.jpg
20,/home/wangqianqian/project/FS/data/28gusui&pizang/03/47/cell_1761648453686_912349010008_43257_0100.png,thumbs/cluster_20/024_cell_1761648453686_912349010008_43257_0100.jpg
20,/home/wangqianqian/project/FS/data/28gusui&pizang/03/46/cell_1761648382134_912349010008_36698_0000.png,thumbs/cluster_20/025_cell_1761648382134_912349010008_36698_0000.jpg
20,/home/wangqianqian/project/FS/data/28gusui&pizang/03/42/cell_1761648151783_912349010008_17340_0100.png,thumbs/cluster_20/026_cell_1761648151783_912349010008_17340_0100.jpg
20,/home/wangqianqian/project/FS/data/28gusui&pizang/03/46/cell_1761648418040_912349010008_39922_0000.png,thumbs/cluster_20/027_cell_1761648418040_912349010008_39922_0000.jpg
20,/home/wangqianqian/project/FS/data/28gusui&pizang/03/18/cell_1761646723262_912349010008_91255_0100.png,thumbs/cluster_20/028_cell_1761646723262_912349010008_91255_0100.jpg
20,/home/wangqianqian/project/FS/data/28gusui&pizang/03/51/cell_1761648661257_912349010008_62522_0000.png,thumbs/cluster_20/029_cell_1761648661257_912349010008_62522_0000.jpg
20,/home/wangqianqian/project/FS/data/28gusui&pizang/03/18/cell_1761646719961_912349010008_90976_0000.png,thumbs/cluster_20/030_cell_1761646719961_912349010008_90976_0000.jpg
20,/home/wangqianqian/project/FS/data/28gusui&pizang/03/19/cell_1761646755712_912349010008_93924_0100.png,thumbs/cluster_20/031_cell_1761646755712_912349010008_93924_0100.jpg
20,/home/wangqianqian/project/FS/data/28gusui&pizang/03/18/cell_1761646730238_912349010008_91871_0000.png,thumbs/cluster_20/032_cell_1761646730238_912349010008_91871_0000.jpg
20,/home/wangqianqian/project/FS/data/28gusui&pizang/03/53/cell_1761648810990_912349010008_77683_0000.png,thumbs/cluster_20/033_cell_1761648810990_912349010008_77683_0000.jpg
20,/home/wangqianqian/project/FS/data/28gusui&pizang/03/18/cell_1761646728450_912349010008_91730_0100.png,thumbs/cluster_20/034_cell_1761646728450_912349010008_91730_0100.jpg
20,/home/wangqianqian/project/FS/data/28gusui&pizang/03/44/cell_1761648266694_912349010008_26488_0100.png,thumbs/cluster_20/035_cell_1761648266694_912349010008_26488_0100.jpg
20,/home/wangqianqian/project/FS/data/28gusui&pizang/03/14/cell_1761646469859_912349010008_69940_0000.png,thumbs/cluster_20/036_cell_1761646469859_912349010008_69940_0000.jpg
20,/home/wangqianqian/project/FS/data/28gusui&pizang/03/49/cell_1761648589713_912349010008_55250_0000.png,thumbs/cluster_20/037_cell_1761648589713_912349010008_55250_0000.jpg
20,/home/wangqianqian/project/FS/data/28gusui&pizang/03/56/cell_1761648979912_912349010008_93110_0000.png,thumbs/cluster_20/038_cell_1761648979912_912349010008_93110_0000.jpg
20,/home/wangqianqian/project/FS/data/28gusui&pizang/03/55/cell_1761648949426_912349010008_90429_0100.png,thumbs/cluster_20/039_cell_1761648949426_912349010008_90429_0100.jpg
20,/home/wangqianqian/project/FS/data/28gusui&pizang/03/18/cell_1761646699186_912349010008_89374_0000.png,thumbs/cluster_20/040_cell_1761646699186_912349010008_89374_0000.jpg
20,/home/wangqianqian/project/FS/data/28gusui&pizang/03/16/cell_1761646596828_912349010008_80492_0100.png,thumbs/cluster_20/041_cell_1761646596828_912349010008_80492_0100.jpg
20,/home/wangqianqian/project/FS/data/28gusui&pizang/03/50/cell_1761648635625_912349010008_59894_0000.png,thumbs/cluster_20/042_cell_1761648635625_912349010008_59894_0000.jpg
20,/home/wangqianqian/project/FS/data/28gusui&pizang/03/49/cell_1761648554101_912349010008_51865_0000.png,thumbs/cluster_20/043_cell_1761648554101_912349010008_51865_0000.jpg
20,/home/wangqianqian/project/FS/data/28gusui&pizang/03/58/cell_1761649085239_912349010008_103498_0100.png,thumbs/cluster_20/044_cell_1761649085239_912349010008_103498_0100.jpg
20,/home/wangqianqian/project/FS/data/28gusui&pizang/03/45/cell_1761648338052_912349010008_32715_0000.png,thumbs/cluster_20/045_cell_1761648338052_912349010008_32715_0000.jpg
20,/home/wangqianqian/project/FS/data/28gusui&pizang/03/10/cell_1761646251425_912349010008_51546_0000.png,thumbs/cluster_20/046_cell_1761646251425_912349010008_51546_0000.jpg
20,/home/wangqianqian/project/FS/data/28gusui&pizang/03/47/cell_1761648454633_912349010008_43333_0100.png,thumbs/cluster_20/047_cell_1761648454633_912349010008_43333_0100.jpg
20,/home/wangqianqian/project/FS/data/28gusui&pizang/03/06/cell_1761646008115_912349010008_32365_0000.png,thumbs/cluster_20/048_cell_1761646008115_912349010008_32365_0000.jpg
20,/home/wangqianqian/project/FS/data/28gusui&pizang/03/06/cell_1761645986994_912349010008_30671_0000.png,thumbs/cluster_20/049_cell_1761645986994_912349010008_30671_0000.jpg
20,/home/wangqianqian/project/FS/data/28gusui&pizang/03/16/cell_1761646594033_912349010008_80294_0000.png,thumbs/cluster_20/050_cell_1761646594033_912349010008_80294_0000.jpg
20,/home/wangqianqian/project/FS/data/28gusui&pizang/03/11/cell_1761646284182_912349010008_54245_0100.png,thumbs/cluster_20/051_cell_1761646284182_912349010008_54245_0100.jpg
20,/home/wangqianqian/project/FS/data/28gusui&pizang/03/50/cell_1761648644223_912349010008_60736_0100.png,thumbs/cluster_20/052_cell_1761648644223_912349010008_60736_0100.jpg
20,/home/wangqianqian/project/FS/data/28gusui&pizang/03/06/cell_1761646008185_912349010008_32373_0000.png,thumbs/cluster_20/053_cell_1761646008185_912349010008_32373_0000.jpg
20,/home/wangqianqian/project/FS/data/28gusui&pizang/03/57/cell_1761649051010_912349010008_99944_0000.png,thumbs/cluster_20/054_cell_1761649051010_912349010008_99944_0000.jpg
20,/home/wangqianqian/project/FS/data/28gusui&pizang/03/42/cell_1761648146828_912349010008_16997_0100.png,thumbs/cluster_20/055_cell_1761648146828_912349010008_16997_0100.jpg
20,/home/wangqianqian/project/FS/data/28gusui&pizang/03/10/cell_1761646214738_912349010008_48518_0100.png,thumbs/cluster_20/056_cell_1761646214738_912349010008_48518_0100.jpg
20,/home/wangqianqian/project/FS/data/28gusui&pizang/03/54/cell_1761648879793_912349010008_84448_0000.png,thumbs/cluster_20/057_cell_1761648879793_912349010008_84448_0000.jpg
20,/home/wangqianqian/project/FS/data/28gusui&pizang/03/41/cell_1761648080025_912349010008_12521_0100.png,thumbs/cluster_20/058_cell_1761648080025_912349010008_12521_0100.jpg
20,/home/wangqianqian/project/FS/data/28gusui&pizang/03/58/cell_1761649104673_912349010008_105586_0000.png,thumbs/cluster_20/059_cell_1761649104673_912349010008_105586_0000.jpg
20,/home/wangqianqian/project/FS/data/28gusui&pizang/03/49/cell_1761648573669_912349010008_53772_0000.png,thumbs/cluster_20/060_cell_1761648573669_912349010008_53772_0000.jpg
20,/home/wangqianqian/project/FS/data/28gusui&pizang/03/11/cell_1761646313167_912349010008_56813_0100.png,thumbs/cluster_20/061_cell_1761646313167_912349010008_56813_0100.jpg
20,/home/wangqianqian/project/FS/data/28gusui&pizang/03/39/cell_1761647971424_912349010008_7058_0000.png,thumbs/cluster_20/062_cell_1761647971424_912349010008_7058_0000.jpg
20,/home/wangqianqian/project/FS/data/28gusui&pizang/03/03/cell_1761645813059_912349010008_16679_0100.png,thumbs/cluster_20/063_cell_1761645813059_912349010008_16679_0100.jpg
20,/home/wangqianqian/project/FS/data/28gusui&pizang/03/46/cell_1761648367253_912349010008_35400_0100.png,thumbs/cluster_20/064_cell_1761648367253_912349010008_35400_0100.jpg
20,/home/wangqianqian/project/FS/data/28gusui&pizang/03/40/cell_1761648011820_912349010008_8825_0000.png,thumbs/cluster_20/065_cell_1761648011820_912349010008_8825_0000.jpg
20,/home/wangqianqian/project/FS/data/28gusui&pizang/03/07/cell_1761646047320_912349010008_35823_0100.png,thumbs/cluster_20/066_cell_1761646047320_912349010008_35823_0100.jpg
20,/home/wangqianqian/project/FS/data/28gusui&pizang/03/09/cell_1761646194116_912349010008_46839_0100.png,thumbs/cluster_20/067_cell_1761646194116_912349010008_46839_0100.jpg
20,/home/wangqianqian/project/FS/data/28gusui&pizang/03/14/cell_1761646470720_912349010008_70021_0100.png,thumbs/cluster_20/068_cell_1761646470720_912349010008_70021_0100.jpg
20,/home/wangqianqian/project/FS/data/28gusui&pizang/03/12/cell_1761646333624_912349010008_58509_0000.png,thumbs/cluster_20/069_cell_1761646333624_912349010008_58509_0000.jpg
20,/home/wangqianqian/project/FS/data/28gusui&pizang/03/56/cell_1761648962005_912349010008_91530_0100.png,thumbs/cluster_20/070_cell_1761648962005_912349010008_91530_0100.jpg
20,/home/wangqianqian/project/FS/data/28gusui&pizang/03/56/cell_1761649000909_912349010008_95088_0100.png,thumbs/cluster_20/071_cell_1761649000909_912349010008_95088_0100.jpg
20,/home/wangqianqian/project/FS/data/28gusui&pizang/03/50/cell_1761648651187_912349010008_61479_0000.png,thumbs/cluster_20/072_cell_1761648651187_912349010008_61479_0000.jpg
20,/home/wangqianqian/project/FS/data/28gusui&pizang/03/08/cell_1761646125747_912349010008_41812_0100.png,thumbs/cluster_20/073_cell_1761646125747_912349010008_41812_0100.jpg
20,/home/wangqianqian/project/FS/data/28gusui&pizang/03/19/cell_1761646763862_912349010008_94561_0000.png,thumbs/cluster_20/074_cell_1761646763862_912349010008_94561_0000.jpg
20,/home/wangqianqian/project/FS/data/28gusui&pizang/03/39/cell_1761647992974_912349010008_7915_0100.png,thumbs/cluster_20/075_cell_1761647992974_912349010008_7915_0100.jpg
20,/home/wangqianqian/project/FS/data/28gusui&pizang/03/21/cell_1761646910389_912349010008_106840_0000.png,thumbs/cluster_20/076_cell_1761646910389_912349010008_106840_0000.jpg
20,/home/wangqianqian/project/FS/data/28gusui&pizang/03/20/cell_1761646850399_912349010008_101822_0100.png,thumbs/cluster_20/077_cell_1761646850399_912349010008_101822_0100.jpg
20,/home/wangqianqian/project/FS/data/28gusui&pizang/03/10/cell_1761646201988_912349010008_47470_0100.png,thumbs/cluster_20/078_cell_1761646201988_912349010008_47470_0100.jpg
20,/home/wangqianqian/project/FS/data/28gusui&pizang/03/20/cell_1761646810724_912349010008_98508_0100.png,thumbs/cluster_20/079_cell_1761646810724_912349010008_98508_0100.jpg
20,/home/wangqianqian/project/FS/data/28gusui&pizang/03/46/cell_1761648397067_912349010008_37986_0100.png,thumbs/cluster_20/080_cell_1761648397067_912349010008_37986_0100.jpg
20,/home/wangqianqian/project/FS/data/28gusui&pizang/03/45/cell_1761648336811_912349010008_32615_0100.png,thumbs/cluster_20/081_cell_1761648336811_912349010008_32615_0100.jpg
20,/home/wangqianqian/project/FS/data/28gusui&pizang/03/44/cell_1761648263888_912349010008_26208_0000.png,thumbs/cluster_20/082_cell_1761648263888_912349010008_26208_0000.jpg
20,/home/wangqianqian/project/FS/data/28gusui&pizang/03/49/cell_1761648593305_912349010008_55639_0100.png,thumbs/cluster_20/083_cell_1761648593305_912349010008_55639_0100.jpg
20,/home/wangqianqian/project/FS/data/28gusui&pizang/03/48/cell_1761648523584_912349010008_49118_0100.png,thumbs/cluster_20/084_cell_1761648523584_912349010008_49118_0100.jpg
20,/home/wangqianqian/project/FS/data/28gusui&pizang/03/54/cell_1761648879729_912349010008_84443_0100.png,thumbs/cluster_20/085_cell_1761648879729_912349010008_84443_0100.jpg
20,/home/wangqianqian/project/FS/data/28gusui&pizang/03/53/cell_1761648792585_912349010008_75664_0100.png,thumbs/cluster_20/086_cell_1761648792585_912349010008_75664_0100.jpg
20,/home/wangqianqian/project/FS/data/28gusui&pizang/03/11/cell_1761646299608_912349010008_55680_0000.png,thumbs/cluster_20/087_cell_1761646299608_912349010008_55680_0000.jpg
20,/home/wangqianqian/project/FS/data/28gusui&pizang/03/09/cell_1761646186207_912349010008_46275_0000.png,thumbs/cluster_20/088_cell_1761646186207_912349010008_46275_0000.jpg
20,/home/wangqianqian/project/FS/data/28gusui&pizang/03/45/cell_1761648326922_912349010008_31688_0100.png,thumbs/cluster_20/089_cell_1761648326922_912349010008_31688_0100.jpg
20,/home/wangqianqian/project/FS/data/28gusui&pizang/03/12/cell_1761646351279_912349010008_59962_0000.png,thumbs/cluster_20/090_cell_1761646351279_912349010008_59962_0000.jpg
20,/home/wangqianqian/project/FS/data/28gusui&pizang/03/44/cell_1761648294831_912349010008_29063_0000.png,thumbs/cluster_20/091_cell_1761648294831_912349010008_29063_0000.jpg
20,/home/wangqianqian/project/FS/data/28gusui&pizang/03/06/cell_1761646019034_912349010008_33393_0000.png,thumbs/cluster_20/092_cell_1761646019034_912349010008_33393_0000.jpg
20,/home/wangqianqian/project/FS/data/28gusui&pizang/03/55/cell_1761648901829_912349010008_86441_0000.png,thumbs/cluster_20/093_cell_1761648901829_912349010008_86441_0000.jpg
20,/home/wangqianqian/project/FS/data/28gusui&pizang/03/19/cell_1761646741781_912349010008_92830_0100.png,thumbs/cluster_20/094_cell_1761646741781_912349010008_92830_0100.jpg
20,/home/wangqianqian/project/FS/data/28gusui&pizang/03/53/cell_1761648802936_912349010008_76812_0000.png,thumbs/cluster_20/095_cell_1761648802936_912349010008_76812_0000.jpg
20,/home/wangqianqian/project/FS/data/28gusui&pizang/03/54/cell_1761648854192_912349010008_81866_0000.png,thumbs/cluster_20/096_cell_1761648854192_912349010008_81866_0000.jpg
20,/home/wangqianqian/project/FS/data/28gusui&pizang/03/19/cell_1761646792499_912349010008_96878_0100.png,thumbs/cluster_20/097_cell_1761646792499_912349010008_96878_0100.jpg
20,/home/wangqianqian/project/FS/data/28gusui&pizang/03/20/cell_1761646811841_912349010008_98625_0000.png,thumbs/cluster_20/098_cell_1761646811841_912349010008_98625_0000.jpg
20,/home/wangqianqian/project/FS/data/28gusui&pizang/03/18/cell_1761646711730_912349010008_90342_0000.png,thumbs/cluster_20/099_cell_1761646711730_912349010008_90342_0000.jpg
21,/home/wangqianqian/project/FS/data/28gusui&pizang/03/56/cell_1761648971460_912349010008_92390_0000.png,thumbs/cluster_21/000_cell_1761648971460_912349010008_92390_0000.jpg
21,/home/wangqianqian/project/FS/data/28gusui&pizang/03/43/cell_1761648217456_912349010008_22245_0100.png,thumbs/cluster_21/001_cell_1761648217456_912349010008_22245_0100.jpg
21,/home/wangqianqian/project/FS/data/28gusui&pizang/03/04/cell_1761645887627_912349010008_22876_0100.png,thumbs/cluster_21/002_cell_1761645887627_912349010008_22876_0100.jpg
21,/home/wangqianqian/project/FS/data/28gusui&pizang/03/05/cell_1761645913922_912349010008_24803_0000.png,thumbs/cluster_21/003_cell_1761645913922_912349010008_24803_0000.jpg
21,/home/wangqianqian/project/FS/data/28gusui&pizang/03/49/cell_1761648585622_912349010008_54859_0000.png,thumbs/cluster_21/004_cell_1761648585622_912349010008_54859_0000.jpg
21,/home/wangqianqian/project/FS/data/28gusui&pizang/03/17/cell_1761646635105_912349010008_83784_0000.png,thumbs/cluster_21/005_cell_1761646635105_912349010008_83784_0000.jpg
21,/home/wangqianqian/project/FS/data/28gusui&pizang/03/48/cell_1761648503229_912349010008_47518_0000.png,thumbs/cluster_21/006_cell_1761648503229_912349010008_47518_0000.jpg
21,/home/wangqianqian/project/FS/data/28gusui&pizang/03/52/cell_1761648752441_912349010008_71720_0000.png,thumbs/cluster_21/007_cell_1761648752441_912349010008_71720_0000.jpg
21,/home/wangqianqian/project/FS/data/28gusui&pizang/03/20/cell_1761646839085_912349010008_100891_0000.png,thumbs/cluster_21/008_cell_1761646839085_912349010008_100891_0000.jpg
21,/home/wangqianqian/project/FS/data/28gusui&pizang/03/48/cell_1761648525970_912349010008_49339_0000.png,thumbs/cluster_21/009_cell_1761648525970_912349010008_49339_0000.jpg
21,/home/wangqianqian/project/FS/data/28gusui&pizang/03/57/cell_1761649038385_912349010008_98600_0100.png,thumbs/cluster_21/010_cell_1761649038385_912349010008_98600_0100.jpg
21,/home/wangqianqian/project/FS/data/28gusui&pizang/03/07/cell_1761646030340_912349010008_34378_0000.png,thumbs/cluster_21/011_cell_1761646030340_912349010008_34378_0000.jpg
21,/home/wangqianqian/project/FS/data/28gusui&pizang/03/14/cell_1761646462015_912349010008_69250_0100.png,thumbs/cluster_21/012_cell_1761646462015_912349010008_69250_0100.jpg
21,/home/wangqianqian/project/FS/data/28gusui&pizang/03/55/cell_1761648948614_912349010008_90368_0100.png,thumbs/cluster_21/013_cell_1761648948614_912349010008_90368_0100.jpg
21,/home/wangqianqian/project/FS/data/28gusui&pizang/03/58/cell_1761649122135_912349010008_107462_0000.png,thumbs/cluster_21/014_cell_1761649122135_912349010008_107462_0000.jpg
21,/home/wangqianqian/project/FS/data/28gusui&pizang/03/54/cell_1761648880137_912349010008_84481_0000.png,thumbs/cluster_21/015_cell_1761648880137_912349010008_84481_0000.jpg
21,/home/wangqianqian/project/FS/data/28gusui&pizang/03/58/cell_1761649109979_912349010008_106162_0100.png,thumbs/cluster_21/016_cell_1761649109979_912349010008_106162_0100.jpg
21,/home/wangqianqian/project/FS/data/28gusui&pizang/03/11/cell_1761646270757_912349010008_53069_0000.png,thumbs/cluster_21/017_cell_1761646270757_912349010008_53069_0000.jpg
21,/home/wangqianqian/project/FS/data/28gusui&pizang/03/04/cell_1761645866434_912349010008_21124_0100.png,thumbs/cluster_21/018_cell_1761645866434_912349010008_21124_0100.jpg
21,/home/wangqianqian/project/FS/data/28gusui&pizang/03/16/cell_1761646586951_912349010008_79699_0000.png,thumbs/cluster_21/019_cell_1761646586951_912349010008_79699_0000.jpg
21,/home/wangqianqian/project/FS/data/28gusui&pizang/03/57/cell_1761649057632_912349010008_100653_0100.png,thumbs/cluster_21/020_cell_1761649057632_912349010008_100653_0100.jpg
21,/home/wangqianqian/project/FS/data/28gusui&pizang/03/48/cell_1761648535493_912349010008_50201_0000.png,thumbs/cluster_21/021_cell_1761648535493_912349010008_50201_0000.jpg
21,/home/wangqianqian/project/FS/data/28gusui&pizang/03/42/cell_1761648140840_912349010008_16550_0100.png,thumbs/cluster_21/022_cell_1761648140840_912349010008_16550_0100.jpg
21,/home/wangqianqian/project/FS/data/28gusui&pizang/03/10/cell_1761646210124_912349010008_48097_0000.png,thumbs/cluster_21/023_cell_1761646210124_912349010008_48097_0000.jpg
21,/home/wangqianqian/project/FS/data/28gusui&pizang/03/44/cell_1761648266217_912349010008_26434_0000.png,thumbs/cluster_21/024_cell_1761648266217_912349010008_26434_0000.jpg
21,/home/wangqianqian/project/FS/data/28gusui&pizang/03/55/cell_1761648939172_912349010008_89577_0000.png,thumbs/cluster_21/025_cell_1761648939172_912349010008_89577_0000.jpg
21,/home/wangqianqian/project/FS/data/28gusui&pizang/03/41/cell_1761648089834_912349010008_13194_0100.png,thumbs/cluster_21/026_cell_1761648089834_912349010008_13194_0100.jpg
21,/home/wangqianqian/project/FS/data/28gusui&pizang/03/11/cell_1761646277424_912349010008_53648_0100.png,thumbs/cluster_21/027_cell_1761646277424_912349010008_53648_0100.jpg
21,/home/wangqianqian/project/FS/data/28gusui&pizang/03/54/cell_1761648894199_912349010008_85837_0000.png,thumbs/cluster_21/028_cell_1761648894199_912349010008_85837_0000.jpg
21,/home/wangqianqian/project/FS/data/28gusui&pizang/03/49/cell_1761648598428_912349010008_56233_0000.png,thumbs/cluster_21/029_cell_1761648598428_912349010008_56233_0000.jpg
21,/home/wangqianqian/project/FS/data/28gusui&pizang/03/15/cell_1761646534311_912349010008_75605_0100.png,thumbs/cluster_21/030_cell_1761646534311_912349010008_75605_0100.jpg
21,/home/wangqianqian/project/FS/data/28gusui&pizang/03/05/cell_1761645909141_912349010008_24467_0100.png,thumbs/cluster_21/031_cell_1761645909141_912349010008_24467_0100.jpg
21,/home/wangqianqian/project/FS/data/28gusui&pizang/03/46/cell_1761648389809_912349010008_37346_0000.png,thumbs/cluster_21/032_cell_1761648389809_912349010008_37346_0000.jpg
21,/home/wangqianqian/project/FS/data/28gusui&pizang/03/14/cell_1761646446376_912349010008_67834_0000.png,thumbs/cluster_21/033_cell_1761646446376_912349010008_67834_0000.jpg
21,/home/wangqianqian/project/FS/data/28gusui&pizang/03/45/cell_1761648330344_912349010008_32045_0100.png,thumbs/cluster_21/034_cell_1761648330344_912349010008_32045_0100.jpg
21,/home/wangqianqian/project/FS/data/28gusui&pizang/03/04/cell_1761645888890_912349010008_22975_0100.png,thumbs/cluster_21/035_cell_1761645888890_912349010008_22975_0100.jpg
21,/home/wangqianqian/project/FS/data/28gusui&pizang/03/42/cell_1761648168154_912349010008_18461_0100.png,thumbs/cluster_21/036_cell_1761648168154_912349010008_18461_0100.jpg
21,/home/wangqianqian/project/FS/data/28gusui&pizang/03/20/cell_1761646856044_912349010008_102366_0100.png,thumbs/cluster_21/037_cell_1761646856044_912349010008_102366_0100.jpg
21,/home/wangqianqian/project/FS/data/28gusui&pizang/03/57/cell_1761649079960_912349010008_102951_0000.png,thumbs/cluster_21/038_cell_1761649079960_912349010008_102951_0000.jpg
21,/home/wangqianqian/project/FS/data/28gusui&pizang/03/51/cell_1761648662918_912349010008_62694_0000.png,thumbs/cluster_21/039_cell_1761648662918_912349010008_62694_0000.jpg
21,/home/wangqianqian/project/FS/data/28gusui&pizang/03/41/cell_1761648081726_912349010008_12638_0000.png,thumbs/cluster_21/040_cell_1761648081726_912349010008_12638_0000.jpg
21,/home/wangqianqian/project/FS/data/28gusui&pizang/03/49/cell_1761648544361_912349010008_50985_0100.png,thumbs/cluster_21/041_cell_1761648544361_912349010008_50985_0100.jpg
21,/home/wangqianqian/project/FS/data/28gusui&pizang/03/47/cell_1761648447647_912349010008_42748_0000.png,thumbs/cluster_21/042_cell_1761648447647_912349010008_42748_0000.jpg
21,/home/wangqianqian/project/FS/data/28gusui&pizang/03/06/cell_1761645986872_912349010008_30663_0100.png,thumbs/cluster_21/043_cell_1761645986872_912349010008_30663_0100.jpg
21,/home/wangqianqian/project/FS/data/28gusui&pizang/03/17/cell_1761646630872_912349010008_83380_0100.png,thumbs/cluster_21/044_cell_1761646630872_912349010008_83380_0100.jpg
21,/home/wangqianqian/project/FS/data/28gusui&pizang/03/16/cell_1761646569735_912349010008_78394_0000.png,thumbs/cluster_21/045_cell_1761646569735_912349010008_78394_0000.jpg
21,/home/wangqianqian/project/FS/data/28gusui&pizang/03/45/cell_1761648358703_912349010008_34629_0000.png,thumbs/cluster_21/046_cell_1761648358703_912349010008_34629_0000.jpg
21,/home/wangqianqian/project/FS/data/28gusui&pizang/03/55/cell_1761648912788_912349010008_87313_0100.png,thumbs/cluster_21/047_cell_1761648912788_912349010008_87313_0100.jpg
21,/home/wangqianqian/project/FS/data/28gusui&pizang/03/09/cell_1761646195896_912349010008_46974_0100.png,thumbs/cluster_21/048_cell_1761646195896_912349010008_46974_0100.jpg
21,/home/wangqianqian/project/FS/data/28gusui&pizang/03/53/cell_1761648819883_912349010008_78540_0100.png,thumbs/cluster_21/049_cell_1761648819883_912349010008_78540_0100.jpg
21,/home/wangqianqian/project/FS/data/28gusui&pizang/03/11/cell_1761646260824_912349010008_52272_0100.png,thumbs/cluster_21/050_cell_1761646260824_912349010008_52272_0100.jpg
21,/home/wangqianqian/project/FS/data/28gusui&pizang/03/55/cell_1761648938436_912349010008_89525_0100.png,thumbs/cluster_21/051_cell_1761648938436_912349010008_89525_0100.jpg
21,/home/wangqianqian/project/FS/data/28gusui&pizang/03/11/cell_1761646288786_912349010008_54673_0100.png,thumbs/cluster_21/052_cell_1761646288786_912349010008_54673_0100.jpg
21,/home/wangqianqian/project/FS/data/28gusui&pizang/03/12/cell_1761646349678_912349010008_59805_0100.png,thumbs/cluster_21/053_cell_1761646349678_912349010008_59805_0100.jpg
21,/home/wangqianqian/project/FS/data/28gusui&pizang/03/18/cell_1761646684121_912349010008_88146_0100.png,thumbs/cluster_21/054_cell_1761646684121_912349010008_88146_0100.jpg
21,/home/wangqianqian/project/FS/data/28gusui&pizang/03/47/cell_1761648429026_912349010008_40925_0100.png,thumbs/cluster_21/055_cell_1761648429026_912349010008_40925_0100.jpg
21,/home/wangqianqian/project/FS/data/28gusui&pizang/03/40/cell_1761648047888_912349010008_10622_0100.png,thumbs/cluster_21/056_cell_1761648047888_912349010008_10622_0100.jpg
21,/home/wangqianqian/project/FS/data/28gusui&pizang/03/18/cell_1761646690006_912349010008_88659_0100.png,thumbs/cluster_21/057_cell_1761646690006_912349010008_88659_0100.jpg
21,/home/wangqianqian/project/FS/data/28gusui&pizang/03/12/cell_1761646340652_912349010008_59054_0100.png,thumbs/cluster_21/058_cell_1761646340652_912349010008_59054_0100.jpg
21,/home/wangqianqian/project/FS/data/28gusui&pizang/03/01/cell_1761645693366_912349010008_8011_0000.png,thumbs/cluster_21/059_cell_1761645693366_912349010008_8011_0000.jpg
21,/home/wangqianqian/project/FS/data/28gusui&pizang/03/48/cell_1761648482520_912349010008_45752_0000.png,thumbs/cluster_21/060_cell_1761648482520_912349010008_45752_0000.jpg
21,/home/wangqianqian/project/FS/data/28gusui&pizang/03/14/cell_1761646498446_912349010008_72678_0100.png,thumbs/cluster_21/061_cell_1761646498446_912349010008_72678_0100.jpg
21,/home/wangqianqian/project/FS/data/28gusui&pizang/03/14/cell_1761646493518_912349010008_72180_0000.png,thumbs/cluster_21/062_cell_1761646493518_912349010008_72180_0000.jpg
21,/home/wangqianqian/project/FS/data/28gusui&pizang/03/42/cell_1761648138434_912349010008_16375_0000.png,thumbs/cluster_21/063_cell_1761648138434_912349010008_16375_0000.jpg
21,/home/wangqianqian/project/FS/data/28gusui&pizang/03/42/cell_1761648158871_912349010008_17847_0000.png,thumbs/cluster_21/064_cell_1761648158871_912349010008_17847_0000.jpg
21,/home/wangqianqian/project/FS/data/28gusui&pizang/03/58/cell_1761649100661_912349010008_105187_0100.png,thumbs/cluster_21/065_cell_1761649100661_912349010008_105187_0100.jpg
21,/home/wangqianqian/project/FS/data/28gusui&pizang/03/44/cell_1761648289543_912349010008_28653_0000.png,thumbs/cluster_21/066_cell_1761648289543_912349010008_28653_0000.jpg
21,/home/wangqianqian/project/FS/data/28gusui&pizang/03/57/cell_1761649054790_912349010008_100344_0100.png,thumbs/cluster_21/067_cell_1761649054790_912349010008_100344_0100.jpg
21,/home/wangqianqian/project/FS/data/28gusui&pizang/03/13/cell_1761646423364_912349010008_65688_0000.png,thumbs/cluster_21/068_cell_1761646423364_912349010008_65688_0000.jpg
21,/home/wangqianqian/project/FS/data/28gusui&pizang/03/04/cell_1761645884963_912349010008_22669_0100.png,thumbs/cluster_21/069_cell_1761645884963_912349010008_22669_0100.jpg
21,/home/wangqianqian/project/FS/data/28gusui&pizang/03/07/cell_1761646072515_912349010008_37856_0000.png,thumbs/cluster_21/070_cell_1761646072515_912349010008_37856_0000.jpg
21,/home/wangqianqian/project/FS/data/28gusui&pizang/03/58/cell_1761649108451_912349010008_105999_0100.png,thumbs/cluster_21/071_cell_1761649108451_912349010008_105999_0100.jpg
21,/home/wangqianqian/project/FS/data/28gusui&pizang/03/18/cell_1761646692730_912349010008_88897_0100.png,thumbs/cluster_21/072_cell_1761646692730_912349010008_88897_0100.jpg
21,/home/wangqianqian/project/FS/data/28gusui&pizang/03/47/cell_1761648424075_912349010008_40464_0100.png,thumbs/cluster_21/073_cell_1761648424075_912349010008_40464_0100.jpg
21,/home/wangqianqian/project/FS/data/28gusui&pizang/03/47/cell_1761648440790_912349010008_42122_0100.png,thumbs/cluster_21/074_cell_1761648440790_912349010008_42122_0100.jpg
21,/home/wangqianqian/project/FS/data/28gusui&pizang/03/54/cell_1761648843060_912349010008_80734_0100.png,thumbs/cluster_21/075_cell_1761648843060_912349010008_80734_0100.jpg
21,/home/wangqianqian/project/FS/data/28gusui&pizang/03/45/cell_1761648347205_912349010008_33579_0100.png,thumbs/cluster_21/076_cell_1761648347205_912349010008_33579_0100.jpg
21,/home/wangqianqian/project/FS/data/28gusui&pizang/03/55/cell_1761648942128_912349010008_89830_0100.png,thumbs/cluster_21/077_cell_1761648942128_912349010008_89830_0100.jpg
21,/home/wangqianqian/project/FS/data/28gusui&pizang/03/50/cell_1761648655009_912349010008_61903_0000.png,thumbs/cluster_21/078_cell_1761648655009_912349010008_61903_0000.jpg
21,/home/wangqianqian/project/FS/data/28gusui&pizang/03/10/cell_1761646223196_912349010008_49246_0000.png,thumbs/cluster_21/079_cell_1761646223196_912349010008_49246_0000.jpg
21,/home/wangqianqian/project/FS/data/28gusui&pizang/03/47/cell_1761648444826_912349010008_42496_0100.png,thumbs/cluster_21/080_cell_1761648444826_912349010008_42496_0100.jpg
21,/home/wangqianqian/project/FS/data/28gusui&pizang/03/14/cell_1761646443354_912349010008_67538_0000.png,thumbs/cluster_21/081_cell_1761646443354_912349010008_67538_0000.jpg
21,/home/wangqianqian/project/FS/data/28gusui&pizang/03/46/cell_1761648367203_912349010008_35396_0000.png,thumbs/cluster_21/082_cell_1761648367203_912349010008_35396_0000.jpg
21,/home/wangqianqian/project/FS/data/28gusui&pizang/03/15/cell_1761646511578_912349010008_73767_0000.png,thumbs/cluster_21/083_cell_1761646511578_912349010008_73767_0000.jpg
21,/home/wangqianqian/project/FS/data/28gusui&pizang/03/10/cell_1761646225561_912349010008_49442_0100.png,thumbs/cluster_21/084_cell_1761646225561_912349010008_49442_0100.jpg
21,/home/wangqianqian/project/FS/data/28gusui&pizang/03/48/cell_1761648529938_912349010008_49648_0000.png,thumbs/cluster_21/085_cell_1761648529938_912349010008_49648_0000.jpg
21,/home/wangqianqian/project/FS/data/28gusui&pizang/03/48/cell_1761648502487_912349010008_47457_0000.png,thumbs/cluster_21/086_cell_1761648502487_912349010008_47457_0000.jpg
21,/home/wangqianqian/project/FS/data/28gusui&pizang/03/43/cell_1761648198813_912349010008_20720_0100.png,thumbs/cluster_21/087_cell_1761648198813_912349010008_20720_0100.jpg
21,/home/wangqianqian/project/FS/data/28gusui&pizang/03/45/cell_1761648308804_912349010008_30208_0100.png,thumbs/cluster_21/088_cell_1761648308804_912349010008_30208_0100.jpg
21,/home/wangqianqian/project/FS/data/28gusui&pizang/03/51/cell_1761648693049_912349010008_65724_0100.png,thumbs/cluster_21/089_cell_1761648693049_912349010008_65724_0100.jpg
21,/home/wangqianqian/project/FS/data/28gusui&pizang/03/59/cell_1761649142884_912349010008_109608_0000.png,thumbs/cluster_21/090_cell_1761649142884_912349010008_109608_0000.jpg
21,/home/wangqianqian/project/FS/data/28gusui&pizang/03/09/cell_1761646155144_912349010008_43947_0000.png,thumbs/cluster_21/091_cell_1761646155144_912349010008_43947_0000.jpg
21,/home/wangqianqian/project/FS/data/28gusui&pizang/03/43/cell_1761648202810_912349010008_21045_0000.png,thumbs/cluster_21/092_cell_1761648202810_912349010008_21045_0000.jpg
21,/home/wangqianqian/project/FS/data/28gusui&pizang/03/53/cell_1761648785265_912349010008_74833_0000.png,thumbs/cluster_21/093_cell_1761648785265_912349010008_74833_0000.jpg
21,/home/wangqianqian/project/FS/data/28gusui&pizang/03/51/cell_1761648672191_912349010008_63558_0000.png,thumbs/cluster_21/094_cell_1761648672191_912349010008_63558_0000.jpg
21,/home/wangqianqian/project/FS/data/28gusui&pizang/03/53/cell_1761648818231_912349010008_78406_0100.png,thumbs/cluster_21/095_cell_1761648818231_912349010008_78406_0100.jpg
21,/home/wangqianqian/project/FS/data/28gusui&pizang/03/53/cell_1761648801771_912349010008_76676_0100.png,thumbs/cluster_21/096_cell_1761648801771_912349010008_76676_0100.jpg
21,/home/wangqianqian/project/FS/data/28gusui&pizang/03/47/cell_1761648433749_912349010008_41403_0100.png,thumbs/cluster_21/097_cell_1761648433749_912349010008_41403_0100.jpg
21,/home/wangqianqian/project/FS/data/28gusui&pizang/03/14/cell_1761646450682_912349010008_68240_0000.png,thumbs/cluster_21/098_cell_1761646450682_912349010008_68240_0000.jpg
21,/home/wangqianqian/project/FS/data/28gusui&pizang/03/06/cell_1761646016994_912349010008_33224_0100.png,thumbs/cluster_21/099_cell_1761646016994_912349010008_33224_0100.jpg
22,/home/wangqianqian/project/FS/data/28gusui&pizang/03/45/cell_1761648344325_912349010008_33305_0000.png,thumbs/cluster_22/000_cell_1761648344325_912349010008_33305_0000.jpg
22,/home/wangqianqian/project/FS/data/28gusui&pizang/03/08/cell_1761646107448_912349010008_40479_0000.png,thumbs/cluster_22/001_cell_1761646107448_912349010008_40479_0000.jpg
22,/home/wangqianqian/project/FS/data/28gusui&pizang/03/52/cell_1761648765531_912349010008_72992_0000.png,thumbs/cluster_22/002_cell_1761648765531_912349010008_72992_0000.jpg
22,/home/wangqianqian/project/FS/data/28gusui&pizang/03/40/cell_1761648020103_912349010008_9246_0000.png,thumbs/cluster_22/003_cell_1761648020103_912349010008_9246_0000.jpg
22,/home/wangqianqian/project/FS/data/28gusui&pizang/03/13/cell_1761646392784_912349010008_63231_0000.png,thumbs/cluster_22/004_cell_1761646392784_912349010008_63231_0000.jpg
22,/home/wangqianqian/project/FS/data/28gusui&pizang/03/06/cell_1761645965749_912349010008_28872_0000.png,thumbs/cluster_22/005_cell_1761645965749_912349010008_28872_0000.jpg
22,/home/wangqianqian/project/FS/data/28gusui&pizang/03/57/cell_1761649064450_912349010008_101363_0100.png,thumbs/cluster_22/006_cell_1761649064450_912349010008_101363_0100.jpg
22,/home/wangqianqian/project/FS/data/28gusui&pizang/03/12/cell_1761646347268_912349010008_59613_0000.png,thumbs/cluster_22/007_cell_1761646347268_912349010008_59613_0000.jpg
22,/home/wangqianqian/project/FS/data/28gusui&pizang/03/13/cell_1761646435732_912349010008_66845_0000.png,thumbs/cluster_22/008_cell_1761646435732_912349010008_66845_0000.jpg
22,/home/wangqianqian/project/FS/data/28gusui&pizang/03/06/cell_1761645967802_912349010008_29025_0100.png,thumbs/cluster_22/009_cell_1761645967802_912349010008_29025_0100.jpg
22,/home/wangqianqian/project/FS/data/28gusui&pizang/03/47/cell_1761648470409_912349010008_44688_0000.png,thumbs/cluster_22/010_cell_1761648470409_912349010008_44688_0000.jpg
22,/home/wangqianqian/project/FS/data/28gusui&pizang/03/04/cell_1761645876103_912349010008_21938_0000.png,thumbs/cluster_22/011_cell_1761645876103_912349010008_21938_0000.jpg
22,/home/wangqianqian/project/FS/data/28gusui&pizang/03/02/cell_1761645748342_912349010008_11788_0000.png,thumbs/cluster_22/012_cell_1761645748342_912349010008_11788_0000.jpg
22,/home/wangqianqian/project/FS/data/28gusui&pizang/03/09/cell_1761646150090_912349010008_43535_0100.png,thumbs/cluster_22/013_cell_1761646150090_912349010008_43535_0100.jpg
22,/home/wangqianqian/project/FS/data/28gusui&pizang/03/18/cell_1761646704877_912349010008_89806_0000.png,thumbs/cluster_22/014_cell_1761646704877_912349010008_89806_0000.jpg
22,/home/wangqianqian/project/FS/data/28gusui&pizang/03/47/cell_1761648433552_912349010008_41386_0100.png,thumbs/cluster_22/015_cell_1761648433552_912349010008_41386_0100.jpg
22,/home/wangqianqian/project/FS/data/28gusui&pizang/03/58/cell_1761649132188_912349010008_108505_0000.png,thumbs/cluster_22/016_cell_1761649132188_912349010008_108505_0000.jpg
22,/home/wangqianqian/project/FS/data/28gusui&pizang/03/57/cell_1761649033359_912349010008_98112_0000.png,thumbs/cluster_22/017_cell_1761649033359_912349010008_98112_0000.jpg
22,/home/wangqianqian/project/FS/data/28gusui&pizang/03/59/cell_1761649172733_912349010008_112812_0100.png,thumbs/cluster_22/018_cell_1761649172733_912349010008_112812_0100.jpg
22,/home/wangqianqian/project/FS/data/28gusui&pizang/03/55/cell_1761648925650_912349010008_88395_0100.png,thumbs/cluster_22/019_cell_1761648925650_912349010008_88395_0100.jpg
22,/home/wangqianqian/project/FS/data/28gusui&pizang/03/16/cell_1761646614857_912349010008_82000_0000.png,thumbs/cluster_22/020_cell_1761646614857_912349010008_82000_0000.jpg
22,/home/wangqianqian/project/FS/data/28gusui&pizang/03/44/cell_1761648268501_912349010008_26653_0000.png,thumbs/cluster_22/021_cell_1761648268501_912349010008_26653_0000.jpg
22,/home/wangqianqian/project/FS/data/28gusui&pizang/03/20/cell_1761646832968_912349010008_100411_0000.png,thumbs/cluster_22/022_cell_1761646832968_912349010008_100411_0000.jpg
22,/home/wangqianqian/project/FS/data/28gusui&pizang/03/11/cell_1761646290950_912349010008_54869_0100.png,thumbs/cluster_22/023_cell_1761646290950_912349010008_54869_0100.jpg
22,/home/wangqianqian/project/FS/data/28gusui&pizang/03/09/cell_1761646164693_912349010008_44655_0000.png,thumbs/cluster_22/024_cell_1761646164693_912349010008_44655_0000.jpg
22,/home/wangqianqian/project/FS/data/28gusui&pizang/03/39/cell_1761647953320_912349010008_6332_0100.png,thumbs/cluster_22/025_cell_1761647953320_912349010008_6332_0100.jpg
22,/home/wangqianqian/project/FS/data/28gusui&pizang/03/20/cell_1761646857851_912349010008_102522_0100.png,thumbs/cluster_22/026_cell_1761646857851_912349010008_102522_0100.jpg
22,/home/wangqianqian/project/FS/data/28gusui&pizang/03/05/cell_1761645933719_912349010008_26311_0000.png,thumbs/cluster_22/027_cell_1761645933719_912349010008_26311_0000.jpg
22,/home/wangqianqian/project/FS/data/28gusui&pizang/03/42/cell_1761648160206_912349010008_17946_0000.png,thumbs/cluster_22/028_cell_1761648160206_912349010008_17946_0000.jpg
22,/home/wangqianqian/project/FS/data/28gusui&pizang/03/06/cell_1761645960367_912349010008_28412_0000.png,thumbs/cluster_22/029_cell_1761645960367_912349010008_28412_0000.jpg
22,/home/wangqianqian/project/FS/data/28gusui&pizang/03/45/cell_1761648322906_912349010008_31352_0100.png,thumbs/cluster_22/030_cell_1761648322906_912349010008_31352_0100.jpg
22,/home/wangqianqian/project/FS/data/28gusui&pizang/03/08/cell_1761646086526_912349010008_38877_0100.png,thumbs/cluster_22/031_cell_1761646086526_912349010008_38877_0100.jpg
22,/home/wangqianqian/project/FS/data/28gusui&pizang/03/56/cell_1761648968991_912349010008_92131_0100.png,thumbs/cluster_22/032_cell_1761648968991_912349010008_92131_0100.jpg
22,/home/wangqianqian/project/FS/data/28gusui&pizang/03/45/cell_1761648354226_912349010008_34216_0100.png,thumbs/cluster_22/033_cell_1761648354226_912349010008_34216_0100.jpg
22,/home/wangqianqian/project/FS/data/28gusui&pizang/03/43/cell_1761648183612_912349010008_19574_0000.png,thumbs/cluster_22/034_cell_1761648183612_912349010008_19574_0000.jpg
22,/home/wangqianqian/project/FS/data/28gusui&pizang/03/11/cell_1761646295890_912349010008_55348_0100.png,thumbs/cluster_22/035_cell_1761646295890_912349010008_55348_0100.jpg
22,/home/wangqianqian/project/FS/data/28gusui&pizang/03/51/cell_1761648686885_912349010008_65066_0000.png,thumbs/cluster_22/036_cell_1761648686885_912349010008_65066_0000.jpg
22,/home/wangqianqian/project/FS/data/28gusui&pizang/03/45/cell_1761648310572_912349010008_30368_0000.png,thumbs/cluster_22/037_cell_1761648310572_912349010008_30368_0000.jpg
22,/home/wangqianqian/project/FS/data/28gusui&pizang/03/44/cell_1761648274087_912349010008_27199_0000.png,thumbs/cluster_22/038_cell_1761648274087_912349010008_27199_0000.jpg
22,/home/wangqianqian/project/FS/data/28gusui&pizang/03/38/cell_1761647934487_912349010008_5569_0000.png,thumbs/cluster_22/039_cell_1761647934487_912349010008_5569_0000.jpg
22,/home/wangqianqian/project/FS/data/28gusui&pizang/03/58/cell_1761649088475_912349010008_103886_0000.png,thumbs/cluster_22/040_cell_1761649088475_912349010008_103886_0000.jpg
22,/home/wangqianqian/project/FS/data/28gusui&pizang/03/03/cell_1761645831382_912349010008_18113_0100.png,thumbs/cluster_22/041_cell_1761645831382_912349010008_18113_0100.jpg
22,/home/wangqianqian/project/FS/data/28gusui&pizang/03/06/cell_1761645962428_912349010008_28591_0000.png,thumbs/cluster_22/042_cell_1761645962428_912349010008_28591_0000.jpg
22,/home/wangqianqian/project/FS/data/28gusui&pizang/03/41/cell_1761648114133_912349010008_14639_0000.png,thumbs/cluster_22/043_cell_1761648114133_912349010008_14639_0000.jpg
22,/home/wangqianqian/project/FS/data/28gusui&pizang/03/12/cell_1761646351989_912349010008_60039_0100.png,thumbs/cluster_22/044_cell_1761646351989_912349010008_60039_0100.jpg
22,/home/wangqianqian/project/FS/data/28gusui&pizang/03/07/cell_1761646063885_912349010008_37258_0100.png,thumbs/cluster_22/045_cell_1761646063885_912349010008_37258_0100.jpg
22,/home/wangqianqian/project/FS/data/28gusui&pizang/03/04/cell_1761645872945_912349010008_21660_0000.png,thumbs/cluster_22/046_cell_1761645872945_912349010008_21660_0000.jpg
22,/home/wangqianqian/project/FS/data/28gusui&pizang/03/10/cell_1761646243404_912349010008_50880_0000.png,thumbs/cluster_22/047_cell_1761646243404_912349010008_50880_0000.jpg
22,/home/wangqianqian/project/FS/data/28gusui&pizang/03/16/cell_1761646587158_912349010008_79715_0000.png,thumbs/cluster_22/048_cell_1761646587158_912349010008_79715_0000.jpg
22,/home/wangqianqian/project/FS/data/28gusui&pizang/03/11/cell_1761646298847_912349010008_55618_0100.png,thumbs/cluster_22/049_cell_1761646298847_912349010008_55618_0100.jpg
22,/home/wangqianqian/project/FS/data/28gusui&pizang/03/13/cell_1761646381376_912349010008_62405_0000.png,thumbs/cluster_22/050_cell_1761646381376_912349010008_62405_0000.jpg
22,/home/wangqianqian/project/FS/data/28gusui&pizang/03/41/cell_1761648096157_912349010008_13601_0100.png,thumbs/cluster_22/051_cell_1761648096157_912349010008_13601_0100.jpg
22,/home/wangqianqian/project/FS/data/28gusui&pizang/03/03/cell_1761645788335_912349010008_14763_0000.png,thumbs/cluster_22/052_cell_1761645788335_912349010008_14763_0000.jpg
22,/home/wangqianqian/project/FS/data/28gusui&pizang/03/53/cell_1761648794470_912349010008_75892_0100.png,thumbs/cluster_22/053_cell_1761648794470_912349010008_75892_0100.jpg
22,/home/wangqianqian/project/FS/data/28gusui&pizang/03/12/cell_1761646344387_912349010008_59348_0000.png,thumbs/cluster_22/054_cell_1761646344387_912349010008_59348_0000.jpg
22,/home/wangqianqian/project/FS/data/28gusui&pizang/03/03/cell_1761645837393_912349010008_18566_0000.png,thumbs/cluster_22/055_cell_1761645837393_912349010008_18566_0000.jpg
22,/home/wangqianqian/project/FS/data/28gusui&pizang/03/54/cell_1761648881272_912349010008_84595_0000.png,thumbs/cluster_22/056_cell_1761648881272_912349010008_84595_0000.jpg
22,/home/wangqianqian/project/FS/data/28gusui&pizang/03/57/cell_1761649020522_912349010008_96872_0100.png,thumbs/cluster_22/057_cell_1761649020522_912349010008_96872_0100.jpg
22,/home/wangqianqian/project/FS/data/28gusui&pizang/03/38/cell_1761647936167_912349010008_5623_0000.png,thumbs/cluster_22/058_cell_1761647936167_912349010008_5623_0000.jpg
22,/home/wangqianqian/project/FS/data/28gusui&pizang/03/11/cell_1761646297431_912349010008_55491_0000.png,thumbs/cluster_22/059_cell_1761646297431_912349010008_55491_0000.jpg
22,/home/wangqianqian/project/FS/data/28gusui&pizang/03/12/cell_1761646340355_912349010008_59035_0000.png,thumbs/cluster_22/060_cell_1761646340355_912349010008_59035_0000.jpg
22,/home/wangqianqian/project/FS/data/28gusui&pizang/03/05/cell_1761645935460_912349010008_26442_0100.png,thumbs/cluster_22/061_cell_1761645935460_912349010008_26442_0100.jpg
22,/home/wangqianqian/project/FS/data/28gusui&pizang/03/20/cell_1761646828299_912349010008_100033_0000.png,thumbs/cluster_22/062_cell_1761646828299_912349010008_100033_0000.jpg
22,/home/wangqianqian/project/FS/data/28gusui&pizang/03/42/cell_1761648137534_912349010008_16302_0100.png,thumbs/cluster_22/063_cell_1761648137534_912349010008_16302_0100.jpg
22,/home/wangqianqian/project/FS/data/28gusui&pizang/03/41/cell_1761648091630_912349010008_13331_0100.png,thumbs/cluster_22/064_cell_1761648091630_912349010008_13331_0100.jpg
22,/home/wangqianqian/project/FS/data/28gusui&pizang/03/09/cell_1761646167360_912349010008_44855_0100.png,thumbs/cluster_22/065_cell_1761646167360_912349010008_44855_0100.jpg
22,/home/wangqianqian/project/FS/data/28gusui&pizang/03/15/cell_1761646532681_912349010008_75479_0000.png,thumbs/cluster_22/066_cell_1761646532681_912349010008_75479_0000.jpg
22,/home/wangqianqian/project/FS/data/28gusui&pizang/03/49/cell_1761648551124_912349010008_51596_0000.png,thumbs/cluster_22/067_cell_1761648551124_912349010008_51596_0000.jpg
22,/home/wangqianqian/project/FS/data/28gusui&pizang/03/42/cell_1761648177208_912349010008_19104_0000.png,thumbs/cluster_22/068_cell_1761648177208_912349010008_19104_0000.jpg
22,/home/wangqianqian/project/FS/data/28gusui&pizang/03/48/cell_1761648517846_912349010008_48658_0000.png,thumbs/cluster_22/069_cell_1761648517846_912349010008_48658_0000.jpg
22,/home/wangqianqian/project/FS/data/28gusui&pizang/03/44/cell_1761648271064_912349010008_26907_0100.png,thumbs/cluster_22/070_cell_1761648271064_912349010008_26907_0100.jpg
22,/home/wangqianqian/project/FS/data/28gusui&pizang/03/48/cell_1761648518673_912349010008_48729_0000.png,thumbs/cluster_22/071_cell_1761648518673_912349010008_48729_0000.jpg
22,/home/wangqianqian/project/FS/data/28gusui&pizang/03/09/cell_1761646188890_912349010008_46475_0000.png,thumbs/cluster_22/072_cell_1761646188890_912349010008_46475_0000.jpg
22,/home/wangqianqian/project/FS/data/28gusui&pizang/03/19/cell_1761646751240_912349010008_93577_0000.png,thumbs/cluster_22/073_cell_1761646751240_912349010008_93577_0000.jpg
22,/home/wangqianqian/project/FS/data/28gusui&pizang/03/16/cell_1761646584169_912349010008_79493_0100.png,thumbs/cluster_22/074_cell_1761646584169_912349010008_79493_0100.jpg
22,/home/wangqianqian/project/FS/data/28gusui&pizang/03/20/cell_1761646841794_912349010008_101111_0000.png,thumbs/cluster_22/075_cell_1761646841794_912349010008_101111_0000.jpg
22,/home/wangqianqian/project/FS/data/28gusui&pizang/03/59/cell_1761649161687_912349010008_111623_0000.png,thumbs/cluster_22/076_cell_1761649161687_912349010008_111623_0000.jpg
22,/home/wangqianqian/project/FS/data/28gusui&pizang/03/50/cell_1761648652222_912349010008_61603_0100.png,thumbs/cluster_22/077_cell_1761648652222_912349010008_61603_0100.jpg
22,/home/wangqianqian/project/FS/data/28gusui&pizang/03/53/cell_1761648838651_912349010008_80278_0100.png,thumbs/cluster_22/078_cell_1761648838651_912349010008_80278_0100.jpg
22,/home/wangqianqian/project/FS/data/28gusui&pizang/03/50/cell_1761648636793_912349010008_60018_0100.png,thumbs/cluster_22/079_cell_1761648636793_912349010008_60018_0100.jpg
22,/home/wangqianqian/project/FS/data/28gusui&pizang/03/54/cell_1761648892978_912349010008_85726_0000.png,thumbs/cluster_22/080_cell_1761648892978_912349010008_85726_0000.jpg
22,/home/wangqianqian/project/FS/data/28gusui&pizang/03/09/cell_1761646167896_912349010008_44896_0100.png,thumbs/cluster_22/081_cell_1761646167896_912349010008_44896_0100.jpg
22,/home/wangqianqian/project/FS/data/28gusui&pizang/03/44/cell_1761648275822_912349010008_27395_0100.png,thumbs/cluster_22/082_cell_1761648275822_912349010008_27395_0100.jpg
22,/home/wangqianqian/project/FS/data/28gusui&pizang/03/44/cell_1761648244683_912349010008_24525_0000.png,thumbs/cluster_22/083_cell_1761648244683_912349010008_24525_0000.jpg
22,/home/wangqianqian/project/FS/data/28gusui&pizang/03/20/cell_1761646804916_912349010008_98023_0000.png,thumbs/cluster_22/084_cell_1761646804916_912349010008_98023_0000.jpg
22,/home/wangqianqian/project/FS/data/28gusui&pizang/03/06/cell_1761645971550_912349010008_29336_0000.png,thumbs/cluster_22/085_cell_1761645971550_912349010008_29336_0000.jpg
22,/home/wangqianqian/project/FS/data/28gusui&pizang/03/45/cell_1761648351525_912349010008_33969_0000.png,thumbs/cluster_22/086_cell_1761648351525_912349010008_33969_0000.jpg
22,/home/wangqianqian/project/FS/data/28gusui&pizang/03/47/cell_1761648433302_912349010008_41350_0000.png,thumbs/cluster_22/087_cell_1761648433302_912349010008_41350_0000.jpg
22,/home/wangqianqian/project/FS/data/28gusui&pizang/03/02/cell_1761645779556_912349010008_14080_0000.png,thumbs/cluster_22/088_cell_1761645779556_912349010008_14080_0000.jpg
22,/home/wangqianqian/project/FS/data/28gusui&pizang/03/17/cell_1761646633792_912349010008_83657_0000.png,thumbs/cluster_22/089_cell_1761646633792_912349010008_83657_0000.jpg
22,/home/wangqianqian/project/FS/data/28gusui&pizang/03/05/cell_1761645939891_912349010008_26785_0000.png,thumbs/cluster_22/090_cell_1761645939891_912349010008_26785_0000.jpg
22,/home/wangqianqian/project/FS/data/28gusui&pizang/03/03/cell_1761645787850_912349010008_14722_0000.png,thumbs/cluster_22/091_cell_1761645787850_912349010008_14722_0000.jpg
22,/home/wangqianqian/project/FS/data/28gusui&pizang/03/14/cell_1761646466299_912349010008_69635_0100.png,thumbs/cluster_22/092_cell_1761646466299_912349010008_69635_0100.jpg
22,/home/wangqianqian/project/FS/data/28gusui&pizang/03/51/cell_1761648714648_912349010008_68033_0000.png,thumbs/cluster_22/093_cell_1761648714648_912349010008_68033_0000.jpg
22,/home/wangqianqian/project/FS/data/28gusui&pizang/03/21/cell_1761646862530_912349010008_102945_0000.png,thumbs/cluster_22/094_cell_1761646862530_912349010008_102945_0000.jpg
22,/home/wangqianqian/project/FS/data/28gusui&pizang/03/13/cell_1761646414258_912349010008_64880_0000.png,thumbs/cluster_22/095_cell_1761646414258_912349010008_64880_0000.jpg
22,/home/wangqianqian/project/FS/data/28gusui&pizang/03/47/cell_1761648446830_912349010008_42666_0000.png,thumbs/cluster_22/096_cell_1761648446830_912349010008_42666_0000.jpg
22,/home/wangqianqian/project/FS/data/28gusui&pizang/03/20/cell_1761646803567_912349010008_97900_0000.png,thumbs/cluster_22/097_cell_1761646803567_912349010008_97900_0000.jpg
22,/home/wangqianqian/project/FS/data/28gusui&pizang/03/54/cell_1761648841045_912349010008_80527_0000.png,thumbs/cluster_22/098_cell_1761648841045_912349010008_80527_0000.jpg
22,/home/wangqianqian/project/FS/data/28gusui&pizang/03/45/cell_1761648318153_912349010008_30959_0100.png,thumbs/cluster_22/099_cell_1761648318153_912349010008_30959_0100.jpg
23,/home/wangqianqian/project/FS/data/28gusui&pizang/03/14/cell_1761646477599_912349010008_70602_0100.png,thumbs/cluster_23/000_cell_1761646477599_912349010008_70602_0100.jpg
23,/home/wangqianqian/project/FS/data/28gusui&pizang/03/56/cell_1761648986959_912349010008_93740_0000.png,thumbs/cluster_23/001_cell_1761648986959_912349010008_93740_0000.jpg
23,/home/wangqianqian/project/FS/data/28gusui&pizang/03/02/cell_1761645736029_912349010008_10852_0100.png,thumbs/cluster_23/002_cell_1761645736029_912349010008_10852_0100.jpg
23,/home/wangqianqian/project/FS/data/28gusui&pizang/03/58/cell_1761649089441_912349010008_103988_0000.png,thumbs/cluster_23/003_cell_1761649089441_912349010008_103988_0000.jpg
23,/home/wangqianqian/project/FS/data/28gusui&pizang/03/47/cell_1761648461564_912349010008_43961_0100.png,thumbs/cluster_23/004_cell_1761648461564_912349010008_43961_0100.jpg
23,/home/wangqianqian/project/FS/data/28gusui&pizang/03/05/cell_1761645935249_912349010008_26413_0100.png,thumbs/cluster_23/005_cell_1761645935249_912349010008_26413_0100.jpg
23,/home/wangqianqian/project/FS/data/28gusui&pizang/03/52/cell_1761648774004_912349010008_73729_0000.png,thumbs/cluster_23/006_cell_1761648774004_912349010008_73729_0000.jpg
23,/home/wangqianqian/project/FS/data/28gusui&pizang/03/53/cell_1761648791704_912349010008_75567_0100.png,thumbs/cluster_23/007_cell_1761648791704_912349010008_75567_0100.jpg
23,/home/wangqianqian/project/FS/data/28gusui&pizang/03/09/cell_1761646184170_912349010008_46111_0100.png,thumbs/cluster_23/008_cell_1761646184170_912349010008_46111_0100.jpg
23,/home/wangqianqian/project/FS/data/28gusui&pizang/03/59/cell_1761649159597_912349010008_111389_0100.png,thumbs/cluster_23/009_cell_1761649159597_912349010008_111389_0100.jpg
23,/home/wangqianqian/project/FS/data/28gusui&pizang/03/44/cell_1761648287109_912349010008_28430_0100.png,thumbs/cluster_23/010_cell_1761648287109_912349010008_28430_0100.jpg
23,/home/wangqianqian/project/FS/data/28gusui&pizang/03/46/cell_1761648414852_912349010008_39567_0100.png,thumbs/cluster_23/011_cell_1761648414852_912349010008_39567_0100.jpg
23,/home/wangqianqian/project/FS/data/28gusui&pizang/03/06/cell_1761645967068_912349010008_28974_0100.png,thumbs/cluster_23/012_cell_1761645967068_912349010008_28974_0100.jpg
23,/home/wangqianqian/project/FS/data/28gusui&pizang/03/43/cell_1761648232878_912349010008_23504_0100.png,thumbs/cluster_23/013_cell_1761648232878_912349010008_23504_0100.jpg
23,/home/wangqianqian/project/FS/data/28gusui&pizang/03/09/cell_1761646150973_912349010008_43618_0100.png,thumbs/cluster_23/014_cell_1761646150973_912349010008_43618_0100.jpg
23,/home/wangqianqian/project/FS/data/28gusui&pizang/03/13/cell_1761646422653_912349010008_65616_0000.png,thumbs/cluster_23/015_cell_1761646422653_912349010008_65616_0000.jpg
23,/home/wangqianqian/project/FS/data/28gusui&pizang/03/14/cell_1761646467195_912349010008_69713_0000.png,thumbs/cluster_23/016_cell_1761646467195_912349010008_69713_0000.jpg
23,/home/wangqianqian/project/FS/data/28gusui&pizang/03/57/cell_1761649073822_912349010008_102323_0000.png,thumbs/cluster_23/017_cell_1761649073822_912349010008_102323_0000.jpg
23,/home/wangqianqian/project/FS/data/28gusui&pizang/03/03/cell_1761645832293_912349010008_18173_0100.png,thumbs/cluster_23/018_cell_1761645832293_912349010008_18173_0100.jpg
23,/home/wangqianqian/project/FS/data/28gusui&pizang/03/58/cell_1761649132210_912349010008_108510_0100.png,thumbs/cluster_23/019_cell_1761649132210_912349010008_108510_0100.jpg
23,/home/wangqianqian/project/FS/data/28gusui&pizang/03/51/cell_1761648705868_912349010008_67064_0000.png,thumbs/cluster_23/020_cell_1761648705868_912349010008_67064_0000.jpg
23,/home/wangqianqian/project/FS/data/28gusui&pizang/03/43/cell_1761648199378_912349010008_20773_0100.png,thumbs/cluster_23/021_cell_1761648199378_912349010008_20773_0100.jpg
23,/home/wangqianqian/project/FS/data/28gusui&pizang/03/04/cell_1761645842960_912349010008_18978_0100.png,thumbs/cluster_23/022_cell_1761645842960_912349010008_18978_0100.jpg
23,/home/wangqianqian/project/FS/data/28gusui&pizang/03/52/cell_1761648766239_912349010008_73057_0100.png,thumbs/cluster_23/023_cell_1761648766239_912349010008_73057_0100.jpg
23,/home/wangqianqian/project/FS/data/28gusui&pizang/03/49/cell_1761648542799_912349010008_50824_0000.png,thumbs/cluster_23/024_cell_1761648542799_912349010008_50824_0000.jpg
23,/home/wangqianqian/project/FS/data/28gusui&pizang/03/39/cell_1761647947065_912349010008_6073_0000.png,thumbs/cluster_23/025_cell_1761647947065_912349010008_6073_0000.jpg
23,/home/wangqianqian/project/FS/data/28gusui&pizang/03/47/cell_1761648439788_912349010008_42045_0000.png,thumbs/cluster_23/026_cell_1761648439788_912349010008_42045_0000.jpg
23,/home/wangqianqian/project/FS/data/28gusui&pizang/03/04/cell_1761645894652_912349010008_23367_0000.png,thumbs/cluster_23/027_cell_1761645894652_912349010008_23367_0000.jpg
23,/home/wangqianqian/project/FS/data/28gusui&pizang/03/06/cell_1761645990295_912349010008_30912_0100.png,thumbs/cluster_23/028_cell_1761645990295_912349010008_30912_0100.jpg
23,/home/wangqianqian/project/FS/data/28gusui&pizang/03/17/cell_1761646648242_912349010008_84940_0100.png,thumbs/cluster_23/029_cell_1761646648242_912349010008_84940_0100.jpg
23,/home/wangqianqian/project/FS/data/28gusui&pizang/03/50/cell_1761648602860_912349010008_56672_0100.png,thumbs/cluster_23/030_cell_1761648602860_912349010008_56672_0100.jpg
23,/home/wangqianqian/project/FS/data/28gusui&pizang/03/10/cell_1761646243439_912349010008_50882_0000.png,thumbs/cluster_23/031_cell_1761646243439_912349010008_50882_0000.jpg
23,/home/wangqianqian/project/FS/data/28gusui&pizang/03/56/cell_1761648995891_912349010008_94583_0000.png,thumbs/cluster_23/032_cell_1761648995891_912349010008_94583_0000.jpg
23,/home/wangqianqian/project/FS/data/28gusui&pizang/03/14/cell_1761646462725_912349010008_69291_0000.png,thumbs/cluster_23/033_cell_1761646462725_912349010008_69291_0000.jpg
23,/home/wangqianqian/project/FS/data/28gusui&pizang/03/44/cell_1761648244435_912349010008_24509_0100.png,thumbs/cluster_23/034_cell_1761648244435_912349010008_24509_0100.jpg
23,/home/wangqianqian/project/FS/data/28gusui&pizang/03/58/cell_1761649086232_912349010008_103623_0000.png,thumbs/cluster_23/035_cell_1761649086232_912349010008_103623_0000.jpg
23,/home/wangqianqian/project/FS/data/28gusui&pizang/03/48/cell_1761648505274_912349010008_47678_0000.png,thumbs/cluster_23/036_cell_1761648505274_912349010008_47678_0000.jpg
23,/home/wangqianqian/project/FS/data/28gusui&pizang/03/47/cell_1761648424911_912349010008_40535_0000.png,thumbs/cluster_23/037_cell_1761648424911_912349010008_40535_0000.jpg
23,/home/wangqianqian/project/FS/data/28gusui&pizang/03/07/cell_1761646067077_912349010008_37467_0000.png,thumbs/cluster_23/038_cell_1761646067077_912349010008_37467_0000.jpg
23,/home/wangqianqian/project/FS/data/28gusui&pizang/03/15/cell_1761646507071_912349010008_73405_0000.png,thumbs/cluster_23/039_cell_1761646507071_912349010008_73405_0000.jpg
23,/home/wangqianqian/project/FS/data/28gusui&pizang/03/54/cell_1761648882399_912349010008_84724_0000.png,thumbs/cluster_23/040_cell_1761648882399_912349010008_84724_0000.jpg
23,/home/wangqianqian/project/FS/data/28gusui&pizang/03/48/cell_1761648490652_912349010008_46445_0000.png,thumbs/cluster_23/041_cell_1761648490652_912349010008_46445_0000.jpg
23,/home/wangqianqian/project/FS/data/28gusui&pizang/03/06/cell_1761645991066_912349010008_30971_0000.png,thumbs/cluster_23/042_cell_1761645991066_912349010008_30971_0000.jpg
23,/home/wangqianqian/project/FS/data/28gusui&pizang/03/10/cell_1761646200811_912349010008_47393_0000.png,thumbs/cluster_23/043_cell_1761646200811_912349010008_47393_0000.jpg
23,/home/wangqianqian/project/FS/data/28gusui&pizang/03/51/cell_1761648717365_912349010008_68257_0000.png,thumbs/cluster_23/044_cell_1761648717365_912349010008_68257_0000.jpg
23,/home/wangqianqian/project/FS/data/28gusui&pizang/03/43/cell_1761648213009_912349010008_21948_0000.png,thumbs/cluster_23/045_cell_1761648213009_912349010008_21948_0000.jpg
23,/home/wangqianqian/project/FS/data/28gusui&pizang/03/48/cell_1761648490177_912349010008_46406_0100.png,thumbs/cluster_23/046_cell_1761648490177_912349010008_46406_0100.jpg
23,/home/wangqianqian/project/FS/data/28gusui&pizang/03/38/cell_1761647895456_912349010008_4258_0000.png,thumbs/cluster_23/047_cell_1761647895456_912349010008_4258_0000.jpg
23,/home/wangqianqian/project/FS/data/28gusui&pizang/03/52/cell_1761648735700_912349010008_70019_0000.png,thumbs/cluster_23/048_cell_1761648735700_912349010008_70019_0000.jpg
23,/home/wangqianqian/project/FS/data/28gusui&pizang/03/08/cell_1761646082938_912349010008_38601_0000.png,thumbs/cluster_23/049_cell_1761646082938_912349010008_38601_0000.jpg
23,/home/wangqianqian/project/FS/data/28gusui&pizang/03/54/cell_1761648844743_912349010008_80925_0100.png,thumbs/cluster_23/050_cell_1761648844743_912349010008_80925_0100.jpg
23,/home/wangqianqian/project/FS/data/28gusui&pizang/03/17/cell_1761646622014_912349010008_82634_0100.png,thumbs/cluster_23/051_cell_1761646622014_912349010008_82634_0100.jpg
23,/home/wangqianqian/project/FS/data/28gusui&pizang/03/45/cell_1761648344916_912349010008_33358_0000.png,thumbs/cluster_23/052_cell_1761648344916_912349010008_33358_0000.jpg
23,/home/wangqianqian/project/FS/data/28gusui&pizang/03/06/cell_1761646016950_912349010008_33221_0100.png,thumbs/cluster_23/053_cell_1761646016950_912349010008_33221_0100.jpg
23,/home/wangqianqian/project/FS/data/28gusui&pizang/03/57/cell_1761649068994_912349010008_101833_0100.png,thumbs/cluster_23/054_cell_1761649068994_912349010008_101833_0100.jpg
23,/home/wangqianqian/project/FS/data/28gusui&pizang/03/40/cell_1761648011737_912349010008_8819_0100.png,thumbs/cluster_23/055_cell_1761648011737_912349010008_8819_0100.jpg
23,/home/wangqianqian/project/FS/data/28gusui&pizang/03/07/cell_1761646042947_912349010008_35454_0100.png,thumbs/cluster_23/056_cell_1761646042947_912349010008_35454_0100.jpg
23,/home/wangqianqian/project/FS/data/28gusui&pizang/03/55/cell_1761648938657_912349010008_89543_0100.png,thumbs/cluster_23/057_cell_1761648938657_912349010008_89543_0100.jpg
23,/home/wangqianqian/project/FS/data/28gusui&pizang/03/18/cell_1761646727658_912349010008_91659_0000.png,thumbs/cluster_23/058_cell_1761646727658_912349010008_91659_0000.jpg
23,/home/wangqianqian/project/FS/data/28gusui&pizang/03/15/cell_1761646558913_912349010008_77641_0000.png,thumbs/cluster_23/059_cell_1761646558913_912349010008_77641_0000.jpg
23,/home/wangqianqian/project/FS/data/28gusui&pizang/03/15/cell_1761646557175_912349010008_77499_0100.png,thumbs/cluster_23/060_cell_1761646557175_912349010008_77499_0100.jpg
23,/home/wangqianqian/project/FS/data/28gusui&pizang/03/57/cell_1761649057503_912349010008_100634_0000.png,thumbs/cluster_23/061_cell_1761649057503_912349010008_100634_0000.jpg
23,/home/wangqianqian/project/FS/data/28gusui&pizang/03/14/cell_1761646468128_912349010008_69797_0000.png,thumbs/cluster_23/062_cell_1761646468128_912349010008_69797_0000.jpg
23,/home/wangqianqian/project/FS/data/28gusui&pizang/03/43/cell_1761648235150_912349010008_23691_0000.png,thumbs/cluster_23/063_cell_1761648235150_912349010008_23691_0000.jpg
23,/home/wangqianqian/project/FS/data/28gusui&pizang/03/14/cell_1761646492154_912349010008_72053_0000.png,thumbs/cluster_23/064_cell_1761646492154_912349010008_72053_0000.jpg
23,/home/wangqianqian/project/FS/data/28gusui&pizang/03/45/cell_1761648326167_912349010008_31616_0100.png,thumbs/cluster_23/065_cell_1761648326167_912349010008_31616_0100.jpg
23,/home/wangqianqian/project/FS/data/28gusui&pizang/03/13/cell_1761646427832_912349010008_66136_0000.png,thumbs/cluster_23/066_cell_1761646427832_912349010008_66136_0000.jpg
23,/home/wangqianqian/project/FS/data/28gusui&pizang/03/44/cell_1761648287109_912349010008_28430_0000.png,thumbs/cluster_23/067_cell_1761648287109_912349010008_28430_0000.jpg
23,/home/wangqianqian/project/FS/data/28gusui&pizang/03/39/cell_1761647976472_912349010008_7271_0000.png,thumbs/cluster_23/068_cell_1761647976472_912349010008_7271_0000.jpg
23,/home/wangqianqian/project/FS/data/28gusui&pizang/03/48/cell_1761648502129_912349010008_47426_0100.png,thumbs/cluster_23/069_cell_1761648502129_912349010008_47426_0100.jpg
23,/home/wangqianqian/project/FS/data/28gusui&pizang/03/16/cell_1761646568973_912349010008_78334_0100.png,thumbs/cluster_23/070_cell_1761646568973_912349010008_78334_0100.jpg
23,/home/wangqianqian/project/FS/data/28gusui&pizang/03/50/cell_1761648602460_912349010008_56614_0100.png,thumbs/cluster_23/071_cell_1761648602460_912349010008_56614_0100.jpg
23,/home/wangqianqian/project/FS/data/28gusui&pizang/03/05/cell_1761645949324_912349010008_27581_0000.png,thumbs/cluster_23/072_cell_1761645949324_912349010008_27581_0000.jpg
23,/home/wangqianqian/project/FS/data/28gusui&pizang/03/45/cell_1761648356943_912349010008_34457_0100.png,thumbs/cluster_23/073_cell_1761648356943_912349010008_34457_0100.jpg
23,/home/wangqianqian/project/FS/data/28gusui&pizang/03/48/cell_1761648518479_912349010008_48714_0000.png,thumbs/cluster_23/074_cell_1761648518479_912349010008_48714_0000.jpg
23,/home/wangqianqian/project/FS/data/28gusui&pizang/03/21/cell_1761646898712_912349010008_105888_0000.png,thumbs/cluster_23/075_cell_1761646898712_912349010008_105888_0000.jpg
23,/home/wangqianqian/project/FS/data/28gusui&pizang/03/59/cell_1761649172286_912349010008_112759_0000.png,thumbs/cluster_23/076_cell_1761649172286_912349010008_112759_0000.jpg
23,/home/wangqianqian/project/FS/data/28gusui&pizang/03/22/cell_1761646920360_912349010008_107664_0000.png,thumbs/cluster_23/077_cell_1761646920360_912349010008_107664_0000.jpg
23,/home/wangqianqian/project/FS/data/28gusui&pizang/03/45/cell_1761648354663_912349010008_34256_0000.png,thumbs/cluster_23/078_cell_1761648354663_912349010008_34256_0000.jpg
23,/home/wangqianqian/project/FS/data/28gusui&pizang/03/05/cell_1761645953781_912349010008_27912_0000.png,thumbs/cluster_23/079_cell_1761645953781_912349010008_27912_0000.jpg
23,/home/wangqianqian/project/FS/data/28gusui&pizang/03/59/cell_1761649156626_912349010008_111056_0000.png,thumbs/cluster_23/080_cell_1761649156626_912349010008_111056_0000.jpg
23,/home/wangqianqian/project/FS/data/28gusui&pizang/03/14/cell_1761646478246_912349010008_70671_0000.png,thumbs/cluster_23/081_cell_1761646478246_912349010008_70671_0000.jpg
23,/home/wangqianqian/project/FS/data/28gusui&pizang/03/46/cell_1761648411575_912349010008_39243_0100.png,thumbs/cluster_23/082_cell_1761648411575_912349010008_39243_0100.jpg
23,/home/wangqianqian/project/FS/data/28gusui&pizang/03/48/cell_1761648483857_912349010008_45878_0100.png,thumbs/cluster_23/083_cell_1761648483857_912349010008_45878_0100.jpg
23,/home/wangqianqian/project/FS/data/28gusui&pizang/03/52/cell_1761648743717_912349010008_70881_0000.png,thumbs/cluster_23/084_cell_1761648743717_912349010008_70881_0000.jpg
23,/home/wangqianqian/project/FS/data/28gusui&pizang/03/50/cell_1761648648591_912349010008_61231_0000.png,thumbs/cluster_23/085_cell_1761648648591_912349010008_61231_0000.jpg
23,/home/wangqianqian/project/FS/data/28gusui&pizang/03/06/cell_1761646007567_912349010008_32325_0100.png,thumbs/cluster_23/086_cell_1761646007567_912349010008_32325_0100.jpg
23,/home/wangqianqian/project/FS/data/28gusui&pizang/03/47/cell_1761648460236_912349010008_43831_0100.png,thumbs/cluster_23/087_cell_1761648460236_912349010008_43831_0100.jpg
23,/home/wangqianqian/project/FS/data/28gusui&pizang/03/47/cell_1761648464194_912349010008_44159_0000.png,thumbs/cluster_23/088_cell_1761648464194_912349010008_44159_0000.jpg
23,/home/wangqianqian/project/FS/data/28gusui&pizang/03/13/cell_1761646415117_912349010008_64944_0100.png,thumbs/cluster_23/089_cell_1761646415117_912349010008_64944_0100.jpg
23,/home/wangqianqian/project/FS/data/28gusui&pizang/03/21/cell_1761646896067_912349010008_105670_0100.png,thumbs/cluster_23/090_cell_1761646896067_912349010008_105670_0100.jpg
23,/home/wangqianqian/project/FS/data/28gusui&pizang/03/58/cell_1761649125905_912349010008_107838_0000.png,thumbs/cluster_23/091_cell_1761649125905_912349010008_107838_0000.jpg
23,/home/wangqianqian/project/FS/data/28gusui&pizang/03/51/cell_1761648687013_912349010008_65090_0000.png,thumbs/cluster_23/092_cell_1761648687013_912349010008_65090_0000.jpg
23,/home/wangqianqian/project/FS/data/28gusui&pizang/03/54/cell_1761648868826_912349010008_83350_0000.png,thumbs/cluster_23/093_cell_1761648868826_912349010008_83350_0000.jpg
23,/home/wangqianqian/project/FS/data/28gusui&pizang/03/44/cell_1761648283823_912349010008_28109_0000.png,thumbs/cluster_23/094_cell_1761648283823_912349010008_28109_0000.jpg
23,/home/wangqianqian/project/FS/data/28gusui&pizang/03/45/cell_1761648313625_912349010008_30625_0000.png,thumbs/cluster_23/095_cell_1761648313625_912349010008_30625_0000.jpg
23,/home/wangqianqian/project/FS/data/28gusui&pizang/03/09/cell_1761646188633_912349010008_46451_0000.png,thumbs/cluster_23/096_cell_1761646188633_912349010008_46451_0000.jpg
23,/home/wangqianqian/project/FS/data/28gusui&pizang/03/56/cell_1761648972909_912349010008_92500_0000.png,thumbs/cluster_23/097_cell_1761648972909_912349010008_92500_0000.jpg
23,/home/wangqianqian/project/FS/data/28gusui&pizang/03/04/cell_1761645854801_912349010008_20056_0000.png,thumbs/cluster_23/098_cell_1761645854801_912349010008_20056_0000.jpg
23,/home/wangqianqian/project/FS/data/28gusui&pizang/03/05/cell_1761645939766_912349010008_26751_0100.png,thumbs/cluster_23/099_cell_1761645939766_912349010008_26751_0100.jpg
24,/home/wangqianqian/project/FS/data/28gusui&pizang/03/02/cell_1761645727176_912349010008_10257_0000.png,thumbs/cluster_24/000_cell_1761645727176_912349010008_10257_0000.jpg
24,/home/wangqianqian/project/FS/data/28gusui&pizang/03/43/cell_1761648203415_912349010008_21092_0000.png,thumbs/cluster_24/001_cell_1761648203415_912349010008_21092_0000.jpg
24,/home/wangqianqian/project/FS/data/28gusui&pizang/03/52/cell_1761648767598_912349010008_73152_0000.png,thumbs/cluster_24/002_cell_1761648767598_912349010008_73152_0000.jpg
24,/home/wangqianqian/project/FS/data/28gusui&pizang/03/54/cell_1761648896856_912349010008_86053_0000.png,thumbs/cluster_24/003_cell_1761648896856_912349010008_86053_0000.jpg
24,/home/wangqianqian/project/FS/data/28gusui&pizang/03/10/cell_1761646203967_912349010008_47618_0100.png,thumbs/cluster_24/004_cell_1761646203967_912349010008_47618_0100.jpg
24,/home/wangqianqian/project/FS/data/28gusui&pizang/03/49/cell_1761648590525_912349010008_55353_0000.png,thumbs/cluster_24/005_cell_1761648590525_912349010008_55353_0000.jpg
24,/home/wangqianqian/project/FS/data/28gusui&pizang/03/05/cell_1761645918791_912349010008_25136_0000.png,thumbs/cluster_24/006_cell_1761645918791_912349010008_25136_0000.jpg
24,/home/wangqianqian/project/FS/data/28gusui&pizang/03/40/cell_1761648031852_912349010008_9875_0100.png,thumbs/cluster_24/007_cell_1761648031852_912349010008_9875_0100.jpg
24,/home/wangqianqian/project/FS/data/28gusui&pizang/03/54/cell_1761648866642_912349010008_83129_0000.png,thumbs/cluster_24/008_cell_1761648866642_912349010008_83129_0000.jpg
24,/home/wangqianqian/project/FS/data/28gusui&pizang/03/45/cell_1761648346358_912349010008_33492_0100.png,thumbs/cluster_24/009_cell_1761648346358_912349010008_33492_0100.jpg
24,/home/wangqianqian/project/FS/data/28gusui&pizang/03/45/cell_1761648350607_912349010008_33899_0100.png,thumbs/cluster_24/010_cell_1761648350607_912349010008_33899_0100.jpg
24,/home/wangqianqian/project/FS/data/28gusui&pizang/03/57/cell_1761649078310_912349010008_102785_0000.png,thumbs/cluster_24/011_cell_1761649078310_912349010008_102785_0000.jpg
24,/home/wangqianqian/project/FS/data/28gusui&pizang/03/48/cell_1761648497313_912349010008_47020_0100.png,thumbs/cluster_24/012_cell_1761648497313_912349010008_47020_0100.jpg
24,/home/wangqianqian/project/FS/data/28gusui&pizang/03/38/cell_1761647905940_912349010008_4625_0100.png,thumbs/cluster_24/013_cell_1761647905940_912349010008_4625_0100.jpg
24,/home/wangqianqian/project/FS/data/28gusui&pizang/03/04/cell_1761645856111_912349010008_20176_0100.png,thumbs/cluster_24/014_cell_1761645856111_912349010008_20176_0100.jpg
24,/home/wangqianqian/project/FS/data/28gusui&pizang/03/41/cell_1761648112937_912349010008_14575_0100.png,thumbs/cluster_24/015_cell_1761648112937_912349010008_14575_0100.jpg
24,/home/wangqianqian/project/FS/data/28gusui&pizang/03/20/cell_1761646859679_912349010008_102685_0100.png,thumbs/cluster_24/016_cell_1761646859679_912349010008_102685_0100.jpg
24,/home/wangqianqian/project/FS/data/28gusui&pizang/03/50/cell_1761648639346_912349010008_60264_0100.png,thumbs/cluster_24/017_cell_1761648639346_912349010008_60264_0100.jpg
24,/home/wangqianqian/project/FS/data/28gusui&pizang/03/50/cell_1761648615634_912349010008_57871_0100.png,thumbs/cluster_24/018_cell_1761648615634_912349010008_57871_0100.jpg
24,/home/wangqianqian/project/FS/data/28gusui&pizang/03/58/cell_1761649133603_912349010008_108632_0100.png,thumbs/cluster_24/019_cell_1761649133603_912349010008_108632_0100.jpg
24,/home/wangqianqian/project/FS/data/28gusui&pizang/03/10/cell_1761646225767_912349010008_49459_0100.png,thumbs/cluster_24/020_cell_1761646225767_912349010008_49459_0100.jpg
24,/home/wangqianqian/project/FS/data/28gusui&pizang/03/15/cell_1761646545551_912349010008_76594_0100.png,thumbs/cluster_24/021_cell_1761646545551_912349010008_76594_0100.jpg
24,/home/wangqianqian/project/FS/data/28gusui&pizang/03/02/cell_1761645758613_912349010008_12575_0000.png,thumbs/cluster_24/022_cell_1761645758613_912349010008_12575_0000.jpg
24,/home/wangqianqian/project/FS/data/28gusui&pizang/03/49/cell_1761648570339_912349010008_53403_0000.png,thumbs/cluster_24/023_cell_1761648570339_912349010008_53403_0000.jpg
24,/home/wangqianqian/project/FS/data/28gusui&pizang/03/46/cell_1761648367076_912349010008_35382_0000.png,thumbs/cluster_24/024_cell_1761648367076_912349010008_35382_0000.jpg
24,/home/wangqianqian/project/FS/data/28gusui&pizang/03/05/cell_1761645925544_912349010008_25695_0000.png,thumbs/cluster_24/025_cell_1761645925544_912349010008_25695_0000.jpg
24,/home/wangqianqian/project/FS/data/28gusui&pizang/03/03/cell_1761645821842_912349010008_17365_0000.png,thumbs/cluster_24/026_cell_1761645821842_912349010008_17365_0000.jpg
24,/home/wangqianqian/project/FS/data/28gusui&pizang/03/10/cell_1761646201572_912349010008_47438_0100.png,thumbs/cluster_24/027_cell_1761646201572_912349010008_47438_0100.jpg
24,/home/wangqianqian/project/FS/data/28gusui&pizang/03/42/cell_1761648153868_912349010008_17485_0000.png,thumbs/cluster_24/028_cell_1761648153868_912349010008_17485_0000.jpg
24,/home/wangqianqian/project/FS/data/28gusui&pizang/03/11/cell_1761646273669_912349010008_53303_0000.png,thumbs/cluster_24/029_cell_1761646273669_912349010008_53303_0000.jpg
24,/home/wangqianqian/project/FS/data/28gusui&pizang/03/52/cell_1761648775888_912349010008_73905_0100.png,thumbs/cluster_24/030_cell_1761648775888_912349010008_73905_0100.jpg
24,/home/wangqianqian/project/FS/data/28gusui&pizang/03/13/cell_1761646393455_912349010008_63273_0100.png,thumbs/cluster_24/031_cell_1761646393455_912349010008_63273_0100.jpg
24,/home/wangqianqian/project/FS/data/28gusui&pizang/03/53/cell_1761648812382_912349010008_77798_0100.png,thumbs/cluster_24/032_cell_1761648812382_912349010008_77798_0100.jpg
24,/home/wangqianqian/project/FS/data/28gusui&pizang/03/51/cell_1761648699892_912349010008_66444_0000.png,thumbs/cluster_24/033_cell_1761648699892_912349010008_66444_0000.jpg
24,/home/wangqianqian/project/FS/data/28gusui&pizang/03/43/cell_1761648186812_912349010008_19823_0100.png,thumbs/cluster_24/034_cell_1761648186812_912349010008_19823_0100.jpg
24,/home/wangqianqian/project/FS/data/28gusui&pizang/03/51/cell_1761648682692_912349010008_64630_0000.png,thumbs/cluster_24/035_cell_1761648682692_912349010008_64630_0000.jpg
24,/home/wangqianqian/project/FS/data/28gusui&pizang/03/53/cell_1761648833097_912349010008_79768_0000.png,thumbs/cluster_24/036_cell_1761648833097_912349010008_79768_0000.jpg
24,/home/wangqianqian/project/FS/data/28gusui&pizang/03/42/cell_1761648174059_912349010008_18910_0000.png,thumbs/cluster_24/037_cell_1761648174059_912349010008_18910_0000.jpg
24,/home/wangqianqian/project/FS/data/28gusui&pizang/03/20/cell_1761646848563_912349010008_101668_0000.png,thumbs/cluster_24/038_cell_1761646848563_912349010008_101668_0000.jpg
24,/home/wangqianqian/project/FS/data/28gusui&pizang/03/11/cell_1761646309424_912349010008_56508_0100.png,thumbs/cluster_24/039_cell_1761646309424_912349010008_56508_0100.jpg
24,/home/wangqianqian/project/FS/data/28gusui&pizang/03/17/cell_1761646642120_912349010008_84385_0000.png,thumbs/cluster_24/040_cell_1761646642120_912349010008_84385_0000.jpg
24,/home/wangqianqian/project/FS/data/28gusui&pizang/03/49/cell_1761648547546_912349010008_51284_0000.png,thumbs/cluster_24/041_cell_1761648547546_912349010008_51284_0000.jpg
24,/home/wangqianqian/project/FS/data/28gusui&pizang/03/04/cell_1761645895012_912349010008_23383_0100.png,thumbs/cluster_24/042_cell_1761645895012_912349010008_23383_0100.jpg
24,/home/wangqianqian/project/FS/data/28gusui&pizang/03/56/cell_1761648981957_912349010008_93299_0000.png,thumbs/cluster_24/043_cell_1761648981957_912349010008_93299_0000.jpg
24,/home/wangqianqian/project/FS/data/28gusui&pizang/03/16/cell_1761646607010_912349010008_81382_0000.png,thumbs/cluster_24/044_cell_1761646607010_912349010008_81382_0000.jpg
24,/home/wangqianqian/project/FS/data/28gusui&pizang/03/11/cell_1761646277726_912349010008_53675_0000.png,thumbs/cluster_24/045_cell_1761646277726_912349010008_53675_0000.jpg
24,/home/wangqianqian/project/FS/data/28gusui&pizang/03/01/cell_1761645699876_912349010008_8391_0000.png,thumbs/cluster_24/046_cell_1761645699876_912349010008_8391_0000.jpg
24,/home/wangqianqian/project/FS/data/28gusui&pizang/03/10/cell_1761646203218_912349010008_47564_0100.png,thumbs/cluster_24/047_cell_1761646203218_912349010008_47564_0100.jpg
24,/home/wangqianqian/project/FS/data/28gusui&pizang/03/41/cell_1761648107058_912349010008_14222_0100.png,thumbs/cluster_24/048_cell_1761648107058_912349010008_14222_0100.jpg
24,/home/wangqianqian/project/FS/data/28gusui&pizang/03/17/cell_1761646635918_912349010008_83867_0100.png,thumbs/cluster_24/049_cell_1761646635918_912349010008_83867_0100.jpg
24,/home/wangqianqian/project/FS/data/28gusui&pizang/03/53/cell_1761648802452_912349010008_76759_0100.png,thumbs/cluster_24/050_cell_1761648802452_912349010008_76759_0100.jpg
24,/home/wangqianqian/project/FS/data/28gusui&pizang/03/38/cell_1761647915054_912349010008_4882_0100.png,thumbs/cluster_24/051_cell_1761647915054_912349010008_4882_0100.jpg
24,/home/wangqianqian/project/FS/data/28gusui&pizang/03/04/cell_1761645851978_912349010008_19819_0100.png,thumbs/cluster_24/052_cell_1761645851978_912349010008_19819_0100.jpg
24,/home/wangqianqian/project/FS/data/28gusui&pizang/03/02/cell_1761645758402_912349010008_12563_0000.png,thumbs/cluster_24/053_cell_1761645758402_912349010008_12563_0000.jpg
24,/home/wangqianqian/project/FS/data/28gusui&pizang/03/19/cell_1761646768191_912349010008_94914_0000.png,thumbs/cluster_24/054_cell_1761646768191_912349010008_94914_0000.jpg
24,/home/wangqianqian/project/FS/data/28gusui&pizang/03/10/cell_1761646248684_912349010008_51352_0000.png,thumbs/cluster_24/055_cell_1761646248684_912349010008_51352_0000.jpg
24,/home/wangqianqian/project/FS/data/28gusui&pizang/03/04/cell_1761645885271_912349010008_22703_0000.png,thumbs/cluster_24/056_cell_1761645885271_912349010008_22703_0000.jpg
24,/home/wangqianqian/project/FS/data/28gusui&pizang/03/47/cell_1761648443433_912349010008_42359_0000.png,thumbs/cluster_24/057_cell_1761648443433_912349010008_42359_0000.jpg
24,/home/wangqianqian/project/FS/data/28gusui&pizang/03/39/cell_1761647987112_912349010008_7655_0100.png,thumbs/cluster_24/058_cell_1761647987112_912349010008_7655_0100.jpg
24,/home/wangqianqian/project/FS/data/28gusui&pizang/03/16/cell_1761646619665_912349010008_82435_0000.png,thumbs/cluster_24/059_cell_1761646619665_912349010008_82435_0000.jpg
24,/home/wangqianqian/project/FS/data/28gusui&pizang/03/54/cell_1761648899587_912349010008_86243_0100.png,thumbs/cluster_24/060_cell_1761648899587_912349010008_86243_0100.jpg
24,/home/wangqianqian/project/FS/data/28gusui&pizang/03/21/cell_1761646893949_912349010008_105482_0000.png,thumbs/cluster_24/061_cell_1761646893949_912349010008_105482_0000.jpg
24,/home/wangqianqian/project/FS/data/28gusui&pizang/03/57/cell_1761649072794_912349010008_102214_0000.png,thumbs/cluster_24/062_cell_1761649072794_912349010008_102214_0000.jpg
24,/home/wangqianqian/project/FS/data/28gusui&pizang/03/06/cell_1761645997671_912349010008_31492_0000.png,thumbs/cluster_24/063_cell_1761645997671_912349010008_31492_0000.jpg
24,/home/wangqianqian/project/FS/data/28gusui&pizang/03/46/cell_1761648389060_912349010008_37265_0100.png,thumbs/cluster_24/064_cell_1761648389060_912349010008_37265_0100.jpg
24,/home/wangqianqian/project/FS/data/28gusui&pizang/03/11/cell_1761646275038_912349010008_53422_0000.png,thumbs/cluster_24/065_cell_1761646275038_912349010008_53422_0000.jpg
24,/home/wangqianqian/project/FS/data/28gusui&pizang/03/14/cell_1761646446295_912349010008_67815_0000.png,thumbs/cluster_24/066_cell_1761646446295_912349010008_67815_0000.jpg
24,/home/wangqianqian/project/FS/data/28gusui&pizang/03/58/cell_1761649088421_912349010008_103873_0100.png,thumbs/cluster_24/067_cell_1761649088421_912349010008_103873_0100.jpg
24,/home/wangqianqian/project/FS/data/28gusui&pizang/03/52/cell_1761648765437_912349010008_72969_0100.png,thumbs/cluster_24/068_cell_1761648765437_912349010008_72969_0100.jpg
24,/home/wangqianqian/project/FS/data/28gusui&pizang/03/51/cell_1761648717437_912349010008_68264_0000.png,thumbs/cluster_24/069_cell_1761648717437_912349010008_68264_0000.jpg
24,/home/wangqianqian/project/FS/data/28gusui&pizang/03/10/cell_1761646227383_912349010008_49567_0100.png,thumbs/cluster_24/070_cell_1761646227383_912349010008_49567_0100.jpg
24,/home/wangqianqian/project/FS/data/28gusui&pizang/03/57/cell_1761649036626_912349010008_98422_0100.png,thumbs/cluster_24/071_cell_1761649036626_912349010008_98422_0100.jpg
24,/home/wangqianqian/project/FS/data/28gusui&pizang/03/48/cell_1761648539262_912349010008_50502_0000.png,thumbs/cluster_24/072_cell_1761648539262_912349010008_50502_0000.jpg
24,/home/wangqianqian/project/FS/data/28gusui&pizang/03/13/cell_1761646433003_912349010008_66587_0000.png,thumbs/cluster_24/073_cell_1761646433003_912349010008_66587_0000.jpg
24,/home/wangqianqian/project/FS/data/28gusui&pizang/03/06/cell_1761645985627_912349010008_30552_0000.png,thumbs/cluster_24/074_cell_1761645985627_912349010008_30552_0000.jpg
24,/home/wangqianqian/project/FS/data/28gusui&pizang/03/41/cell_1761648076272_912349010008_12246_0100.png,thumbs/cluster_24/075_cell_1761648076272_912349010008_12246_0100.jpg
24,/home/wangqianqian/project/FS/data/28gusui&pizang/03/15/cell_1761646548078_912349010008_76781_0000.png,thumbs/cluster_24/076_cell_1761646548078_912349010008_76781_0000.jpg
24,/home/wangqianqian/project/FS/data/28gusui&pizang/03/52/cell_1761648777936_912349010008_74088_0000.png,thumbs/cluster_24/077_cell_1761648777936_912349010008_74088_0000.jpg
24,/home/wangqianqian/project/FS/data/28gusui&pizang/03/42/cell_1761648131974_912349010008_15882_0000.png,thumbs/cluster_24/078_cell_1761648131974_912349010008_15882_0000.jpg
24,/home/wangqianqian/project/FS/data/28gusui&pizang/03/59/cell_1761649150296_912349010008_110335_0100.png,thumbs/cluster_24/079_cell_1761649150296_912349010008_110335_0100.jpg
24,/home/wangqianqian/project/FS/data/28gusui&pizang/03/07/cell_1761646035622_912349010008_34825_0100.png,thumbs/cluster_24/080_cell_1761646035622_912349010008_34825_0100.jpg
24,/home/wangqianqian/project/FS/data/28gusui&pizang/03/02/cell_1761645721490_912349010008_9875_0000.png,thumbs/cluster_24/081_cell_1761645721490_912349010008_9875_0000.jpg
24,/home/wangqianqian/project/FS/data/28gusui&pizang/03/50/cell_1761648607086_912349010008_57044_0000.png,thumbs/cluster_24/082_cell_1761648607086_912349010008_57044_0000.jpg
24,/home/wangqianqian/project/FS/data/28gusui&pizang/03/43/cell_1761648180047_912349010008_19311_0100.png,thumbs/cluster_24/083_cell_1761648180047_912349010008_19311_0100.jpg
24,/home/wangqianqian/project/FS/data/28gusui&pizang/03/15/cell_1761646541045_912349010008_76191_0100.png,thumbs/cluster_24/084_cell_1761646541045_912349010008_76191_0100.jpg
24,/home/wangqianqian/project/FS/data/28gusui&pizang/03/55/cell_1761648954523_912349010008_90868_0100.png,thumbs/cluster_24/085_cell_1761648954523_912349010008_90868_0100.jpg
24,/home/wangqianqian/project/FS/data/28gusui&pizang/03/38/cell_1761647933926_912349010008_5538_0100.png,thumbs/cluster_24/086_cell_1761647933926_912349010008_5538_0100.jpg
24,/home/wangqianqian/project/FS/data/28gusui&pizang/03/03/cell_1761645824229_912349010008_17591_0000.png,thumbs/cluster_24/087_cell_1761645824229_912349010008_17591_0000.jpg
24,/home/wangqianqian/project/FS/data/28gusui&pizang/03/56/cell_1761648989222_912349010008_93939_0100.png,thumbs/cluster_24/088_cell_1761648989222_912349010008_93939_0100.jpg
24,/home/wangqianqian/project/FS/data/28gusui&pizang/03/53/cell_1761648828332_912349010008_79334_0000.png,thumbs/cluster_24/089_cell_1761648828332_912349010008_79334_0000.jpg
24,/home/wangqianqian/project/FS/data/28gusui&pizang/03/06/cell_1761645973755_912349010008_29527_0100.png,thumbs/cluster_24/090_cell_1761645973755_912349010008_29527_0100.jpg
24,/home/wangqianqian/project/FS/data/28gusui&pizang/03/02/cell_1761645752241_912349010008_12073_0100.png,thumbs/cluster_24/091_cell_1761645752241_912349010008_12073_0100.jpg
24,/home/wangqianqian/project/FS/data/28gusui&pizang/03/08/cell_1761646111791_912349010008_40794_0000.png,thumbs/cluster_24/092_cell_1761646111791_912349010008_40794_0000.jpg
24,/home/wangqianqian/project/FS/data/28gusui&pizang/03/48/cell_1761648512403_912349010008_48236_0100.png,thumbs/cluster_24/093_cell_1761648512403_912349010008_48236_0100.jpg
24,/home/wangqianqian/project/FS/data/28gusui&pizang/03/58/cell_1761649128400_912349010008_108105_0000.png,thumbs/cluster_24/094_cell_1761649128400_912349010008_108105_0000.jpg
24,/home/wangqianqian/project/FS/data/28gusui&pizang/03/43/cell_1761648223156_912349010008_22682_0000.png,thumbs/cluster_24/095_cell_1761648223156_912349010008_22682_0000.jpg
24,/home/wangqianqian/project/FS/data/28gusui&pizang/03/07/cell_1761646023073_912349010008_33738_0100.png,thumbs/cluster_24/096_cell_1761646023073_912349010008_33738_0100.jpg
24,/home/wangqianqian/project/FS/data/28gusui&pizang/03/01/cell_1761645702317_912349010008_8534_0100.png,thumbs/cluster_24/097_cell_1761645702317_912349010008_8534_0100.jpg
24,/home/wangqianqian/project/FS/data/28gusui&pizang/03/57/cell_1761649054069_912349010008_100267_0000.png,thumbs/cluster_24/098_cell_1761649054069_912349010008_100267_0000.jpg
24,/home/wangqianqian/project/FS/data/28gusui&pizang/03/14/cell_1761646478082_912349010008_70648_0100.png,thumbs/cluster_24/099_cell_1761646478082_912349010008_70648_0100.jpg
25,/home/wangqianqian/project/FS/data/28gusui&pizang/03/57/cell_1761649030496_912349010008_97859_0000.png,thumbs/cluster_25/000_cell_1761649030496_912349010008_97859_0000.jpg
25,/home/wangqianqian/project/FS/data/28gusui&pizang/03/49/cell_1761648555689_912349010008_52016_0100.png,thumbs/cluster_25/001_cell_1761648555689_912349010008_52016_0100.jpg
25,/home/wangqianqian/project/FS/data/28gusui&pizang/03/50/cell_1761648621375_912349010008_58439_0000.png,thumbs/cluster_25/002_cell_1761648621375_912349010008_58439_0000.jpg
25,/home/wangqianqian/project/FS/data/28gusui&pizang/03/39/cell_1761647979327_912349010008_7365_0000.png,thumbs/cluster_25/003_cell_1761647979327_912349010008_7365_0000.jpg
25,/home/wangqianqian/project/FS/data/28gusui&pizang/03/52/cell_1761648726025_912349010008_69096_0100.png,thumbs/cluster_25/004_cell_1761648726025_912349010008_69096_0100.jpg
25,/home/wangqianqian/project/FS/data/28gusui&pizang/03/03/cell_1761645838133_912349010008_18630_0100.png,thumbs/cluster_25/005_cell_1761645838133_912349010008_18630_0100.jpg
25,/home/wangqianqian/project/FS/data/28gusui&pizang/03/48/cell_1761648512940_912349010008_48286_0000.png,thumbs/cluster_25/006_cell_1761648512940_912349010008_48286_0000.jpg
25,/home/wangqianqian/project/FS/data/28gusui&pizang/03/39/cell_1761647947061_912349010008_6072_0000.png,thumbs/cluster_25/007_cell_1761647947061_912349010008_6072_0000.jpg
25,/home/wangqianqian/project/FS/data/28gusui&pizang/03/54/cell_1761648840052_912349010008_80435_0100.png,thumbs/cluster_25/008_cell_1761648840052_912349010008_80435_0100.jpg
25,/home/wangqianqian/project/FS/data/28gusui&pizang/03/18/cell_1761646727325_912349010008_91619_0000.png,thumbs/cluster_25/009_cell_1761646727325_912349010008_91619_0000.jpg
25,/home/wangqianqian/project/FS/data/28gusui&pizang/03/50/cell_1761648651498_912349010008_61524_0100.png,thumbs/cluster_25/010_cell_1761648651498_912349010008_61524_0100.jpg
25,/home/wangqianqian/project/FS/data/28gusui&pizang/03/10/cell_1761646203408_912349010008_47576_0000.png,thumbs/cluster_25/011_cell_1761646203408_912349010008_47576_0000.jpg
25,/home/wangqianqian/project/FS/data/28gusui&pizang/03/10/cell_1761646241460_912349010008_50725_0000.png,thumbs/cluster_25/012_cell_1761646241460_912349010008_50725_0000.jpg
25,/home/wangqianqian/project/FS/data/28gusui&pizang/03/49/cell_1761648580219_912349010008_54371_0000.png,thumbs/cluster_25/013_cell_1761648580219_912349010008_54371_0000.jpg
25,/home/wangqianqian/project/FS/data/28gusui&pizang/03/58/cell_1761649139538_912349010008_109238_0100.png,thumbs/cluster_25/014_cell_1761649139538_912349010008_109238_0100.jpg
25,/home/wangqianqian/project/FS/data/28gusui&pizang/03/49/cell_1761648598529_912349010008_56246_0000.png,thumbs/cluster_25/015_cell_1761648598529_912349010008_56246_0000.jpg
25,/home/wangqianqian/project/FS/data/28gusui&pizang/03/53/cell_1761648827245_912349010008_79236_0100.png,thumbs/cluster_25/016_cell_1761648827245_912349010008_79236_0100.jpg
25,/home/wangqianqian/project/FS/data/28gusui&pizang/03/49/cell_1761648574715_912349010008_53873_0000.png,thumbs/cluster_25/017_cell_1761648574715_912349010008_53873_0000.jpg
25,/home/wangqianqian/project/FS/data/28gusui&pizang/03/41/cell_1761648108591_912349010008_14308_0000.png,thumbs/cluster_25/018_cell_1761648108591_912349010008_14308_0000.jpg
25,/home/wangqianqian/project/FS/data/28gusui&pizang/03/53/cell_1761648834560_912349010008_79906_0000.png,thumbs/cluster_25/019_cell_1761648834560_912349010008_79906_0000.jpg
25,/home/wangqianqian/project/FS/data/28gusui&pizang/03/19/cell_1761646755807_912349010008_93933_0000.png,thumbs/cluster_25/020_cell_1761646755807_912349010008_93933_0000.jpg
25,/home/wangqianqian/project/FS/data/28gusui&pizang/03/45/cell_1761648318994_912349010008_31032_0100.png,thumbs/cluster_25/021_cell_1761648318994_912349010008_31032_0100.jpg
25,/home/wangqianqian/project/FS/data/28gusui&pizang/03/48/cell_1761648518673_912349010008_48729_0100.png,thumbs/cluster_25/022_cell_1761648518673_912349010008_48729_0100.jpg
25,/home/wangqianqian/project/FS/data/28gusui&pizang/03/58/cell_1761649124531_912349010008_107706_0100.png,thumbs/cluster_25/023_cell_1761649124531_912349010008_107706_0100.jpg
25,/home/wangqianqian/project/FS/data/28gusui&pizang/03/12/cell_1761646370327_912349010008_61522_0100.png,thumbs/cluster_25/024_cell_1761646370327_912349010008_61522_0100.jpg
25,/home/wangqianqian/project/FS/data/28gusui&pizang/03/15/cell_1761646539789_912349010008_76081_0000.png,thumbs/cluster_25/025_cell_1761646539789_912349010008_76081_0000.jpg
25,/home/wangqianqian/project/FS/data/28gusui&pizang/03/46/cell_1761648386773_912349010008_37092_0000.png,thumbs/cluster_25/026_cell_1761648386773_912349010008_37092_0000.jpg
25,/home/wangqianqian/project/FS/data/28gusui&pizang/03/02/cell_1761645766094_912349010008_13080_0000.png,thumbs/cluster_25/027_cell_1761645766094_912349010008_13080_0000.jpg
25,/home/wangqianqian/project/FS/data/28gusui&pizang/03/13/cell_1761646387563_912349010008_62854_0000.png,thumbs/cluster_25/028_cell_1761646387563_912349010008_62854_0000.jpg
25,/home/wangqianqian/project/FS/data/28gusui&pizang/03/03/cell_1761645786906_912349010008_14648_0000.png,thumbs/cluster_25/029_cell_1761645786906_912349010008_14648_0000.jpg
25,/home/wangqianqian/project/FS/data/28gusui&pizang/03/12/cell_1761646343910_912349010008_59296_0000.png,thumbs/cluster_25/030_cell_1761646343910_912349010008_59296_0000.jpg
25,/home/wangqianqian/project/FS/data/28gusui&pizang/03/05/cell_1761645922248_912349010008_25416_0000.png,thumbs/cluster_25/031_cell_1761645922248_912349010008_25416_0000.jpg
25,/home/wangqianqian/project/FS/data/28gusui&pizang/03/46/cell_1761648363364_912349010008_35026_0000.png,thumbs/cluster_25/032_cell_1761648363364_912349010008_35026_0000.jpg
25,/home/wangqianqian/project/FS/data/28gusui&pizang/03/58/cell_1761649088110_912349010008_103842_0000.png,thumbs/cluster_25/033_cell_1761649088110_912349010008_103842_0000.jpg
25,/home/wangqianqian/project/FS/data/28gusui&pizang/03/04/cell_1761645877748_912349010008_22091_0000.png,thumbs/cluster_25/034_cell_1761645877748_912349010008_22091_0000.jpg
25,/home/wangqianqian/project/FS/data/28gusui&pizang/03/41/cell_1761648117087_912349010008_14854_0000.png,thumbs/cluster_25/035_cell_1761648117087_912349010008_14854_0000.jpg
25,/home/wangqianqian/project/FS/data/28gusui&pizang/03/58/cell_1761649139255_912349010008_109205_0100.png,thumbs/cluster_25/036_cell_1761649139255_912349010008_109205_0100.jpg
25,/home/wangqianqian/project/FS/data/28gusui&pizang/03/09/cell_1761646173792_912349010008_45298_0100.png,thumbs/cluster_25/037_cell_1761646173792_912349010008_45298_0100.jpg
25,/home/wangqianqian/project/FS/data/28gusui&pizang/03/21/cell_1761646899428_912349010008_105955_0000.png,thumbs/cluster_25/038_cell_1761646899428_912349010008_105955_0000.jpg
25,/home/wangqianqian/project/FS/data/28gusui&pizang/03/53/cell_1761648821272_912349010008_78675_0100.png,thumbs/cluster_25/039_cell_1761648821272_912349010008_78675_0100.jpg
25,/home/wangqianqian/project/FS/data/28gusui&pizang/03/42/cell_1761648152265_912349010008_17363_0000.png,thumbs/cluster_25/040_cell_1761648152265_912349010008_17363_0000.jpg
25,/home/wangqianqian/project/FS/data/28gusui&pizang/03/42/cell_1761648134614_912349010008_16095_0000.png,thumbs/cluster_25/041_cell_1761648134614_912349010008_16095_0000.jpg
25,/home/wangqianqian/project/FS/data/28gusui&pizang/03/14/cell_1761646477011_912349010008_70565_0000.png,thumbs/cluster_25/042_cell_1761646477011_912349010008_70565_0000.jpg
25,/home/wangqianqian/project/FS/data/28gusui&pizang/03/17/cell_1761646672385_912349010008_87060_0200.png,thumbs/cluster_25/043_cell_1761646672385_912349010008_87060_0200.jpg
25,/home/wangqianqian/project/FS/data/28gusui&pizang/03/35/cell_1761647753011_912349010008_254_0000.png,thumbs/cluster_25/044_cell_1761647753011_912349010008_254_0000.jpg
25,/home/wangqianqian/project/FS/data/28gusui&pizang/03/52/cell_1761648752036_912349010008_71675_0100.png,thumbs/cluster_25/045_cell_1761648752036_912349010008_71675_0100.jpg
25,/home/wangqianqian/project/FS/data/28gusui&pizang/03/40/cell_1761648003807_912349010008_8412_0000.png,thumbs/cluster_25/046_cell_1761648003807_912349010008_8412_0000.jpg
25,/home/wangqianqian/project/FS/data/28gusui&pizang/03/46/cell_1761648406624_912349010008_38793_0000.png,thumbs/cluster_25/047_cell_1761648406624_912349010008_38793_0000.jpg
25,/home/wangqianqian/project/FS/data/28gusui&pizang/03/43/cell_1761648222920_912349010008_22667_0000.png,thumbs/cluster_25/048_cell_1761648222920_912349010008_22667_0000.jpg
25,/home/wangqianqian/project/FS/data/28gusui&pizang/03/20/cell_1761646836315_912349010008_100654_0000.png,thumbs/cluster_25/049_cell_1761646836315_912349010008_100654_0000.jpg
25,/home/wangqianqian/project/FS/data/28gusui&pizang/03/44/cell_1761648272612_912349010008_27058_0000.png,thumbs/cluster_25/050_cell_1761648272612_912349010008_27058_0000.jpg
25,/home/wangqianqian/project/FS/data/28gusui&pizang/03/52/cell_1761648730130_912349010008_69480_0100.png,thumbs/cluster_25/051_cell_1761648730130_912349010008_69480_0100.jpg
25,/home/wangqianqian/project/FS/data/28gusui&pizang/03/09/cell_1761646146057_912349010008_43217_0000.png,thumbs/cluster_25/052_cell_1761646146057_912349010008_43217_0000.jpg
25,/home/wangqianqian/project/FS/data/28gusui&pizang/03/15/cell_1761646511503_912349010008_73759_0100.png,thumbs/cluster_25/053_cell_1761646511503_912349010008_73759_0100.jpg
25,/home/wangqianqian/project/FS/data/28gusui&pizang/03/39/cell_1761647985018_912349010008_7584_0100.png,thumbs/cluster_25/054_cell_1761647985018_912349010008_7584_0100.jpg
25,/home/wangqianqian/project/FS/data/28gusui&pizang/03/44/cell_1761648279694_912349010008_27740_0100.png,thumbs/cluster_25/055_cell_1761648279694_912349010008_27740_0100.jpg
25,/home/wangqianqian/project/FS/data/28gusui&pizang/03/02/cell_1761645759942_912349010008_12678_0100.png,thumbs/cluster_25/056_cell_1761645759942_912349010008_12678_0100.jpg
25,/home/wangqianqian/project/FS/data/28gusui&pizang/03/06/cell_1761645990054_912349010008_30896_0100.png,thumbs/cluster_25/057_cell_1761645990054_912349010008_30896_0100.jpg
25,/home/wangqianqian/project/FS/data/28gusui&pizang/03/48/cell_1761648517407_912349010008_48624_0000.png,thumbs/cluster_25/058_cell_1761648517407_912349010008_48624_0000.jpg
25,/home/wangqianqian/project/FS/data/28gusui&pizang/03/58/cell_1761649090336_912349010008_104097_0000.png,thumbs/cluster_25/059_cell_1761649090336_912349010008_104097_0000.jpg
25,/home/wangqianqian/project/FS/data/28gusui&pizang/03/02/cell_1761645732198_912349010008_10595_0000.png,thumbs/cluster_25/060_cell_1761645732198_912349010008_10595_0000.jpg
25,/home/wangqianqian/project/FS/data/28gusui&pizang/03/07/cell_1761646048724_912349010008_35955_0000.png,thumbs/cluster_25/061_cell_1761646048724_912349010008_35955_0000.jpg
25,/home/wangqianqian/project/FS/data/28gusui&pizang/03/43/cell_1761648201920_912349010008_20977_0000.png,thumbs/cluster_25/062_cell_1761648201920_912349010008_20977_0000.jpg
25,/home/wangqianqian/project/FS/data/28gusui&pizang/03/05/cell_1761645905116_912349010008_24136_0100.png,thumbs/cluster_25/063_cell_1761645905116_912349010008_24136_0100.jpg
25,/home/wangqianqian/project/FS/data/28gusui&pizang/03/55/cell_1761648926863_912349010008_88539_0100.png,thumbs/cluster_25/064_cell_1761648926863_912349010008_88539_0100.jpg
25,/home/wangqianqian/project/FS/data/28gusui&pizang/03/56/cell_1761648988476_912349010008_93860_0000.png,thumbs/cluster_25/065_cell_1761648988476_912349010008_93860_0000.jpg
25,/home/wangqianqian/project/FS/data/28gusui&pizang/03/20/cell_1761646848571_912349010008_101675_0100.png,thumbs/cluster_25/066_cell_1761646848571_912349010008_101675_0100.jpg
25,/home/wangqianqian/project/FS/data/28gusui&pizang/03/47/cell_1761648428159_912349010008_40848_0100.png,thumbs/cluster_25/067_cell_1761648428159_912349010008_40848_0100.jpg
25,/home/wangqianqian/project/FS/data/28gusui&pizang/03/06/cell_1761645983572_912349010008_30395_0100.png,thumbs/cluster_25/068_cell_1761645983572_912349010008_30395_0100.jpg
25,/home/wangqianqian/project/FS/data/28gusui&pizang/03/02/cell_1761645749940_912349010008_11912_0000.png,thumbs/cluster_25/069_cell_1761645749940_912349010008_11912_0000.jpg
25,/home/wangqianqian/project/FS/data/28gusui&pizang/03/35/cell_1761647754384_912349010008_259_0000.png,thumbs/cluster_25/070_cell_1761647754384_912349010008_259_0000.jpg
25,/home/wangqianqian/project/FS/data/28gusui&pizang/03/57/cell_1761649033217_912349010008_98098_0000.png,thumbs/cluster_25/071_cell_1761649033217_912349010008_98098_0000.jpg
25,/home/wangqianqian/project/FS/data/28gusui&pizang/03/53/cell_1761648820511_912349010008_78591_0000.png,thumbs/cluster_25/072_cell_1761648820511_912349010008_78591_0000.jpg
25,/home/wangqianqian/project/FS/data/28gusui&pizang/03/01/cell_1761645716240_912349010008_9475_0000.png,thumbs/cluster_25/073_cell_1761645716240_912349010008_9475_0000.jpg
25,/home/wangqianqian/project/FS/data/28gusui&pizang/03/50/cell_1761648620102_912349010008_58320_0100.png,thumbs/cluster_25/074_cell_1761648620102_912349010008_58320_0100.jpg
25,/home/wangqianqian/project/FS/data/28gusui&pizang/03/39/cell_1761647972716_912349010008_7115_0100.png,thumbs/cluster_25/075_cell_1761647972716_912349010008_7115_0100.jpg
25,/home/wangqianqian/project/FS/data/28gusui&pizang/03/50/cell_1761648609344_912349010008_57234_0000.png,thumbs/cluster_25/076_cell_1761648609344_912349010008_57234_0000.jpg
25,/home/wangqianqian/project/FS/data/28gusui&pizang/03/10/cell_1761646211986_912349010008_48271_0100.png,thumbs/cluster_25/077_cell_1761646211986_912349010008_48271_0100.jpg
25,/home/wangqianqian/project/FS/data/28gusui&pizang/03/50/cell_1761648618794_912349010008_58206_0100.png,thumbs/cluster_25/078_cell_1761648618794_912349010008_58206_0100.jpg
25,/home/wangqianqian/project/FS/data/28gusui&pizang/03/50/cell_1761648631773_912349010008_59483_0000.png,thumbs/cluster_25/079_cell_1761648631773_912349010008_59483_0000.jpg
25,/home/wangqianqian/project/FS/data/28gusui&pizang/03/56/cell_1761648976419_912349010008_92791_0100.png,thumbs/cluster_25/080_cell_1761648976419_912349010008_92791_0100.jpg
25,/home/wangqianqian/project/FS/data/28gusui&pizang/03/44/cell_1761648268121_912349010008_26609_0100.png,thumbs/cluster_25/081_cell_1761648268121_912349010008_26609_0100.jpg
25,/home/wangqianqian/project/FS/data/28gusui&pizang/03/21/cell_1761646890806_912349010008_105222_0000.png,thumbs/cluster_25/082_cell_1761646890806_912349010008_105222_0000.jpg
25,/home/wangqianqian/project/FS/data/28gusui&pizang/03/47/cell_1761648452862_912349010008_43200_0100.png,thumbs/cluster_25/083_cell_1761648452862_912349010008_43200_0100.jpg
25,/home/wangqianqian/project/FS/data/28gusui&pizang/03/18/cell_1761646726857_912349010008_91572_0000.png,thumbs/cluster_25/084_cell_1761646726857_912349010008_91572_0000.jpg
25,/home/wangqianqian/project/FS/data/28gusui&pizang/03/38/cell_1761647917885_912349010008_4976_0000.png,thumbs/cluster_25/085_cell_1761647917885_912349010008_4976_0000.jpg
25,/home/wangqianqian/project/FS/data/28gusui&pizang/03/18/cell_1761646691208_912349010008_88764_0100.png,thumbs/cluster_25/086_cell_1761646691208_912349010008_88764_0100.jpg
25,/home/wangqianqian/project/FS/data/28gusui&pizang/03/18/cell_1761646722772_912349010008_91202_0100.png,thumbs/cluster_25/087_cell_1761646722772_912349010008_91202_0100.jpg
25,/home/wangqianqian/project/FS/data/28gusui&pizang/03/12/cell_1761646343955_912349010008_59302_0000.png,thumbs/cluster_25/088_cell_1761646343955_912349010008_59302_0000.jpg
25,/home/wangqianqian/project/FS/data/28gusui&pizang/03/55/cell_1761648903291_912349010008_86577_0100.png,thumbs/cluster_25/089_cell_1761648903291_912349010008_86577_0100.jpg
25,/home/wangqianqian/project/FS/data/28gusui&pizang/03/51/cell_1761648680268_912349010008_64373_0000.png,thumbs/cluster_25/090_cell_1761648680268_912349010008_64373_0000.jpg
25,/home/wangqianqian/project/FS/data/28gusui&pizang/03/10/cell_1761646258983_912349010008_52111_0000.png,thumbs/cluster_25/091_cell_1761646258983_912349010008_52111_0000.jpg
25,/home/wangqianqian/project/FS/data/28gusui&pizang/03/39/cell_1761647987807_912349010008_7687_0000.png,thumbs/cluster_25/092_cell_1761647987807_912349010008_7687_0000.jpg
25,/home/wangqianqian/project/FS/data/28gusui&pizang/03/43/cell_1761648213113_912349010008_21962_0100.png,thumbs/cluster_25/093_cell_1761648213113_912349010008_21962_0100.jpg
25,/home/wangqianqian/project/FS/data/28gusui&pizang/03/10/cell_1761646229611_912349010008_49746_0000.png,thumbs/cluster_25/094_cell_1761646229611_912349010008_49746_0000.jpg
25,/home/wangqianqian/project/FS/data/28gusui&pizang/03/16/cell_1761646584365_912349010008_79515_0100.png,thumbs/cluster_25/095_cell_1761646584365_912349010008_79515_0100.jpg
25,/home/wangqianqian/project/FS/data/28gusui&pizang/03/03/cell_1761645782907_912349010008_14337_0000.png,thumbs/cluster_25/096_cell_1761645782907_912349010008_14337_0000.jpg
25,/home/wangqianqian/project/FS/data/28gusui&pizang/03/51/cell_1761648660011_912349010008_62415_0100.png,thumbs/cluster_25/097_cell_1761648660011_912349010008_62415_0100.jpg
25,/home/wangqianqian/project/FS/data/28gusui&pizang/03/11/cell_1761646287035_912349010008_54510_0000.png,thumbs/cluster_25/098_cell_1761646287035_912349010008_54510_0000.jpg
25,/home/wangqianqian/project/FS/data/28gusui&pizang/03/54/cell_1761648843235_912349010008_80748_0100.png,thumbs/cluster_25/099_cell_1761648843235_912349010008_80748_0100.jpg
26,/home/wangqianqian/project/FS/data/28gusui&pizang/03/14/cell_1761646442491_912349010008_67469_0000.png,thumbs/cluster_26/000_cell_1761646442491_912349010008_67469_0000.jpg
26,/home/wangqianqian/project/FS/data/28gusui&pizang/03/13/cell_1761646424945_912349010008_65816_0000.png,thumbs/cluster_26/001_cell_1761646424945_912349010008_65816_0000.jpg
26,/home/wangqianqian/project/FS/data/28gusui&pizang/03/47/cell_1761648445910_912349010008_42583_0100.png,thumbs/cluster_26/002_cell_1761648445910_912349010008_42583_0100.jpg
26,/home/wangqianqian/project/FS/data/28gusui&pizang/03/49/cell_1761648576765_912349010008_54045_0000.png,thumbs/cluster_26/003_cell_1761648576765_912349010008_54045_0000.jpg
26,/home/wangqianqian/project/FS/data/28gusui&pizang/03/39/cell_1761647941434_912349010008_5853_0000.png,thumbs/cluster_26/004_cell_1761647941434_912349010008_5853_0000.jpg
26,/home/wangqianqian/project/FS/data/28gusui&pizang/03/18/cell_1761646699222_912349010008_89378_0000.png,thumbs/cluster_26/005_cell_1761646699222_912349010008_89378_0000.jpg
26,/home/wangqianqian/project/FS/data/28gusui&pizang/03/05/cell_1761645956063_912349010008_28095_0000.png,thumbs/cluster_26/006_cell_1761645956063_912349010008_28095_0000.jpg
26,/home/wangqianqian/project/FS/data/28gusui&pizang/03/10/cell_1761646214473_912349010008_48495_0000.png,thumbs/cluster_26/007_cell_1761646214473_912349010008_48495_0000.jpg
26,/home/wangqianqian/project/FS/data/28gusui&pizang/03/41/cell_1761648065792_912349010008_11627_0000.png,thumbs/cluster_26/008_cell_1761648065792_912349010008_11627_0000.jpg
26,/home/wangqianqian/project/FS/data/28gusui&pizang/03/51/cell_1761648685658_912349010008_64938_0100.png,thumbs/cluster_26/009_cell_1761648685658_912349010008_64938_0100.jpg
26,/home/wangqianqian/project/FS/data/28gusui&pizang/03/11/cell_1761646262746_912349010008_52426_0000.png,thumbs/cluster_26/010_cell_1761646262746_912349010008_52426_0000.jpg
26,/home/wangqianqian/project/FS/data/28gusui&pizang/03/49/cell_1761648554098_912349010008_51862_0100.png,thumbs/cluster_26/011_cell_1761648554098_912349010008_51862_0100.jpg
26,/home/wangqianqian/project/FS/data/28gusui&pizang/03/17/cell_1761646654902_912349010008_85504_0000.png,thumbs/cluster_26/012_cell_1761646654902_912349010008_85504_0000.jpg
26,/home/wangqianqian/project/FS/data/28gusui&pizang/03/54/cell_1761648861410_912349010008_82639_0000.png,thumbs/cluster_26/013_cell_1761648861410_912349010008_82639_0000.jpg
26,/home/wangqianqian/project/FS/data/28gusui&pizang/03/47/cell_1761648459205_912349010008_43740_0000.png,thumbs/cluster_26/014_cell_1761648459205_912349010008_43740_0000.jpg
26,/home/wangqianqian/project/FS/data/28gusui&pizang/03/39/cell_1761647942055_912349010008_5874_0000.png,thumbs/cluster_26/015_cell_1761647942055_912349010008_5874_0000.jpg
26,/home/wangqianqian/project/FS/data/28gusui&pizang/03/20/cell_1761646844425_912349010008_101342_0000.png,thumbs/cluster_26/016_cell_1761646844425_912349010008_101342_0000.jpg
26,/home/wangqianqian/project/FS/data/28gusui&pizang/03/44/cell_1761648272863_912349010008_27079_0000.png,thumbs/cluster_26/017_cell_1761648272863_912349010008_27079_0000.jpg
26,/home/wangqianqian/project/FS/data/28gusui&pizang/03/16/cell_1761646577018_912349010008_78993_0000.png,thumbs/cluster_26/018_cell_1761646577018_912349010008_78993_0000.jpg
26,/home/wangqianqian/project/FS/data/28gusui&pizang/03/46/cell_1761648409983_912349010008_39099_0000.png,thumbs/cluster_26/019_cell_1761648409983_912349010008_39099_0000.jpg
26,/home/wangqianqian/project/FS/data/28gusui&pizang/03/15/cell_1761646533400_912349010008_75536_0000.png,thumbs/cluster_26/020_cell_1761646533400_912349010008_75536_0000.jpg
26,/home/wangqianqian/project/FS/data/28gusui&pizang/03/03/cell_1761645808893_912349010008_16355_0100.png,thumbs/cluster_26/021_cell_1761645808893_912349010008_16355_0100.jpg
26,/home/wangqianqian/project/FS/data/28gusui&pizang/03/41/cell_1761648063355_912349010008_11498_0000.png,thumbs/cluster_26/022_cell_1761648063355_912349010008_11498_0000.jpg
26,/home/wangqianqian/project/FS/data/28gusui&pizang/03/54/cell_1761648848795_912349010008_81324_0000.png,thumbs/cluster_26/023_cell_1761648848795_912349010008_81324_0000.jpg
26,/home/wangqianqian/project/FS/data/28gusui&pizang/03/53/cell_1761648785221_912349010008_74827_0100.png,thumbs/cluster_26/024_cell_1761648785221_912349010008_74827_0100.jpg
26,/home/wangqianqian/project/FS/data/28gusui&pizang/03/52/cell_1761648746778_912349010008_71175_0100.png,thumbs/cluster_26/025_cell_1761648746778_912349010008_71175_0100.jpg
26,/home/wangqianqian/project/FS/data/28gusui&pizang/03/46/cell_1761648386227_912349010008_37049_0000.png,thumbs/cluster_26/026_cell_1761648386227_912349010008_37049_0000.jpg
26,/home/wangqianqian/project/FS/data/28gusui&pizang/03/41/cell_1761648117886_912349010008_14906_0000.png,thumbs/cluster_26/027_cell_1761648117886_912349010008_14906_0000.jpg
26,/home/wangqianqian/project/FS/data/28gusui&pizang/03/51/cell_1761648672318_912349010008_63566_0000.png,thumbs/cluster_26/028_cell_1761648672318_912349010008_63566_0000.jpg
26,/home/wangqianqian/project/FS/data/28gusui&pizang/03/50/cell_1761648627751_912349010008_59084_0100.png,thumbs/cluster_26/029_cell_1761648627751_912349010008_59084_0100.jpg
26,/home/wangqianqian/project/FS/data/28gusui&pizang/03/14/cell_1761646440145_912349010008_67242_0100.png,thumbs/cluster_26/030_cell_1761646440145_912349010008_67242_0100.jpg
26,/home/wangqianqian/project/FS/data/28gusui&pizang/03/06/cell_1761645993881_912349010008_31209_0100.png,thumbs/cluster_26/031_cell_1761645993881_912349010008_31209_0100.jpg
26,/home/wangqianqian/project/FS/data/28gusui&pizang/03/47/cell_1761648439142_912349010008_41974_0100.png,thumbs/cluster_26/032_cell_1761648439142_912349010008_41974_0100.jpg
26,/home/wangqianqian/project/FS/data/28gusui&pizang/03/18/cell_1761646733819_912349010008_92205_0000.png,thumbs/cluster_26/033_cell_1761646733819_912349010008_92205_0000.jpg
26,/home/wangqianqian/project/FS/data/28gusui&pizang/03/02/cell_1761645779609_912349010008_14082_0100.png,thumbs/cluster_26/034_cell_1761645779609_912349010008_14082_0100.jpg
26,/home/wangqianqian/project/FS/data/28gusui&pizang/03/57/cell_1761649028630_912349010008_97681_0100.png,thumbs/cluster_26/035_cell_1761649028630_912349010008_97681_0100.jpg
26,/home/wangqianqian/project/FS/data/28gusui&pizang/03/49/cell_1761648586171_912349010008_54913_0100.png,thumbs/cluster_26/036_cell_1761648586171_912349010008_54913_0100.jpg
26,/home/wangqianqian/project/FS/data/28gusui&pizang/03/50/cell_1761648652301_912349010008_61610_0000.png,thumbs/cluster_26/037_cell_1761648652301_912349010008_61610_0000.jpg
26,/home/wangqianqian/project/FS/data/28gusui&pizang/03/14/cell_1761646459117_912349010008_68975_0100.png,thumbs/cluster_26/038_cell_1761646459117_912349010008_68975_0100.jpg
26,/home/wangqianqian/project/FS/data/28gusui&pizang/03/41/cell_1761648117345_912349010008_14878_0000.png,thumbs/cluster_26/039_cell_1761648117345_912349010008_14878_0000.jpg
26,/home/wangqianqian/project/FS/data/28gusui&pizang/03/14/cell_1761646460445_912349010008_69121_0000.png,thumbs/cluster_26/040_cell_1761646460445_912349010008_69121_0000.jpg
26,/home/wangqianqian/project/FS/data/28gusui&pizang/03/09/cell_1761646158200_912349010008_44186_0000.png,thumbs/cluster_26/041_cell_1761646158200_912349010008_44186_0000.jpg
26,/home/wangqianqian/project/FS/data/28gusui&pizang/03/57/cell_1761649037593_912349010008_98535_0000.png,thumbs/cluster_26/042_cell_1761649037593_912349010008_98535_0000.jpg
26,/home/wangqianqian/project/FS/data/28gusui&pizang/03/40/cell_1761648031475_912349010008_9852_0100.png,thumbs/cluster_26/043_cell_1761648031475_912349010008_9852_0100.jpg
26,/home/wangqianqian/project/FS/data/28gusui&pizang/03/56/cell_1761649015754_912349010008_96412_0100.png,thumbs/cluster_26/044_cell_1761649015754_912349010008_96412_0100.jpg
26,/home/wangqianqian/project/FS/data/28gusui&pizang/03/10/cell_1761646236837_912349010008_50351_0100.png,thumbs/cluster_26/045_cell_1761646236837_912349010008_50351_0100.jpg
26,/home/wangqianqian/project/FS/data/28gusui&pizang/03/50/cell_1761648608877_912349010008_57199_0000.png,thumbs/cluster_26/046_cell_1761648608877_912349010008_57199_0000.jpg
26,/home/wangqianqian/project/FS/data/28gusui&pizang/03/51/cell_1761648694983_912349010008_65912_0000.png,thumbs/cluster_26/047_cell_1761648694983_912349010008_65912_0000.jpg
26,/home/wangqianqian/project/FS/data/28gusui&pizang/03/16/cell_1761646604833_912349010008_81206_0100.png,thumbs/cluster_26/048_cell_1761646604833_912349010008_81206_0100.jpg
26,/home/wangqianqian/project/FS/data/28gusui&pizang/03/59/cell_1761649168232_912349010008_112291_0000.png,thumbs/cluster_26/049_cell_1761649168232_912349010008_112291_0000.jpg
26,/home/wangqianqian/project/FS/data/28gusui&pizang/03/15/cell_1761646513065_912349010008_73886_0100.png,thumbs/cluster_26/050_cell_1761646513065_912349010008_73886_0100.jpg
26,/home/wangqianqian/project/FS/data/28gusui&pizang/03/04/cell_1761645865370_912349010008_21035_0000.png,thumbs/cluster_26/051_cell_1761645865370_912349010008_21035_0000.jpg
26,/home/wangqianqian/project/FS/data/28gusui&pizang/03/21/cell_1761646866008_912349010008_103277_0000.png,thumbs/cluster_26/052_cell_1761646866008_912349010008_103277_0000.jpg
26,/home/wangqianqian/project/FS/data/28gusui&pizang/03/45/cell_1761648305582_912349010008_29941_0000.png,thumbs/cluster_26/053_cell_1761648305582_912349010008_29941_0000.jpg
26,/home/wangqianqian/project/FS/data/28gusui&pizang/03/14/cell_1761646458142_912349010008_68895_0100.png,thumbs/cluster_26/054_cell_1761646458142_912349010008_68895_0100.jpg
26,/home/wangqianqian/project/FS/data/28gusui&pizang/03/52/cell_1761648773910_912349010008_73718_0100.png,thumbs/cluster_26/055_cell_1761648773910_912349010008_73718_0100.jpg
26,/home/wangqianqian/project/FS/data/28gusui&pizang/03/47/cell_1761648438937_912349010008_41966_0100.png,thumbs/cluster_26/056_cell_1761648438937_912349010008_41966_0100.jpg
26,/home/wangqianqian/project/FS/data/28gusui&pizang/03/46/cell_1761648363009_912349010008_34999_0000.png,thumbs/cluster_26/057_cell_1761648363009_912349010008_34999_0000.jpg
26,/home/wangqianqian/project/FS/data/28gusui&pizang/03/17/cell_1761646675405_912349010008_87333_0100.png,thumbs/cluster_26/058_cell_1761646675405_912349010008_87333_0100.jpg
26,/home/wangqianqian/project/FS/data/28gusui&pizang/03/41/cell_1761648060726_912349010008_11311_0100.png,thumbs/cluster_26/059_cell_1761648060726_912349010008_11311_0100.jpg
26,/home/wangqianqian/project/FS/data/28gusui&pizang/03/55/cell_1761648935103_912349010008_89244_0000.png,thumbs/cluster_26/060_cell_1761648935103_912349010008_89244_0000.jpg
26,/home/wangqianqian/project/FS/data/28gusui&pizang/03/58/cell_1761649122616_912349010008_107511_0000.png,thumbs/cluster_26/061_cell_1761649122616_912349010008_107511_0000.jpg
26,/home/wangqianqian/project/FS/data/28gusui&pizang/03/07/cell_1761646038422_912349010008_35063_0000.png,thumbs/cluster_26/062_cell_1761646038422_912349010008_35063_0000.jpg
26,/home/wangqianqian/project/FS/data/28gusui&pizang/03/58/cell_1761649100814_912349010008_105212_0100.png,thumbs/cluster_26/063_cell_1761649100814_912349010008_105212_0100.jpg
26,/home/wangqianqian/project/FS/data/28gusui&pizang/03/40/cell_1761648010362_912349010008_8718_0100.png,thumbs/cluster_26/064_cell_1761648010362_912349010008_8718_0100.jpg
26,/home/wangqianqian/project/FS/data/28gusui&pizang/03/50/cell_1761648629221_912349010008_59246_0000.png,thumbs/cluster_26/065_cell_1761648629221_912349010008_59246_0000.jpg
26,/home/wangqianqian/project/FS/data/28gusui&pizang/03/55/cell_1761648918520_912349010008_87754_0100.png,thumbs/cluster_26/066_cell_1761648918520_912349010008_87754_0100.jpg
26,/home/wangqianqian/project/FS/data/28gusui&pizang/03/06/cell_1761645969739_912349010008_29185_0100.png,thumbs/cluster_26/067_cell_1761645969739_912349010008_29185_0100.jpg
26,/home/wangqianqian/project/FS/data/28gusui&pizang/03/11/cell_1761646274817_912349010008_53411_0100.png,thumbs/cluster_26/068_cell_1761646274817_912349010008_53411_0100.jpg
26,/home/wangqianqian/project/FS/data/28gusui&pizang/03/07/cell_1761646026771_912349010008_34046_0000.png,thumbs/cluster_26/069_cell_1761646026771_912349010008_34046_0000.jpg
26,/home/wangqianqian/project/FS/data/28gusui&pizang/03/02/cell_1761645769056_912349010008_13275_0000.png,thumbs/cluster_26/070_cell_1761645769056_912349010008_13275_0000.jpg
26,/home/wangqianqian/project/FS/data/28gusui&pizang/03/06/cell_1761645961308_912349010008_28494_0000.png,thumbs/cluster_26/071_cell_1761645961308_912349010008_28494_0000.jpg
26,/home/wangqianqian/project/FS/data/28gusui&pizang/03/38/cell_1761647938996_912349010008_5742_0000.png,thumbs/cluster_26/072_cell_1761647938996_912349010008_5742_0000.jpg
26,/home/wangqianqian/project/FS/data/28gusui&pizang/03/03/cell_1761645822744_912349010008_17458_0100.png,thumbs/cluster_26/073_cell_1761645822744_912349010008_17458_0100.jpg
26,/home/wangqianqian/project/FS/data/28gusui&pizang/03/14/cell_1761646440076_912349010008_67234_0100.png,thumbs/cluster_26/074_cell_1761646440076_912349010008_67234_0100.jpg
26,/home/wangqianqian/project/FS/data/28gusui&pizang/03/14/cell_1761646484428_912349010008_71242_0100.png,thumbs/cluster_26/075_cell_1761646484428_912349010008_71242_0100.jpg
26,/home/wangqianqian/project/FS/data/28gusui&pizang/03/13/cell_1761646388180_912349010008_62911_0100.png,thumbs/cluster_26/076_cell_1761646388180_912349010008_62911_0100.jpg
26,/home/wangqianqian/project/FS/data/28gusui&pizang/03/08/cell_1761646138834_912349010008_42728_0000.png,thumbs/cluster_26/077_cell_1761646138834_912349010008_42728_0000.jpg
26,/home/wangqianqian/project/FS/data/28gusui&pizang/03/21/cell_1761646889672_912349010008_105130_0000.png,thumbs/cluster_26/078_cell_1761646889672_912349010008_105130_0000.jpg
26,/home/wangqianqian/project/FS/data/28gusui&pizang/03/08/cell_1761646096370_912349010008_39642_0000.png,thumbs/cluster_26/079_cell_1761646096370_912349010008_39642_0000.jpg
26,/home/wangqianqian/project/FS/data/28gusui&pizang/03/54/cell_1761648857545_912349010008_82185_0100.png,thumbs/cluster_26/080_cell_1761648857545_912349010008_82185_0100.jpg
26,/home/wangqianqian/project/FS/data/28gusui&pizang/03/09/cell_1761646184342_912349010008_46129_0000.png,thumbs/cluster_26/081_cell_1761646184342_912349010008_46129_0000.jpg
26,/home/wangqianqian/project/FS/data/28gusui&pizang/03/21/cell_1761646917389_912349010008_107439_0000.png,thumbs/cluster_26/082_cell_1761646917389_912349010008_107439_0000.jpg
26,/home/wangqianqian/project/FS/data/28gusui&pizang/03/57/cell_1761649043967_912349010008_99224_0100.png,thumbs/cluster_26/083_cell_1761649043967_912349010008_99224_0100.jpg
26,/home/wangqianqian/project/FS/data/28gusui&pizang/03/44/cell_1761648257889_912349010008_25676_0100.png,thumbs/cluster_26/084_cell_1761648257889_912349010008_25676_0100.jpg
26,/home/wangqianqian/project/FS/data/28gusui&pizang/03/54/cell_1761648858703_912349010008_82315_0000.png,thumbs/cluster_26/085_cell_1761648858703_912349010008_82315_0000.jpg
26,/home/wangqianqian/project/FS/data/28gusui&pizang/03/52/cell_1761648755087_912349010008_71992_0000.png,thumbs/cluster_26/086_cell_1761648755087_912349010008_71992_0000.jpg
26,/home/wangqianqian/project/FS/data/28gusui&pizang/03/21/cell_1761646902100_912349010008_106179_0000.png,thumbs/cluster_26/087_cell_1761646902100_912349010008_106179_0000.jpg
26,/home/wangqianqian/project/FS/data/28gusui&pizang/03/09/cell_1761646141580_912349010008_42930_0100.png,thumbs/cluster_26/088_cell_1761646141580_912349010008_42930_0100.jpg
26,/home/wangqianqian/project/FS/data/28gusui&pizang/03/05/cell_1761645957406_912349010008_28193_0000.png,thumbs/cluster_26/089_cell_1761645957406_912349010008_28193_0000.jpg
26,/home/wangqianqian/project/FS/data/28gusui&pizang/03/16/cell_1761646563815_912349010008_77984_0100.png,thumbs/cluster_26/090_cell_1761646563815_912349010008_77984_0100.jpg
26,/home/wangqianqian/project/FS/data/28gusui&pizang/03/55/cell_1761648919807_912349010008_87844_0000.png,thumbs/cluster_26/091_cell_1761648919807_912349010008_87844_0000.jpg
26,/home/wangqianqian/project/FS/data/28gusui&pizang/03/08/cell_1761646133624_912349010008_42378_0100.png,thumbs/cluster_26/092_cell_1761646133624_912349010008_42378_0100.jpg
26,/home/wangqianqian/project/FS/data/28gusui&pizang/03/03/cell_1761645797834_912349010008_15487_0000.png,thumbs/cluster_26/093_cell_1761645797834_912349010008_15487_0000.jpg
26,/home/wangqianqian/project/FS/data/28gusui&pizang/03/54/cell_1761648898204_912349010008_86144_0000.png,thumbs/cluster_26/094_cell_1761648898204_912349010008_86144_0000.jpg
26,/home/wangqianqian/project/FS/data/28gusui&pizang/03/54/cell_1761648897602_912349010008_86095_0100.png,thumbs/cluster_26/095_cell_1761648897602_912349010008_86095_0100.jpg
26,/home/wangqianqian/project/FS/data/28gusui&pizang/03/21/cell_1761646878881_912349010008_104278_0100.png,thumbs/cluster_26/096_cell_1761646878881_912349010008_104278_0100.jpg
26,/home/wangqianqian/project/FS/data/28gusui&pizang/03/50/cell_1761648625683_912349010008_58862_0100.png,thumbs/cluster_26/097_cell_1761648625683_912349010008_58862_0100.jpg
26,/home/wangqianqian/project/FS/data/28gusui&pizang/03/04/cell_1761645858700_912349010008_20423_0000.png,thumbs/cluster_26/098_cell_1761645858700_912349010008_20423_0000.jpg
26,/home/wangqianqian/project/FS/data/28gusui&pizang/03/47/cell_1761648449415_912349010008_42902_0000.png,thumbs/cluster_26/099_cell_1761648449415_912349010008_42902_0000.jpg
27,/home/wangqianqian/project/FS/data/28gusui&pizang/03/54/cell_1761648858892_912349010008_82337_0000.png,thumbs/cluster_27/000_cell_1761648858892_912349010008_82337_0000.jpg
27,/home/wangqianqian/project/FS/data/28gusui&pizang/03/44/cell_1761648247664_912349010008_24809_0100.png,thumbs/cluster_27/001_cell_1761648247664_912349010008_24809_0100.jpg
27,/home/wangqianqian/project/FS/data/28gusui&pizang/03/16/cell_1761646561049_912349010008_77804_0000.png,thumbs/cluster_27/002_cell_1761646561049_912349010008_77804_0000.jpg
27,/home/wangqianqian/project/FS/data/28gusui&pizang/03/35/cell_1761647710190_912349010008_145_0000.png,thumbs/cluster_27/003_cell_1761647710190_912349010008_145_0000.jpg
27,/home/wangqianqian/project/FS/data/28gusui&pizang/03/53/cell_1761648781545_912349010008_74450_0100.png,thumbs/cluster_27/004_cell_1761648781545_912349010008_74450_0100.jpg
27,/home/wangqianqian/project/FS/data/28gusui&pizang/03/44/cell_1761648254237_912349010008_25382_0100.png,thumbs/cluster_27/005_cell_1761648254237_912349010008_25382_0100.jpg
27,/home/wangqianqian/project/FS/data/28gusui&pizang/03/47/cell_1761648437202_912349010008_41793_0000.png,thumbs/cluster_27/006_cell_1761648437202_912349010008_41793_0000.jpg
27,/home/wangqianqian/project/FS/data/28gusui&pizang/03/52/cell_1761648736002_912349010008_70060_0200.png,thumbs/cluster_27/007_cell_1761648736002_912349010008_70060_0200.jpg
27,/home/wangqianqian/project/FS/data/28gusui&pizang/03/46/cell_1761648384018_912349010008_36843_0100.png,thumbs/cluster_27/008_cell_1761648384018_912349010008_36843_0100.jpg
27,/home/wangqianqian/project/FS/data/28gusui&pizang/03/18/cell_1761646692891_912349010008_88905_0000.png,thumbs/cluster_27/009_cell_1761646692891_912349010008_88905_0000.jpg
27,/home/wangqianqian/project/FS/data/28gusui&pizang/03/41/cell_1761648084085_912349010008_12807_0000.png,thumbs/cluster_27/010_cell_1761648084085_912349010008_12807_0000.jpg
27,/home/wangqianqian/project/FS/data/28gusui&pizang/03/49/cell_1761648591612_912349010008_55459_0100.png,thumbs/cluster_27/011_cell_1761648591612_912349010008_55459_0100.jpg
27,/home/wangqianqian/project/FS/data/28gusui&pizang/03/36/cell_1761647769815_912349010008_301_0100.png,thumbs/cluster_27/012_cell_1761647769815_912349010008_301_0100.jpg
27,/home/wangqianqian/project/FS/data/28gusui&pizang/03/47/cell_1761648453625_912349010008_43249_0000.png,thumbs/cluster_27/013_cell_1761648453625_912349010008_43249_0000.jpg
27,/home/wangqianqian/project/FS/data/28gusui&pizang/03/48/cell_1761648539340_912349010008_50513_0000.png,thumbs/cluster_27/014_cell_1761648539340_912349010008_50513_0000.jpg
27,/home/wangqianqian/project/FS/data/28gusui&pizang/03/59/cell_1761649149664_912349010008_110271_0000.png,thumbs/cluster_27/015_cell_1761649149664_912349010008_110271_0000.jpg
27,/home/wangqianqian/project/FS/data/28gusui&pizang/03/35/cell_1761647718557_912349010008_167_0100.png,thumbs/cluster_27/016_cell_1761647718557_912349010008_167_0100.jpg
27,/home/wangqianqian/project/FS/data/28gusui&pizang/03/07/cell_1761646030706_912349010008_34407_0100.png,thumbs/cluster_27/017_cell_1761646030706_912349010008_34407_0100.jpg
27,/home/wangqianqian/project/FS/data/28gusui&pizang/03/03/cell_1761645790023_912349010008_14904_0100.png,thumbs/cluster_27/018_cell_1761645790023_912349010008_14904_0100.jpg
27,/home/wangqianqian/project/FS/data/28gusui&pizang/03/57/cell_1761649040491_912349010008_98834_0100.png,thumbs/cluster_27/019_cell_1761649040491_912349010008_98834_0100.jpg
27,/home/wangqianqian/project/FS/data/28gusui&pizang/03/57/cell_1761649024835_912349010008_97286_0000.png,thumbs/cluster_27/020_cell_1761649024835_912349010008_97286_0000.jpg
27,/home/wangqianqian/project/FS/data/28gusui&pizang/03/58/cell_1761649091255_912349010008_104200_0100.png,thumbs/cluster_27/021_cell_1761649091255_912349010008_104200_0100.jpg
27,/home/wangqianqian/project/FS/data/28gusui&pizang/03/55/cell_1761648932854_912349010008_89068_0100.png,thumbs/cluster_27/022_cell_1761648932854_912349010008_89068_0100.jpg
27,/home/wangqianqian/project/FS/data/28gusui&pizang/03/44/cell_1761648275654_912349010008_27381_0100.png,thumbs/cluster_27/023_cell_1761648275654_912349010008_27381_0100.jpg
27,/home/wangqianqian/project/FS/data/28gusui&pizang/03/48/cell_1761648515759_912349010008_48486_0100.png,thumbs/cluster_27/024_cell_1761648515759_912349010008_48486_0100.jpg
27,/home/wangqianqian/project/FS/data/28gusui&pizang/03/36/cell_1761647797209_912349010008_756_0100.png,thumbs/cluster_27/025_cell_1761647797209_912349010008_756_0100.jpg
27,/home/wangqianqian/project/FS/data/28gusui&pizang/03/46/cell_1761648369528_912349010008_35585_0100.png,thumbs/cluster_27/026_cell_1761648369528_912349010008_35585_0100.jpg
27,/home/wangqianqian/project/FS/data/28gusui&pizang/03/59/cell_1761649160583_912349010008_111528_0000.png,thumbs/cluster_27/027_cell_1761649160583_912349010008_111528_0000.jpg
27,/home/wangqianqian/project/FS/data/28gusui&pizang/03/14/cell_1761646461711_912349010008_69230_0000.png,thumbs/cluster_27/028_cell_1761646461711_912349010008_69230_0000.jpg
27,/home/wangqianqian/project/FS/data/28gusui&pizang/03/16/cell_1761646610854_912349010008_81661_0000.png,thumbs/cluster_27/029_cell_1761646610854_912349010008_81661_0000.jpg
27,/home/wangqianqian/project/FS/data/28gusui&pizang/03/52/cell_1761648772078_912349010008_73580_0000.png,thumbs/cluster_27/030_cell_1761648772078_912349010008_73580_0000.jpg
27,/home/wangqianqian/project/FS/data/28gusui&pizang/03/51/cell_1761648660173_912349010008_62428_0100.png,thumbs/cluster_27/031_cell_1761648660173_912349010008_62428_0100.jpg
27,/home/wangqianqian/project/FS/data/28gusui&pizang/03/35/cell_1761647718357_912349010008_166_0100.png,thumbs/cluster_27/032_cell_1761647718357_912349010008_166_0100.jpg
27,/home/wangqianqian/project/FS/data/28gusui&pizang/03/47/cell_1761648444826_912349010008_42494_0000.png,thumbs/cluster_27/033_cell_1761648444826_912349010008_42494_0000.jpg
27,/home/wangqianqian/project/FS/data/28gusui&pizang/03/39/cell_1761647968179_912349010008_6917_0000.png,thumbs/cluster_27/034_cell_1761647968179_912349010008_6917_0000.jpg
27,/home/wangqianqian/project/FS/data/28gusui&pizang/03/07/cell_1761646077425_912349010008_38185_0000.png,thumbs/cluster_27/035_cell_1761646077425_912349010008_38185_0000.jpg
27,/home/wangqianqian/project/FS/data/28gusui&pizang/03/02/cell_1761645731712_912349010008_10570_0100.png,thumbs/cluster_27/036_cell_1761645731712_912349010008_10570_0100.jpg
27,/home/wangqianqian/project/FS/data/28gusui&pizang/03/52/cell_1761648741997_912349010008_70702_0100.png,thumbs/cluster_27/037_cell_1761648741997_912349010008_70702_0100.jpg
27,/home/wangqianqian/project/FS/data/28gusui&pizang/03/20/cell_1761646807440_912349010008_98242_0000.png,thumbs/cluster_27/038_cell_1761646807440_912349010008_98242_0000.jpg
27,/home/wangqianqian/project/FS/data/28gusui&pizang/03/46/cell_1761648382948_912349010008_36767_0100.png,thumbs/cluster_27/039_cell_1761648382948_912349010008_36767_0100.jpg
27,/home/wangqianqian/project/FS/data/28gusui&pizang/03/02/cell_1761645731827_912349010008_10577_0000.png,thumbs/cluster_27/040_cell_1761645731827_912349010008_10577_0000.jpg
27,/home/wangqianqian/project/FS/data/28gusui&pizang/03/42/cell_1761648158690_912349010008_17830_0100.png,thumbs/cluster_27/041_cell_1761648158690_912349010008_17830_0100.jpg
27,/home/wangqianqian/project/FS/data/28gusui&pizang/03/02/cell_1761645755553_912349010008_12340_0000.png,thumbs/cluster_27/042_cell_1761645755553_912349010008_12340_0000.jpg
27,/home/wangqianqian/project/FS/data/28gusui&pizang/03/40/cell_1761648036837_912349010008_10133_0100.png,thumbs/cluster_27/043_cell_1761648036837_912349010008_10133_0100.jpg
27,/home/wangqianqian/project/FS/data/28gusui&pizang/03/42/cell_1761648122591_912349010008_15231_0000.png,thumbs/cluster_27/044_cell_1761648122591_912349010008_15231_0000.jpg
27,/home/wangqianqian/project/FS/data/28gusui&pizang/03/18/cell_1761646710667_912349010008_90255_0000.png,thumbs/cluster_27/045_cell_1761646710667_912349010008_90255_0000.jpg
27,/home/wangqianqian/project/FS/data/28gusui&pizang/03/46/cell_1761648384489_912349010008_36899_0000.png,thumbs/cluster_27/046_cell_1761648384489_912349010008_36899_0000.jpg
27,/home/wangqianqian/project/FS/data/28gusui&pizang/03/06/cell_1761645999703_912349010008_31664_0000.png,thumbs/cluster_27/047_cell_1761645999703_912349010008_31664_0000.jpg
27,/home/wangqianqian/project/FS/data/28gusui&pizang/03/08/cell_1761646085650_912349010008_38825_0100.png,thumbs/cluster_27/048_cell_1761646085650_912349010008_38825_0100.jpg
27,/home/wangqianqian/project/FS/data/28gusui&pizang/03/58/cell_1761649130329_912349010008_108296_0100.png,thumbs/cluster_27/049_cell_1761649130329_912349010008_108296_0100.jpg
27,/home/wangqianqian/project/FS/data/28gusui&pizang/03/35/cell_1761647708932_912349010008_136_0100.png,thumbs/cluster_27/050_cell_1761647708932_912349010008_136_0100.jpg
27,/home/wangqianqian/project/FS/data/28gusui&pizang/03/13/cell_1761646425279_912349010008_65853_0000.png,thumbs/cluster_27/051_cell_1761646425279_912349010008_65853_0000.jpg
27,/home/wangqianqian/project/FS/data/28gusui&pizang/03/03/cell_1761645795839_912349010008_15335_0100.png,thumbs/cluster_27/052_cell_1761645795839_912349010008_15335_0100.jpg
27,/home/wangqianqian/project/FS/data/28gusui&pizang/03/55/cell_1761648947231_912349010008_90262_0000.png,thumbs/cluster_27/053_cell_1761648947231_912349010008_90262_0000.jpg
27,/home/wangqianqian/project/FS/data/28gusui&pizang/03/58/cell_1761649134407_912349010008_108718_0000.png,thumbs/cluster_27/054_cell_1761649134407_912349010008_108718_0000.jpg
27,/home/wangqianqian/project/FS/data/28gusui&pizang/03/54/cell_1761648851973_912349010008_81678_0100.png,thumbs/cluster_27/055_cell_1761648851973_912349010008_81678_0100.jpg
27,/home/wangqianqian/project/FS/data/28gusui&pizang/03/54/cell_1761648859357_912349010008_82392_0100.png,thumbs/cluster_27/056_cell_1761648859357_912349010008_82392_0100.jpg
27,/home/wangqianqian/project/FS/data/28gusui&pizang/03/56/cell_1761649000439_912349010008_95033_0000.png,thumbs/cluster_27/057_cell_1761649000439_912349010008_95033_0000.jpg
27,/home/wangqianqian/project/FS/data/28gusui&pizang/03/35/cell_1761647723138_912349010008_178_0000.png,thumbs/cluster_27/058_cell_1761647723138_912349010008_178_0000.jpg
27,/home/wangqianqian/project/FS/data/28gusui&pizang/03/19/cell_1761646745470_912349010008_93121_0000.png,thumbs/cluster_27/059_cell_1761646745470_912349010008_93121_0000.jpg
27,/home/wangqianqian/project/FS/data/28gusui&pizang/03/35/cell_1761647753882_912349010008_256_0100.png,thumbs/cluster_27/060_cell_1761647753882_912349010008_256_0100.jpg
27,/home/wangqianqian/project/FS/data/28gusui&pizang/03/52/cell_1761648732954_912349010008_69732_0000.png,thumbs/cluster_27/061_cell_1761648732954_912349010008_69732_0000.jpg
27,/home/wangqianqian/project/FS/data/28gusui&pizang/03/18/cell_1761646722515_912349010008_91178_0000.png,thumbs/cluster_27/062_cell_1761646722515_912349010008_91178_0000.jpg
27,/home/wangqianqian/project/FS/data/28gusui&pizang/03/48/cell_1761648497172_912349010008_47013_0100.png,thumbs/cluster_27/063_cell_1761648497172_912349010008_47013_0100.jpg
27,/home/wangqianqian/project/FS/data/28gusui&pizang/03/44/cell_1761648290811_912349010008_28725_0100.png,thumbs/cluster_27/064_cell_1761648290811_912349010008_28725_0100.jpg
27,/home/wangqianqian/project/FS/data/28gusui&pizang/03/02/cell_1761645739672_912349010008_11133_0000.png,thumbs/cluster_27/065_cell_1761645739672_912349010008_11133_0000.jpg
27,/home/wangqianqian/project/FS/data/28gusui&pizang/03/41/cell_1761648092333_912349010008_13382_0100.png,thumbs/cluster_27/066_cell_1761648092333_912349010008_13382_0100.jpg
27,/home/wangqianqian/project/FS/data/28gusui&pizang/03/05/cell_1761645900536_912349010008_23781_0100.png,thumbs/cluster_27/067_cell_1761645900536_912349010008_23781_0100.jpg
27,/home/wangqianqian/project/FS/data/28gusui&pizang/03/58/cell_1761649107348_912349010008_105880_0100.png,thumbs/cluster_27/068_cell_1761649107348_912349010008_105880_0100.jpg
27,/home/wangqianqian/project/FS/data/28gusui&pizang/03/39/cell_1761647968645_912349010008_6929_0100.png,thumbs/cluster_27/069_cell_1761647968645_912349010008_6929_0100.jpg
27,/home/wangqianqian/project/FS/data/28gusui&pizang/03/06/cell_1761646017790_912349010008_33277_0000.png,thumbs/cluster_27/070_cell_1761646017790_912349010008_33277_0000.jpg
27,/home/wangqianqian/project/FS/data/28gusui&pizang/03/21/cell_1761646899579_912349010008_105982_0000.png,thumbs/cluster_27/071_cell_1761646899579_912349010008_105982_0000.jpg
27,/home/wangqianqian/project/FS/data/28gusui&pizang/03/48/cell_1761648482515_912349010008_45751_0000.png,thumbs/cluster_27/072_cell_1761648482515_912349010008_45751_0000.jpg
27,/home/wangqianqian/project/FS/data/28gusui&pizang/03/07/cell_1761646047942_912349010008_35884_0000.png,thumbs/cluster_27/073_cell_1761646047942_912349010008_35884_0000.jpg
27,/home/wangqianqian/project/FS/data/28gusui&pizang/03/50/cell_1761648646124_912349010008_60975_0100.png,thumbs/cluster_27/074_cell_1761648646124_912349010008_60975_0100.jpg
27,/home/wangqianqian/project/FS/data/28gusui&pizang/03/20/cell_1761646814304_912349010008_98848_0000.png,thumbs/cluster_27/075_cell_1761646814304_912349010008_98848_0000.jpg
27,/home/wangqianqian/project/FS/data/28gusui&pizang/03/01/cell_1761645715100_912349010008_9358_0000.png,thumbs/cluster_27/076_cell_1761645715100_912349010008_9358_0000.jpg
27,/home/wangqianqian/project/FS/data/28gusui&pizang/03/51/cell_1761648707715_912349010008_67279_0100.png,thumbs/cluster_27/077_cell_1761648707715_912349010008_67279_0100.jpg
27,/home/wangqianqian/project/FS/data/28gusui&pizang/03/50/cell_1761648645280_912349010008_60864_0000.png,thumbs/cluster_27/078_cell_1761648645280_912349010008_60864_0000.jpg
27,/home/wangqianqian/project/FS/data/28gusui&pizang/03/05/cell_1761645900536_912349010008_23781_0000.png,thumbs/cluster_27/079_cell_1761645900536_912349010008_23781_0000.jpg
27,/home/wangqianqian/project/FS/data/28gusui&pizang/03/05/cell_1761645901993_912349010008_23898_0000.png,thumbs/cluster_27/080_cell_1761645901993_912349010008_23898_0000.jpg
27,/home/wangqianqian/project/FS/data/28gusui&pizang/03/01/cell_1761645692133_912349010008_7966_0100.png,thumbs/cluster_27/081_cell_1761645692133_912349010008_7966_0100.jpg
27,/home/wangqianqian/project/FS/data/28gusui&pizang/03/58/cell_1761649081064_912349010008_103064_0000.png,thumbs/cluster_27/082_cell_1761649081064_912349010008_103064_0000.jpg
27,/home/wangqianqian/project/FS/data/28gusui&pizang/03/10/cell_1761646237145_912349010008_50382_0100.png,thumbs/cluster_27/083_cell_1761646237145_912349010008_50382_0100.jpg
27,/home/wangqianqian/project/FS/data/28gusui&pizang/03/45/cell_1761648312720_912349010008_30538_0100.png,thumbs/cluster_27/084_cell_1761648312720_912349010008_30538_0100.jpg
27,/home/wangqianqian/project/FS/data/28gusui&pizang/03/40/cell_1761648045661_912349010008_10499_0000.png,thumbs/cluster_27/085_cell_1761648045661_912349010008_10499_0000.jpg
27,/home/wangqianqian/project/FS/data/28gusui&pizang/03/43/cell_1761648204499_912349010008_21194_0100.png,thumbs/cluster_27/086_cell_1761648204499_912349010008_21194_0100.jpg
27,/home/wangqianqian/project/FS/data/28gusui&pizang/03/21/cell_1761646891919_912349010008_105315_0100.png,thumbs/cluster_27/087_cell_1761646891919_912349010008_105315_0100.jpg
27,/home/wangqianqian/project/FS/data/28gusui&pizang/03/51/cell_1761648696609_912349010008_66066_0000.png,thumbs/cluster_27/088_cell_1761648696609_912349010008_66066_0000.jpg
27,/home/wangqianqian/project/FS/data/28gusui&pizang/03/58/cell_1761649101107_912349010008_105240_0100.png,thumbs/cluster_27/089_cell_1761649101107_912349010008_105240_0100.jpg
27,/home/wangqianqian/project/FS/data/28gusui&pizang/03/40/cell_1761648015238_912349010008_8989_0000.png,thumbs/cluster_27/090_cell_1761648015238_912349010008_8989_0000.jpg
27,/home/wangqianqian/project/FS/data/28gusui&pizang/03/13/cell_1761646408505_912349010008_64412_0000.png,thumbs/cluster_27/091_cell_1761646408505_912349010008_64412_0000.jpg
27,/home/wangqianqian/project/FS/data/28gusui&pizang/03/50/cell_1761648650591_912349010008_61417_0100.png,thumbs/cluster_27/092_cell_1761648650591_912349010008_61417_0100.jpg
27,/home/wangqianqian/project/FS/data/28gusui&pizang/03/48/cell_1761648482313_912349010008_45737_0100.png,thumbs/cluster_27/093_cell_1761648482313_912349010008_45737_0100.jpg
27,/home/wangqianqian/project/FS/data/28gusui&pizang/03/43/cell_1761648185259_912349010008_19705_0100.png,thumbs/cluster_27/094_cell_1761648185259_912349010008_19705_0100.jpg
27,/home/wangqianqian/project/FS/data/28gusui&pizang/03/59/cell_1761649176522_912349010008_113187_0100.png,thumbs/cluster_27/095_cell_1761649176522_912349010008_113187_0100.jpg
27,/home/wangqianqian/project/FS/data/28gusui&pizang/03/54/cell_1761648867008_912349010008_83153_0000.png,thumbs/cluster_27/096_cell_1761648867008_912349010008_83153_0000.jpg
27,/home/wangqianqian/project/FS/data/28gusui&pizang/03/10/cell_1761646205602_912349010008_47747_0100.png,thumbs/cluster_27/097_cell_1761646205602_912349010008_47747_0100.jpg
27,/home/wangqianqian/project/FS/data/28gusui&pizang/03/55/cell_1761648901292_912349010008_86401_0200.png,thumbs/cluster_27/098_cell_1761648901292_912349010008_86401_0200.jpg
27,/home/wangqianqian/project/FS/data/28gusui&pizang/03/09/cell_1761646170484_912349010008_45066_0000.png,thumbs/cluster_27/099_cell_1761646170484_912349010008_45066_0000.jpg
28,/home/wangqianqian/project/FS/data/28gusui&pizang/03/05/cell_1761645939338_912349010008_26716_0000.png,thumbs/cluster_28/000_cell_1761645939338_912349010008_26716_0000.jpg
28,/home/wangqianqian/project/FS/data/28gusui&pizang/03/08/cell_1761646128031_912349010008_41994_0100.png,thumbs/cluster_28/001_cell_1761646128031_912349010008_41994_0100.jpg
28,/home/wangqianqian/project/FS/data/28gusui&pizang/03/43/cell_1761648182220_912349010008_19456_0100.png,thumbs/cluster_28/002_cell_1761648182220_912349010008_19456_0100.jpg
28,/home/wangqianqian/project/FS/data/28gusui&pizang/03/40/cell_1761648058123_912349010008_11153_0000.png,thumbs/cluster_28/003_cell_1761648058123_912349010008_11153_0000.jpg
28,/home/wangqianqian/project/FS/data/28gusui&pizang/03/07/cell_1761646037335_912349010008_34972_0100.png,thumbs/cluster_28/004_cell_1761646037335_912349010008_34972_0100.jpg
28,/home/wangqianqian/project/FS/data/28gusui&pizang/03/10/cell_1761646212234_912349010008_48289_0000.png,thumbs/cluster_28/005_cell_1761646212234_912349010008_48289_0000.jpg
28,/home/wangqianqian/project/FS/data/28gusui&pizang/03/48/cell_1761648534712_912349010008_50127_0000.png,thumbs/cluster_28/006_cell_1761648534712_912349010008_50127_0000.jpg
28,/home/wangqianqian/project/FS/data/28gusui&pizang/03/51/cell_1761648694541_912349010008_65878_0100.png,thumbs/cluster_28/007_cell_1761648694541_912349010008_65878_0100.jpg
28,/home/wangqianqian/project/FS/data/28gusui&pizang/03/19/cell_1761646798934_912349010008_97461_0100.png,thumbs/cluster_28/008_cell_1761646798934_912349010008_97461_0100.jpg
28,/home/wangqianqian/project/FS/data/28gusui&pizang/03/06/cell_1761645996503_912349010008_31403_0100.png,thumbs/cluster_28/009_cell_1761645996503_912349010008_31403_0100.jpg
28,/home/wangqianqian/project/FS/data/28gusui&pizang/03/40/cell_1761648028577_912349010008_9679_0000.png,thumbs/cluster_28/010_cell_1761648028577_912349010008_9679_0000.jpg
28,/home/wangqianqian/project/FS/data/28gusui&pizang/03/42/cell_1761648163690_912349010008_18112_0100.png,thumbs/cluster_28/011_cell_1761648163690_912349010008_18112_0100.jpg
28,/home/wangqianqian/project/FS/data/28gusui&pizang/03/56/cell_1761648978132_912349010008_92962_0100.png,thumbs/cluster_28/012_cell_1761648978132_912349010008_92962_0100.jpg
28,/home/wangqianqian/project/FS/data/28gusui&pizang/03/49/cell_1761648599646_912349010008_56341_0000.png,thumbs/cluster_28/013_cell_1761648599646_912349010008_56341_0000.jpg
28,/home/wangqianqian/project/FS/data/28gusui&pizang/03/02/cell_1761645723428_912349010008_10027_0000.png,thumbs/cluster_28/014_cell_1761645723428_912349010008_10027_0000.jpg
28,/home/wangqianqian/project/FS/data/28gusui&pizang/03/50/cell_1761648657211_912349010008_62101_0000.png,thumbs/cluster_28/015_cell_1761648657211_912349010008_62101_0000.jpg
28,/home/wangqianqian/project/FS/data/28gusui&pizang/03/02/cell_1761645730775_912349010008_10498_0000.png,thumbs/cluster_28/016_cell_1761645730775_912349010008_10498_0000.jpg
28,/home/wangqianqian/project/FS/data/28gusui&pizang/03/55/cell_1761648930033_912349010008_88836_0100.png,thumbs/cluster_28/017_cell_1761648930033_912349010008_88836_0100.jpg
28,/home/wangqianqian/project/FS/data/28gusui&pizang/03/40/cell_1761648045600_912349010008_10495_0000.png,thumbs/cluster_28/018_cell_1761648045600_912349010008_10495_0000.jpg
28,/home/wangqianqian/project/FS/data/28gusui&pizang/03/15/cell_1761646554281_912349010008_77272_0000.png,thumbs/cluster_28/019_cell_1761646554281_912349010008_77272_0000.jpg
28,/home/wangqianqian/project/FS/data/28gusui&pizang/03/03/cell_1761645783259_912349010008_14378_0000.png,thumbs/cluster_28/020_cell_1761645783259_912349010008_14378_0000.jpg
28,/home/wangqianqian/project/FS/data/28gusui&pizang/03/15/cell_1761646523026_912349010008_74755_0000.png,thumbs/cluster_28/021_cell_1761646523026_912349010008_74755_0000.jpg
28,/home/wangqianqian/project/FS/data/28gusui&pizang/03/50/cell_1761648634702_912349010008_59780_0000.png,thumbs/cluster_28/022_cell_1761648634702_912349010008_59780_0000.jpg
28,/home/wangqianqian/project/FS/data/28gusui&pizang/03/19/cell_1761646758387_912349010008_94140_0000.png,thumbs/cluster_28/023_cell_1761646758387_912349010008_94140_0000.jpg
28,/home/wangqianqian/project/FS/data/28gusui&pizang/03/10/cell_1761646210825_912349010008_48157_0000.png,thumbs/cluster_28/024_cell_1761646210825_912349010008_48157_0000.jpg
28,/home/wangqianqian/project/FS/data/28gusui&pizang/03/44/cell_1761648264503_912349010008_26280_0000.png,thumbs/cluster_28/025_cell_1761648264503_912349010008_26280_0000.jpg
28,/home/wangqianqian/project/FS/data/28gusui&pizang/03/13/cell_1761646415217_912349010008_64960_0100.png,thumbs/cluster_28/026_cell_1761646415217_912349010008_64960_0100.jpg
28,/home/wangqianqian/project/FS/data/28gusui&pizang/03/51/cell_1761648711186_912349010008_67649_0100.png,thumbs/cluster_28/027_cell_1761648711186_912349010008_67649_0100.jpg
28,/home/wangqianqian/project/FS/data/28gusui&pizang/03/46/cell_1761648408239_912349010008_38940_0100.png,thumbs/cluster_28/028_cell_1761648408239_912349010008_38940_0100.jpg
28,/home/wangqianqian/project/FS/data/28gusui&pizang/03/19/cell_1761646754874_912349010008_93854_0100.png,thumbs/cluster_28/029_cell_1761646754874_912349010008_93854_0100.jpg
28,/home/wangqianqian/project/FS/data/28gusui&pizang/03/58/cell_1761649133816_912349010008_108648_0000.png,thumbs/cluster_28/030_cell_1761649133816_912349010008_108648_0000.jpg
28,/home/wangqianqian/project/FS/data/28gusui&pizang/03/17/cell_1761646669451_912349010008_86772_0000.png,thumbs/cluster_28/031_cell_1761646669451_912349010008_86772_0000.jpg
28,/home/wangqianqian/project/FS/data/28gusui&pizang/03/40/cell_1761648013854_912349010008_8913_0000.png,thumbs/cluster_28/032_cell_1761648013854_912349010008_8913_0000.jpg
28,/home/wangqianqian/project/FS/data/28gusui&pizang/03/19/cell_1761646763223_912349010008_94503_0100.png,thumbs/cluster_28/033_cell_1761646763223_912349010008_94503_0100.jpg
28,/home/wangqianqian/project/FS/data/28gusui&pizang/03/01/cell_1761645700382_912349010008_8420_0000.png,thumbs/cluster_28/034_cell_1761645700382_912349010008_8420_0000.jpg
28,/home/wangqianqian/project/FS/data/28gusui&pizang/03/13/cell_1761646420271_912349010008_65427_0000.png,thumbs/cluster_28/035_cell_1761646420271_912349010008_65427_0000.jpg
28,/home/wangqianqian/project/FS/data/28gusui&pizang/03/03/cell_1761645809850_912349010008_16416_0100.png,thumbs/cluster_28/036_cell_1761645809850_912349010008_16416_0100.jpg
28,/home/wangqianqian/project/FS/data/28gusui&pizang/03/08/cell_1761646126116_912349010008_41848_0000.png,thumbs/cluster_28/037_cell_1761646126116_912349010008_41848_0000.jpg
28,/home/wangqianqian/project/FS/data/28gusui&pizang/03/51/cell_1761648660612_912349010008_62462_0100.png,thumbs/cluster_28/038_cell_1761648660612_912349010008_62462_0100.jpg
28,/home/wangqianqian/project/FS/data/28gusui&pizang/03/04/cell_1761645884753_912349010008_22653_0100.png,thumbs/cluster_28/039_cell_1761645884753_912349010008_22653_0100.jpg
28,/home/wangqianqian/project/FS/data/28gusui&pizang/03/53/cell_1761648815105_912349010008_78090_0100.png,thumbs/cluster_28/040_cell_1761648815105_912349010008_78090_0100.jpg
28,/home/wangqianqian/project/FS/data/28gusui&pizang/03/48/cell_1761648488135_912349010008_46240_0100.png,thumbs/cluster_28/041_cell_1761648488135_912349010008_46240_0100.jpg
28,/home/wangqianqian/project/FS/data/28gusui&pizang/03/55/cell_1761648926695_912349010008_88522_0000.png,thumbs/cluster_28/042_cell_1761648926695_912349010008_88522_0000.jpg
28,/home/wangqianqian/project/FS/data/28gusui&pizang/03/53/cell_1761648828964_912349010008_79394_0000.png,thumbs/cluster_28/043_cell_1761648828964_912349010008_79394_0000.jpg
28,/home/wangqianqian/project/FS/data/28gusui&pizang/03/50/cell_1761648603719_912349010008_56752_0000.png,thumbs/cluster_28/044_cell_1761648603719_912349010008_56752_0000.jpg
28,/home/wangqianqian/project/FS/data/28gusui&pizang/03/43/cell_1761648226780_912349010008_22983_0000.png,thumbs/cluster_28/045_cell_1761648226780_912349010008_22983_0000.jpg
28,/home/wangqianqian/project/FS/data/28gusui&pizang/03/19/cell_1761646775226_912349010008_95507_0100.png,thumbs/cluster_28/046_cell_1761646775226_912349010008_95507_0100.jpg
28,/home/wangqianqian/project/FS/data/28gusui&pizang/03/45/cell_1761648355720_912349010008_34358_0000.png,thumbs/cluster_28/047_cell_1761648355720_912349010008_34358_0000.jpg
28,/home/wangqianqian/project/FS/data/28gusui&pizang/03/55/cell_1761648953705_912349010008_90806_0000.png,thumbs/cluster_28/048_cell_1761648953705_912349010008_90806_0000.jpg
28,/home/wangqianqian/project/FS/data/28gusui&pizang/03/42/cell_1761648159517_912349010008_17890_0100.png,thumbs/cluster_28/049_cell_1761648159517_912349010008_17890_0100.jpg
28,/home/wangqianqian/project/FS/data/28gusui&pizang/03/09/cell_1761646146362_912349010008_43246_0000.png,thumbs/cluster_28/050_cell_1761646146362_912349010008_43246_0000.jpg
28,/home/wangqianqian/project/FS/data/28gusui&pizang/03/06/cell_1761645973393_912349010008_29488_0000.png,thumbs/cluster_28/051_cell_1761645973393_912349010008_29488_0000.jpg
28,/home/wangqianqian/project/FS/data/28gusui&pizang/03/12/cell_1761646358406_912349010008_60520_0100.png,thumbs/cluster_28/052_cell_1761646358406_912349010008_60520_0100.jpg
28,/home/wangqianqian/project/FS/data/28gusui&pizang/03/06/cell_1761646006629_912349010008_32265_0000.png,thumbs/cluster_28/053_cell_1761646006629_912349010008_32265_0000.jpg
28,/home/wangqianqian/project/FS/data/28gusui&pizang/03/45/cell_1761648310060_912349010008_30330_0000.png,thumbs/cluster_28/054_cell_1761648310060_912349010008_30330_0000.jpg
28,/home/wangqianqian/project/FS/data/28gusui&pizang/03/44/cell_1761648245345_912349010008_24603_0100.png,thumbs/cluster_28/055_cell_1761648245345_912349010008_24603_0100.jpg
28,/home/wangqianqian/project/FS/data/28gusui&pizang/03/49/cell_1761648546894_912349010008_51217_0000.png,thumbs/cluster_28/056_cell_1761648546894_912349010008_51217_0000.jpg
28,/home/wangqianqian/project/FS/data/28gusui&pizang/03/09/cell_1761646185767_912349010008_46247_0100.png,thumbs/cluster_28/057_cell_1761646185767_912349010008_46247_0100.jpg
28,/home/wangqianqian/project/FS/data/28gusui&pizang/03/01/cell_1761645691668_912349010008_7943_0000.png,thumbs/cluster_28/058_cell_1761645691668_912349010008_7943_0000.jpg
28,/home/wangqianqian/project/FS/data/28gusui&pizang/03/16/cell_1761646579435_912349010008_79180_0000.png,thumbs/cluster_28/059_cell_1761646579435_912349010008_79180_0000.jpg
28,/home/wangqianqian/project/FS/data/28gusui&pizang/03/48/cell_1761648483003_912349010008_45797_0100.png,thumbs/cluster_28/060_cell_1761648483003_912349010008_45797_0100.jpg
28,/home/wangqianqian/project/FS/data/28gusui&pizang/03/55/cell_1761648952922_912349010008_90734_0000.png,thumbs/cluster_28/061_cell_1761648952922_912349010008_90734_0000.jpg
28,/home/wangqianqian/project/FS/data/28gusui&pizang/03/54/cell_1761648890352_912349010008_85497_0000.png,thumbs/cluster_28/062_cell_1761648890352_912349010008_85497_0000.jpg
28,/home/wangqianqian/project/FS/data/28gusui&pizang/03/15/cell_1761646519968_912349010008_74476_0000.png,thumbs/cluster_28/063_cell_1761646519968_912349010008_74476_0000.jpg
28,/home/wangqianqian/project/FS/data/28gusui&pizang/03/43/cell_1761648233752_912349010008_23569_0100.png,thumbs/cluster_28/064_cell_1761648233752_912349010008_23569_0100.jpg
28,/home/wangqianqian/project/FS/data/28gusui&pizang/03/12/cell_1761646373505_912349010008_61790_0100.png,thumbs/cluster_28/065_cell_1761646373505_912349010008_61790_0100.jpg
28,/home/wangqianqian/project/FS/data/28gusui&pizang/03/51/cell_1761648689095_912349010008_65302_0000.png,thumbs/cluster_28/066_cell_1761648689095_912349010008_65302_0000.jpg
28,/home/wangqianqian/project/FS/data/28gusui&pizang/03/03/cell_1761645787163_912349010008_14673_0100.png,thumbs/cluster_28/067_cell_1761645787163_912349010008_14673_0100.jpg
28,/home/wangqianqian/project/FS/data/28gusui&pizang/03/03/cell_1761645801610_912349010008_15780_0000.png,thumbs/cluster_28/068_cell_1761645801610_912349010008_15780_0000.jpg
28,/home/wangqianqian/project/FS/data/28gusui&pizang/03/20/cell_1761646843834_912349010008_101287_0000.png,thumbs/cluster_28/069_cell_1761646843834_912349010008_101287_0000.jpg
28,/home/wangqianqian/project/FS/data/28gusui&pizang/03/59/cell_1761649142959_912349010008_109612_0000.png,thumbs/cluster_28/070_cell_1761649142959_912349010008_109612_0000.jpg
28,/home/wangqianqian/project/FS/data/28gusui&pizang/03/12/cell_1761646372527_912349010008_61704_0000.png,thumbs/cluster_28/071_cell_1761646372527_912349010008_61704_0000.jpg
28,/home/wangqianqian/project/FS/data/28gusui&pizang/03/54/cell_1761648899229_912349010008_86217_0100.png,thumbs/cluster_28/072_cell_1761648899229_912349010008_86217_0100.jpg
28,/home/wangqianqian/project/FS/data/28gusui&pizang/03/04/cell_1761645855473_912349010008_20126_0100.png,thumbs/cluster_28/073_cell_1761645855473_912349010008_20126_0100.jpg
28,/home/wangqianqian/project/FS/data/28gusui&pizang/03/08/cell_1761646106478_912349010008_40423_0000.png,thumbs/cluster_28/074_cell_1761646106478_912349010008_40423_0000.jpg
28,/home/wangqianqian/project/FS/data/28gusui&pizang/03/44/cell_1761648243943_912349010008_24470_0000.png,thumbs/cluster_28/075_cell_1761648243943_912349010008_24470_0000.jpg
28,/home/wangqianqian/project/FS/data/28gusui&pizang/03/36/cell_1761647795801_912349010008_709_0000.png,thumbs/cluster_28/076_cell_1761647795801_912349010008_709_0000.jpg
28,/home/wangqianqian/project/FS/data/28gusui&pizang/03/10/cell_1761646238002_912349010008_50445_0000.png,thumbs/cluster_28/077_cell_1761646238002_912349010008_50445_0000.jpg
28,/home/wangqianqian/project/FS/data/28gusui&pizang/03/40/cell_1761648015180_912349010008_8981_0100.png,thumbs/cluster_28/078_cell_1761648015180_912349010008_8981_0100.jpg
28,/home/wangqianqian/project/FS/data/28gusui&pizang/03/47/cell_1761648478382_912349010008_45380_0100.png,thumbs/cluster_28/079_cell_1761648478382_912349010008_45380_0100.jpg
28,/home/wangqianqian/project/FS/data/28gusui&pizang/03/15/cell_1761646551617_912349010008_77058_0000.png,thumbs/cluster_28/080_cell_1761646551617_912349010008_77058_0000.jpg
28,/home/wangqianqian/project/FS/data/28gusui&pizang/03/47/cell_1761648428119_912349010008_40837_0100.png,thumbs/cluster_28/081_cell_1761648428119_912349010008_40837_0100.jpg
28,/home/wangqianqian/project/FS/data/28gusui&pizang/03/39/cell_1761647973644_912349010008_7152_0000.png,thumbs/cluster_28/082_cell_1761647973644_912349010008_7152_0000.jpg
28,/home/wangqianqian/project/FS/data/28gusui&pizang/03/10/cell_1761646247737_912349010008_51294_0000.png,thumbs/cluster_28/083_cell_1761646247737_912349010008_51294_0000.jpg
28,/home/wangqianqian/project/FS/data/28gusui&pizang/03/17/cell_1761646645727_912349010008_84696_0100.png,thumbs/cluster_28/084_cell_1761646645727_912349010008_84696_0100.jpg
28,/home/wangqianqian/project/FS/data/28gusui&pizang/03/20/cell_1761646853604_912349010008_102136_0000.png,thumbs/cluster_28/085_cell_1761646853604_912349010008_102136_0000.jpg
28,/home/wangqianqian/project/FS/data/28gusui&pizang/03/52/cell_1761648762586_912349010008_72696_0000.png,thumbs/cluster_28/086_cell_1761648762586_912349010008_72696_0000.jpg
28,/home/wangqianqian/project/FS/data/28gusui&pizang/03/10/cell_1761646236872_912349010008_50357_0000.png,thumbs/cluster_28/087_cell_1761646236872_912349010008_50357_0000.jpg
28,/home/wangqianqian/project/FS/data/28gusui&pizang/03/40/cell_1761648017995_912349010008_9124_0000.png,thumbs/cluster_28/088_cell_1761648017995_912349010008_9124_0000.jpg
28,/home/wangqianqian/project/FS/data/28gusui&pizang/03/12/cell_1761646364949_912349010008_61093_0000.png,thumbs/cluster_28/089_cell_1761646364949_912349010008_61093_0000.jpg
28,/home/wangqianqian/project/FS/data/28gusui&pizang/03/44/cell_1761648296626_912349010008_29217_0000.png,thumbs/cluster_28/090_cell_1761648296626_912349010008_29217_0000.jpg
28,/home/wangqianqian/project/FS/data/28gusui&pizang/03/43/cell_1761648200495_912349010008_20864_0000.png,thumbs/cluster_28/091_cell_1761648200495_912349010008_20864_0000.jpg
28,/home/wangqianqian/project/FS/data/28gusui&pizang/03/54/cell_1761648867558_912349010008_83227_0000.png,thumbs/cluster_28/092_cell_1761648867558_912349010008_83227_0000.jpg
28,/home/wangqianqian/project/FS/data/28gusui&pizang/03/15/cell_1761646548521_912349010008_76813_0100.png,thumbs/cluster_28/093_cell_1761646548521_912349010008_76813_0100.jpg
28,/home/wangqianqian/project/FS/data/28gusui&pizang/03/56/cell_1761649010637_912349010008_95989_0000.png,thumbs/cluster_28/094_cell_1761649010637_912349010008_95989_0000.jpg
28,/home/wangqianqian/project/FS/data/28gusui&pizang/03/07/cell_1761646050330_912349010008_36127_0100.png,thumbs/cluster_28/095_cell_1761646050330_912349010008_36127_0100.jpg
28,/home/wangqianqian/project/FS/data/28gusui&pizang/03/45/cell_1761648319818_912349010008_31098_0000.png,thumbs/cluster_28/096_cell_1761648319818_912349010008_31098_0000.jpg
28,/home/wangqianqian/project/FS/data/28gusui&pizang/03/18/cell_1761646693194_912349010008_88934_0000.png,thumbs/cluster_28/097_cell_1761646693194_912349010008_88934_0000.jpg
28,/home/wangqianqian/project/FS/data/28gusui&pizang/03/08/cell_1761646107675_912349010008_40499_0100.png,thumbs/cluster_28/098_cell_1761646107675_912349010008_40499_0100.jpg
28,/home/wangqianqian/project/FS/data/28gusui&pizang/03/39/cell_1761647999150_912349010008_8177_0000.png,thumbs/cluster_28/099_cell_1761647999150_912349010008_8177_0000.jpg
29,/home/wangqianqian/project/FS/data/28gusui&pizang/03/52/cell_1761648724543_912349010008_68960_0100.png,thumbs/cluster_29/000_cell_1761648724543_912349010008_68960_0100.jpg
29,/home/wangqianqian/project/FS/data/28gusui&pizang/03/48/cell_1761648499629_912349010008_47204_0000.png,thumbs/cluster_29/001_cell_1761648499629_912349010008_47204_0000.jpg
29,/home/wangqianqian/project/FS/data/28gusui&pizang/03/04/cell_1761645893017_912349010008_23245_0000.png,thumbs/cluster_29/002_cell_1761645893017_912349010008_23245_0000.jpg
29,/home/wangqianqian/project/FS/data/28gusui&pizang/03/52/cell_1761648724143_912349010008_68929_0000.png,thumbs/cluster_29/003_cell_1761648724143_912349010008_68929_0000.jpg
29,/home/wangqianqian/project/FS/data/28gusui&pizang/03/02/cell_1761645768947_912349010008_13270_0000.png,thumbs/cluster_29/004_cell_1761645768947_912349010008_13270_0000.jpg
29,/home/wangqianqian/project/FS/data/28gusui&pizang/03/46/cell_1761648384924_912349010008_36933_0000.png,thumbs/cluster_29/005_cell_1761648384924_912349010008_36933_0000.jpg
29,/home/wangqianqian/project/FS/data/28gusui&pizang/03/21/cell_1761646862042_912349010008_102895_0100.png,thumbs/cluster_29/006_cell_1761646862042_912349010008_102895_0100.jpg
29,/home/wangqianqian/project/FS/data/28gusui&pizang/03/20/cell_1761646815303_912349010008_98920_0100.png,thumbs/cluster_29/007_cell_1761646815303_912349010008_98920_0100.jpg
29,/home/wangqianqian/project/FS/data/28gusui&pizang/03/17/cell_1761646679202_912349010008_87690_0100.png,thumbs/cluster_29/008_cell_1761646679202_912349010008_87690_0100.jpg
29,/home/wangqianqian/project/FS/data/28gusui&pizang/03/53/cell_1761648825738_912349010008_79096_0100.png,thumbs/cluster_29/009_cell_1761648825738_912349010008_79096_0100.jpg
29,/home/wangqianqian/project/FS/data/28gusui&pizang/03/59/cell_1761649177919_912349010008_113316_0000.png,thumbs/cluster_29/010_cell_1761649177919_912349010008_113316_0000.jpg
29,/home/wangqianqian/project/FS/data/28gusui&pizang/03/01/cell_1761645696845_912349010008_8191_0000.png,thumbs/cluster_29/011_cell_1761645696845_912349010008_8191_0000.jpg
29,/home/wangqianqian/project/FS/data/28gusui&pizang/03/42/cell_1761648132417_912349010008_15928_0000.png,thumbs/cluster_29/012_cell_1761648132417_912349010008_15928_0000.jpg
29,/home/wangqianqian/project/FS/data/28gusui&pizang/03/36/cell_1761647794488_912349010008_663_0100.png,thumbs/cluster_29/013_cell_1761647794488_912349010008_663_0100.jpg
29,/home/wangqianqian/project/FS/data/28gusui&pizang/03/42/cell_1761648148026_912349010008_17064_0000.png,thumbs/cluster_29/014_cell_1761648148026_912349010008_17064_0000.jpg
29,/home/wangqianqian/project/FS/data/28gusui&pizang/03/01/cell_1761645703991_912349010008_8637_0000.png,thumbs/cluster_29/015_cell_1761645703991_912349010008_8637_0000.jpg
29,/home/wangqianqian/project/FS/data/28gusui&pizang/03/51/cell_1761648668873_912349010008_63252_0100.png,thumbs/cluster_29/016_cell_1761648668873_912349010008_63252_0100.jpg
29,/home/wangqianqian/project/FS/data/28gusui&pizang/03/58/cell_1761649092828_912349010008_104404_0100.png,thumbs/cluster_29/017_cell_1761649092828_912349010008_104404_0100.jpg
29,/home/wangqianqian/project/FS/data/28gusui&pizang/03/49/cell_1761648582483_912349010008_54564_0000.png,thumbs/cluster_29/018_cell_1761648582483_912349010008_54564_0000.jpg
29,/home/wangqianqian/project/FS/data/28gusui&pizang/03/19/cell_1761646744351_912349010008_93041_0000.png,thumbs/cluster_29/019_cell_1761646744351_912349010008_93041_0000.jpg
29,/home/wangqianqian/project/FS/data/28gusui&pizang/03/43/cell_1761648233712_912349010008_23567_0100.png,thumbs/cluster_29/020_cell_1761648233712_912349010008_23567_0100.jpg
29,/home/wangqianqian/project/FS/data/28gusui&pizang/03/11/cell_1761646308686_912349010008_56449_0100.png,thumbs/cluster_29/021_cell_1761646308686_912349010008_56449_0100.jpg
29,/home/wangqianqian/project/FS/data/28gusui&pizang/03/10/cell_1761646216770_912349010008_48678_0000.png,thumbs/cluster_29/022_cell_1761646216770_912349010008_48678_0000.jpg
29,/home/wangqianqian/project/FS/data/28gusui&pizang/03/54/cell_1761648845364_912349010008_80974_0000.png,thumbs/cluster_29/023_cell_1761648845364_912349010008_80974_0000.jpg
29,/home/wangqianqian/project/FS/data/28gusui&pizang/03/48/cell_1761648506701_912349010008_47783_0000.png,thumbs/cluster_29/024_cell_1761648506701_912349010008_47783_0000.jpg
29,/home/wangqianqian/project/FS/data/28gusui&pizang/03/03/cell_1761645800356_912349010008_15696_0000.png,thumbs/cluster_29/025_cell_1761645800356_912349010008_15696_0000.jpg
29,/home/wangqianqian/project/FS/data/28gusui&pizang/03/49/cell_1761648558897_912349010008_52296_0000.png,thumbs/cluster_29/026_cell_1761648558897_912349010008_52296_0000.jpg
29,/home/wangqianqian/project/FS/data/28gusui&pizang/03/12/cell_1761646360800_912349010008_60727_0100.png,thumbs/cluster_29/027_cell_1761646360800_912349010008_60727_0100.jpg
29,/home/wangqianqian/project/FS/data/28gusui&pizang/03/13/cell_1761646415208_912349010008_64955_0100.png,thumbs/cluster_29/028_cell_1761646415208_912349010008_64955_0100.jpg
29,/home/wangqianqian/project/FS/data/28gusui&pizang/03/42/cell_1761648148026_912349010008_17064_0100.png,thumbs/cluster_29/029_cell_1761648148026_912349010008_17064_0100.jpg
29,/home/wangqianqian/project/FS/data/28gusui&pizang/03/50/cell_1761648655959_912349010008_61988_0000.png,thumbs/cluster_29/030_cell_1761648655959_912349010008_61988_0000.jpg
29,/home/wangqianqian/project/FS/data/28gusui&pizang/03/05/cell_1761645924707_912349010008_25622_0000.png,thumbs/cluster_29/031_cell_1761645924707_912349010008_25622_0000.jpg
29,/home/wangqianqian/project/FS/data/28gusui&pizang/03/52/cell_1761648720128_912349010008_68533_0100.png,thumbs/cluster_29/032_cell_1761648720128_912349010008_68533_0100.jpg
29,/home/wangqianqian/project/FS/data/28gusui&pizang/03/11/cell_1761646269915_912349010008_52997_0000.png,thumbs/cluster_29/033_cell_1761646269915_912349010008_52997_0000.jpg
29,/home/wangqianqian/project/FS/data/28gusui&pizang/03/20/cell_1761646856431_912349010008_102403_0000.png,thumbs/cluster_29/034_cell_1761646856431_912349010008_102403_0000.jpg
29,/home/wangqianqian/project/FS/data/28gusui&pizang/03/43/cell_1761648209050_912349010008_21600_0100.png,thumbs/cluster_29/035_cell_1761648209050_912349010008_21600_0100.jpg
29,/home/wangqianqian/project/FS/data/28gusui&pizang/03/45/cell_1761648354594_912349010008_34254_0000.png,thumbs/cluster_29/036_cell_1761648354594_912349010008_34254_0000.jpg
29,/home/wangqianqian/project/FS/data/28gusui&pizang/03/04/cell_1761645894245_912349010008_23334_0100.png,thumbs/cluster_29/037_cell_1761645894245_912349010008_23334_0100.jpg
29,/home/wangqianqian/project/FS/data/28gusui&pizang/03/54/cell_1761648866520_912349010008_83117_0100.png,thumbs/cluster_29/038_cell_1761648866520_912349010008_83117_0100.jpg
29,/home/wangqianqian/project/FS/data/28gusui&pizang/03/46/cell_1761648379298_912349010008_36444_0000.png,thumbs/cluster_29/039_cell_1761648379298_912349010008_36444_0000.jpg
29,/home/wangqianqian/project/FS/data/28gusui&pizang/03/17/cell_1761646635440_912349010008_83819_0000.png,thumbs/cluster_29/040_cell_1761646635440_912349010008_83819_0000.jpg
29,/home/wangqianqian/project/FS/data/28gusui&pizang/03/41/cell_1761648106656_912349010008_14202_0100.png,thumbs/cluster_29/041_cell_1761648106656_912349010008_14202_0100.jpg
29,/home/wangqianqian/project/FS/data/28gusui&pizang/03/55/cell_1761648932050_912349010008_88993_0000.png,thumbs/cluster_29/042_cell_1761648932050_912349010008_88993_0000.jpg
29,/home/wangqianqian/project/FS/data/28gusui&pizang/03/57/cell_1761649024459_912349010008_97261_0000.png,thumbs/cluster_29/043_cell_1761649024459_912349010008_97261_0000.jpg
29,/home/wangqianqian/project/FS/data/28gusui&pizang/03/01/cell_1761645689406_912349010008_7816_0000.png,thumbs/cluster_29/044_cell_1761645689406_912349010008_7816_0000.jpg
29,/home/wangqianqian/project/FS/data/28gusui&pizang/03/09/cell_1761646165343_912349010008_44703_0100.png,thumbs/cluster_29/045_cell_1761646165343_912349010008_44703_0100.jpg
29,/home/wangqianqian/project/FS/data/28gusui&pizang/03/14/cell_1761646495842_912349010008_72425_0100.png,thumbs/cluster_29/046_cell_1761646495842_912349010008_72425_0100.jpg
29,/home/wangqianqian/project/FS/data/28gusui&pizang/03/44/cell_1761648266771_912349010008_26498_0100.png,thumbs/cluster_29/047_cell_1761648266771_912349010008_26498_0100.jpg
29,/home/wangqianqian/project/FS/data/28gusui&pizang/03/51/cell_1761648690239_912349010008_65391_0100.png,thumbs/cluster_29/048_cell_1761648690239_912349010008_65391_0100.jpg
29,/home/wangqianqian/project/FS/data/28gusui&pizang/03/55/cell_1761648952275_912349010008_90670_0100.png,thumbs/cluster_29/049_cell_1761648952275_912349010008_90670_0100.jpg
29,/home/wangqianqian/project/FS/data/28gusui&pizang/03/05/cell_1761645912681_912349010008_24703_0000.png,thumbs/cluster_29/050_cell_1761645912681_912349010008_24703_0000.jpg
29,/home/wangqianqian/project/FS/data/28gusui&pizang/03/49/cell_1761648575445_912349010008_53931_0000.png,thumbs/cluster_29/051_cell_1761648575445_912349010008_53931_0000.jpg
29,/home/wangqianqian/project/FS/data/28gusui&pizang/03/51/cell_1761648717275_912349010008_68245_0100.png,thumbs/cluster_29/052_cell_1761648717275_912349010008_68245_0100.jpg
29,/home/wangqianqian/project/FS/data/28gusui&pizang/03/56/cell_1761648983522_912349010008_93436_0100.png,thumbs/cluster_29/053_cell_1761648983522_912349010008_93436_0100.jpg
29,/home/wangqianqian/project/FS/data/28gusui&pizang/03/07/cell_1761646042995_912349010008_35459_0000.png,thumbs/cluster_29/054_cell_1761646042995_912349010008_35459_0000.jpg
29,/home/wangqianqian/project/FS/data/28gusui&pizang/03/43/cell_1761648206638_912349010008_21388_0000.png,thumbs/cluster_29/055_cell_1761648206638_912349010008_21388_0000.jpg
29,/home/wangqianqian/project/FS/data/28gusui&pizang/03/52/cell_1761648772078_912349010008_73581_0000.png,thumbs/cluster_29/056_cell_1761648772078_912349010008_73581_0000.jpg
29,/home/wangqianqian/project/FS/data/28gusui&pizang/03/12/cell_1761646374501_912349010008_61873_0000.png,thumbs/cluster_29/057_cell_1761646374501_912349010008_61873_0000.jpg
29,/home/wangqianqian/project/FS/data/28gusui&pizang/03/49/cell_1761648592146_912349010008_55522_0000.png,thumbs/cluster_29/058_cell_1761648592146_912349010008_55522_0000.jpg
29,/home/wangqianqian/project/FS/data/28gusui&pizang/03/54/cell_1761648851230_912349010008_81576_0100.png,thumbs/cluster_29/059_cell_1761648851230_912349010008_81576_0100.jpg
29,/home/wangqianqian/project/FS/data/28gusui&pizang/03/55/cell_1761648936963_912349010008_89408_0200.png,thumbs/cluster_29/060_cell_1761648936963_912349010008_89408_0200.jpg
29,/home/wangqianqian/project/FS/data/28gusui&pizang/03/06/cell_1761645963094_912349010008_28638_0000.png,thumbs/cluster_29/061_cell_1761645963094_912349010008_28638_0000.jpg
29,/home/wangqianqian/project/FS/data/28gusui&pizang/03/15/cell_1761646517095_912349010008_74225_0100.png,thumbs/cluster_29/062_cell_1761646517095_912349010008_74225_0100.jpg
29,/home/wangqianqian/project/FS/data/28gusui&pizang/03/55/cell_1761648952192_912349010008_90661_0000.png,thumbs/cluster_29/063_cell_1761648952192_912349010008_90661_0000.jpg
29,/home/wangqianqian/project/FS/data/28gusui&pizang/03/53/cell_1761648794980_912349010008_75942_0000.png,thumbs/cluster_29/064_cell_1761648794980_912349010008_75942_0000.jpg
29,/home/wangqianqian/project/FS/data/28gusui&pizang/03/44/cell_1761648240029_912349010008_24131_0000.png,thumbs/cluster_29/065_cell_1761648240029_912349010008_24131_0000.jpg
29,/home/wangqianqian/project/FS/data/28gusui&pizang/03/55/cell_1761648905015_912349010008_86723_0000.png,thumbs/cluster_29/066_cell_1761648905015_912349010008_86723_0000.jpg
29,/home/wangqianqian/project/FS/data/28gusui&pizang/03/49/cell_1761648593162_912349010008_55606_0000.png,thumbs/cluster_29/067_cell_1761648593162_912349010008_55606_0000.jpg
29,/home/wangqianqian/project/FS/data/28gusui&pizang/03/11/cell_1761646268465_912349010008_52878_0000.png,thumbs/cluster_29/068_cell_1761646268465_912349010008_52878_0000.jpg
29,/home/wangqianqian/project/FS/data/28gusui&pizang/03/50/cell_1761648607524_912349010008_57088_0000.png,thumbs/cluster_29/069_cell_1761648607524_912349010008_57088_0000.jpg
29,/home/wangqianqian/project/FS/data/28gusui&pizang/03/45/cell_1761648338878_912349010008_32783_0000.png,thumbs/cluster_29/070_cell_1761648338878_912349010008_32783_0000.jpg
29,/home/wangqianqian/project/FS/data/28gusui&pizang/03/55/cell_1761648926394_912349010008_88493_0100.png,thumbs/cluster_29/071_cell_1761648926394_912349010008_88493_0100.jpg
29,/home/wangqianqian/project/FS/data/28gusui&pizang/03/10/cell_1761646221936_912349010008_49135_0000.png,thumbs/cluster_29/072_cell_1761646221936_912349010008_49135_0000.jpg
29,/home/wangqianqian/project/FS/data/28gusui&pizang/03/46/cell_1761648377255_912349010008_36250_0000.png,thumbs/cluster_29/073_cell_1761648377255_912349010008_36250_0000.jpg
29,/home/wangqianqian/project/FS/data/28gusui&pizang/03/48/cell_1761648480818_912349010008_45614_0000.png,thumbs/cluster_29/074_cell_1761648480818_912349010008_45614_0000.jpg
29,/home/wangqianqian/project/FS/data/28gusui&pizang/03/11/cell_1761646275859_912349010008_53507_0000.png,thumbs/cluster_29/075_cell_1761646275859_912349010008_53507_0000.jpg
29,/home/wangqianqian/project/FS/data/28gusui&pizang/03/02/cell_1761645769610_912349010008_13326_0000.png,thumbs/cluster_29/076_cell_1761645769610_912349010008_13326_0000.jpg
29,/home/wangqianqian/project/FS/data/28gusui&pizang/03/47/cell_1761648464870_912349010008_44212_0000.png,thumbs/cluster_29/077_cell_1761648464870_912349010008_44212_0000.jpg
29,/home/wangqianqian/project/FS/data/28gusui&pizang/03/02/cell_1761645746355_912349010008_11658_0100.png,thumbs/cluster_29/078_cell_1761645746355_912349010008_11658_0100.jpg
29,/home/wangqianqian/project/FS/data/28gusui&pizang/03/47/cell_1761648431135_912349010008_41132_0100.png,thumbs/cluster_29/079_cell_1761648431135_912349010008_41132_0100.jpg
29,/home/wangqianqian/project/FS/data/28gusui&pizang/03/05/cell_1761645937971_912349010008_26610_0000.png,thumbs/cluster_29/080_cell_1761645937971_912349010008_26610_0000.jpg
29,/home/wangqianqian/project/FS/data/28gusui&pizang/03/13/cell_1761646388795_912349010008_62959_0000.png,thumbs/cluster_29/081_cell_1761646388795_912349010008_62959_0000.jpg
29,/home/wangqianqian/project/FS/data/28gusui&pizang/03/57/cell_1761649055271_912349010008_100385_0000.png,thumbs/cluster_29/082_cell_1761649055271_912349010008_100385_0000.jpg
29,/home/wangqianqian/project/FS/data/28gusui&pizang/03/07/cell_1761646055895_912349010008_36618_0100.png,thumbs/cluster_29/083_cell_1761646055895_912349010008_36618_0100.jpg
29,/home/wangqianqian/project/FS/data/28gusui&pizang/03/07/cell_1761646030450_912349010008_34392_0000.png,thumbs/cluster_29/084_cell_1761646030450_912349010008_34392_0000.jpg
29,/home/wangqianqian/project/FS/data/28gusui&pizang/03/13/cell_1761646407668_912349010008_64365_0000.png,thumbs/cluster_29/085_cell_1761646407668_912349010008_64365_0000.jpg
29,/home/wangqianqian/project/FS/data/28gusui&pizang/03/43/cell_1761648208362_912349010008_21554_0000.png,thumbs/cluster_29/086_cell_1761648208362_912349010008_21554_0000.jpg
29,/home/wangqianqian/project/FS/data/28gusui&pizang/03/44/cell_1761648241083_912349010008_24208_0000.png,thumbs/cluster_29/087_cell_1761648241083_912349010008_24208_0000.jpg
29,/home/wangqianqian/project/FS/data/28gusui&pizang/03/56/cell_1761649012352_912349010008_96123_0100.png,thumbs/cluster_29/088_cell_1761649012352_912349010008_96123_0100.jpg
29,/home/wangqianqian/project/FS/data/28gusui&pizang/03/17/cell_1761646676413_912349010008_87443_0000.png,thumbs/cluster_29/089_cell_1761646676413_912349010008_87443_0000.jpg
29,/home/wangqianqian/project/FS/data/28gusui&pizang/03/20/cell_1761646847507_912349010008_101592_0100.png,thumbs/cluster_29/090_cell_1761646847507_912349010008_101592_0100.jpg
29,/home/wangqianqian/project/FS/data/28gusui&pizang/03/54/cell_1761648893637_912349010008_85784_0000.png,thumbs/cluster_29/091_cell_1761648893637_912349010008_85784_0000.jpg
29,/home/wangqianqian/project/FS/data/28gusui&pizang/03/57/cell_1761649064173_912349010008_101338_0100.png,thumbs/cluster_29/092_cell_1761649064173_912349010008_101338_0100.jpg
29,/home/wangqianqian/project/FS/data/28gusui&pizang/03/18/cell_1761646699673_912349010008_89418_0100.png,thumbs/cluster_29/093_cell_1761646699673_912349010008_89418_0100.jpg
29,/home/wangqianqian/project/FS/data/28gusui&pizang/03/57/cell_1761649042683_912349010008_99063_0100.png,thumbs/cluster_29/094_cell_1761649042683_912349010008_99063_0100.jpg
29,/home/wangqianqian/project/FS/data/28gusui&pizang/03/58/cell_1761649085098_912349010008_103495_0000.png,thumbs/cluster_29/095_cell_1761649085098_912349010008_103495_0000.jpg
29,/home/wangqianqian/project/FS/data/28gusui&pizang/03/10/cell_1761646234363_912349010008_50137_0000.png,thumbs/cluster_29/096_cell_1761646234363_912349010008_50137_0000.jpg
29,/home/wangqianqian/project/FS/data/28gusui&pizang/03/50/cell_1761648625656_912349010008_58856_0000.png,thumbs/cluster_29/097_cell_1761648625656_912349010008_58856_0000.jpg
29,/home/wangqianqian/project/FS/data/28gusui&pizang/03/55/cell_1761648947281_912349010008_90269_0000.png,thumbs/cluster_29/098_cell_1761648947281_912349010008_90269_0000.jpg
29,/home/wangqianqian/project/FS/data/28gusui&pizang/03/19/cell_1761646768824_912349010008_94966_0100.png,thumbs/cluster_29/099_cell_1761646768824_912349010008_94966_0100.jpg
30,/home/wangqianqian/project/FS/data/28gusui&pizang/03/14/cell_1761646474904_912349010008_70401_0000.png,thumbs/cluster_30/000_cell_1761646474904_912349010008_70401_0000.jpg
30,/home/wangqianqian/project/FS/data/28gusui&pizang/03/54/cell_1761648882719_912349010008_84741_0100.png,thumbs/cluster_30/001_cell_1761648882719_912349010008_84741_0100.jpg
30,/home/wangqianqian/project/FS/data/28gusui&pizang/03/02/cell_1761645732909_912349010008_10642_0100.png,thumbs/cluster_30/002_cell_1761645732909_912349010008_10642_0100.jpg
30,/home/wangqianqian/project/FS/data/28gusui&pizang/03/10/cell_1761646233231_912349010008_50042_0100.png,thumbs/cluster_30/003_cell_1761646233231_912349010008_50042_0100.jpg
30,/home/wangqianqian/project/FS/data/28gusui&pizang/03/05/cell_1761645951116_912349010008_27724_0000.png,thumbs/cluster_30/004_cell_1761645951116_912349010008_27724_0000.jpg
30,/home/wangqianqian/project/FS/data/28gusui&pizang/03/13/cell_1761646421380_912349010008_65508_0000.png,thumbs/cluster_30/005_cell_1761646421380_912349010008_65508_0000.jpg
30,/home/wangqianqian/project/FS/data/28gusui&pizang/03/14/cell_1761646460707_912349010008_69148_0000.png,thumbs/cluster_30/006_cell_1761646460707_912349010008_69148_0000.jpg
30,/home/wangqianqian/project/FS/data/28gusui&pizang/03/01/cell_1761645689478_912349010008_7827_0000.png,thumbs/cluster_30/007_cell_1761645689478_912349010008_7827_0000.jpg
30,/home/wangqianqian/project/FS/data/28gusui&pizang/03/06/cell_1761645967042_912349010008_28969_0000.png,thumbs/cluster_30/008_cell_1761645967042_912349010008_28969_0000.jpg
30,/home/wangqianqian/project/FS/data/28gusui&pizang/03/57/cell_1761649034182_912349010008_98196_0000.png,thumbs/cluster_30/009_cell_1761649034182_912349010008_98196_0000.jpg
30,/home/wangqianqian/project/FS/data/28gusui&pizang/03/16/cell_1761646564101_912349010008_78002_0000.png,thumbs/cluster_30/010_cell_1761646564101_912349010008_78002_0000.jpg
30,/home/wangqianqian/project/FS/data/28gusui&pizang/03/18/cell_1761646704070_912349010008_89744_0100.png,thumbs/cluster_30/011_cell_1761646704070_912349010008_89744_0100.jpg
30,/home/wangqianqian/project/FS/data/28gusui&pizang/03/17/cell_1761646638670_912349010008_84081_0100.png,thumbs/cluster_30/012_cell_1761646638670_912349010008_84081_0100.jpg
30,/home/wangqianqian/project/FS/data/28gusui&pizang/03/54/cell_1761648858264_912349010008_82274_0100.png,thumbs/cluster_30/013_cell_1761648858264_912349010008_82274_0100.jpg
30,/home/wangqianqian/project/FS/data/28gusui&pizang/03/21/cell_1761646907497_912349010008_106594_0000.png,thumbs/cluster_30/014_cell_1761646907497_912349010008_106594_0000.jpg
30,/home/wangqianqian/project/FS/data/28gusui&pizang/03/13/cell_1761646422255_912349010008_65591_0100.png,thumbs/cluster_30/015_cell_1761646422255_912349010008_65591_0100.jpg
30,/home/wangqianqian/project/FS/data/28gusui&pizang/03/58/cell_1761649100910_912349010008_105226_0000.png,thumbs/cluster_30/016_cell_1761649100910_912349010008_105226_0000.jpg
30,/home/wangqianqian/project/FS/data/28gusui&pizang/03/07/cell_1761646021142_912349010008_33575_0000.png,thumbs/cluster_30/017_cell_1761646021142_912349010008_33575_0000.jpg
30,/home/wangqianqian/project/FS/data/28gusui&pizang/03/41/cell_1761648116688_912349010008_14827_0000.png,thumbs/cluster_30/018_cell_1761648116688_912349010008_14827_0000.jpg
30,/home/wangqianqian/project/FS/data/28gusui&pizang/03/13/cell_1761646427407_912349010008_66074_0000.png,thumbs/cluster_30/019_cell_1761646427407_912349010008_66074_0000.jpg
30,/home/wangqianqian/project/FS/data/28gusui&pizang/03/15/cell_1761646535026_912349010008_75670_0100.png,thumbs/cluster_30/020_cell_1761646535026_912349010008_75670_0100.jpg
30,/home/wangqianqian/project/FS/data/28gusui&pizang/03/19/cell_1761646790785_912349010008_96740_0000.png,thumbs/cluster_30/021_cell_1761646790785_912349010008_96740_0000.jpg
30,/home/wangqianqian/project/FS/data/28gusui&pizang/03/58/cell_1761649129301_912349010008_108196_0000.png,thumbs/cluster_30/022_cell_1761649129301_912349010008_108196_0000.jpg
30,/home/wangqianqian/project/FS/data/28gusui&pizang/03/19/cell_1761646763566_912349010008_94529_0100.png,thumbs/cluster_30/023_cell_1761646763566_912349010008_94529_0100.jpg
30,/home/wangqianqian/project/FS/data/28gusui&pizang/03/21/cell_1761646873973_912349010008_103895_0000.png,thumbs/cluster_30/024_cell_1761646873973_912349010008_103895_0000.jpg
30,/home/wangqianqian/project/FS/data/28gusui&pizang/03/53/cell_1761648799303_912349010008_76406_0100.png,thumbs/cluster_30/025_cell_1761648799303_912349010008_76406_0100.jpg
30,/home/wangqianqian/project/FS/data/28gusui&pizang/03/47/cell_1761648477223_912349010008_45291_0000.png,thumbs/cluster_30/026_cell_1761648477223_912349010008_45291_0000.jpg
30,/home/wangqianqian/project/FS/data/28gusui&pizang/03/46/cell_1761648404095_912349010008_38583_0100.png,thumbs/cluster_30/027_cell_1761648404095_912349010008_38583_0100.jpg
30,/home/wangqianqian/project/FS/data/28gusui&pizang/03/48/cell_1761648493945_912349010008_46731_0100.png,thumbs/cluster_30/028_cell_1761648493945_912349010008_46731_0100.jpg
30,/home/wangqianqian/project/FS/data/28gusui&pizang/03/57/cell_1761649071078_912349010008_102033_0000.png,thumbs/cluster_30/029_cell_1761649071078_912349010008_102033_0000.jpg
30,/home/wangqianqian/project/FS/data/28gusui&pizang/03/12/cell_1761646325492_912349010008_57843_0000.png,thumbs/cluster_30/030_cell_1761646325492_912349010008_57843_0000.jpg
30,/home/wangqianqian/project/FS/data/28gusui&pizang/03/16/cell_1761646567151_912349010008_78198_0100.png,thumbs/cluster_30/031_cell_1761646567151_912349010008_78198_0100.jpg
30,/home/wangqianqian/project/FS/data/28gusui&pizang/03/11/cell_1761646305711_912349010008_56196_0000.png,thumbs/cluster_30/032_cell_1761646305711_912349010008_56196_0000.jpg
30,/home/wangqianqian/project/FS/data/28gusui&pizang/03/03/cell_1761645782484_912349010008_14297_0000.png,thumbs/cluster_30/033_cell_1761645782484_912349010008_14297_0000.jpg
30,/home/wangqianqian/project/FS/data/28gusui&pizang/03/51/cell_1761648712893_912349010008_67843_0000.png,thumbs/cluster_30/034_cell_1761648712893_912349010008_67843_0000.jpg
30,/home/wangqianqian/project/FS/data/28gusui&pizang/03/42/cell_1761648177699_912349010008_19136_0100.png,thumbs/cluster_30/035_cell_1761648177699_912349010008_19136_0100.jpg
30,/home/wangqianqian/project/FS/data/28gusui&pizang/03/42/cell_1761648150948_912349010008_17276_0000.png,thumbs/cluster_30/036_cell_1761648150948_912349010008_17276_0000.jpg
30,/home/wangqianqian/project/FS/data/28gusui&pizang/03/04/cell_1761645863240_912349010008_20799_0000.png,thumbs/cluster_30/037_cell_1761645863240_912349010008_20799_0000.jpg
30,/home/wangqianqian/project/FS/data/28gusui&pizang/03/13/cell_1761646406698_912349010008_64282_0100.png,thumbs/cluster_30/038_cell_1761646406698_912349010008_64282_0100.jpg
30,/home/wangqianqian/project/FS/data/28gusui&pizang/03/42/cell_1761648151490_912349010008_17307_0100.png,thumbs/cluster_30/039_cell_1761648151490_912349010008_17307_0100.jpg
30,/home/wangqianqian/project/FS/data/28gusui&pizang/03/57/cell_1761649070157_912349010008_101945_0100.png,thumbs/cluster_30/040_cell_1761649070157_912349010008_101945_0100.jpg
30,/home/wangqianqian/project/FS/data/28gusui&pizang/03/08/cell_1761646134381_912349010008_42432_0000.png,thumbs/cluster_30/041_cell_1761646134381_912349010008_42432_0000.jpg
30,/home/wangqianqian/project/FS/data/28gusui&pizang/03/13/cell_1761646401125_912349010008_63850_0000.png,thumbs/cluster_30/042_cell_1761646401125_912349010008_63850_0000.jpg
30,/home/wangqianqian/project/FS/data/28gusui&pizang/03/57/cell_1761649071715_912349010008_102106_0000.png,thumbs/cluster_30/043_cell_1761649071715_912349010008_102106_0000.jpg
30,/home/wangqianqian/project/FS/data/28gusui&pizang/03/21/cell_1761646910646_912349010008_106866_0000.png,thumbs/cluster_30/044_cell_1761646910646_912349010008_106866_0000.jpg
30,/home/wangqianqian/project/FS/data/28gusui&pizang/03/17/cell_1761646657094_912349010008_85696_0000.png,thumbs/cluster_30/045_cell_1761646657094_912349010008_85696_0000.jpg
30,/home/wangqianqian/project/FS/data/28gusui&pizang/03/11/cell_1761646274044_912349010008_53333_0000.png,thumbs/cluster_30/046_cell_1761646274044_912349010008_53333_0000.jpg
30,/home/wangqianqian/project/FS/data/28gusui&pizang/03/15/cell_1761646520611_912349010008_74532_0100.png,thumbs/cluster_30/047_cell_1761646520611_912349010008_74532_0100.jpg
30,/home/wangqianqian/project/FS/data/28gusui&pizang/03/16/cell_1761646563243_912349010008_77957_0000.png,thumbs/cluster_30/048_cell_1761646563243_912349010008_77957_0000.jpg
30,/home/wangqianqian/project/FS/data/28gusui&pizang/03/42/cell_1761648128934_912349010008_15662_0000.png,thumbs/cluster_30/049_cell_1761648128934_912349010008_15662_0000.jpg
30,/home/wangqianqian/project/FS/data/28gusui&pizang/03/11/cell_1761646303869_912349010008_56047_0100.png,thumbs/cluster_30/050_cell_1761646303869_912349010008_56047_0100.jpg
30,/home/wangqianqian/project/FS/data/28gusui&pizang/03/57/cell_1761649065469_912349010008_101474_0000.png,thumbs/cluster_30/051_cell_1761649065469_912349010008_101474_0000.jpg
30,/home/wangqianqian/project/FS/data/28gusui&pizang/03/38/cell_1761647929930_912349010008_5359_0100.png,thumbs/cluster_30/052_cell_1761647929930_912349010008_5359_0100.jpg
30,/home/wangqianqian/project/FS/data/28gusui&pizang/03/14/cell_1761646491807_912349010008_72014_0000.png,thumbs/cluster_30/053_cell_1761646491807_912349010008_72014_0000.jpg
30,/home/wangqianqian/project/FS/data/28gusui&pizang/03/17/cell_1761646633815_912349010008_83661_0000.png,thumbs/cluster_30/054_cell_1761646633815_912349010008_83661_0000.jpg
30,/home/wangqianqian/project/FS/data/28gusui&pizang/03/20/cell_1761646807761_912349010008_98270_0100.png,thumbs/cluster_30/055_cell_1761646807761_912349010008_98270_0100.jpg
30,/home/wangqianqian/project/FS/data/28gusui&pizang/03/04/cell_1761645859642_912349010008_20517_0000.png,thumbs/cluster_30/056_cell_1761645859642_912349010008_20517_0000.jpg
30,/home/wangqianqian/project/FS/data/28gusui&pizang/03/49/cell_1761648548182_912349010008_51350_0100.png,thumbs/cluster_30/057_cell_1761648548182_912349010008_51350_0100.jpg
30,/home/wangqianqian/project/FS/data/28gusui&pizang/03/53/cell_1761648811223_912349010008_77709_0000.png,thumbs/cluster_30/058_cell_1761648811223_912349010008_77709_0000.jpg
30,/home/wangqianqian/project/FS/data/28gusui&pizang/03/02/cell_1761645752584_912349010008_12100_0100.png,thumbs/cluster_30/059_cell_1761645752584_912349010008_12100_0100.jpg
30,/home/wangqianqian/project/FS/data/28gusui&pizang/03/42/cell_1761648125343_912349010008_15428_0000.png,thumbs/cluster_30/060_cell_1761648125343_912349010008_15428_0000.jpg
30,/home/wangqianqian/project/FS/data/28gusui&pizang/03/01/cell_1761645715716_912349010008_9423_0000.png,thumbs/cluster_30/061_cell_1761645715716_912349010008_9423_0000.jpg
30,/home/wangqianqian/project/FS/data/28gusui&pizang/03/40/cell_1761648007418_912349010008_8591_0000.png,thumbs/cluster_30/062_cell_1761648007418_912349010008_8591_0000.jpg
30,/home/wangqianqian/project/FS/data/28gusui&pizang/03/03/cell_1761645801172_912349010008_15755_0000.png,thumbs/cluster_30/063_cell_1761645801172_912349010008_15755_0000.jpg
30,/home/wangqianqian/project/FS/data/28gusui&pizang/03/17/cell_1761646668171_912349010008_86666_0000.png,thumbs/cluster_30/064_cell_1761646668171_912349010008_86666_0000.jpg
30,/home/wangqianqian/project/FS/data/28gusui&pizang/03/47/cell_1761648423619_912349010008_40427_0000.png,thumbs/cluster_30/065_cell_1761648423619_912349010008_40427_0000.jpg
30,/home/wangqianqian/project/FS/data/28gusui&pizang/03/06/cell_1761645994772_912349010008_31274_0100.png,thumbs/cluster_30/066_cell_1761645994772_912349010008_31274_0100.jpg
30,/home/wangqianqian/project/FS/data/28gusui&pizang/03/14/cell_1761646494049_912349010008_72240_0100.png,thumbs/cluster_30/067_cell_1761646494049_912349010008_72240_0100.jpg
30,/home/wangqianqian/project/FS/data/28gusui&pizang/03/53/cell_1761648807237_912349010008_77285_0100.png,thumbs/cluster_30/068_cell_1761648807237_912349010008_77285_0100.jpg
30,/home/wangqianqian/project/FS/data/28gusui&pizang/03/19/cell_1761646755743_912349010008_93927_0000.png,thumbs/cluster_30/069_cell_1761646755743_912349010008_93927_0000.jpg
30,/home/wangqianqian/project/FS/data/28gusui&pizang/03/49/cell_1761648576988_912349010008_54061_0000.png,thumbs/cluster_30/070_cell_1761648576988_912349010008_54061_0000.jpg
30,/home/wangqianqian/project/FS/data/28gusui&pizang/03/13/cell_1761646419235_912349010008_65317_0000.png,thumbs/cluster_30/071_cell_1761646419235_912349010008_65317_0000.jpg
30,/home/wangqianqian/project/FS/data/28gusui&pizang/03/49/cell_1761648591389_912349010008_55446_0000.png,thumbs/cluster_30/072_cell_1761648591389_912349010008_55446_0000.jpg
30,/home/wangqianqian/project/FS/data/28gusui&pizang/03/42/cell_1761648153239_912349010008_17440_0100.png,thumbs/cluster_30/073_cell_1761648153239_912349010008_17440_0100.jpg
30,/home/wangqianqian/project/FS/data/28gusui&pizang/03/02/cell_1761645757025_912349010008_12471_0100.png,thumbs/cluster_30/074_cell_1761645757025_912349010008_12471_0100.jpg
30,/home/wangqianqian/project/FS/data/28gusui&pizang/03/04/cell_1761645845845_912349010008_19238_0000.png,thumbs/cluster_30/075_cell_1761645845845_912349010008_19238_0000.jpg
30,/home/wangqianqian/project/FS/data/28gusui&pizang/03/54/cell_1761648863094_912349010008_82808_0100.png,thumbs/cluster_30/076_cell_1761648863094_912349010008_82808_0100.jpg
30,/home/wangqianqian/project/FS/data/28gusui&pizang/03/50/cell_1761648622291_912349010008_58519_0000.png,thumbs/cluster_30/077_cell_1761648622291_912349010008_58519_0000.jpg
30,/home/wangqianqian/project/FS/data/28gusui&pizang/03/16/cell_1761646575553_912349010008_78883_0100.png,thumbs/cluster_30/078_cell_1761646575553_912349010008_78883_0100.jpg
30,/home/wangqianqian/project/FS/data/28gusui&pizang/03/54/cell_1761648873118_912349010008_83773_0100.png,thumbs/cluster_30/079_cell_1761648873118_912349010008_83773_0100.jpg
30,/home/wangqianqian/project/FS/data/28gusui&pizang/03/42/cell_1761648150359_912349010008_17235_0000.png,thumbs/cluster_30/080_cell_1761648150359_912349010008_17235_0000.jpg
30,/home/wangqianqian/project/FS/data/28gusui&pizang/03/44/cell_1761648292386_912349010008_28869_0000.png,thumbs/cluster_30/081_cell_1761648292386_912349010008_28869_0000.jpg
30,/home/wangqianqian/project/FS/data/28gusui&pizang/03/47/cell_1761648424861_912349010008_40528_0100.png,thumbs/cluster_30/082_cell_1761648424861_912349010008_40528_0100.jpg
30,/home/wangqianqian/project/FS/data/28gusui&pizang/03/43/cell_1761648208473_912349010008_21564_0000.png,thumbs/cluster_30/083_cell_1761648208473_912349010008_21564_0000.jpg
30,/home/wangqianqian/project/FS/data/28gusui&pizang/03/09/cell_1761646164631_912349010008_44651_0100.png,thumbs/cluster_30/084_cell_1761646164631_912349010008_44651_0100.jpg
30,/home/wangqianqian/project/FS/data/28gusui&pizang/03/14/cell_1761646493005_912349010008_72132_0000.png,thumbs/cluster_30/085_cell_1761646493005_912349010008_72132_0000.jpg
30,/home/wangqianqian/project/FS/data/28gusui&pizang/03/41/cell_1761648114483_912349010008_14655_0100.png,thumbs/cluster_30/086_cell_1761648114483_912349010008_14655_0100.jpg
30,/home/wangqianqian/project/FS/data/28gusui&pizang/03/59/cell_1761649140256_912349010008_109323_0000.png,thumbs/cluster_30/087_cell_1761649140256_912349010008_109323_0000.jpg
30,/home/wangqianqian/project/FS/data/28gusui&pizang/03/49/cell_1761648555943_912349010008_52040_0100.png,thumbs/cluster_30/088_cell_1761648555943_912349010008_52040_0100.jpg
30,/home/wangqianqian/project/FS/data/28gusui&pizang/03/50/cell_1761648634391_912349010008_59731_0000.png,thumbs/cluster_30/089_cell_1761648634391_912349010008_59731_0000.jpg
30,/home/wangqianqian/project/FS/data/28gusui&pizang/03/47/cell_1761648424482_912349010008_40495_0000.png,thumbs/cluster_30/090_cell_1761648424482_912349010008_40495_0000.jpg
30,/home/wangqianqian/project/FS/data/28gusui&pizang/03/41/cell_1761648076261_912349010008_12244_0100.png,thumbs/cluster_30/091_cell_1761648076261_912349010008_12244_0100.jpg
30,/home/wangqianqian/project/FS/data/28gusui&pizang/03/05/cell_1761645934457_912349010008_26360_0000.png,thumbs/cluster_30/092_cell_1761645934457_912349010008_26360_0000.jpg
30,/home/wangqianqian/project/FS/data/28gusui&pizang/03/38/cell_1761647913679_912349010008_4834_0000.png,thumbs/cluster_30/093_cell_1761647913679_912349010008_4834_0000.jpg
30,/home/wangqianqian/project/FS/data/28gusui&pizang/03/12/cell_1761646323709_912349010008_57677_0100.png,thumbs/cluster_30/094_cell_1761646323709_912349010008_57677_0100.jpg
30,/home/wangqianqian/project/FS/data/28gusui&pizang/03/40/cell_1761648046778_912349010008_10569_0100.png,thumbs/cluster_30/095_cell_1761648046778_912349010008_10569_0100.jpg
30,/home/wangqianqian/project/FS/data/28gusui&pizang/03/48/cell_1761648525445_912349010008_49288_0100.png,thumbs/cluster_30/096_cell_1761648525445_912349010008_49288_0100.jpg
30,/home/wangqianqian/project/FS/data/28gusui&pizang/03/20/cell_1761646813026_912349010008_98753_0000.png,thumbs/cluster_30/097_cell_1761646813026_912349010008_98753_0000.jpg
30,/home/wangqianqian/project/FS/data/28gusui&pizang/03/54/cell_1761648859906_912349010008_82474_0100.png,thumbs/cluster_30/098_cell_1761648859906_912349010008_82474_0100.jpg
30,/home/wangqianqian/project/FS/data/28gusui&pizang/03/09/cell_1761646150821_912349010008_43598_0000.png,thumbs/cluster_30/099_cell_1761646150821_912349010008_43598_0000.jpg
