cluster_label,image_path,thumb_path
0,/home/wangqianqian/project/FS/data/28gusui&pizang/03/35/cell_1761647724812_912349010008_183_0100.png,thumbs/cluster_0/000_cell_1761647724812_912349010008_183_0100.jpg
0,/home/wangqianqian/project/FS/data/28gusui&pizang/03/51/cell_1761648665851_912349010008_62968_0000.png,thumbs/cluster_0/001_cell_1761648665851_912349010008_62968_0000.jpg
0,/home/wangqianqian/project/FS/data/28gusui&pizang/03/55/cell_1761648954492_912349010008_90863_0000.png,thumbs/cluster_0/002_cell_1761648954492_912349010008_90863_0000.jpg
0,/home/wangqianqian/project/FS/data/28gusui&pizang/03/55/cell_1761648917767_912349010008_87694_0000.png,thumbs/cluster_0/003_cell_1761648917767_912349010008_87694_0000.jpg
0,/home/wangqianqian/project/FS/data/28gusui&pizang/03/43/cell_1761648222171_912349010008_22616_0000.png,thumbs/cluster_0/004_cell_1761648222171_912349010008_22616_0000.jpg
0,/home/wangqianqian/project/FS/data/28gusui&pizang/03/45/cell_1761648358793_912349010008_34644_0100.png,thumbs/cluster_0/005_cell_1761648358793_912349010008_34644_0100.jpg
0,/home/wangqianqian/project/FS/data/28gusui&pizang/03/48/cell_1761648522629_912349010008_49031_0100.png,thumbs/cluster_0/006_cell_1761648522629_912349010008_49031_0100.jpg
0,/home/wangqianqian/project/FS/data/28gusui&pizang/03/38/cell_1761647917971_912349010008_4983_0100.png,thumbs/cluster_0/007_cell_1761647917971_912349010008_4983_0100.jpg
0,/home/wangqianqian/project/FS/data/28gusui&pizang/03/45/cell_1761648301400_912349010008_29594_0000.png,thumbs/cluster_0/008_cell_1761648301400_912349010008_29594_0000.jpg
0,/home/wangqianqian/project/FS/data/28gusui&pizang/03/44/cell_1761648276577_912349010008_27482_0000.png,thumbs/cluster_0/009_cell_1761648276577_912349010008_27482_0000.jpg
0,/home/wangqianqian/project/FS/data/28gusui&pizang/03/42/cell_1761648178005_912349010008_19174_0000.png,thumbs/cluster_0/010_cell_1761648178005_912349010008_19174_0000.jpg
0,/home/wangqianqian/project/FS/data/28gusui&pizang/03/55/cell_1761648952796_912349010008_90722_0000.png,thumbs/cluster_0/011_cell_1761648952796_912349010008_90722_0000.jpg
0,/home/wangqianqian/project/FS/data/28gusui&pizang/03/48/cell_1761648500865_912349010008_47304_0000.png,thumbs/cluster_0/012_cell_1761648500865_912349010008_47304_0000.jpg
0,/home/wangqianqian/project/FS/data/28gusui&pizang/03/35/cell_1761647726025_912349010008_186_0100.png,thumbs/cluster_0/013_cell_1761647726025_912349010008_186_0100.jpg
0,/home/wangqianqian/project/FS/data/28gusui&pizang/03/52/cell_1761648741997_912349010008_70702_0100.png,thumbs/cluster_0/014_cell_1761648741997_912349010008_70702_0100.jpg
0,/home/wangqianqian/project/FS/data/28gusui&pizang/03/36/cell_1761647773623_912349010008_327_0000.png,thumbs/cluster_0/015_cell_1761647773623_912349010008_327_0000.jpg
0,/home/wangqianqian/project/FS/data/28gusui&pizang/03/46/cell_1761648361709_912349010008_34910_0000.png,thumbs/cluster_0/016_cell_1761648361709_912349010008_34910_0000.jpg
0,/home/wangqianqian/project/FS/data/28gusui&pizang/03/41/cell_1761648113115_912349010008_14586_0100.png,thumbs/cluster_0/017_cell_1761648113115_912349010008_14586_0100.jpg
0,/home/wangqianqian/project/FS/data/28gusui&pizang/03/54/cell_1761648844125_912349010008_80859_0100.png,thumbs/cluster_0/018_cell_1761648844125_912349010008_80859_0100.jpg
0,/home/wangqianqian/project/FS/data/28gusui&pizang/03/58/cell_1761649091559_912349010008_104247_0100.png,thumbs/cluster_0/019_cell_1761649091559_912349010008_104247_0100.jpg
0,/home/wangqianqian/project/FS/data/28gusui&pizang/03/40/cell_1761648050810_912349010008_10752_0000.png,thumbs/cluster_0/020_cell_1761648050810_912349010008_10752_0000.jpg
0,/home/wangqianqian/project/FS/data/28gusui&pizang/03/35/cell_1761647728960_912349010008_193_0000.png,thumbs/cluster_0/021_cell_1761647728960_912349010008_193_0000.jpg
0,/home/wangqianqian/project/FS/data/28gusui&pizang/03/50/cell_1761648617906_912349010008_58112_0000.png,thumbs/cluster_0/022_cell_1761648617906_912349010008_58112_0000.jpg
0,/home/wangqianqian/project/FS/data/28gusui&pizang/03/55/cell_1761648953996_912349010008_90831_0000.png,thumbs/cluster_0/023_cell_1761648953996_912349010008_90831_0000.jpg
0,/home/wangqianqian/project/FS/data/28gusui&pizang/03/51/cell_1761648673039_912349010008_63647_0100.png,thumbs/cluster_0/024_cell_1761648673039_912349010008_63647_0100.jpg
0,/home/wangqianqian/project/FS/data/28gusui&pizang/03/36/cell_1761647786272_912349010008_502_0100.png,thumbs/cluster_0/025_cell_1761647786272_912349010008_502_0100.jpg
0,/home/wangqianqian/project/FS/data/28gusui&pizang/03/40/cell_1761648037941_912349010008_10169_0100.png,thumbs/cluster_0/026_cell_1761648037941_912349010008_10169_0100.jpg
0,/home/wangqianqian/project/FS/data/28gusui&pizang/03/57/cell_1761649070982_912349010008_102026_0000.png,thumbs/cluster_0/027_cell_1761649070982_912349010008_102026_0000.jpg
0,/home/wangqianqian/project/FS/data/28gusui&pizang/03/45/cell_1761648323195_912349010008_31367_0000.png,thumbs/cluster_0/028_cell_1761648323195_912349010008_31367_0000.jpg
0,/home/wangqianqian/project/FS/data/28gusui&pizang/03/41/cell_1761648115985_912349010008_14760_0100.png,thumbs/cluster_0/029_cell_1761648115985_912349010008_14760_0100.jpg
0,/home/wangqianqian/project/FS/data/28gusui&pizang/03/46/cell_1761648384272_912349010008_36867_0000.png,thumbs/cluster_0/030_cell_1761648384272_912349010008_36867_0000.jpg
0,/home/wangqianqian/project/FS/data/28gusui&pizang/03/44/cell_1761648288074_912349010008_28499_0000.png,thumbs/cluster_0/031_cell_1761648288074_912349010008_28499_0000.jpg
0,/home/wangqianqian/project/FS/data/28gusui&pizang/03/46/cell_1761648391652_912349010008_37491_0100.png,thumbs/cluster_0/032_cell_1761648391652_912349010008_37491_0100.jpg
0,/home/wangqianqian/project/FS/data/28gusui&pizang/03/51/cell_1761648683361_912349010008_64716_0100.png,thumbs/cluster_0/033_cell_1761648683361_912349010008_64716_0100.jpg
0,/home/wangqianqian/project/FS/data/28gusui&pizang/03/56/cell_1761648971411_912349010008_92383_0100.png,thumbs/cluster_0/034_cell_1761648971411_912349010008_92383_0100.jpg
0,/home/wangqianqian/project/FS/data/28gusui&pizang/03/45/cell_1761648355771_912349010008_34366_0000.png,thumbs/cluster_0/035_cell_1761648355771_912349010008_34366_0000.jpg
0,/home/wangqianqian/project/FS/data/28gusui&pizang/03/55/cell_1761648949614_912349010008_90450_0100.png,thumbs/cluster_0/036_cell_1761648949614_912349010008_90450_0100.jpg
0,/home/wangqianqian/project/FS/data/28gusui&pizang/03/51/cell_1761648668120_912349010008_63184_0000.png,thumbs/cluster_0/037_cell_1761648668120_912349010008_63184_0000.jpg
0,/home/wangqianqian/project/FS/data/28gusui&pizang/03/47/cell_1761648453625_912349010008_43249_0000.png,thumbs/cluster_0/038_cell_1761648453625_912349010008_43249_0000.jpg
0,/home/wangqianqian/project/FS/data/28gusui&pizang/03/51/cell_1761648671737_912349010008_63515_0100.png,thumbs/cluster_0/039_cell_1761648671737_912349010008_63515_0100.jpg
0,/home/wangqianqian/project/FS/data/28gusui&pizang/03/35/cell_1761647757969_912349010008_265_0000.png,thumbs/cluster_0/040_cell_1761647757969_912349010008_265_0000.jpg
0,/home/wangqianqian/project/FS/data/28gusui&pizang/03/51/cell_1761648679556_912349010008_64292_0000.png,thumbs/cluster_0/041_cell_1761648679556_912349010008_64292_0000.jpg
0,/home/wangqianqian/project/FS/data/28gusui&pizang/03/47/cell_1761648426586_912349010008_40701_0100.png,thumbs/cluster_0/042_cell_1761648426586_912349010008_40701_0100.jpg
0,/home/wangqianqian/project/FS/data/28gusui&pizang/03/50/cell_1761648620421_912349010008_58345_0000.png,thumbs/cluster_0/043_cell_1761648620421_912349010008_58345_0000.jpg
0,/home/wangqianqian/project/FS/data/28gusui&pizang/03/38/cell_1761647904055_912349010008_4574_0000.png,thumbs/cluster_0/044_cell_1761647904055_912349010008_4574_0000.jpg
0,/home/wangqianqian/project/FS/data/28gusui&pizang/03/41/cell_1761648093535_912349010008_13451_0100.png,thumbs/cluster_0/045_cell_1761648093535_912349010008_13451_0100.jpg
0,/home/wangqianqian/project/FS/data/28gusui&pizang/03/35/cell_1761647701621_912349010008_105_0000.png,thumbs/cluster_0/046_cell_1761647701621_912349010008_105_0000.jpg
0,/home/wangqianqian/project/FS/data/28gusui&pizang/03/47/cell_1761648455041_912349010008_43374_0000.png,thumbs/cluster_0/047_cell_1761648455041_912349010008_43374_0000.jpg
0,/home/wangqianqian/project/FS/data/28gusui&pizang/03/46/cell_1761648390035_912349010008_37363_0100.png,thumbs/cluster_0/048_cell_1761648390035_912349010008_37363_0100.jpg
0,/home/wangqianqian/project/FS/data/28gusui&pizang/03/59/cell_1761649153747_912349010008_110729_0000.png,thumbs/cluster_0/049_cell_1761649153747_912349010008_110729_0000.jpg
0,/home/wangqianqian/project/FS/data/28gusui&pizang/03/47/cell_1761648459616_912349010008_43782_0000.png,thumbs/cluster_0/050_cell_1761648459616_912349010008_43782_0000.jpg
0,/home/wangqianqian/project/FS/data/28gusui&pizang/03/45/cell_1761648319028_912349010008_31039_0100.png,thumbs/cluster_0/051_cell_1761648319028_912349010008_31039_0100.jpg
0,/home/wangqianqian/project/FS/data/28gusui&pizang/03/49/cell_1761648561052_912349010008_52497_0000.png,thumbs/cluster_0/052_cell_1761648561052_912349010008_52497_0000.jpg
0,/home/wangqianqian/project/FS/data/28gusui&pizang/03/43/cell_1761648195276_912349010008_20458_0000.png,thumbs/cluster_0/053_cell_1761648195276_912349010008_20458_0000.jpg
0,/home/wangqianqian/project/FS/data/28gusui&pizang/03/55/cell_1761648907256_912349010008_86878_0000.png,thumbs/cluster_0/054_cell_1761648907256_912349010008_86878_0000.jpg
0,/home/wangqianqian/project/FS/data/28gusui&pizang/03/42/cell_1761648122591_912349010008_15232_0000.png,thumbs/cluster_0/055_cell_1761648122591_912349010008_15232_0000.jpg
0,/home/wangqianqian/project/FS/data/28gusui&pizang/03/40/cell_1761648053680_912349010008_10918_0000.png,thumbs/cluster_0/056_cell_1761648053680_912349010008_10918_0000.jpg
0,/home/wangqianqian/project/FS/data/28gusui&pizang/03/48/cell_1761648488279_912349010008_46258_0100.png,thumbs/cluster_0/057_cell_1761648488279_912349010008_46258_0100.jpg
0,/home/wangqianqian/project/FS/data/28gusui&pizang/03/58/cell_1761649101107_912349010008_105240_0000.png,thumbs/cluster_0/058_cell_1761649101107_912349010008_105240_0000.jpg
0,/home/wangqianqian/project/FS/data/28gusui&pizang/03/59/cell_1761649150332_912349010008_110343_0000.png,thumbs/cluster_0/059_cell_1761649150332_912349010008_110343_0000.jpg
0,/home/wangqianqian/project/FS/data/28gusui&pizang/03/43/cell_1761648207320_912349010008_21467_0100.png,thumbs/cluster_0/060_cell_1761648207320_912349010008_21467_0100.jpg
0,/home/wangqianqian/project/FS/data/28gusui&pizang/03/50/cell_1761648600658_912349010008_56447_0000.png,thumbs/cluster_0/061_cell_1761648600658_912349010008_56447_0000.jpg
0,/home/wangqianqian/project/FS/data/28gusui&pizang/03/40/cell_1761648050814_912349010008_10753_0000.png,thumbs/cluster_0/062_cell_1761648050814_912349010008_10753_0000.jpg
0,/home/wangqianqian/project/FS/data/28gusui&pizang/03/36/cell_1761647795423_912349010008_695_0100.png,thumbs/cluster_0/063_cell_1761647795423_912349010008_695_0100.jpg
0,/home/wangqianqian/project/FS/data/28gusui&pizang/03/46/cell_1761648414187_912349010008_39510_0100.png,thumbs/cluster_0/064_cell_1761648414187_912349010008_39510_0100.jpg
0,/home/wangqianqian/project/FS/data/28gusui&pizang/03/52/cell_1761648731408_912349010008_69589_0000.png,thumbs/cluster_0/065_cell_1761648731408_912349010008_69589_0000.jpg
0,/home/wangqianqian/project/FS/data/28gusui&pizang/03/38/cell_1761647930101_912349010008_5377_0100.png,thumbs/cluster_0/066_cell_1761647930101_912349010008_5377_0100.jpg
0,/home/wangqianqian/project/FS/data/28gusui&pizang/03/56/cell_1761648991109_912349010008_94118_0000.png,thumbs/cluster_0/067_cell_1761648991109_912349010008_94118_0000.jpg
0,/home/wangqianqian/project/FS/data/28gusui&pizang/03/54/cell_1761648853573_912349010008_81818_0100.png,thumbs/cluster_0/068_cell_1761648853573_912349010008_81818_0100.jpg
0,/home/wangqianqian/project/FS/data/28gusui&pizang/03/54/cell_1761648896924_912349010008_86057_0100.png,thumbs/cluster_0/069_cell_1761648896924_912349010008_86057_0100.jpg
0,/home/wangqianqian/project/FS/data/28gusui&pizang/03/48/cell_1761648480890_912349010008_45620_0000.png,thumbs/cluster_0/070_cell_1761648480890_912349010008_45620_0000.jpg
0,/home/wangqianqian/project/FS/data/28gusui&pizang/03/54/cell_1761648858892_912349010008_82337_0100.png,thumbs/cluster_0/071_cell_1761648858892_912349010008_82337_0100.jpg
0,/home/wangqianqian/project/FS/data/28gusui&pizang/03/53/cell_1761648829777_912349010008_79451_0000.png,thumbs/cluster_0/072_cell_1761648829777_912349010008_79451_0000.jpg
0,/home/wangqianqian/project/FS/data/28gusui&pizang/03/39/cell_1761647985318_912349010008_7597_0100.png,thumbs/cluster_0/073_cell_1761647985318_912349010008_7597_0100.jpg
0,/home/wangqianqian/project/FS/data/28gusui&pizang/03/49/cell_1761648580443_912349010008_54401_0000.png,thumbs/cluster_0/074_cell_1761648580443_912349010008_54401_0000.jpg
0,/home/wangqianqian/project/FS/data/28gusui&pizang/03/55/cell_1761648922453_912349010008_88051_0000.png,thumbs/cluster_0/075_cell_1761648922453_912349010008_88051_0000.jpg
0,/home/wangqianqian/project/FS/data/28gusui&pizang/03/54/cell_1761648844125_912349010008_80859_0000.png,thumbs/cluster_0/076_cell_1761648844125_912349010008_80859_0000.jpg
0,/home/wangqianqian/project/FS/data/28gusui&pizang/03/52/cell_1761648742775_912349010008_70780_0000.png,thumbs/cluster_0/077_cell_1761648742775_912349010008_70780_0000.jpg
0,/home/wangqianqian/project/FS/data/28gusui&pizang/03/35/cell_1761647728723_912349010008_192_0000.png,thumbs/cluster_0/078_cell_1761647728723_912349010008_192_0000.jpg
0,/home/wangqianqian/project/FS/data/28gusui&pizang/03/48/cell_1761648512580_912349010008_48251_0000.png,thumbs/cluster_0/079_cell_1761648512580_912349010008_48251_0000.jpg
0,/home/wangqianqian/project/FS/data/28gusui&pizang/03/49/cell_1761648565910_912349010008_52983_0100.png,thumbs/cluster_0/080_cell_1761648565910_912349010008_52983_0100.jpg
0,/home/wangqianqian/project/FS/data/28gusui&pizang/03/38/cell_1761647911739_912349010008_4776_0000.png,thumbs/cluster_0/081_cell_1761647911739_912349010008_4776_0000.jpg
0,/home/wangqianqian/project/FS/data/28gusui&pizang/03/51/cell_1761648688222_912349010008_65217_0100.png,thumbs/cluster_0/082_cell_1761648688222_912349010008_65217_0100.jpg
0,/home/wangqianqian/project/FS/data/28gusui&pizang/03/43/cell_1761648195276_912349010008_20458_0100.png,thumbs/cluster_0/083_cell_1761648195276_912349010008_20458_0100.jpg
0,/home/wangqianqian/project/FS/data/28gusui&pizang/03/51/cell_1761648696601_912349010008_66065_0000.png,thumbs/cluster_0/084_cell_1761648696601_912349010008_66065_0000.jpg
0,/home/wangqianqian/project/FS/data/28gusui&pizang/03/49/cell_1761648592177_912349010008_55524_0000.png,thumbs/cluster_0/085_cell_1761648592177_912349010008_55524_0000.jpg
0,/home/wangqianqian/project/FS/data/28gusui&pizang/03/40/cell_1761648045661_912349010008_10499_0100.png,thumbs/cluster_0/086_cell_1761648045661_912349010008_10499_0100.jpg
0,/home/wangqianqian/project/FS/data/28gusui&pizang/03/41/cell_1761648089085_912349010008_13142_0000.png,thumbs/cluster_0/087_cell_1761648089085_912349010008_13142_0000.jpg
0,/home/wangqianqian/project/FS/data/28gusui&pizang/03/53/cell_1761648837715_912349010008_80206_0100.png,thumbs/cluster_0/088_cell_1761648837715_912349010008_80206_0100.jpg
0,/home/wangqianqian/project/FS/data/28gusui&pizang/03/36/cell_1761647789069_912349010008_574_0100.png,thumbs/cluster_0/089_cell_1761647789069_912349010008_574_0100.jpg
0,/home/wangqianqian/project/FS/data/28gusui&pizang/03/35/cell_1761647714695_912349010008_154_0100.png,thumbs/cluster_0/090_cell_1761647714695_912349010008_154_0100.jpg
0,/home/wangqianqian/project/FS/data/28gusui&pizang/03/46/cell_1761648369970_912349010008_35620_0100.png,thumbs/cluster_0/091_cell_1761648369970_912349010008_35620_0100.jpg
0,/home/wangqianqian/project/FS/data/28gusui&pizang/03/56/cell_1761648965240_912349010008_91802_0100.png,thumbs/cluster_0/092_cell_1761648965240_912349010008_91802_0100.jpg
0,/home/wangqianqian/project/FS/data/28gusui&pizang/03/58/cell_1761649125202_912349010008_107770_0000.png,thumbs/cluster_0/093_cell_1761649125202_912349010008_107770_0000.jpg
0,/home/wangqianqian/project/FS/data/28gusui&pizang/03/36/cell_1761647786879_912349010008_522_0100.png,thumbs/cluster_0/094_cell_1761647786879_912349010008_522_0100.jpg
0,/home/wangqianqian/project/FS/data/28gusui&pizang/03/39/cell_1761647999206_912349010008_8185_0100.png,thumbs/cluster_0/095_cell_1761647999206_912349010008_8185_0100.jpg
0,/home/wangqianqian/project/FS/data/28gusui&pizang/03/42/cell_1761648155576_912349010008_17601_0000.png,thumbs/cluster_0/096_cell_1761648155576_912349010008_17601_0000.jpg
0,/home/wangqianqian/project/FS/data/28gusui&pizang/03/47/cell_1761648450107_912349010008_42967_0100.png,thumbs/cluster_0/097_cell_1761648450107_912349010008_42967_0100.jpg
0,/home/wangqianqian/project/FS/data/28gusui&pizang/03/42/cell_1761648158690_912349010008_17830_0100.png,thumbs/cluster_0/098_cell_1761648158690_912349010008_17830_0100.jpg
0,/home/wangqianqian/project/FS/data/28gusui&pizang/03/43/cell_1761648219446_912349010008_22393_0000.png,thumbs/cluster_0/099_cell_1761648219446_912349010008_22393_0000.jpg
1,/home/wangqianqian/project/FS/data/28gusui&pizang/03/57/cell_1761649070300_912349010008_101967_0000.png,thumbs/cluster_1/000_cell_1761649070300_912349010008_101967_0000.jpg
1,/home/wangqianqian/project/FS/data/28gusui&pizang/03/51/cell_1761648699333_912349010008_66390_0000.png,thumbs/cluster_1/001_cell_1761648699333_912349010008_66390_0000.jpg
1,/home/wangqianqian/project/FS/data/28gusui&pizang/03/52/cell_1761648772600_912349010008_73626_0000.png,thumbs/cluster_1/002_cell_1761648772600_912349010008_73626_0000.jpg
1,/home/wangqianqian/project/FS/data/28gusui&pizang/03/39/cell_1761647960700_912349010008_6609_0100.png,thumbs/cluster_1/003_cell_1761647960700_912349010008_6609_0100.jpg
1,/home/wangqianqian/project/FS/data/28gusui&pizang/03/57/cell_1761649076955_912349010008_102647_0000.png,thumbs/cluster_1/004_cell_1761649076955_912349010008_102647_0000.jpg
1,/home/wangqianqian/project/FS/data/28gusui&pizang/03/41/cell_1761648090515_912349010008_13241_0100.png,thumbs/cluster_1/005_cell_1761648090515_912349010008_13241_0100.jpg
1,/home/wangqianqian/project/FS/data/28gusui&pizang/03/44/cell_1761648288647_912349010008_28549_0000.png,thumbs/cluster_1/006_cell_1761648288647_912349010008_28549_0000.jpg
1,/home/wangqianqian/project/FS/data/28gusui&pizang/03/48/cell_1761648525367_912349010008_49270_0100.png,thumbs/cluster_1/007_cell_1761648525367_912349010008_49270_0100.jpg
1,/home/wangqianqian/project/FS/data/28gusui&pizang/03/55/cell_1761648947888_912349010008_90314_0100.png,thumbs/cluster_1/008_cell_1761648947888_912349010008_90314_0100.jpg
1,/home/wangqianqian/project/FS/data/28gusui&pizang/03/44/cell_1761648290182_912349010008_28695_0000.png,thumbs/cluster_1/009_cell_1761648290182_912349010008_28695_0000.jpg
1,/home/wangqianqian/project/FS/data/28gusui&pizang/03/58/cell_1761649082352_912349010008_103207_0100.png,thumbs/cluster_1/010_cell_1761649082352_912349010008_103207_0100.jpg
1,/home/wangqianqian/project/FS/data/28gusui&pizang/03/45/cell_1761648358034_912349010008_34549_0100.png,thumbs/cluster_1/011_cell_1761648358034_912349010008_34549_0100.jpg
1,/home/wangqianqian/project/FS/data/28gusui&pizang/03/54/cell_1761648889512_912349010008_85415_0000.png,thumbs/cluster_1/012_cell_1761648889512_912349010008_85415_0000.jpg
1,/home/wangqianqian/project/FS/data/28gusui&pizang/03/58/cell_1761649082717_912349010008_103245_0100.png,thumbs/cluster_1/013_cell_1761649082717_912349010008_103245_0100.jpg
1,/home/wangqianqian/project/FS/data/28gusui&pizang/03/41/cell_1761648110959_912349010008_14447_0000.png,thumbs/cluster_1/014_cell_1761648110959_912349010008_14447_0000.jpg
1,/home/wangqianqian/project/FS/data/28gusui&pizang/03/35/cell_1761647708892_912349010008_135_0000.png,thumbs/cluster_1/015_cell_1761647708892_912349010008_135_0000.jpg
1,/home/wangqianqian/project/FS/data/28gusui&pizang/03/44/cell_1761648246055_912349010008_24678_0100.png,thumbs/cluster_1/016_cell_1761648246055_912349010008_24678_0100.jpg
1,/home/wangqianqian/project/FS/data/28gusui&pizang/03/38/cell_1761647910486_912349010008_4751_0100.png,thumbs/cluster_1/017_cell_1761647910486_912349010008_4751_0100.jpg
1,/home/wangqianqian/project/FS/data/28gusui&pizang/03/42/cell_1761648142317_912349010008_16665_0100.png,thumbs/cluster_1/018_cell_1761648142317_912349010008_16665_0100.jpg
1,/home/wangqianqian/project/FS/data/28gusui&pizang/03/44/cell_1761648245117_912349010008_24563_0000.png,thumbs/cluster_1/019_cell_1761648245117_912349010008_24563_0000.jpg
1,/home/wangqianqian/project/FS/data/28gusui&pizang/03/41/cell_1761648099406_912349010008_13809_0000.png,thumbs/cluster_1/020_cell_1761648099406_912349010008_13809_0000.jpg
1,/home/wangqianqian/project/FS/data/28gusui&pizang/03/46/cell_1761648367544_912349010008_35428_0000.png,thumbs/cluster_1/021_cell_1761648367544_912349010008_35428_0000.jpg
1,/home/wangqianqian/project/FS/data/28gusui&pizang/03/41/cell_1761648086405_912349010008_12985_0100.png,thumbs/cluster_1/022_cell_1761648086405_912349010008_12985_0100.jpg
1,/home/wangqianqian/project/FS/data/28gusui&pizang/03/41/cell_1761648114815_912349010008_14686_0100.png,thumbs/cluster_1/023_cell_1761648114815_912349010008_14686_0100.jpg
1,/home/wangqianqian/project/FS/data/28gusui&pizang/03/51/cell_1761648700004_912349010008_66449_0100.png,thumbs/cluster_1/024_cell_1761648700004_912349010008_66449_0100.jpg
1,/home/wangqianqian/project/FS/data/28gusui&pizang/03/36/cell_1761647795570_912349010008_697_0000.png,thumbs/cluster_1/025_cell_1761647795570_912349010008_697_0000.jpg
1,/home/wangqianqian/project/FS/data/28gusui&pizang/03/40/cell_1761648035874_912349010008_10096_0100.png,thumbs/cluster_1/026_cell_1761648035874_912349010008_10096_0100.jpg
1,/home/wangqianqian/project/FS/data/28gusui&pizang/03/49/cell_1761648560450_912349010008_52441_0000.png,thumbs/cluster_1/027_cell_1761648560450_912349010008_52441_0000.jpg
1,/home/wangqianqian/project/FS/data/28gusui&pizang/03/57/cell_1761649064796_912349010008_101403_0000.png,thumbs/cluster_1/028_cell_1761649064796_912349010008_101403_0000.jpg
1,/home/wangqianqian/project/FS/data/28gusui&pizang/03/54/cell_1761648860820_912349010008_82579_0000.png,thumbs/cluster_1/029_cell_1761648860820_912349010008_82579_0000.jpg
1,/home/wangqianqian/project/FS/data/28gusui&pizang/03/50/cell_1761648610099_912349010008_57313_0000.png,thumbs/cluster_1/030_cell_1761648610099_912349010008_57313_0000.jpg
1,/home/wangqianqian/project/FS/data/28gusui&pizang/03/44/cell_1761648259414_912349010008_25824_0000.png,thumbs/cluster_1/031_cell_1761648259414_912349010008_25824_0000.jpg
1,/home/wangqianqian/project/FS/data/28gusui&pizang/03/51/cell_1761648698829_912349010008_66316_0000.png,thumbs/cluster_1/032_cell_1761648698829_912349010008_66316_0000.jpg
1,/home/wangqianqian/project/FS/data/28gusui&pizang/03/35/cell_1761647739277_912349010008_221_0000.png,thumbs/cluster_1/033_cell_1761647739277_912349010008_221_0000.jpg
1,/home/wangqianqian/project/FS/data/28gusui&pizang/03/45/cell_1761648328547_912349010008_31868_0100.png,thumbs/cluster_1/034_cell_1761648328547_912349010008_31868_0100.jpg
1,/home/wangqianqian/project/FS/data/28gusui&pizang/03/49/cell_1761648594724_912349010008_55822_0000.png,thumbs/cluster_1/035_cell_1761648594724_912349010008_55822_0000.jpg
1,/home/wangqianqian/project/FS/data/28gusui&pizang/03/58/cell_1761649125046_912349010008_107758_0100.png,thumbs/cluster_1/036_cell_1761649125046_912349010008_107758_0100.jpg
1,/home/wangqianqian/project/FS/data/28gusui&pizang/03/56/cell_1761649002224_912349010008_95198_0100.png,thumbs/cluster_1/037_cell_1761649002224_912349010008_95198_0100.jpg
1,/home/wangqianqian/project/FS/data/28gusui&pizang/03/38/cell_1761647933609_912349010008_5528_0000.png,thumbs/cluster_1/038_cell_1761647933609_912349010008_5528_0000.jpg
1,/home/wangqianqian/project/FS/data/28gusui&pizang/03/44/cell_1761648279387_912349010008_27708_0000.png,thumbs/cluster_1/039_cell_1761648279387_912349010008_27708_0000.jpg
1,/home/wangqianqian/project/FS/data/28gusui&pizang/03/55/cell_1761648901203_912349010008_86392_0100.png,thumbs/cluster_1/040_cell_1761648901203_912349010008_86392_0100.jpg
1,/home/wangqianqian/project/FS/data/28gusui&pizang/03/58/cell_1761649095606_912349010008_104680_0000.png,thumbs/cluster_1/041_cell_1761649095606_912349010008_104680_0000.jpg
1,/home/wangqianqian/project/FS/data/28gusui&pizang/03/54/cell_1761648843235_912349010008_80748_0000.png,thumbs/cluster_1/042_cell_1761648843235_912349010008_80748_0000.jpg
1,/home/wangqianqian/project/FS/data/28gusui&pizang/03/45/cell_1761648330108_912349010008_32001_0100.png,thumbs/cluster_1/043_cell_1761648330108_912349010008_32001_0100.jpg
1,/home/wangqianqian/project/FS/data/28gusui&pizang/03/44/cell_1761648292773_912349010008_28913_0100.png,thumbs/cluster_1/044_cell_1761648292773_912349010008_28913_0100.jpg
1,/home/wangqianqian/project/FS/data/28gusui&pizang/03/56/cell_1761649018757_912349010008_96698_0000.png,thumbs/cluster_1/045_cell_1761649018757_912349010008_96698_0000.jpg
1,/home/wangqianqian/project/FS/data/28gusui&pizang/03/49/cell_1761648589605_912349010008_55237_0000.png,thumbs/cluster_1/046_cell_1761648589605_912349010008_55237_0000.jpg
1,/home/wangqianqian/project/FS/data/28gusui&pizang/03/45/cell_1761648330120_912349010008_32002_0000.png,thumbs/cluster_1/047_cell_1761648330120_912349010008_32002_0000.jpg
1,/home/wangqianqian/project/FS/data/28gusui&pizang/03/39/cell_1761647940748_912349010008_5828_0100.png,thumbs/cluster_1/048_cell_1761647940748_912349010008_5828_0100.jpg
1,/home/wangqianqian/project/FS/data/28gusui&pizang/03/50/cell_1761648627687_912349010008_59071_0000.png,thumbs/cluster_1/049_cell_1761648627687_912349010008_59071_0000.jpg
1,/home/wangqianqian/project/FS/data/28gusui&pizang/03/48/cell_1761648538106_912349010008_50425_0000.png,thumbs/cluster_1/050_cell_1761648538106_912349010008_50425_0000.jpg
1,/home/wangqianqian/project/FS/data/28gusui&pizang/03/52/cell_1761648727568_912349010008_69236_0100.png,thumbs/cluster_1/051_cell_1761648727568_912349010008_69236_0100.jpg
1,/home/wangqianqian/project/FS/data/28gusui&pizang/03/42/cell_1761648144225_912349010008_16809_0100.png,thumbs/cluster_1/052_cell_1761648144225_912349010008_16809_0100.jpg
1,/home/wangqianqian/project/FS/data/28gusui&pizang/03/53/cell_1761648787664_912349010008_75093_0000.png,thumbs/cluster_1/053_cell_1761648787664_912349010008_75093_0000.jpg
1,/home/wangqianqian/project/FS/data/28gusui&pizang/03/59/cell_1761649167546_912349010008_112218_0100.png,thumbs/cluster_1/054_cell_1761649167546_912349010008_112218_0100.jpg
1,/home/wangqianqian/project/FS/data/28gusui&pizang/03/54/cell_1761648874991_912349010008_83972_0100.png,thumbs/cluster_1/055_cell_1761648874991_912349010008_83972_0100.jpg
1,/home/wangqianqian/project/FS/data/28gusui&pizang/03/43/cell_1761648232326_912349010008_23451_0000.png,thumbs/cluster_1/056_cell_1761648232326_912349010008_23451_0000.jpg
1,/home/wangqianqian/project/FS/data/28gusui&pizang/03/55/cell_1761648940968_912349010008_89727_0000.png,thumbs/cluster_1/057_cell_1761648940968_912349010008_89727_0000.jpg
1,/home/wangqianqian/project/FS/data/28gusui&pizang/03/41/cell_1761648097016_912349010008_13657_0000.png,thumbs/cluster_1/058_cell_1761648097016_912349010008_13657_0000.jpg
1,/home/wangqianqian/project/FS/data/28gusui&pizang/03/44/cell_1761648278754_912349010008_27650_0000.png,thumbs/cluster_1/059_cell_1761648278754_912349010008_27650_0000.jpg
1,/home/wangqianqian/project/FS/data/28gusui&pizang/03/47/cell_1761648451772_912349010008_43101_0000.png,thumbs/cluster_1/060_cell_1761648451772_912349010008_43101_0000.jpg
1,/home/wangqianqian/project/FS/data/28gusui&pizang/03/59/cell_1761649151724_912349010008_110512_0000.png,thumbs/cluster_1/061_cell_1761649151724_912349010008_110512_0000.jpg
1,/home/wangqianqian/project/FS/data/28gusui&pizang/03/49/cell_1761648591426_912349010008_55447_0000.png,thumbs/cluster_1/062_cell_1761648591426_912349010008_55447_0000.jpg
1,/home/wangqianqian/project/FS/data/28gusui&pizang/03/45/cell_1761648331429_912349010008_32147_0100.png,thumbs/cluster_1/063_cell_1761648331429_912349010008_32147_0100.jpg
1,/home/wangqianqian/project/FS/data/28gusui&pizang/03/44/cell_1761648256823_912349010008_25608_0000.png,thumbs/cluster_1/064_cell_1761648256823_912349010008_25608_0000.jpg
1,/home/wangqianqian/project/FS/data/28gusui&pizang/03/47/cell_1761648448735_912349010008_42842_0100.png,thumbs/cluster_1/065_cell_1761648448735_912349010008_42842_0100.jpg
1,/home/wangqianqian/project/FS/data/28gusui&pizang/03/44/cell_1761648276267_912349010008_27436_0100.png,thumbs/cluster_1/066_cell_1761648276267_912349010008_27436_0100.jpg
1,/home/wangqianqian/project/FS/data/28gusui&pizang/03/57/cell_1761649053143_912349010008_100174_0100.png,thumbs/cluster_1/067_cell_1761649053143_912349010008_100174_0100.jpg
1,/home/wangqianqian/project/FS/data/28gusui&pizang/03/44/cell_1761648278443_912349010008_27626_0000.png,thumbs/cluster_1/068_cell_1761648278443_912349010008_27626_0000.jpg
1,/home/wangqianqian/project/FS/data/28gusui&pizang/03/47/cell_1761648435348_912349010008_41575_0100.png,thumbs/cluster_1/069_cell_1761648435348_912349010008_41575_0100.jpg
1,/home/wangqianqian/project/FS/data/28gusui&pizang/03/46/cell_1761648389510_912349010008_37311_0100.png,thumbs/cluster_1/070_cell_1761648389510_912349010008_37311_0100.jpg
1,/home/wangqianqian/project/FS/data/28gusui&pizang/03/52/cell_1761648778645_912349010008_74155_0000.png,thumbs/cluster_1/071_cell_1761648778645_912349010008_74155_0000.jpg
1,/home/wangqianqian/project/FS/data/28gusui&pizang/03/48/cell_1761648530166_912349010008_49667_0000.png,thumbs/cluster_1/072_cell_1761648530166_912349010008_49667_0000.jpg
1,/home/wangqianqian/project/FS/data/28gusui&pizang/03/38/cell_1761647933046_912349010008_5507_0000.png,thumbs/cluster_1/073_cell_1761647933046_912349010008_5507_0000.jpg
1,/home/wangqianqian/project/FS/data/28gusui&pizang/03/51/cell_1761648680142_912349010008_64358_0100.png,thumbs/cluster_1/074_cell_1761648680142_912349010008_64358_0100.jpg
1,/home/wangqianqian/project/FS/data/28gusui&pizang/03/40/cell_1761648035874_912349010008_10096_0000.png,thumbs/cluster_1/075_cell_1761648035874_912349010008_10096_0000.jpg
1,/home/wangqianqian/project/FS/data/28gusui&pizang/03/57/cell_1761649068849_912349010008_101817_0000.png,thumbs/cluster_1/076_cell_1761649068849_912349010008_101817_0000.jpg
1,/home/wangqianqian/project/FS/data/28gusui&pizang/03/57/cell_1761649038426_912349010008_98604_0100.png,thumbs/cluster_1/077_cell_1761649038426_912349010008_98604_0100.jpg
1,/home/wangqianqian/project/FS/data/28gusui&pizang/03/44/cell_1761648297893_912349010008_29312_0100.png,thumbs/cluster_1/078_cell_1761648297893_912349010008_29312_0100.jpg
1,/home/wangqianqian/project/FS/data/28gusui&pizang/03/52/cell_1761648736428_912349010008_70100_0100.png,thumbs/cluster_1/079_cell_1761648736428_912349010008_70100_0100.jpg
1,/home/wangqianqian/project/FS/data/28gusui&pizang/03/46/cell_1761648416920_912349010008_39779_0000.png,thumbs/cluster_1/080_cell_1761648416920_912349010008_39779_0000.jpg
1,/home/wangqianqian/project/FS/data/28gusui&pizang/03/51/cell_1761648704724_912349010008_66937_0000.png,thumbs/cluster_1/081_cell_1761648704724_912349010008_66937_0000.jpg
1,/home/wangqianqian/project/FS/data/28gusui&pizang/03/59/cell_1761649165144_912349010008_111985_0100.png,thumbs/cluster_1/082_cell_1761649165144_912349010008_111985_0100.jpg
1,/home/wangqianqian/project/FS/data/28gusui&pizang/03/51/cell_1761648684789_912349010008_64838_0100.png,thumbs/cluster_1/083_cell_1761648684789_912349010008_64838_0100.jpg
1,/home/wangqianqian/project/FS/data/28gusui&pizang/03/44/cell_1761648278423_912349010008_27623_0000.png,thumbs/cluster_1/084_cell_1761648278423_912349010008_27623_0000.jpg
1,/home/wangqianqian/project/FS/data/28gusui&pizang/03/49/cell_1761648563038_912349010008_52683_0000.png,thumbs/cluster_1/085_cell_1761648563038_912349010008_52683_0000.jpg
1,/home/wangqianqian/project/FS/data/28gusui&pizang/03/38/cell_1761647914932_912349010008_4880_0000.png,thumbs/cluster_1/086_cell_1761647914932_912349010008_4880_0000.jpg
1,/home/wangqianqian/project/FS/data/28gusui&pizang/03/42/cell_1761648144574_912349010008_16845_0000.png,thumbs/cluster_1/087_cell_1761648144574_912349010008_16845_0000.jpg
1,/home/wangqianqian/project/FS/data/28gusui&pizang/03/51/cell_1761648697175_912349010008_66138_0000.png,thumbs/cluster_1/088_cell_1761648697175_912349010008_66138_0000.jpg
1,/home/wangqianqian/project/FS/data/28gusui&pizang/03/49/cell_1761648587048_912349010008_55012_0000.png,thumbs/cluster_1/089_cell_1761648587048_912349010008_55012_0000.jpg
1,/home/wangqianqian/project/FS/data/28gusui&pizang/03/49/cell_1761648568651_912349010008_53248_0000.png,thumbs/cluster_1/090_cell_1761648568651_912349010008_53248_0000.jpg
1,/home/wangqianqian/project/FS/data/28gusui&pizang/03/48/cell_1761648507547_912349010008_47875_0100.png,thumbs/cluster_1/091_cell_1761648507547_912349010008_47875_0100.jpg
1,/home/wangqianqian/project/FS/data/28gusui&pizang/03/57/cell_1761649021201_912349010008_96945_0100.png,thumbs/cluster_1/092_cell_1761649021201_912349010008_96945_0100.jpg
1,/home/wangqianqian/project/FS/data/28gusui&pizang/03/45/cell_1761648306717_912349010008_30042_0100.png,thumbs/cluster_1/093_cell_1761648306717_912349010008_30042_0100.jpg
1,/home/wangqianqian/project/FS/data/28gusui&pizang/03/47/cell_1761648436540_912349010008_41731_0100.png,thumbs/cluster_1/094_cell_1761648436540_912349010008_41731_0100.jpg
1,/home/wangqianqian/project/FS/data/28gusui&pizang/03/35/cell_1761647710006_912349010008_142_0000.png,thumbs/cluster_1/095_cell_1761647710006_912349010008_142_0000.jpg
1,/home/wangqianqian/project/FS/data/28gusui&pizang/03/57/cell_1761649036714_912349010008_98433_0100.png,thumbs/cluster_1/096_cell_1761649036714_912349010008_98433_0100.jpg
1,/home/wangqianqian/project/FS/data/28gusui&pizang/03/48/cell_1761648501331_912349010008_47339_0000.png,thumbs/cluster_1/097_cell_1761648501331_912349010008_47339_0000.jpg
1,/home/wangqianqian/project/FS/data/28gusui&pizang/03/52/cell_1761648758934_912349010008_72356_0000.png,thumbs/cluster_1/098_cell_1761648758934_912349010008_72356_0000.jpg
1,/home/wangqianqian/project/FS/data/28gusui&pizang/03/47/cell_1761648472750_912349010008_44887_0000.png,thumbs/cluster_1/099_cell_1761648472750_912349010008_44887_0000.jpg
2,/home/wangqianqian/project/FS/data/28gusui&pizang/03/58/cell_1761649129137_912349010008_108183_0000.png,thumbs/cluster_2/000_cell_1761649129137_912349010008_108183_0000.jpg
2,/home/wangqianqian/project/FS/data/28gusui&pizang/03/47/cell_1761648477270_912349010008_45296_0000.png,thumbs/cluster_2/001_cell_1761648477270_912349010008_45296_0000.jpg
2,/home/wangqianqian/project/FS/data/28gusui&pizang/03/52/cell_1761648762443_912349010008_72676_0000.png,thumbs/cluster_2/002_cell_1761648762443_912349010008_72676_0000.jpg
2,/home/wangqianqian/project/FS/data/28gusui&pizang/03/44/cell_1761648297557_912349010008_29291_0000.png,thumbs/cluster_2/003_cell_1761648297557_912349010008_29291_0000.jpg
2,/home/wangqianqian/project/FS/data/28gusui&pizang/03/43/cell_1761648195066_912349010008_20445_0100.png,thumbs/cluster_2/004_cell_1761648195066_912349010008_20445_0100.jpg
2,/home/wangqianqian/project/FS/data/28gusui&pizang/03/53/cell_1761648830157_912349010008_79493_0000.png,thumbs/cluster_2/005_cell_1761648830157_912349010008_79493_0000.jpg
2,/home/wangqianqian/project/FS/data/28gusui&pizang/03/41/cell_1761648082279_912349010008_12681_0000.png,thumbs/cluster_2/006_cell_1761648082279_912349010008_12681_0000.jpg
2,/home/wangqianqian/project/FS/data/28gusui&pizang/03/42/cell_1761648129871_912349010008_15728_0100.png,thumbs/cluster_2/007_cell_1761648129871_912349010008_15728_0100.jpg
2,/home/wangqianqian/project/FS/data/28gusui&pizang/03/49/cell_1761648584222_912349010008_54717_0000.png,thumbs/cluster_2/008_cell_1761648584222_912349010008_54717_0000.jpg
2,/home/wangqianqian/project/FS/data/28gusui&pizang/03/47/cell_1761648460155_912349010008_43825_0000.png,thumbs/cluster_2/009_cell_1761648460155_912349010008_43825_0000.jpg
2,/home/wangqianqian/project/FS/data/28gusui&pizang/03/39/cell_1761647940147_912349010008_5799_0000.png,thumbs/cluster_2/010_cell_1761647940147_912349010008_5799_0000.jpg
2,/home/wangqianqian/project/FS/data/28gusui&pizang/03/46/cell_1761648382215_912349010008_36709_0100.png,thumbs/cluster_2/011_cell_1761648382215_912349010008_36709_0100.jpg
2,/home/wangqianqian/project/FS/data/28gusui&pizang/03/49/cell_1761648580979_912349010008_54458_0100.png,thumbs/cluster_2/012_cell_1761648580979_912349010008_54458_0100.jpg
2,/home/wangqianqian/project/FS/data/28gusui&pizang/03/46/cell_1761648406849_912349010008_38810_0000.png,thumbs/cluster_2/013_cell_1761648406849_912349010008_38810_0000.jpg
2,/home/wangqianqian/project/FS/data/28gusui&pizang/03/40/cell_1761648036701_912349010008_10128_0100.png,thumbs/cluster_2/014_cell_1761648036701_912349010008_10128_0100.jpg
2,/home/wangqianqian/project/FS/data/28gusui&pizang/03/54/cell_1761648869878_912349010008_83449_0100.png,thumbs/cluster_2/015_cell_1761648869878_912349010008_83449_0100.jpg
2,/home/wangqianqian/project/FS/data/28gusui&pizang/03/56/cell_1761648978585_912349010008_93010_0000.png,thumbs/cluster_2/016_cell_1761648978585_912349010008_93010_0000.jpg
2,/home/wangqianqian/project/FS/data/28gusui&pizang/03/38/cell_1761647923681_912349010008_5138_0000.png,thumbs/cluster_2/017_cell_1761647923681_912349010008_5138_0000.jpg
2,/home/wangqianqian/project/FS/data/28gusui&pizang/03/56/cell_1761648975835_912349010008_92747_0000.png,thumbs/cluster_2/018_cell_1761648975835_912349010008_92747_0000.jpg
2,/home/wangqianqian/project/FS/data/28gusui&pizang/03/53/cell_1761648799409_912349010008_76419_0000.png,thumbs/cluster_2/019_cell_1761648799409_912349010008_76419_0000.jpg
2,/home/wangqianqian/project/FS/data/28gusui&pizang/03/46/cell_1761648367005_912349010008_35376_0100.png,thumbs/cluster_2/020_cell_1761648367005_912349010008_35376_0100.jpg
2,/home/wangqianqian/project/FS/data/28gusui&pizang/03/48/cell_1761648485660_912349010008_46032_0100.png,thumbs/cluster_2/021_cell_1761648485660_912349010008_46032_0100.jpg
2,/home/wangqianqian/project/FS/data/28gusui&pizang/03/49/cell_1761648585334_912349010008_54822_0000.png,thumbs/cluster_2/022_cell_1761648585334_912349010008_54822_0000.jpg
2,/home/wangqianqian/project/FS/data/28gusui&pizang/03/59/cell_1761649159004_912349010008_111306_0000.png,thumbs/cluster_2/023_cell_1761649159004_912349010008_111306_0000.jpg
2,/home/wangqianqian/project/FS/data/28gusui&pizang/03/43/cell_1761648183509_912349010008_19569_0100.png,thumbs/cluster_2/024_cell_1761648183509_912349010008_19569_0100.jpg
2,/home/wangqianqian/project/FS/data/28gusui&pizang/03/58/cell_1761649135615_912349010008_108842_0100.png,thumbs/cluster_2/025_cell_1761649135615_912349010008_108842_0100.jpg
2,/home/wangqianqian/project/FS/data/28gusui&pizang/03/46/cell_1761648410322_912349010008_39130_0000.png,thumbs/cluster_2/026_cell_1761648410322_912349010008_39130_0000.jpg
2,/home/wangqianqian/project/FS/data/28gusui&pizang/03/53/cell_1761648799763_912349010008_76454_0100.png,thumbs/cluster_2/027_cell_1761648799763_912349010008_76454_0100.jpg
2,/home/wangqianqian/project/FS/data/28gusui&pizang/03/44/cell_1761648257571_912349010008_25660_0100.png,thumbs/cluster_2/028_cell_1761648257571_912349010008_25660_0100.jpg
2,/home/wangqianqian/project/FS/data/28gusui&pizang/03/42/cell_1761648158916_912349010008_17851_0100.png,thumbs/cluster_2/029_cell_1761648158916_912349010008_17851_0100.jpg
2,/home/wangqianqian/project/FS/data/28gusui&pizang/03/54/cell_1761648867221_912349010008_83188_0000.png,thumbs/cluster_2/030_cell_1761648867221_912349010008_83188_0000.jpg
2,/home/wangqianqian/project/FS/data/28gusui&pizang/03/54/cell_1761648872267_912349010008_83693_0000.png,thumbs/cluster_2/031_cell_1761648872267_912349010008_83693_0000.jpg
2,/home/wangqianqian/project/FS/data/28gusui&pizang/03/57/cell_1761649038997_912349010008_98650_0100.png,thumbs/cluster_2/032_cell_1761649038997_912349010008_98650_0100.jpg
2,/home/wangqianqian/project/FS/data/28gusui&pizang/03/55/cell_1761648951687_912349010008_90607_0100.png,thumbs/cluster_2/033_cell_1761648951687_912349010008_90607_0100.jpg
2,/home/wangqianqian/project/FS/data/28gusui&pizang/03/47/cell_1761648474761_912349010008_45069_0100.png,thumbs/cluster_2/034_cell_1761648474761_912349010008_45069_0100.jpg
2,/home/wangqianqian/project/FS/data/28gusui&pizang/03/51/cell_1761648667354_912349010008_63110_0100.png,thumbs/cluster_2/035_cell_1761648667354_912349010008_63110_0100.jpg
2,/home/wangqianqian/project/FS/data/28gusui&pizang/03/38/cell_1761647927529_912349010008_5237_0000.png,thumbs/cluster_2/036_cell_1761647927529_912349010008_5237_0000.jpg
2,/home/wangqianqian/project/FS/data/28gusui&pizang/03/49/cell_1761648576365_912349010008_54004_0100.png,thumbs/cluster_2/037_cell_1761648576365_912349010008_54004_0100.jpg
2,/home/wangqianqian/project/FS/data/28gusui&pizang/03/56/cell_1761649015551_912349010008_96389_0000.png,thumbs/cluster_2/038_cell_1761649015551_912349010008_96389_0000.jpg
2,/home/wangqianqian/project/FS/data/28gusui&pizang/03/56/cell_1761648993096_912349010008_94314_0100.png,thumbs/cluster_2/039_cell_1761648993096_912349010008_94314_0100.jpg
2,/home/wangqianqian/project/FS/data/28gusui&pizang/03/51/cell_1761648694120_912349010008_65834_0000.png,thumbs/cluster_2/040_cell_1761648694120_912349010008_65834_0000.jpg
2,/home/wangqianqian/project/FS/data/28gusui&pizang/03/45/cell_1761648304678_912349010008_29873_0000.png,thumbs/cluster_2/041_cell_1761648304678_912349010008_29873_0000.jpg
2,/home/wangqianqian/project/FS/data/28gusui&pizang/03/38/cell_1761647900011_912349010008_4446_0000.png,thumbs/cluster_2/042_cell_1761647900011_912349010008_4446_0000.jpg
2,/home/wangqianqian/project/FS/data/28gusui&pizang/03/57/cell_1761649079267_912349010008_102871_0000.png,thumbs/cluster_2/043_cell_1761649079267_912349010008_102871_0000.jpg
2,/home/wangqianqian/project/FS/data/28gusui&pizang/03/50/cell_1761648618431_912349010008_58161_0000.png,thumbs/cluster_2/044_cell_1761648618431_912349010008_58161_0000.jpg
2,/home/wangqianqian/project/FS/data/28gusui&pizang/03/53/cell_1761648789596_912349010008_75331_0000.png,thumbs/cluster_2/045_cell_1761648789596_912349010008_75331_0000.jpg
2,/home/wangqianqian/project/FS/data/28gusui&pizang/03/40/cell_1761648000598_912349010008_8256_0100.png,thumbs/cluster_2/046_cell_1761648000598_912349010008_8256_0100.jpg
2,/home/wangqianqian/project/FS/data/28gusui&pizang/03/52/cell_1761648739040_912349010008_70402_0000.png,thumbs/cluster_2/047_cell_1761648739040_912349010008_70402_0000.jpg
2,/home/wangqianqian/project/FS/data/28gusui&pizang/03/55/cell_1761648922915_912349010008_88103_0000.png,thumbs/cluster_2/048_cell_1761648922915_912349010008_88103_0000.jpg
2,/home/wangqianqian/project/FS/data/28gusui&pizang/03/44/cell_1761648272595_912349010008_27057_0000.png,thumbs/cluster_2/049_cell_1761648272595_912349010008_27057_0000.jpg
2,/home/wangqianqian/project/FS/data/28gusui&pizang/03/48/cell_1761648513236_912349010008_48298_0100.png,thumbs/cluster_2/050_cell_1761648513236_912349010008_48298_0100.jpg
2,/home/wangqianqian/project/FS/data/28gusui&pizang/03/45/cell_1761648313498_912349010008_30606_0000.png,thumbs/cluster_2/051_cell_1761648313498_912349010008_30606_0000.jpg
2,/home/wangqianqian/project/FS/data/28gusui&pizang/03/41/cell_1761648117925_912349010008_14909_0000.png,thumbs/cluster_2/052_cell_1761648117925_912349010008_14909_0000.jpg
2,/home/wangqianqian/project/FS/data/28gusui&pizang/03/44/cell_1761648277239_912349010008_27539_0100.png,thumbs/cluster_2/053_cell_1761648277239_912349010008_27539_0100.jpg
2,/home/wangqianqian/project/FS/data/28gusui&pizang/03/48/cell_1761648520460_912349010008_48858_0000.png,thumbs/cluster_2/054_cell_1761648520460_912349010008_48858_0000.jpg
2,/home/wangqianqian/project/FS/data/28gusui&pizang/03/48/cell_1761648484539_912349010008_45946_0100.png,thumbs/cluster_2/055_cell_1761648484539_912349010008_45946_0100.jpg
2,/home/wangqianqian/project/FS/data/28gusui&pizang/03/45/cell_1761648333285_912349010008_32314_0100.png,thumbs/cluster_2/056_cell_1761648333285_912349010008_32314_0100.jpg
2,/home/wangqianqian/project/FS/data/28gusui&pizang/03/44/cell_1761648258529_912349010008_25741_0000.png,thumbs/cluster_2/057_cell_1761648258529_912349010008_25741_0000.jpg
2,/home/wangqianqian/project/FS/data/28gusui&pizang/03/48/cell_1761648491313_912349010008_46493_0000.png,thumbs/cluster_2/058_cell_1761648491313_912349010008_46493_0000.jpg
2,/home/wangqianqian/project/FS/data/28gusui&pizang/03/44/cell_1761648245988_912349010008_24670_0000.png,thumbs/cluster_2/059_cell_1761648245988_912349010008_24670_0000.jpg
2,/home/wangqianqian/project/FS/data/28gusui&pizang/03/50/cell_1761648648220_912349010008_61194_0100.png,thumbs/cluster_2/060_cell_1761648648220_912349010008_61194_0100.jpg
2,/home/wangqianqian/project/FS/data/28gusui&pizang/03/47/cell_1761648423310_912349010008_40404_0100.png,thumbs/cluster_2/061_cell_1761648423310_912349010008_40404_0100.jpg
2,/home/wangqianqian/project/FS/data/28gusui&pizang/03/42/cell_1761648178433_912349010008_19201_0000.png,thumbs/cluster_2/062_cell_1761648178433_912349010008_19201_0000.jpg
2,/home/wangqianqian/project/FS/data/28gusui&pizang/03/38/cell_1761647902589_912349010008_4526_0100.png,thumbs/cluster_2/063_cell_1761647902589_912349010008_4526_0100.jpg
2,/home/wangqianqian/project/FS/data/28gusui&pizang/03/39/cell_1761647954965_912349010008_6404_0000.png,thumbs/cluster_2/064_cell_1761647954965_912349010008_6404_0000.jpg
2,/home/wangqianqian/project/FS/data/28gusui&pizang/03/52/cell_1761648739404_912349010008_70454_0000.png,thumbs/cluster_2/065_cell_1761648739404_912349010008_70454_0000.jpg
2,/home/wangqianqian/project/FS/data/28gusui&pizang/03/45/cell_1761648337538_912349010008_32676_0100.png,thumbs/cluster_2/066_cell_1761648337538_912349010008_32676_0100.jpg
2,/home/wangqianqian/project/FS/data/28gusui&pizang/03/44/cell_1761648259569_912349010008_25834_0000.png,thumbs/cluster_2/067_cell_1761648259569_912349010008_25834_0000.jpg
2,/home/wangqianqian/project/FS/data/28gusui&pizang/03/44/cell_1761648257913_912349010008_25680_0000.png,thumbs/cluster_2/068_cell_1761648257913_912349010008_25680_0000.jpg
2,/home/wangqianqian/project/FS/data/28gusui&pizang/03/44/cell_1761648291076_912349010008_28740_0000.png,thumbs/cluster_2/069_cell_1761648291076_912349010008_28740_0000.jpg
2,/home/wangqianqian/project/FS/data/28gusui&pizang/03/54/cell_1761648887772_912349010008_85228_0000.png,thumbs/cluster_2/070_cell_1761648887772_912349010008_85228_0000.jpg
2,/home/wangqianqian/project/FS/data/28gusui&pizang/03/58/cell_1761649117922_912349010008_107032_0100.png,thumbs/cluster_2/071_cell_1761649117922_912349010008_107032_0100.jpg
2,/home/wangqianqian/project/FS/data/28gusui&pizang/03/55/cell_1761648921611_912349010008_87971_0000.png,thumbs/cluster_2/072_cell_1761648921611_912349010008_87971_0000.jpg
2,/home/wangqianqian/project/FS/data/28gusui&pizang/03/51/cell_1761648674811_912349010008_63811_0000.png,thumbs/cluster_2/073_cell_1761648674811_912349010008_63811_0000.jpg
2,/home/wangqianqian/project/FS/data/28gusui&pizang/03/49/cell_1761648553173_912349010008_51782_0000.png,thumbs/cluster_2/074_cell_1761648553173_912349010008_51782_0000.jpg
2,/home/wangqianqian/project/FS/data/28gusui&pizang/03/42/cell_1761648165804_912349010008_18244_0000.png,thumbs/cluster_2/075_cell_1761648165804_912349010008_18244_0000.jpg
2,/home/wangqianqian/project/FS/data/28gusui&pizang/03/40/cell_1761648032829_912349010008_9931_0000.png,thumbs/cluster_2/076_cell_1761648032829_912349010008_9931_0000.jpg
2,/home/wangqianqian/project/FS/data/28gusui&pizang/03/57/cell_1761649032921_912349010008_98064_0000.png,thumbs/cluster_2/077_cell_1761649032921_912349010008_98064_0000.jpg
2,/home/wangqianqian/project/FS/data/28gusui&pizang/03/51/cell_1761648718619_912349010008_68385_0100.png,thumbs/cluster_2/078_cell_1761648718619_912349010008_68385_0100.jpg
2,/home/wangqianqian/project/FS/data/28gusui&pizang/03/54/cell_1761648878432_912349010008_84310_0000.png,thumbs/cluster_2/079_cell_1761648878432_912349010008_84310_0000.jpg
2,/home/wangqianqian/project/FS/data/28gusui&pizang/03/40/cell_1761648044521_912349010008_10445_0100.png,thumbs/cluster_2/080_cell_1761648044521_912349010008_10445_0100.jpg
2,/home/wangqianqian/project/FS/data/28gusui&pizang/03/47/cell_1761648451727_912349010008_43091_0000.png,thumbs/cluster_2/081_cell_1761648451727_912349010008_43091_0000.jpg
2,/home/wangqianqian/project/FS/data/28gusui&pizang/03/42/cell_1761648137951_912349010008_16347_0100.png,thumbs/cluster_2/082_cell_1761648137951_912349010008_16347_0100.jpg
2,/home/wangqianqian/project/FS/data/28gusui&pizang/03/41/cell_1761648078347_912349010008_12394_0100.png,thumbs/cluster_2/083_cell_1761648078347_912349010008_12394_0100.jpg
2,/home/wangqianqian/project/FS/data/28gusui&pizang/03/44/cell_1761648244622_912349010008_24521_0000.png,thumbs/cluster_2/084_cell_1761648244622_912349010008_24521_0000.jpg
2,/home/wangqianqian/project/FS/data/28gusui&pizang/03/39/cell_1761647940926_912349010008_5832_0100.png,thumbs/cluster_2/085_cell_1761647940926_912349010008_5832_0100.jpg
2,/home/wangqianqian/project/FS/data/28gusui&pizang/03/52/cell_1761648766318_912349010008_73064_0100.png,thumbs/cluster_2/086_cell_1761648766318_912349010008_73064_0100.jpg
2,/home/wangqianqian/project/FS/data/28gusui&pizang/03/43/cell_1761648237764_912349010008_23918_0000.png,thumbs/cluster_2/087_cell_1761648237764_912349010008_23918_0000.jpg
2,/home/wangqianqian/project/FS/data/28gusui&pizang/03/43/cell_1761648222367_912349010008_22628_0000.png,thumbs/cluster_2/088_cell_1761648222367_912349010008_22628_0000.jpg
2,/home/wangqianqian/project/FS/data/28gusui&pizang/03/52/cell_1761648733157_912349010008_69755_0000.png,thumbs/cluster_2/089_cell_1761648733157_912349010008_69755_0000.jpg
2,/home/wangqianqian/project/FS/data/28gusui&pizang/03/47/cell_1761648442623_912349010008_42285_0000.png,thumbs/cluster_2/090_cell_1761648442623_912349010008_42285_0000.jpg
2,/home/wangqianqian/project/FS/data/28gusui&pizang/03/50/cell_1761648610906_912349010008_57385_0000.png,thumbs/cluster_2/091_cell_1761648610906_912349010008_57385_0000.jpg
2,/home/wangqianqian/project/FS/data/28gusui&pizang/03/47/cell_1761648443215_912349010008_42337_0000.png,thumbs/cluster_2/092_cell_1761648443215_912349010008_42337_0000.jpg
2,/home/wangqianqian/project/FS/data/28gusui&pizang/03/59/cell_1761649160066_912349010008_111455_0100.png,thumbs/cluster_2/093_cell_1761649160066_912349010008_111455_0100.jpg
2,/home/wangqianqian/project/FS/data/28gusui&pizang/03/43/cell_1761648205252_912349010008_21270_0000.png,thumbs/cluster_2/094_cell_1761648205252_912349010008_21270_0000.jpg
2,/home/wangqianqian/project/FS/data/28gusui&pizang/03/48/cell_1761648532647_912349010008_49920_0000.png,thumbs/cluster_2/095_cell_1761648532647_912349010008_49920_0000.jpg
2,/home/wangqianqian/project/FS/data/28gusui&pizang/03/49/cell_1761648588547_912349010008_55137_0000.png,thumbs/cluster_2/096_cell_1761648588547_912349010008_55137_0000.jpg
2,/home/wangqianqian/project/FS/data/28gusui&pizang/03/59/cell_1761649150492_912349010008_110367_0000.png,thumbs/cluster_2/097_cell_1761649150492_912349010008_110367_0000.jpg
2,/home/wangqianqian/project/FS/data/28gusui&pizang/03/51/cell_1761648663155_912349010008_62716_0000.png,thumbs/cluster_2/098_cell_1761648663155_912349010008_62716_0000.jpg
2,/home/wangqianqian/project/FS/data/28gusui&pizang/03/39/cell_1761647973955_912349010008_7167_0000.png,thumbs/cluster_2/099_cell_1761647973955_912349010008_7167_0000.jpg
3,/home/wangqianqian/project/FS/data/28gusui&pizang/03/42/cell_1761648174516_912349010008_18945_0100.png,thumbs/cluster_3/000_cell_1761648174516_912349010008_18945_0100.jpg
3,/home/wangqianqian/project/FS/data/28gusui&pizang/03/42/cell_1761648150211_912349010008_17224_0100.png,thumbs/cluster_3/001_cell_1761648150211_912349010008_17224_0100.jpg
3,/home/wangqianqian/project/FS/data/28gusui&pizang/03/49/cell_1761648562635_912349010008_52633_0000.png,thumbs/cluster_3/002_cell_1761648562635_912349010008_52633_0000.jpg
3,/home/wangqianqian/project/FS/data/28gusui&pizang/03/38/cell_1761647894317_912349010008_4220_0100.png,thumbs/cluster_3/003_cell_1761647894317_912349010008_4220_0100.jpg
3,/home/wangqianqian/project/FS/data/28gusui&pizang/03/42/cell_1761648178830_912349010008_19244_0000.png,thumbs/cluster_3/004_cell_1761648178830_912349010008_19244_0000.jpg
3,/home/wangqianqian/project/FS/data/28gusui&pizang/03/47/cell_1761648442102_912349010008_42225_0000.png,thumbs/cluster_3/005_cell_1761648442102_912349010008_42225_0000.jpg
3,/home/wangqianqian/project/FS/data/28gusui&pizang/03/54/cell_1761648879259_912349010008_84394_0100.png,thumbs/cluster_3/006_cell_1761648879259_912349010008_84394_0100.jpg
3,/home/wangqianqian/project/FS/data/28gusui&pizang/03/43/cell_1761648202507_912349010008_21027_0000.png,thumbs/cluster_3/007_cell_1761648202507_912349010008_21027_0000.jpg
3,/home/wangqianqian/project/FS/data/28gusui&pizang/03/44/cell_1761648282249_912349010008_27970_0000.png,thumbs/cluster_3/008_cell_1761648282249_912349010008_27970_0000.jpg
3,/home/wangqianqian/project/FS/data/28gusui&pizang/03/43/cell_1761648207409_912349010008_21479_0100.png,thumbs/cluster_3/009_cell_1761648207409_912349010008_21479_0100.jpg
3,/home/wangqianqian/project/FS/data/28gusui&pizang/03/58/cell_1761649093880_912349010008_104515_0100.png,thumbs/cluster_3/010_cell_1761649093880_912349010008_104515_0100.jpg
3,/home/wangqianqian/project/FS/data/28gusui&pizang/03/53/cell_1761648832828_912349010008_79739_0000.png,thumbs/cluster_3/011_cell_1761648832828_912349010008_79739_0000.jpg
3,/home/wangqianqian/project/FS/data/28gusui&pizang/03/49/cell_1761648543347_912349010008_50904_0100.png,thumbs/cluster_3/012_cell_1761648543347_912349010008_50904_0100.jpg
3,/home/wangqianqian/project/FS/data/28gusui&pizang/03/48/cell_1761648490703_912349010008_46450_0000.png,thumbs/cluster_3/013_cell_1761648490703_912349010008_46450_0000.jpg
3,/home/wangqianqian/project/FS/data/28gusui&pizang/03/51/cell_1761648695204_912349010008_65930_0100.png,thumbs/cluster_3/014_cell_1761648695204_912349010008_65930_0100.jpg
3,/home/wangqianqian/project/FS/data/28gusui&pizang/03/47/cell_1761648451877_912349010008_43112_0000.png,thumbs/cluster_3/015_cell_1761648451877_912349010008_43112_0000.jpg
3,/home/wangqianqian/project/FS/data/28gusui&pizang/03/51/cell_1761648674290_912349010008_63768_0100.png,thumbs/cluster_3/016_cell_1761648674290_912349010008_63768_0100.jpg
3,/home/wangqianqian/project/FS/data/28gusui&pizang/03/54/cell_1761648845087_912349010008_80955_0000.png,thumbs/cluster_3/017_cell_1761648845087_912349010008_80955_0000.jpg
3,/home/wangqianqian/project/FS/data/28gusui&pizang/03/52/cell_1761648766876_912349010008_73093_0100.png,thumbs/cluster_3/018_cell_1761648766876_912349010008_73093_0100.jpg
3,/home/wangqianqian/project/FS/data/28gusui&pizang/03/55/cell_1761648957936_912349010008_91182_0100.png,thumbs/cluster_3/019_cell_1761648957936_912349010008_91182_0100.jpg
3,/home/wangqianqian/project/FS/data/28gusui&pizang/03/48/cell_1761648530476_912349010008_49702_0000.png,thumbs/cluster_3/020_cell_1761648530476_912349010008_49702_0000.jpg
3,/home/wangqianqian/project/FS/data/28gusui&pizang/03/54/cell_1761648873473_912349010008_83822_0000.png,thumbs/cluster_3/021_cell_1761648873473_912349010008_83822_0000.jpg
3,/home/wangqianqian/project/FS/data/28gusui&pizang/03/45/cell_1761648337764_912349010008_32698_0000.png,thumbs/cluster_3/022_cell_1761648337764_912349010008_32698_0000.jpg
3,/home/wangqianqian/project/FS/data/28gusui&pizang/03/54/cell_1761648858186_912349010008_82264_0000.png,thumbs/cluster_3/023_cell_1761648858186_912349010008_82264_0000.jpg
3,/home/wangqianqian/project/FS/data/28gusui&pizang/03/48/cell_1761648502445_912349010008_47455_0000.png,thumbs/cluster_3/024_cell_1761648502445_912349010008_47455_0000.jpg
3,/home/wangqianqian/project/FS/data/28gusui&pizang/03/55/cell_1761648946646_912349010008_90223_0000.png,thumbs/cluster_3/025_cell_1761648946646_912349010008_90223_0000.jpg
3,/home/wangqianqian/project/FS/data/28gusui&pizang/03/42/cell_1761648151539_912349010008_17313_0000.png,thumbs/cluster_3/026_cell_1761648151539_912349010008_17313_0000.jpg
3,/home/wangqianqian/project/FS/data/28gusui&pizang/03/41/cell_1761648107836_912349010008_14272_0000.png,thumbs/cluster_3/027_cell_1761648107836_912349010008_14272_0000.jpg
3,/home/wangqianqian/project/FS/data/28gusui&pizang/03/54/cell_1761648866860_912349010008_83143_0000.png,thumbs/cluster_3/028_cell_1761648866860_912349010008_83143_0000.jpg
3,/home/wangqianqian/project/FS/data/28gusui&pizang/03/52/cell_1761648764095_912349010008_72826_0100.png,thumbs/cluster_3/029_cell_1761648764095_912349010008_72826_0100.jpg
3,/home/wangqianqian/project/FS/data/28gusui&pizang/03/44/cell_1761648286996_912349010008_28413_0000.png,thumbs/cluster_3/030_cell_1761648286996_912349010008_28413_0000.jpg
3,/home/wangqianqian/project/FS/data/28gusui&pizang/03/56/cell_1761648984797_912349010008_93554_0000.png,thumbs/cluster_3/031_cell_1761648984797_912349010008_93554_0000.jpg
3,/home/wangqianqian/project/FS/data/28gusui&pizang/03/56/cell_1761649009154_912349010008_95839_0000.png,thumbs/cluster_3/032_cell_1761649009154_912349010008_95839_0000.jpg
3,/home/wangqianqian/project/FS/data/28gusui&pizang/03/52/cell_1761648763489_912349010008_72779_0000.png,thumbs/cluster_3/033_cell_1761648763489_912349010008_72779_0000.jpg
3,/home/wangqianqian/project/FS/data/28gusui&pizang/03/43/cell_1761648215332_912349010008_22115_0000.png,thumbs/cluster_3/034_cell_1761648215332_912349010008_22115_0000.jpg
3,/home/wangqianqian/project/FS/data/28gusui&pizang/03/52/cell_1761648742957_912349010008_70801_0000.png,thumbs/cluster_3/035_cell_1761648742957_912349010008_70801_0000.jpg
3,/home/wangqianqian/project/FS/data/28gusui&pizang/03/57/cell_1761649058668_912349010008_100764_0000.png,thumbs/cluster_3/036_cell_1761649058668_912349010008_100764_0000.jpg
3,/home/wangqianqian/project/FS/data/28gusui&pizang/03/50/cell_1761648632145_912349010008_59517_0100.png,thumbs/cluster_3/037_cell_1761648632145_912349010008_59517_0100.jpg
3,/home/wangqianqian/project/FS/data/28gusui&pizang/03/50/cell_1761648631111_912349010008_59412_0000.png,thumbs/cluster_3/038_cell_1761648631111_912349010008_59412_0000.jpg
3,/home/wangqianqian/project/FS/data/28gusui&pizang/03/38/cell_1761647938925_912349010008_5735_0100.png,thumbs/cluster_3/039_cell_1761647938925_912349010008_5735_0100.jpg
3,/home/wangqianqian/project/FS/data/28gusui&pizang/03/53/cell_1761648818712_912349010008_78451_0000.png,thumbs/cluster_3/040_cell_1761648818712_912349010008_78451_0000.jpg
3,/home/wangqianqian/project/FS/data/28gusui&pizang/03/52/cell_1761648754930_912349010008_71976_0000.png,thumbs/cluster_3/041_cell_1761648754930_912349010008_71976_0000.jpg
3,/home/wangqianqian/project/FS/data/28gusui&pizang/03/41/cell_1761648082476_912349010008_12699_0000.png,thumbs/cluster_3/042_cell_1761648082476_912349010008_12699_0000.jpg
3,/home/wangqianqian/project/FS/data/28gusui&pizang/03/49/cell_1761648580495_912349010008_54407_0000.png,thumbs/cluster_3/043_cell_1761648580495_912349010008_54407_0000.jpg
3,/home/wangqianqian/project/FS/data/28gusui&pizang/03/59/cell_1761649179034_912349010008_113415_0000.png,thumbs/cluster_3/044_cell_1761649179034_912349010008_113415_0000.jpg
3,/home/wangqianqian/project/FS/data/28gusui&pizang/03/50/cell_1761648653634_912349010008_61744_0100.png,thumbs/cluster_3/045_cell_1761648653634_912349010008_61744_0100.jpg
3,/home/wangqianqian/project/FS/data/28gusui&pizang/03/58/cell_1761649085281_912349010008_103504_0000.png,thumbs/cluster_3/046_cell_1761649085281_912349010008_103504_0000.jpg
3,/home/wangqianqian/project/FS/data/28gusui&pizang/03/55/cell_1761648937925_912349010008_89482_0000.png,thumbs/cluster_3/047_cell_1761648937925_912349010008_89482_0000.jpg
3,/home/wangqianqian/project/FS/data/28gusui&pizang/03/52/cell_1761648722765_912349010008_68799_0000.png,thumbs/cluster_3/048_cell_1761648722765_912349010008_68799_0000.jpg
3,/home/wangqianqian/project/FS/data/28gusui&pizang/03/51/cell_1761648691621_912349010008_65533_0100.png,thumbs/cluster_3/049_cell_1761648691621_912349010008_65533_0100.jpg
3,/home/wangqianqian/project/FS/data/28gusui&pizang/03/43/cell_1761648227507_912349010008_23056_0100.png,thumbs/cluster_3/050_cell_1761648227507_912349010008_23056_0100.jpg
3,/home/wangqianqian/project/FS/data/28gusui&pizang/03/48/cell_1761648480541_912349010008_45587_0000.png,thumbs/cluster_3/051_cell_1761648480541_912349010008_45587_0000.jpg
3,/home/wangqianqian/project/FS/data/28gusui&pizang/03/43/cell_1761648200140_912349010008_20827_0100.png,thumbs/cluster_3/052_cell_1761648200140_912349010008_20827_0100.jpg
3,/home/wangqianqian/project/FS/data/28gusui&pizang/03/51/cell_1761648715757_912349010008_68114_0000.png,thumbs/cluster_3/053_cell_1761648715757_912349010008_68114_0000.jpg
3,/home/wangqianqian/project/FS/data/28gusui&pizang/03/54/cell_1761648873355_912349010008_83804_0000.png,thumbs/cluster_3/054_cell_1761648873355_912349010008_83804_0000.jpg
3,/home/wangqianqian/project/FS/data/28gusui&pizang/03/50/cell_1761648615703_912349010008_57884_0100.png,thumbs/cluster_3/055_cell_1761648615703_912349010008_57884_0100.jpg
3,/home/wangqianqian/project/FS/data/28gusui&pizang/03/46/cell_1761648403237_912349010008_38488_0000.png,thumbs/cluster_3/056_cell_1761648403237_912349010008_38488_0000.jpg
3,/home/wangqianqian/project/FS/data/28gusui&pizang/03/44/cell_1761648264206_912349010008_26244_0000.png,thumbs/cluster_3/057_cell_1761648264206_912349010008_26244_0000.jpg
3,/home/wangqianqian/project/FS/data/28gusui&pizang/03/46/cell_1761648365811_912349010008_35258_0000.png,thumbs/cluster_3/058_cell_1761648365811_912349010008_35258_0000.jpg
3,/home/wangqianqian/project/FS/data/28gusui&pizang/03/55/cell_1761648938884_912349010008_89552_0000.png,thumbs/cluster_3/059_cell_1761648938884_912349010008_89552_0000.jpg
3,/home/wangqianqian/project/FS/data/28gusui&pizang/03/54/cell_1761648850320_912349010008_81472_0000.png,thumbs/cluster_3/060_cell_1761648850320_912349010008_81472_0000.jpg
3,/home/wangqianqian/project/FS/data/28gusui&pizang/03/54/cell_1761648847335_912349010008_81176_0000.png,thumbs/cluster_3/061_cell_1761648847335_912349010008_81176_0000.jpg
3,/home/wangqianqian/project/FS/data/28gusui&pizang/03/53/cell_1761648803812_912349010008_76923_0100.png,thumbs/cluster_3/062_cell_1761648803812_912349010008_76923_0100.jpg
3,/home/wangqianqian/project/FS/data/28gusui&pizang/03/53/cell_1761648805485_912349010008_77117_0000.png,thumbs/cluster_3/063_cell_1761648805485_912349010008_77117_0000.jpg
3,/home/wangqianqian/project/FS/data/28gusui&pizang/03/44/cell_1761648242236_912349010008_24317_0000.png,thumbs/cluster_3/064_cell_1761648242236_912349010008_24317_0000.jpg
3,/home/wangqianqian/project/FS/data/28gusui&pizang/03/52/cell_1761648772218_912349010008_73592_0000.png,thumbs/cluster_3/065_cell_1761648772218_912349010008_73592_0000.jpg
3,/home/wangqianqian/project/FS/data/28gusui&pizang/03/41/cell_1761648084761_912349010008_12857_0100.png,thumbs/cluster_3/066_cell_1761648084761_912349010008_12857_0100.jpg
3,/home/wangqianqian/project/FS/data/28gusui&pizang/03/59/cell_1761649153508_912349010008_110705_0100.png,thumbs/cluster_3/067_cell_1761649153508_912349010008_110705_0100.jpg
3,/home/wangqianqian/project/FS/data/28gusui&pizang/03/40/cell_1761648058115_912349010008_11151_0000.png,thumbs/cluster_3/068_cell_1761648058115_912349010008_11151_0000.jpg
3,/home/wangqianqian/project/FS/data/28gusui&pizang/03/50/cell_1761648611994_912349010008_57501_0000.png,thumbs/cluster_3/069_cell_1761648611994_912349010008_57501_0000.jpg
3,/home/wangqianqian/project/FS/data/28gusui&pizang/03/54/cell_1761648855393_912349010008_81978_0000.png,thumbs/cluster_3/070_cell_1761648855393_912349010008_81978_0000.jpg
3,/home/wangqianqian/project/FS/data/28gusui&pizang/03/57/cell_1761649062374_912349010008_101148_0000.png,thumbs/cluster_3/071_cell_1761649062374_912349010008_101148_0000.jpg
3,/home/wangqianqian/project/FS/data/28gusui&pizang/03/58/cell_1761649095014_912349010008_104622_0000.png,thumbs/cluster_3/072_cell_1761649095014_912349010008_104622_0000.jpg
3,/home/wangqianqian/project/FS/data/28gusui&pizang/03/54/cell_1761648877802_912349010008_84249_0000.png,thumbs/cluster_3/073_cell_1761648877802_912349010008_84249_0000.jpg
3,/home/wangqianqian/project/FS/data/28gusui&pizang/03/54/cell_1761648875901_912349010008_84056_0000.png,thumbs/cluster_3/074_cell_1761648875901_912349010008_84056_0000.jpg
3,/home/wangqianqian/project/FS/data/28gusui&pizang/03/58/cell_1761649082471_912349010008_103219_0100.png,thumbs/cluster_3/075_cell_1761649082471_912349010008_103219_0100.jpg
3,/home/wangqianqian/project/FS/data/28gusui&pizang/03/47/cell_1761648477542_912349010008_45318_0000.png,thumbs/cluster_3/076_cell_1761648477542_912349010008_45318_0000.jpg
3,/home/wangqianqian/project/FS/data/28gusui&pizang/03/44/cell_1761648276126_912349010008_27419_0000.png,thumbs/cluster_3/077_cell_1761648276126_912349010008_27419_0000.jpg
3,/home/wangqianqian/project/FS/data/28gusui&pizang/03/57/cell_1761649068178_912349010008_101759_0000.png,thumbs/cluster_3/078_cell_1761649068178_912349010008_101759_0000.jpg
3,/home/wangqianqian/project/FS/data/28gusui&pizang/03/50/cell_1761648636340_912349010008_59967_0000.png,thumbs/cluster_3/079_cell_1761648636340_912349010008_59967_0000.jpg
3,/home/wangqianqian/project/FS/data/28gusui&pizang/03/52/cell_1761648773140_912349010008_73662_0000.png,thumbs/cluster_3/080_cell_1761648773140_912349010008_73662_0000.jpg
3,/home/wangqianqian/project/FS/data/28gusui&pizang/03/57/cell_1761649070739_912349010008_101995_0100.png,thumbs/cluster_3/081_cell_1761649070739_912349010008_101995_0100.jpg
3,/home/wangqianqian/project/FS/data/28gusui&pizang/03/56/cell_1761648972166_912349010008_92447_0000.png,thumbs/cluster_3/082_cell_1761648972166_912349010008_92447_0000.jpg
3,/home/wangqianqian/project/FS/data/28gusui&pizang/03/57/cell_1761649067895_912349010008_101729_0000.png,thumbs/cluster_3/083_cell_1761649067895_912349010008_101729_0000.jpg
3,/home/wangqianqian/project/FS/data/28gusui&pizang/03/59/cell_1761649146754_912349010008_110007_0000.png,thumbs/cluster_3/084_cell_1761649146754_912349010008_110007_0000.jpg
3,/home/wangqianqian/project/FS/data/28gusui&pizang/03/46/cell_1761648362166_912349010008_34946_0000.png,thumbs/cluster_3/085_cell_1761648362166_912349010008_34946_0000.jpg
3,/home/wangqianqian/project/FS/data/28gusui&pizang/03/46/cell_1761648387846_912349010008_37188_0100.png,thumbs/cluster_3/086_cell_1761648387846_912349010008_37188_0100.jpg
3,/home/wangqianqian/project/FS/data/28gusui&pizang/03/47/cell_1761648427608_912349010008_40791_0000.png,thumbs/cluster_3/087_cell_1761648427608_912349010008_40791_0000.jpg
3,/home/wangqianqian/project/FS/data/28gusui&pizang/03/46/cell_1761648383491_912349010008_36809_0100.png,thumbs/cluster_3/088_cell_1761648383491_912349010008_36809_0100.jpg
3,/home/wangqianqian/project/FS/data/28gusui&pizang/03/47/cell_1761648425918_912349010008_40633_0000.png,thumbs/cluster_3/089_cell_1761648425918_912349010008_40633_0000.jpg
3,/home/wangqianqian/project/FS/data/28gusui&pizang/03/42/cell_1761648131319_912349010008_15823_0100.png,thumbs/cluster_3/090_cell_1761648131319_912349010008_15823_0100.jpg
3,/home/wangqianqian/project/FS/data/28gusui&pizang/03/47/cell_1761648465118_912349010008_44237_0000.png,thumbs/cluster_3/091_cell_1761648465118_912349010008_44237_0000.jpg
3,/home/wangqianqian/project/FS/data/28gusui&pizang/03/44/cell_1761648282473_912349010008_27991_0000.png,thumbs/cluster_3/092_cell_1761648282473_912349010008_27991_0000.jpg
3,/home/wangqianqian/project/FS/data/28gusui&pizang/03/55/cell_1761648924596_912349010008_88279_0000.png,thumbs/cluster_3/093_cell_1761648924596_912349010008_88279_0000.jpg
3,/home/wangqianqian/project/FS/data/28gusui&pizang/03/58/cell_1761649085427_912349010008_103514_0000.png,thumbs/cluster_3/094_cell_1761649085427_912349010008_103514_0000.jpg
3,/home/wangqianqian/project/FS/data/28gusui&pizang/03/54/cell_1761648861679_912349010008_82665_0000.png,thumbs/cluster_3/095_cell_1761648861679_912349010008_82665_0000.jpg
3,/home/wangqianqian/project/FS/data/28gusui&pizang/03/49/cell_1761648562607_912349010008_52629_0100.png,thumbs/cluster_3/096_cell_1761648562607_912349010008_52629_0100.jpg
3,/home/wangqianqian/project/FS/data/28gusui&pizang/03/42/cell_1761648130286_912349010008_15752_0000.png,thumbs/cluster_3/097_cell_1761648130286_912349010008_15752_0000.jpg
3,/home/wangqianqian/project/FS/data/28gusui&pizang/03/49/cell_1761648590396_912349010008_55333_0000.png,thumbs/cluster_3/098_cell_1761648590396_912349010008_55333_0000.jpg
3,/home/wangqianqian/project/FS/data/28gusui&pizang/03/45/cell_1761648359082_912349010008_34674_0000.png,thumbs/cluster_3/099_cell_1761648359082_912349010008_34674_0000.jpg
4,/home/wangqianqian/project/FS/data/28gusui&pizang/03/43/cell_1761648230988_912349010008_23352_0000.png,thumbs/cluster_4/000_cell_1761648230988_912349010008_23352_0000.jpg
4,/home/wangqianqian/project/FS/data/28gusui&pizang/03/40/cell_1761648030948_912349010008_9828_0000.png,thumbs/cluster_4/001_cell_1761648030948_912349010008_9828_0000.jpg
4,/home/wangqianqian/project/FS/data/28gusui&pizang/03/44/cell_1761648260144_912349010008_25886_0000.png,thumbs/cluster_4/002_cell_1761648260144_912349010008_25886_0000.jpg
4,/home/wangqianqian/project/FS/data/28gusui&pizang/03/45/cell_1761648354226_912349010008_34216_0000.png,thumbs/cluster_4/003_cell_1761648354226_912349010008_34216_0000.jpg
4,/home/wangqianqian/project/FS/data/28gusui&pizang/03/45/cell_1761648322698_912349010008_31323_0000.png,thumbs/cluster_4/004_cell_1761648322698_912349010008_31323_0000.jpg
4,/home/wangqianqian/project/FS/data/28gusui&pizang/03/58/cell_1761649124855_912349010008_107742_0000.png,thumbs/cluster_4/005_cell_1761649124855_912349010008_107742_0000.jpg
4,/home/wangqianqian/project/FS/data/28gusui&pizang/03/50/cell_1761648618386_912349010008_58153_0000.png,thumbs/cluster_4/006_cell_1761648618386_912349010008_58153_0000.jpg
4,/home/wangqianqian/project/FS/data/28gusui&pizang/03/54/cell_1761648891567_912349010008_85613_0000.png,thumbs/cluster_4/007_cell_1761648891567_912349010008_85613_0000.jpg
4,/home/wangqianqian/project/FS/data/28gusui&pizang/03/36/cell_1761647794466_912349010008_662_0000.png,thumbs/cluster_4/008_cell_1761647794466_912349010008_662_0000.jpg
4,/home/wangqianqian/project/FS/data/28gusui&pizang/03/48/cell_1761648484963_912349010008_45973_0100.png,thumbs/cluster_4/009_cell_1761648484963_912349010008_45973_0100.jpg
4,/home/wangqianqian/project/FS/data/28gusui&pizang/03/56/cell_1761648973215_912349010008_92534_0000.png,thumbs/cluster_4/010_cell_1761648973215_912349010008_92534_0000.jpg
4,/home/wangqianqian/project/FS/data/28gusui&pizang/03/45/cell_1761648329728_912349010008_31959_0100.png,thumbs/cluster_4/011_cell_1761648329728_912349010008_31959_0100.jpg
4,/home/wangqianqian/project/FS/data/28gusui&pizang/03/38/cell_1761647925154_912349010008_5173_0000.png,thumbs/cluster_4/012_cell_1761647925154_912349010008_5173_0000.jpg
4,/home/wangqianqian/project/FS/data/28gusui&pizang/03/45/cell_1761648345595_912349010008_33421_0000.png,thumbs/cluster_4/013_cell_1761648345595_912349010008_33421_0000.jpg
4,/home/wangqianqian/project/FS/data/28gusui&pizang/03/43/cell_1761648190345_912349010008_20083_0000.png,thumbs/cluster_4/014_cell_1761648190345_912349010008_20083_0000.jpg
4,/home/wangqianqian/project/FS/data/28gusui&pizang/03/44/cell_1761648278273_912349010008_27615_0100.png,thumbs/cluster_4/015_cell_1761648278273_912349010008_27615_0100.jpg
4,/home/wangqianqian/project/FS/data/28gusui&pizang/03/39/cell_1761647962272_912349010008_6681_0100.png,thumbs/cluster_4/016_cell_1761647962272_912349010008_6681_0100.jpg
4,/home/wangqianqian/project/FS/data/28gusui&pizang/03/45/cell_1761648320603_912349010008_31151_0100.png,thumbs/cluster_4/017_cell_1761648320603_912349010008_31151_0100.jpg
4,/home/wangqianqian/project/FS/data/28gusui&pizang/03/42/cell_1761648144370_912349010008_16823_0000.png,thumbs/cluster_4/018_cell_1761648144370_912349010008_16823_0000.jpg
4,/home/wangqianqian/project/FS/data/28gusui&pizang/03/39/cell_1761647961751_912349010008_6660_0000.png,thumbs/cluster_4/019_cell_1761647961751_912349010008_6660_0000.jpg
4,/home/wangqianqian/project/FS/data/28gusui&pizang/03/44/cell_1761648246055_912349010008_24678_0000.png,thumbs/cluster_4/020_cell_1761648246055_912349010008_24678_0000.jpg
4,/home/wangqianqian/project/FS/data/28gusui&pizang/03/39/cell_1761647970212_912349010008_7003_0000.png,thumbs/cluster_4/021_cell_1761647970212_912349010008_7003_0000.jpg
4,/home/wangqianqian/project/FS/data/28gusui&pizang/03/42/cell_1761648172780_912349010008_18816_0100.png,thumbs/cluster_4/022_cell_1761648172780_912349010008_18816_0100.jpg
4,/home/wangqianqian/project/FS/data/28gusui&pizang/03/46/cell_1761648397889_912349010008_38049_0000.png,thumbs/cluster_4/023_cell_1761648397889_912349010008_38049_0000.jpg
4,/home/wangqianqian/project/FS/data/28gusui&pizang/03/39/cell_1761647984153_912349010008_7552_0000.png,thumbs/cluster_4/024_cell_1761647984153_912349010008_7552_0000.jpg
4,/home/wangqianqian/project/FS/data/28gusui&pizang/03/41/cell_1761648078347_912349010008_12394_0000.png,thumbs/cluster_4/025_cell_1761648078347_912349010008_12394_0000.jpg
4,/home/wangqianqian/project/FS/data/28gusui&pizang/03/49/cell_1761648557146_912349010008_52153_0000.png,thumbs/cluster_4/026_cell_1761648557146_912349010008_52153_0000.jpg
4,/home/wangqianqian/project/FS/data/28gusui&pizang/03/49/cell_1761648576057_912349010008_53978_0000.png,thumbs/cluster_4/027_cell_1761648576057_912349010008_53978_0000.jpg
4,/home/wangqianqian/project/FS/data/28gusui&pizang/03/41/cell_1761648098177_912349010008_13737_0100.png,thumbs/cluster_4/028_cell_1761648098177_912349010008_13737_0100.jpg
4,/home/wangqianqian/project/FS/data/28gusui&pizang/03/58/cell_1761649112691_912349010008_106490_0100.png,thumbs/cluster_4/029_cell_1761649112691_912349010008_106490_0100.jpg
4,/home/wangqianqian/project/FS/data/28gusui&pizang/03/50/cell_1761648616068_912349010008_57934_0000.png,thumbs/cluster_4/030_cell_1761648616068_912349010008_57934_0000.jpg
4,/home/wangqianqian/project/FS/data/28gusui&pizang/03/40/cell_1761648047136_912349010008_10587_0000.png,thumbs/cluster_4/031_cell_1761648047136_912349010008_10587_0000.jpg
4,/home/wangqianqian/project/FS/data/28gusui&pizang/03/49/cell_1761648552399_912349010008_51697_0100.png,thumbs/cluster_4/032_cell_1761648552399_912349010008_51697_0100.jpg
4,/home/wangqianqian/project/FS/data/28gusui&pizang/03/50/cell_1761648632193_912349010008_59531_0100.png,thumbs/cluster_4/033_cell_1761648632193_912349010008_59531_0100.jpg
4,/home/wangqianqian/project/FS/data/28gusui&pizang/03/41/cell_1761648108392_912349010008_14294_0100.png,thumbs/cluster_4/034_cell_1761648108392_912349010008_14294_0100.jpg
4,/home/wangqianqian/project/FS/data/28gusui&pizang/03/56/cell_1761648974310_912349010008_92617_0100.png,thumbs/cluster_4/035_cell_1761648974310_912349010008_92617_0100.jpg
4,/home/wangqianqian/project/FS/data/28gusui&pizang/03/49/cell_1761648564170_912349010008_52803_0000.png,thumbs/cluster_4/036_cell_1761648564170_912349010008_52803_0000.jpg
4,/home/wangqianqian/project/FS/data/28gusui&pizang/03/48/cell_1761648504402_912349010008_47609_0000.png,thumbs/cluster_4/037_cell_1761648504402_912349010008_47609_0000.jpg
4,/home/wangqianqian/project/FS/data/28gusui&pizang/03/49/cell_1761648540610_912349010008_50634_0000.png,thumbs/cluster_4/038_cell_1761648540610_912349010008_50634_0000.jpg
4,/home/wangqianqian/project/FS/data/28gusui&pizang/03/53/cell_1761648833765_912349010008_79839_0100.png,thumbs/cluster_4/039_cell_1761648833765_912349010008_79839_0100.jpg
4,/home/wangqianqian/project/FS/data/28gusui&pizang/03/43/cell_1761648221024_912349010008_22537_0000.png,thumbs/cluster_4/040_cell_1761648221024_912349010008_22537_0000.jpg
4,/home/wangqianqian/project/FS/data/28gusui&pizang/03/52/cell_1761648740732_912349010008_70577_0000.png,thumbs/cluster_4/041_cell_1761648740732_912349010008_70577_0000.jpg
4,/home/wangqianqian/project/FS/data/28gusui&pizang/03/56/cell_1761648971288_912349010008_92370_0000.png,thumbs/cluster_4/042_cell_1761648971288_912349010008_92370_0000.jpg
4,/home/wangqianqian/project/FS/data/28gusui&pizang/03/57/cell_1761649059548_912349010008_100872_0100.png,thumbs/cluster_4/043_cell_1761649059548_912349010008_100872_0100.jpg
4,/home/wangqianqian/project/FS/data/28gusui&pizang/03/55/cell_1761648946468_912349010008_90211_0000.png,thumbs/cluster_4/044_cell_1761648946468_912349010008_90211_0000.jpg
4,/home/wangqianqian/project/FS/data/28gusui&pizang/03/52/cell_1761648764482_912349010008_72875_0000.png,thumbs/cluster_4/045_cell_1761648764482_912349010008_72875_0000.jpg
4,/home/wangqianqian/project/FS/data/28gusui&pizang/03/42/cell_1761648166997_912349010008_18355_0100.png,thumbs/cluster_4/046_cell_1761648166997_912349010008_18355_0100.jpg
4,/home/wangqianqian/project/FS/data/28gusui&pizang/03/51/cell_1761648667502_912349010008_63125_0000.png,thumbs/cluster_4/047_cell_1761648667502_912349010008_63125_0000.jpg
4,/home/wangqianqian/project/FS/data/28gusui&pizang/03/41/cell_1761648082458_912349010008_12694_0000.png,thumbs/cluster_4/048_cell_1761648082458_912349010008_12694_0000.jpg
4,/home/wangqianqian/project/FS/data/28gusui&pizang/03/40/cell_1761648030360_912349010008_9808_0100.png,thumbs/cluster_4/049_cell_1761648030360_912349010008_9808_0100.jpg
4,/home/wangqianqian/project/FS/data/28gusui&pizang/03/39/cell_1761647952697_912349010008_6316_0000.png,thumbs/cluster_4/050_cell_1761647952697_912349010008_6316_0000.jpg
4,/home/wangqianqian/project/FS/data/28gusui&pizang/03/54/cell_1761648856126_912349010008_82042_0100.png,thumbs/cluster_4/051_cell_1761648856126_912349010008_82042_0100.jpg
4,/home/wangqianqian/project/FS/data/28gusui&pizang/03/58/cell_1761649089163_912349010008_103966_0100.png,thumbs/cluster_4/052_cell_1761649089163_912349010008_103966_0100.jpg
4,/home/wangqianqian/project/FS/data/28gusui&pizang/03/52/cell_1761648752225_912349010008_71695_0000.png,thumbs/cluster_4/053_cell_1761648752225_912349010008_71695_0000.jpg
4,/home/wangqianqian/project/FS/data/28gusui&pizang/03/45/cell_1761648316030_912349010008_30815_0000.png,thumbs/cluster_4/054_cell_1761648316030_912349010008_30815_0000.jpg
4,/home/wangqianqian/project/FS/data/28gusui&pizang/03/50/cell_1761648604375_912349010008_56817_0000.png,thumbs/cluster_4/055_cell_1761648604375_912349010008_56817_0000.jpg
4,/home/wangqianqian/project/FS/data/28gusui&pizang/03/47/cell_1761648457472_912349010008_43579_0000.png,thumbs/cluster_4/056_cell_1761648457472_912349010008_43579_0000.jpg
4,/home/wangqianqian/project/FS/data/28gusui&pizang/03/48/cell_1761648526417_912349010008_49375_0000.png,thumbs/cluster_4/057_cell_1761648526417_912349010008_49375_0000.jpg
4,/home/wangqianqian/project/FS/data/28gusui&pizang/03/43/cell_1761648188236_912349010008_19945_0000.png,thumbs/cluster_4/058_cell_1761648188236_912349010008_19945_0000.jpg
4,/home/wangqianqian/project/FS/data/28gusui&pizang/03/54/cell_1761648851697_912349010008_81649_0000.png,thumbs/cluster_4/059_cell_1761648851697_912349010008_81649_0000.jpg
4,/home/wangqianqian/project/FS/data/28gusui&pizang/03/49/cell_1761648571421_912349010008_53525_0000.png,thumbs/cluster_4/060_cell_1761648571421_912349010008_53525_0000.jpg
4,/home/wangqianqian/project/FS/data/28gusui&pizang/03/48/cell_1761648537575_912349010008_50368_0000.png,thumbs/cluster_4/061_cell_1761648537575_912349010008_50368_0000.jpg
4,/home/wangqianqian/project/FS/data/28gusui&pizang/03/42/cell_1761648169129_912349010008_18549_0100.png,thumbs/cluster_4/062_cell_1761648169129_912349010008_18549_0100.jpg
4,/home/wangqianqian/project/FS/data/28gusui&pizang/03/59/cell_1761649140544_912349010008_109353_0000.png,thumbs/cluster_4/063_cell_1761649140544_912349010008_109353_0000.jpg
4,/home/wangqianqian/project/FS/data/28gusui&pizang/03/43/cell_1761648184907_912349010008_19685_0100.png,thumbs/cluster_4/064_cell_1761648184907_912349010008_19685_0100.jpg
4,/home/wangqianqian/project/FS/data/28gusui&pizang/03/50/cell_1761648647535_912349010008_61119_0100.png,thumbs/cluster_4/065_cell_1761648647535_912349010008_61119_0100.jpg
4,/home/wangqianqian/project/FS/data/28gusui&pizang/03/55/cell_1761648920327_912349010008_87888_0000.png,thumbs/cluster_4/066_cell_1761648920327_912349010008_87888_0000.jpg
4,/home/wangqianqian/project/FS/data/28gusui&pizang/03/45/cell_1761648337335_912349010008_32669_0100.png,thumbs/cluster_4/067_cell_1761648337335_912349010008_32669_0100.jpg
4,/home/wangqianqian/project/FS/data/28gusui&pizang/03/55/cell_1761648952824_912349010008_90726_0000.png,thumbs/cluster_4/068_cell_1761648952824_912349010008_90726_0000.jpg
4,/home/wangqianqian/project/FS/data/28gusui&pizang/03/56/cell_1761649008533_912349010008_95788_0100.png,thumbs/cluster_4/069_cell_1761649008533_912349010008_95788_0100.jpg
4,/home/wangqianqian/project/FS/data/28gusui&pizang/03/52/cell_1761648736428_912349010008_70100_0000.png,thumbs/cluster_4/070_cell_1761648736428_912349010008_70100_0000.jpg
4,/home/wangqianqian/project/FS/data/28gusui&pizang/03/44/cell_1761648270277_912349010008_26820_0000.png,thumbs/cluster_4/071_cell_1761648270277_912349010008_26820_0000.jpg
4,/home/wangqianqian/project/FS/data/28gusui&pizang/03/57/cell_1761649031020_912349010008_97910_0000.png,thumbs/cluster_4/072_cell_1761649031020_912349010008_97910_0000.jpg
4,/home/wangqianqian/project/FS/data/28gusui&pizang/03/52/cell_1761648747791_912349010008_71272_0000.png,thumbs/cluster_4/073_cell_1761648747791_912349010008_71272_0000.jpg
4,/home/wangqianqian/project/FS/data/28gusui&pizang/03/43/cell_1761648195066_912349010008_20445_0000.png,thumbs/cluster_4/074_cell_1761648195066_912349010008_20445_0000.jpg
4,/home/wangqianqian/project/FS/data/28gusui&pizang/03/43/cell_1761648212410_912349010008_21911_0000.png,thumbs/cluster_4/075_cell_1761648212410_912349010008_21911_0000.jpg
4,/home/wangqianqian/project/FS/data/28gusui&pizang/03/50/cell_1761648638844_912349010008_60209_0000.png,thumbs/cluster_4/076_cell_1761648638844_912349010008_60209_0000.jpg
4,/home/wangqianqian/project/FS/data/28gusui&pizang/03/57/cell_1761649037130_912349010008_98491_0000.png,thumbs/cluster_4/077_cell_1761649037130_912349010008_98491_0000.jpg
4,/home/wangqianqian/project/FS/data/28gusui&pizang/03/53/cell_1761648823908_912349010008_78920_0100.png,thumbs/cluster_4/078_cell_1761648823908_912349010008_78920_0100.jpg
4,/home/wangqianqian/project/FS/data/28gusui&pizang/03/39/cell_1761647972349_912349010008_7099_0100.png,thumbs/cluster_4/079_cell_1761647972349_912349010008_7099_0100.jpg
4,/home/wangqianqian/project/FS/data/28gusui&pizang/03/44/cell_1761648276008_912349010008_27409_0000.png,thumbs/cluster_4/080_cell_1761648276008_912349010008_27409_0000.jpg
4,/home/wangqianqian/project/FS/data/28gusui&pizang/03/50/cell_1761648651187_912349010008_61480_0100.png,thumbs/cluster_4/081_cell_1761648651187_912349010008_61480_0100.jpg
4,/home/wangqianqian/project/FS/data/28gusui&pizang/03/55/cell_1761648928620_912349010008_88679_0000.png,thumbs/cluster_4/082_cell_1761648928620_912349010008_88679_0000.jpg
4,/home/wangqianqian/project/FS/data/28gusui&pizang/03/58/cell_1761649080379_912349010008_102983_0000.png,thumbs/cluster_4/083_cell_1761649080379_912349010008_102983_0000.jpg
4,/home/wangqianqian/project/FS/data/28gusui&pizang/03/41/cell_1761648116845_912349010008_14838_0000.png,thumbs/cluster_4/084_cell_1761648116845_912349010008_14838_0000.jpg
4,/home/wangqianqian/project/FS/data/28gusui&pizang/03/59/cell_1761649179096_912349010008_113424_0000.png,thumbs/cluster_4/085_cell_1761649179096_912349010008_113424_0000.jpg
4,/home/wangqianqian/project/FS/data/28gusui&pizang/03/56/cell_1761648966519_912349010008_91909_0100.png,thumbs/cluster_4/086_cell_1761648966519_912349010008_91909_0100.jpg
4,/home/wangqianqian/project/FS/data/28gusui&pizang/03/42/cell_1761648135029_912349010008_16130_0000.png,thumbs/cluster_4/087_cell_1761648135029_912349010008_16130_0000.jpg
4,/home/wangqianqian/project/FS/data/28gusui&pizang/03/40/cell_1761648003203_912349010008_8384_0100.png,thumbs/cluster_4/088_cell_1761648003203_912349010008_8384_0100.jpg
4,/home/wangqianqian/project/FS/data/28gusui&pizang/03/54/cell_1761648858550_912349010008_82303_0100.png,thumbs/cluster_4/089_cell_1761648858550_912349010008_82303_0100.jpg
4,/home/wangqianqian/project/FS/data/28gusui&pizang/03/45/cell_1761648327493_912349010008_31742_0000.png,thumbs/cluster_4/090_cell_1761648327493_912349010008_31742_0000.jpg
4,/home/wangqianqian/project/FS/data/28gusui&pizang/03/55/cell_1761648925541_912349010008_88379_0000.png,thumbs/cluster_4/091_cell_1761648925541_912349010008_88379_0000.jpg
4,/home/wangqianqian/project/FS/data/28gusui&pizang/03/47/cell_1761648451022_912349010008_43029_0100.png,thumbs/cluster_4/092_cell_1761648451022_912349010008_43029_0100.jpg
4,/home/wangqianqian/project/FS/data/28gusui&pizang/03/48/cell_1761648503053_912349010008_47505_0000.png,thumbs/cluster_4/093_cell_1761648503053_912349010008_47505_0000.jpg
4,/home/wangqianqian/project/FS/data/28gusui&pizang/03/47/cell_1761648464762_912349010008_44203_0100.png,thumbs/cluster_4/094_cell_1761648464762_912349010008_44203_0100.jpg
4,/home/wangqianqian/project/FS/data/28gusui&pizang/03/54/cell_1761648860720_912349010008_82568_0000.png,thumbs/cluster_4/095_cell_1761648860720_912349010008_82568_0000.jpg
4,/home/wangqianqian/project/FS/data/28gusui&pizang/03/45/cell_1761648334782_912349010008_32434_0100.png,thumbs/cluster_4/096_cell_1761648334782_912349010008_32434_0100.jpg
4,/home/wangqianqian/project/FS/data/28gusui&pizang/03/43/cell_1761648239575_912349010008_24089_0000.png,thumbs/cluster_4/097_cell_1761648239575_912349010008_24089_0000.jpg
4,/home/wangqianqian/project/FS/data/28gusui&pizang/03/43/cell_1761648235324_912349010008_23705_0100.png,thumbs/cluster_4/098_cell_1761648235324_912349010008_23705_0100.jpg
4,/home/wangqianqian/project/FS/data/28gusui&pizang/03/42/cell_1761648172995_912349010008_18828_0100.png,thumbs/cluster_4/099_cell_1761648172995_912349010008_18828_0100.jpg
5,/home/wangqianqian/project/FS/data/28gusui&pizang/03/44/cell_1761648265128_912349010008_26344_0100.png,thumbs/cluster_5/000_cell_1761648265128_912349010008_26344_0100.jpg
5,/home/wangqianqian/project/FS/data/28gusui&pizang/03/50/cell_1761648659456_912349010008_62345_0000.png,thumbs/cluster_5/001_cell_1761648659456_912349010008_62345_0000.jpg
5,/home/wangqianqian/project/FS/data/28gusui&pizang/03/39/cell_1761647999163_912349010008_8180_0100.png,thumbs/cluster_5/002_cell_1761647999163_912349010008_8180_0100.jpg
5,/home/wangqianqian/project/FS/data/28gusui&pizang/03/50/cell_1761648644695_912349010008_60788_0100.png,thumbs/cluster_5/003_cell_1761648644695_912349010008_60788_0100.jpg
5,/home/wangqianqian/project/FS/data/28gusui&pizang/03/56/cell_1761648971317_912349010008_92375_0100.png,thumbs/cluster_5/004_cell_1761648971317_912349010008_92375_0100.jpg
5,/home/wangqianqian/project/FS/data/28gusui&pizang/03/58/cell_1761649109643_912349010008_106121_0000.png,thumbs/cluster_5/005_cell_1761649109643_912349010008_106121_0000.jpg
5,/home/wangqianqian/project/FS/data/28gusui&pizang/03/44/cell_1761648269358_912349010008_26730_0000.png,thumbs/cluster_5/006_cell_1761648269358_912349010008_26730_0000.jpg
5,/home/wangqianqian/project/FS/data/28gusui&pizang/03/56/cell_1761648981957_912349010008_93300_0000.png,thumbs/cluster_5/007_cell_1761648981957_912349010008_93300_0000.jpg
5,/home/wangqianqian/project/FS/data/28gusui&pizang/03/47/cell_1761648428182_912349010008_40850_0100.png,thumbs/cluster_5/008_cell_1761648428182_912349010008_40850_0100.jpg
5,/home/wangqianqian/project/FS/data/28gusui&pizang/03/46/cell_1761648396981_912349010008_37983_0100.png,thumbs/cluster_5/009_cell_1761648396981_912349010008_37983_0100.jpg
5,/home/wangqianqian/project/FS/data/28gusui&pizang/03/45/cell_1761648306568_912349010008_30032_0100.png,thumbs/cluster_5/010_cell_1761648306568_912349010008_30032_0100.jpg
5,/home/wangqianqian/project/FS/data/28gusui&pizang/03/40/cell_1761648001886_912349010008_8322_0000.png,thumbs/cluster_5/011_cell_1761648001886_912349010008_8322_0000.jpg
5,/home/wangqianqian/project/FS/data/28gusui&pizang/03/54/cell_1761648881196_912349010008_84590_0100.png,thumbs/cluster_5/012_cell_1761648881196_912349010008_84590_0100.jpg
5,/home/wangqianqian/project/FS/data/28gusui&pizang/03/50/cell_1761648614120_912349010008_57720_0100.png,thumbs/cluster_5/013_cell_1761648614120_912349010008_57720_0100.jpg
5,/home/wangqianqian/project/FS/data/28gusui&pizang/03/46/cell_1761648363573_912349010008_35067_0000.png,thumbs/cluster_5/014_cell_1761648363573_912349010008_35067_0000.jpg
5,/home/wangqianqian/project/FS/data/28gusui&pizang/03/42/cell_1761648132365_912349010008_15922_0000.png,thumbs/cluster_5/015_cell_1761648132365_912349010008_15922_0000.jpg
5,/home/wangqianqian/project/FS/data/28gusui&pizang/03/41/cell_1761648080085_912349010008_12532_0100.png,thumbs/cluster_5/016_cell_1761648080085_912349010008_12532_0100.jpg
5,/home/wangqianqian/project/FS/data/28gusui&pizang/03/48/cell_1761648519939_912349010008_48831_0000.png,thumbs/cluster_5/017_cell_1761648519939_912349010008_48831_0000.jpg
5,/home/wangqianqian/project/FS/data/28gusui&pizang/03/57/cell_1761649078735_912349010008_102819_0000.png,thumbs/cluster_5/018_cell_1761649078735_912349010008_102819_0000.jpg
5,/home/wangqianqian/project/FS/data/28gusui&pizang/03/58/cell_1761649139907_912349010008_109281_0000.png,thumbs/cluster_5/019_cell_1761649139907_912349010008_109281_0000.jpg
5,/home/wangqianqian/project/FS/data/28gusui&pizang/03/44/cell_1761648283629_912349010008_28094_0100.png,thumbs/cluster_5/020_cell_1761648283629_912349010008_28094_0100.jpg
5,/home/wangqianqian/project/FS/data/28gusui&pizang/03/39/cell_1761647945333_912349010008_6016_0000.png,thumbs/cluster_5/021_cell_1761647945333_912349010008_6016_0000.jpg
5,/home/wangqianqian/project/FS/data/28gusui&pizang/03/46/cell_1761648380158_912349010008_36527_0100.png,thumbs/cluster_5/022_cell_1761648380158_912349010008_36527_0100.jpg
5,/home/wangqianqian/project/FS/data/28gusui&pizang/03/53/cell_1761648806505_912349010008_77212_0100.png,thumbs/cluster_5/023_cell_1761648806505_912349010008_77212_0100.jpg
5,/home/wangqianqian/project/FS/data/28gusui&pizang/03/45/cell_1761648312807_912349010008_30550_0100.png,thumbs/cluster_5/024_cell_1761648312807_912349010008_30550_0100.jpg
5,/home/wangqianqian/project/FS/data/28gusui&pizang/03/36/cell_1761647789239_912349010008_580_0000.png,thumbs/cluster_5/025_cell_1761647789239_912349010008_580_0000.jpg
5,/home/wangqianqian/project/FS/data/28gusui&pizang/03/55/cell_1761648928068_912349010008_88635_0000.png,thumbs/cluster_5/026_cell_1761648928068_912349010008_88635_0000.jpg
5,/home/wangqianqian/project/FS/data/28gusui&pizang/03/49/cell_1761648564141_912349010008_52797_0000.png,thumbs/cluster_5/027_cell_1761648564141_912349010008_52797_0000.jpg
5,/home/wangqianqian/project/FS/data/28gusui&pizang/03/44/cell_1761648271423_912349010008_26939_0000.png,thumbs/cluster_5/028_cell_1761648271423_912349010008_26939_0000.jpg
5,/home/wangqianqian/project/FS/data/28gusui&pizang/03/54/cell_1761648877382_912349010008_84217_0000.png,thumbs/cluster_5/029_cell_1761648877382_912349010008_84217_0000.jpg
5,/home/wangqianqian/project/FS/data/28gusui&pizang/03/49/cell_1761648594918_912349010008_55842_0000.png,thumbs/cluster_5/030_cell_1761648594918_912349010008_55842_0000.jpg
5,/home/wangqianqian/project/FS/data/28gusui&pizang/03/45/cell_1761648312665_912349010008_30535_0000.png,thumbs/cluster_5/031_cell_1761648312665_912349010008_30535_0000.jpg
5,/home/wangqianqian/project/FS/data/28gusui&pizang/03/52/cell_1761648737734_912349010008_70258_0100.png,thumbs/cluster_5/032_cell_1761648737734_912349010008_70258_0100.jpg
5,/home/wangqianqian/project/FS/data/28gusui&pizang/03/47/cell_1761648468107_912349010008_44481_0100.png,thumbs/cluster_5/033_cell_1761648468107_912349010008_44481_0100.jpg
5,/home/wangqianqian/project/FS/data/28gusui&pizang/03/53/cell_1761648815782_912349010008_78150_0000.png,thumbs/cluster_5/034_cell_1761648815782_912349010008_78150_0000.jpg
5,/home/wangqianqian/project/FS/data/28gusui&pizang/03/44/cell_1761648255855_912349010008_25535_0100.png,thumbs/cluster_5/035_cell_1761648255855_912349010008_25535_0100.jpg
5,/home/wangqianqian/project/FS/data/28gusui&pizang/03/58/cell_1761649137305_912349010008_109017_0100.png,thumbs/cluster_5/036_cell_1761649137305_912349010008_109017_0100.jpg
5,/home/wangqianqian/project/FS/data/28gusui&pizang/03/49/cell_1761648597821_912349010008_56177_0000.png,thumbs/cluster_5/037_cell_1761648597821_912349010008_56177_0000.jpg
5,/home/wangqianqian/project/FS/data/28gusui&pizang/03/54/cell_1761648842829_912349010008_80705_0000.png,thumbs/cluster_5/038_cell_1761648842829_912349010008_80705_0000.jpg
5,/home/wangqianqian/project/FS/data/28gusui&pizang/03/55/cell_1761648901479_912349010008_86422_0000.png,thumbs/cluster_5/039_cell_1761648901479_912349010008_86422_0000.jpg
5,/home/wangqianqian/project/FS/data/28gusui&pizang/03/58/cell_1761649128029_912349010008_108064_0000.png,thumbs/cluster_5/040_cell_1761649128029_912349010008_108064_0000.jpg
5,/home/wangqianqian/project/FS/data/28gusui&pizang/03/40/cell_1761648019860_912349010008_9227_0000.png,thumbs/cluster_5/041_cell_1761648019860_912349010008_9227_0000.jpg
5,/home/wangqianqian/project/FS/data/28gusui&pizang/03/39/cell_1761647978632_912349010008_7331_0000.png,thumbs/cluster_5/042_cell_1761647978632_912349010008_7331_0000.jpg
5,/home/wangqianqian/project/FS/data/28gusui&pizang/03/58/cell_1761649123440_912349010008_107589_0000.png,thumbs/cluster_5/043_cell_1761649123440_912349010008_107589_0000.jpg
5,/home/wangqianqian/project/FS/data/28gusui&pizang/03/56/cell_1761649001381_912349010008_95127_0000.png,thumbs/cluster_5/044_cell_1761649001381_912349010008_95127_0000.jpg
5,/home/wangqianqian/project/FS/data/28gusui&pizang/03/44/cell_1761648283303_912349010008_28055_0000.png,thumbs/cluster_5/045_cell_1761648283303_912349010008_28055_0000.jpg
5,/home/wangqianqian/project/FS/data/28gusui&pizang/03/44/cell_1761648253170_912349010008_25306_0100.png,thumbs/cluster_5/046_cell_1761648253170_912349010008_25306_0100.jpg
5,/home/wangqianqian/project/FS/data/28gusui&pizang/03/57/cell_1761649034477_912349010008_98222_0000.png,thumbs/cluster_5/047_cell_1761649034477_912349010008_98222_0000.jpg
5,/home/wangqianqian/project/FS/data/28gusui&pizang/03/45/cell_1761648301961_912349010008_29631_0000.png,thumbs/cluster_5/048_cell_1761648301961_912349010008_29631_0000.jpg
5,/home/wangqianqian/project/FS/data/28gusui&pizang/03/40/cell_1761648009231_912349010008_8684_0100.png,thumbs/cluster_5/049_cell_1761648009231_912349010008_8684_0100.jpg
5,/home/wangqianqian/project/FS/data/28gusui&pizang/03/59/cell_1761649145243_912349010008_109857_0100.png,thumbs/cluster_5/050_cell_1761649145243_912349010008_109857_0100.jpg
5,/home/wangqianqian/project/FS/data/28gusui&pizang/03/48/cell_1761648490854_912349010008_46461_0000.png,thumbs/cluster_5/051_cell_1761648490854_912349010008_46461_0000.jpg
5,/home/wangqianqian/project/FS/data/28gusui&pizang/03/40/cell_1761648014636_912349010008_8957_0100.png,thumbs/cluster_5/052_cell_1761648014636_912349010008_8957_0100.jpg
5,/home/wangqianqian/project/FS/data/28gusui&pizang/03/46/cell_1761648404286_912349010008_38599_0000.png,thumbs/cluster_5/053_cell_1761648404286_912349010008_38599_0000.jpg
5,/home/wangqianqian/project/FS/data/28gusui&pizang/03/51/cell_1761648683225_912349010008_64699_0100.png,thumbs/cluster_5/054_cell_1761648683225_912349010008_64699_0100.jpg
5,/home/wangqianqian/project/FS/data/28gusui&pizang/03/51/cell_1761648686715_912349010008_65052_0100.png,thumbs/cluster_5/055_cell_1761648686715_912349010008_65052_0100.jpg
5,/home/wangqianqian/project/FS/data/28gusui&pizang/03/58/cell_1761649130555_912349010008_108324_0000.png,thumbs/cluster_5/056_cell_1761649130555_912349010008_108324_0000.jpg
5,/home/wangqianqian/project/FS/data/28gusui&pizang/03/56/cell_1761648998162_912349010008_94827_0100.png,thumbs/cluster_5/057_cell_1761648998162_912349010008_94827_0100.jpg
5,/home/wangqianqian/project/FS/data/28gusui&pizang/03/44/cell_1761648292183_912349010008_28853_0000.png,thumbs/cluster_5/058_cell_1761648292183_912349010008_28853_0000.jpg
5,/home/wangqianqian/project/FS/data/28gusui&pizang/03/55/cell_1761648953042_912349010008_90743_0000.png,thumbs/cluster_5/059_cell_1761648953042_912349010008_90743_0000.jpg
5,/home/wangqianqian/project/FS/data/28gusui&pizang/03/48/cell_1761648505789_912349010008_47721_0100.png,thumbs/cluster_5/060_cell_1761648505789_912349010008_47721_0100.jpg
5,/home/wangqianqian/project/FS/data/28gusui&pizang/03/50/cell_1761648600710_912349010008_56454_0100.png,thumbs/cluster_5/061_cell_1761648600710_912349010008_56454_0100.jpg
5,/home/wangqianqian/project/FS/data/28gusui&pizang/03/51/cell_1761648698764_912349010008_66311_0000.png,thumbs/cluster_5/062_cell_1761648698764_912349010008_66311_0000.jpg
5,/home/wangqianqian/project/FS/data/28gusui&pizang/03/58/cell_1761649113377_912349010008_106565_0100.png,thumbs/cluster_5/063_cell_1761649113377_912349010008_106565_0100.jpg
5,/home/wangqianqian/project/FS/data/28gusui&pizang/03/54/cell_1761648857556_912349010008_82186_0000.png,thumbs/cluster_5/064_cell_1761648857556_912349010008_82186_0000.jpg
5,/home/wangqianqian/project/FS/data/28gusui&pizang/03/44/cell_1761648269635_912349010008_26753_0000.png,thumbs/cluster_5/065_cell_1761648269635_912349010008_26753_0000.jpg
5,/home/wangqianqian/project/FS/data/28gusui&pizang/03/49/cell_1761648579017_912349010008_54246_0000.png,thumbs/cluster_5/066_cell_1761648579017_912349010008_54246_0000.jpg
5,/home/wangqianqian/project/FS/data/28gusui&pizang/03/49/cell_1761648589846_912349010008_55272_0100.png,thumbs/cluster_5/067_cell_1761648589846_912349010008_55272_0100.jpg
5,/home/wangqianqian/project/FS/data/28gusui&pizang/03/42/cell_1761648123755_912349010008_15309_0000.png,thumbs/cluster_5/068_cell_1761648123755_912349010008_15309_0000.jpg
5,/home/wangqianqian/project/FS/data/28gusui&pizang/03/55/cell_1761648915947_912349010008_87550_0100.png,thumbs/cluster_5/069_cell_1761648915947_912349010008_87550_0100.jpg
5,/home/wangqianqian/project/FS/data/28gusui&pizang/03/47/cell_1761648466397_912349010008_44363_0000.png,thumbs/cluster_5/070_cell_1761648466397_912349010008_44363_0000.jpg
5,/home/wangqianqian/project/FS/data/28gusui&pizang/03/56/cell_1761648971918_912349010008_92436_0100.png,thumbs/cluster_5/071_cell_1761648971918_912349010008_92436_0100.jpg
5,/home/wangqianqian/project/FS/data/28gusui&pizang/03/45/cell_1761648314607_912349010008_30698_0000.png,thumbs/cluster_5/072_cell_1761648314607_912349010008_30698_0000.jpg
5,/home/wangqianqian/project/FS/data/28gusui&pizang/03/38/cell_1761647899607_912349010008_4433_0100.png,thumbs/cluster_5/073_cell_1761647899607_912349010008_4433_0100.jpg
5,/home/wangqianqian/project/FS/data/28gusui&pizang/03/45/cell_1761648314776_912349010008_30714_0100.png,thumbs/cluster_5/074_cell_1761648314776_912349010008_30714_0100.jpg
5,/home/wangqianqian/project/FS/data/28gusui&pizang/03/45/cell_1761648314023_912349010008_30653_0100.png,thumbs/cluster_5/075_cell_1761648314023_912349010008_30653_0100.jpg
5,/home/wangqianqian/project/FS/data/28gusui&pizang/03/53/cell_1761648783992_912349010008_74702_0100.png,thumbs/cluster_5/076_cell_1761648783992_912349010008_74702_0100.jpg
5,/home/wangqianqian/project/FS/data/28gusui&pizang/03/46/cell_1761648407439_912349010008_38863_0100.png,thumbs/cluster_5/077_cell_1761648407439_912349010008_38863_0100.jpg
5,/home/wangqianqian/project/FS/data/28gusui&pizang/03/59/cell_1761649169399_912349010008_112412_0000.png,thumbs/cluster_5/078_cell_1761649169399_912349010008_112412_0000.jpg
5,/home/wangqianqian/project/FS/data/28gusui&pizang/03/40/cell_1761648059662_912349010008_11253_0100.png,thumbs/cluster_5/079_cell_1761648059662_912349010008_11253_0100.jpg
5,/home/wangqianqian/project/FS/data/28gusui&pizang/03/41/cell_1761648074519_912349010008_12123_0000.png,thumbs/cluster_5/080_cell_1761648074519_912349010008_12123_0000.jpg
5,/home/wangqianqian/project/FS/data/28gusui&pizang/03/52/cell_1761648756412_912349010008_72113_0000.png,thumbs/cluster_5/081_cell_1761648756412_912349010008_72113_0000.jpg
5,/home/wangqianqian/project/FS/data/28gusui&pizang/03/40/cell_1761648058022_912349010008_11146_0100.png,thumbs/cluster_5/082_cell_1761648058022_912349010008_11146_0100.jpg
5,/home/wangqianqian/project/FS/data/28gusui&pizang/03/43/cell_1761648223654_912349010008_22725_0000.png,thumbs/cluster_5/083_cell_1761648223654_912349010008_22725_0000.jpg
5,/home/wangqianqian/project/FS/data/28gusui&pizang/03/53/cell_1761648835204_912349010008_79965_0000.png,thumbs/cluster_5/084_cell_1761648835204_912349010008_79965_0000.jpg
5,/home/wangqianqian/project/FS/data/28gusui&pizang/03/48/cell_1761648500621_912349010008_47271_0000.png,thumbs/cluster_5/085_cell_1761648500621_912349010008_47271_0000.jpg
5,/home/wangqianqian/project/FS/data/28gusui&pizang/03/53/cell_1761648810786_912349010008_77674_0100.png,thumbs/cluster_5/086_cell_1761648810786_912349010008_77674_0100.jpg
5,/home/wangqianqian/project/FS/data/28gusui&pizang/03/58/cell_1761649098033_912349010008_104924_0000.png,thumbs/cluster_5/087_cell_1761649098033_912349010008_104924_0000.jpg
5,/home/wangqianqian/project/FS/data/28gusui&pizang/03/59/cell_1761649178279_912349010008_113347_0000.png,thumbs/cluster_5/088_cell_1761649178279_912349010008_113347_0000.jpg
5,/home/wangqianqian/project/FS/data/28gusui&pizang/03/44/cell_1761648292375_912349010008_28867_0000.png,thumbs/cluster_5/089_cell_1761648292375_912349010008_28867_0000.jpg
5,/home/wangqianqian/project/FS/data/28gusui&pizang/03/38/cell_1761647914626_912349010008_4873_0000.png,thumbs/cluster_5/090_cell_1761647914626_912349010008_4873_0000.jpg
5,/home/wangqianqian/project/FS/data/28gusui&pizang/03/51/cell_1761648696097_912349010008_66012_0100.png,thumbs/cluster_5/091_cell_1761648696097_912349010008_66012_0100.jpg
5,/home/wangqianqian/project/FS/data/28gusui&pizang/03/58/cell_1761649133033_912349010008_108576_0000.png,thumbs/cluster_5/092_cell_1761649133033_912349010008_108576_0000.jpg
5,/home/wangqianqian/project/FS/data/28gusui&pizang/03/55/cell_1761648926841_912349010008_88531_0100.png,thumbs/cluster_5/093_cell_1761648926841_912349010008_88531_0100.jpg
5,/home/wangqianqian/project/FS/data/28gusui&pizang/03/50/cell_1761648659588_912349010008_62359_0100.png,thumbs/cluster_5/094_cell_1761648659588_912349010008_62359_0100.jpg
5,/home/wangqianqian/project/FS/data/28gusui&pizang/03/42/cell_1761648172540_912349010008_18780_0000.png,thumbs/cluster_5/095_cell_1761648172540_912349010008_18780_0000.jpg
5,/home/wangqianqian/project/FS/data/28gusui&pizang/03/49/cell_1761648593223_912349010008_55615_0000.png,thumbs/cluster_5/096_cell_1761648593223_912349010008_55615_0000.jpg
5,/home/wangqianqian/project/FS/data/28gusui&pizang/03/40/cell_1761648032851_912349010008_9933_0100.png,thumbs/cluster_5/097_cell_1761648032851_912349010008_9933_0100.jpg
5,/home/wangqianqian/project/FS/data/28gusui&pizang/03/51/cell_1761648694928_912349010008_65908_0000.png,thumbs/cluster_5/098_cell_1761648694928_912349010008_65908_0000.jpg
5,/home/wangqianqian/project/FS/data/28gusui&pizang/03/46/cell_1761648385125_912349010008_36947_0000.png,thumbs/cluster_5/099_cell_1761648385125_912349010008_36947_0000.jpg
6,/home/wangqianqian/project/FS/data/28gusui&pizang/03/47/cell_1761648439710_912349010008_42033_0100.png,thumbs/cluster_6/000_cell_1761648439710_912349010008_42033_0100.jpg
6,/home/wangqianqian/project/FS/data/28gusui&pizang/03/41/cell_1761648099858_912349010008_13831_0100.png,thumbs/cluster_6/001_cell_1761648099858_912349010008_13831_0100.jpg
6,/home/wangqianqian/project/FS/data/28gusui&pizang/03/53/cell_1761648795369_912349010008_75976_0000.png,thumbs/cluster_6/002_cell_1761648795369_912349010008_75976_0000.jpg
6,/home/wangqianqian/project/FS/data/28gusui&pizang/03/41/cell_1761648105611_912349010008_14152_0100.png,thumbs/cluster_6/003_cell_1761648105611_912349010008_14152_0100.jpg
6,/home/wangqianqian/project/FS/data/28gusui&pizang/03/52/cell_1761648771470_912349010008_73528_0100.png,thumbs/cluster_6/004_cell_1761648771470_912349010008_73528_0100.jpg
6,/home/wangqianqian/project/FS/data/28gusui&pizang/03/41/cell_1761648111061_912349010008_14454_0000.png,thumbs/cluster_6/005_cell_1761648111061_912349010008_14454_0000.jpg
6,/home/wangqianqian/project/FS/data/28gusui&pizang/03/41/cell_1761648117037_912349010008_14847_0000.png,thumbs/cluster_6/006_cell_1761648117037_912349010008_14847_0000.jpg
6,/home/wangqianqian/project/FS/data/28gusui&pizang/03/54/cell_1761648896893_912349010008_86054_0100.png,thumbs/cluster_6/007_cell_1761648896893_912349010008_86054_0100.jpg
6,/home/wangqianqian/project/FS/data/28gusui&pizang/03/55/cell_1761648937348_912349010008_89439_0000.png,thumbs/cluster_6/008_cell_1761648937348_912349010008_89439_0000.jpg
6,/home/wangqianqian/project/FS/data/28gusui&pizang/03/52/cell_1761648729030_912349010008_69386_0000.png,thumbs/cluster_6/009_cell_1761648729030_912349010008_69386_0000.jpg
6,/home/wangqianqian/project/FS/data/28gusui&pizang/03/58/cell_1761649091727_912349010008_104272_0000.png,thumbs/cluster_6/010_cell_1761649091727_912349010008_104272_0000.jpg
6,/home/wangqianqian/project/FS/data/28gusui&pizang/03/58/cell_1761649127212_912349010008_107972_0100.png,thumbs/cluster_6/011_cell_1761649127212_912349010008_107972_0100.jpg
6,/home/wangqianqian/project/FS/data/28gusui&pizang/03/58/cell_1761649093384_912349010008_104455_0000.png,thumbs/cluster_6/012_cell_1761649093384_912349010008_104455_0000.jpg
6,/home/wangqianqian/project/FS/data/28gusui&pizang/03/41/cell_1761648098426_912349010008_13753_0000.png,thumbs/cluster_6/013_cell_1761648098426_912349010008_13753_0000.jpg
6,/home/wangqianqian/project/FS/data/28gusui&pizang/03/53/cell_1761648809659_912349010008_77561_0100.png,thumbs/cluster_6/014_cell_1761648809659_912349010008_77561_0100.jpg
6,/home/wangqianqian/project/FS/data/28gusui&pizang/03/52/cell_1761648754653_912349010008_71949_0000.png,thumbs/cluster_6/015_cell_1761648754653_912349010008_71949_0000.jpg
6,/home/wangqianqian/project/FS/data/28gusui&pizang/03/57/cell_1761649044894_912349010008_99315_0100.png,thumbs/cluster_6/016_cell_1761649044894_912349010008_99315_0100.jpg
6,/home/wangqianqian/project/FS/data/28gusui&pizang/03/48/cell_1761648483307_912349010008_45829_0100.png,thumbs/cluster_6/017_cell_1761648483307_912349010008_45829_0100.jpg
6,/home/wangqianqian/project/FS/data/28gusui&pizang/03/45/cell_1761648310047_912349010008_30327_0000.png,thumbs/cluster_6/018_cell_1761648310047_912349010008_30327_0000.jpg
6,/home/wangqianqian/project/FS/data/28gusui&pizang/03/39/cell_1761647975214_912349010008_7225_0000.png,thumbs/cluster_6/019_cell_1761647975214_912349010008_7225_0000.jpg
6,/home/wangqianqian/project/FS/data/28gusui&pizang/03/41/cell_1761648064698_912349010008_11553_0100.png,thumbs/cluster_6/020_cell_1761648064698_912349010008_11553_0100.jpg
6,/home/wangqianqian/project/FS/data/28gusui&pizang/03/58/cell_1761649082783_912349010008_103258_0000.png,thumbs/cluster_6/021_cell_1761649082783_912349010008_103258_0000.jpg
6,/home/wangqianqian/project/FS/data/28gusui&pizang/03/50/cell_1761648651630_912349010008_61542_0100.png,thumbs/cluster_6/022_cell_1761648651630_912349010008_61542_0100.jpg
6,/home/wangqianqian/project/FS/data/28gusui&pizang/03/47/cell_1761648435814_912349010008_41644_0000.png,thumbs/cluster_6/023_cell_1761648435814_912349010008_41644_0000.jpg
6,/home/wangqianqian/project/FS/data/28gusui&pizang/03/43/cell_1761648222920_912349010008_22667_0000.png,thumbs/cluster_6/024_cell_1761648222920_912349010008_22667_0000.jpg
6,/home/wangqianqian/project/FS/data/28gusui&pizang/03/44/cell_1761648274823_912349010008_27279_0000.png,thumbs/cluster_6/025_cell_1761648274823_912349010008_27279_0000.jpg
6,/home/wangqianqian/project/FS/data/28gusui&pizang/03/43/cell_1761648212306_912349010008_21899_0100.png,thumbs/cluster_6/026_cell_1761648212306_912349010008_21899_0100.jpg
6,/home/wangqianqian/project/FS/data/28gusui&pizang/03/48/cell_1761648480636_912349010008_45598_0000.png,thumbs/cluster_6/027_cell_1761648480636_912349010008_45598_0000.jpg
6,/home/wangqianqian/project/FS/data/28gusui&pizang/03/57/cell_1761649027604_912349010008_97542_0000.png,thumbs/cluster_6/028_cell_1761649027604_912349010008_97542_0000.jpg
6,/home/wangqianqian/project/FS/data/28gusui&pizang/03/48/cell_1761648539731_912349010008_50550_0100.png,thumbs/cluster_6/029_cell_1761648539731_912349010008_50550_0100.jpg
6,/home/wangqianqian/project/FS/data/28gusui&pizang/03/58/cell_1761649110379_912349010008_106206_0100.png,thumbs/cluster_6/030_cell_1761649110379_912349010008_106206_0100.jpg
6,/home/wangqianqian/project/FS/data/28gusui&pizang/03/58/cell_1761649138121_912349010008_109096_0000.png,thumbs/cluster_6/031_cell_1761649138121_912349010008_109096_0000.jpg
6,/home/wangqianqian/project/FS/data/28gusui&pizang/03/47/cell_1761648469225_912349010008_44575_0000.png,thumbs/cluster_6/032_cell_1761648469225_912349010008_44575_0000.jpg
6,/home/wangqianqian/project/FS/data/28gusui&pizang/03/41/cell_1761648102604_912349010008_13960_0000.png,thumbs/cluster_6/033_cell_1761648102604_912349010008_13960_0000.jpg
6,/home/wangqianqian/project/FS/data/28gusui&pizang/03/46/cell_1761648397055_912349010008_37985_0100.png,thumbs/cluster_6/034_cell_1761648397055_912349010008_37985_0100.jpg
6,/home/wangqianqian/project/FS/data/28gusui&pizang/03/45/cell_1761648314358_912349010008_30676_0000.png,thumbs/cluster_6/035_cell_1761648314358_912349010008_30676_0000.jpg
6,/home/wangqianqian/project/FS/data/28gusui&pizang/03/49/cell_1761648586674_912349010008_54967_0000.png,thumbs/cluster_6/036_cell_1761648586674_912349010008_54967_0000.jpg
6,/home/wangqianqian/project/FS/data/28gusui&pizang/03/57/cell_1761649060108_912349010008_100932_0000.png,thumbs/cluster_6/037_cell_1761649060108_912349010008_100932_0000.jpg
6,/home/wangqianqian/project/FS/data/28gusui&pizang/03/54/cell_1761648849638_912349010008_81405_0000.png,thumbs/cluster_6/038_cell_1761648849638_912349010008_81405_0000.jpg
6,/home/wangqianqian/project/FS/data/28gusui&pizang/03/47/cell_1761648446390_912349010008_42616_0000.png,thumbs/cluster_6/039_cell_1761648446390_912349010008_42616_0000.jpg
6,/home/wangqianqian/project/FS/data/28gusui&pizang/03/41/cell_1761648081442_912349010008_12612_0000.png,thumbs/cluster_6/040_cell_1761648081442_912349010008_12612_0000.jpg
6,/home/wangqianqian/project/FS/data/28gusui&pizang/03/43/cell_1761648185385_912349010008_19717_0000.png,thumbs/cluster_6/041_cell_1761648185385_912349010008_19717_0000.jpg
6,/home/wangqianqian/project/FS/data/28gusui&pizang/03/51/cell_1761648687540_912349010008_65136_0000.png,thumbs/cluster_6/042_cell_1761648687540_912349010008_65136_0000.jpg
6,/home/wangqianqian/project/FS/data/28gusui&pizang/03/55/cell_1761648956536_912349010008_91067_0100.png,thumbs/cluster_6/043_cell_1761648956536_912349010008_91067_0100.jpg
6,/home/wangqianqian/project/FS/data/28gusui&pizang/03/42/cell_1761648134264_912349010008_16068_0000.png,thumbs/cluster_6/044_cell_1761648134264_912349010008_16068_0000.jpg
6,/home/wangqianqian/project/FS/data/28gusui&pizang/03/40/cell_1761648005444_912349010008_8504_0000.png,thumbs/cluster_6/045_cell_1761648005444_912349010008_8504_0000.jpg
6,/home/wangqianqian/project/FS/data/28gusui&pizang/03/41/cell_1761648114133_912349010008_14639_0100.png,thumbs/cluster_6/046_cell_1761648114133_912349010008_14639_0100.jpg
6,/home/wangqianqian/project/FS/data/28gusui&pizang/03/40/cell_1761648025815_912349010008_9524_0000.png,thumbs/cluster_6/047_cell_1761648025815_912349010008_9524_0000.jpg
6,/home/wangqianqian/project/FS/data/28gusui&pizang/03/47/cell_1761648460663_912349010008_43864_0000.png,thumbs/cluster_6/048_cell_1761648460663_912349010008_43864_0000.jpg
6,/home/wangqianqian/project/FS/data/28gusui&pizang/03/45/cell_1761648318533_912349010008_30988_0100.png,thumbs/cluster_6/049_cell_1761648318533_912349010008_30988_0100.jpg
6,/home/wangqianqian/project/FS/data/28gusui&pizang/03/59/cell_1761649170252_912349010008_112536_0000.png,thumbs/cluster_6/050_cell_1761649170252_912349010008_112536_0000.jpg
6,/home/wangqianqian/project/FS/data/28gusui&pizang/03/54/cell_1761648874511_912349010008_83933_0000.png,thumbs/cluster_6/051_cell_1761648874511_912349010008_83933_0000.jpg
6,/home/wangqianqian/project/FS/data/28gusui&pizang/03/58/cell_1761649082321_912349010008_103206_0000.png,thumbs/cluster_6/052_cell_1761649082321_912349010008_103206_0000.jpg
6,/home/wangqianqian/project/FS/data/28gusui&pizang/03/45/cell_1761648352091_912349010008_34017_0100.png,thumbs/cluster_6/053_cell_1761648352091_912349010008_34017_0100.jpg
6,/home/wangqianqian/project/FS/data/28gusui&pizang/03/58/cell_1761649095424_912349010008_104662_0100.png,thumbs/cluster_6/054_cell_1761649095424_912349010008_104662_0100.jpg
6,/home/wangqianqian/project/FS/data/28gusui&pizang/03/55/cell_1761648909435_912349010008_87058_0100.png,thumbs/cluster_6/055_cell_1761648909435_912349010008_87058_0100.jpg
6,/home/wangqianqian/project/FS/data/28gusui&pizang/03/40/cell_1761648014676_912349010008_8961_0000.png,thumbs/cluster_6/056_cell_1761648014676_912349010008_8961_0000.jpg
6,/home/wangqianqian/project/FS/data/28gusui&pizang/03/47/cell_1761648470410_912349010008_44691_0100.png,thumbs/cluster_6/057_cell_1761648470410_912349010008_44691_0100.jpg
6,/home/wangqianqian/project/FS/data/28gusui&pizang/03/56/cell_1761648991952_912349010008_94209_0000.png,thumbs/cluster_6/058_cell_1761648991952_912349010008_94209_0000.jpg
6,/home/wangqianqian/project/FS/data/28gusui&pizang/03/58/cell_1761649112877_912349010008_106514_0100.png,thumbs/cluster_6/059_cell_1761649112877_912349010008_106514_0100.jpg
6,/home/wangqianqian/project/FS/data/28gusui&pizang/03/56/cell_1761648965630_912349010008_91835_0000.png,thumbs/cluster_6/060_cell_1761648965630_912349010008_91835_0000.jpg
6,/home/wangqianqian/project/FS/data/28gusui&pizang/03/41/cell_1761648073019_912349010008_12049_0000.png,thumbs/cluster_6/061_cell_1761648073019_912349010008_12049_0000.jpg
6,/home/wangqianqian/project/FS/data/28gusui&pizang/03/52/cell_1761648758710_912349010008_72336_0000.png,thumbs/cluster_6/062_cell_1761648758710_912349010008_72336_0000.jpg
6,/home/wangqianqian/project/FS/data/28gusui&pizang/03/51/cell_1761648681719_912349010008_64529_0100.png,thumbs/cluster_6/063_cell_1761648681719_912349010008_64529_0100.jpg
6,/home/wangqianqian/project/FS/data/28gusui&pizang/03/41/cell_1761648098172_912349010008_13735_0000.png,thumbs/cluster_6/064_cell_1761648098172_912349010008_13735_0000.jpg
6,/home/wangqianqian/project/FS/data/28gusui&pizang/03/56/cell_1761649010198_912349010008_95939_0100.png,thumbs/cluster_6/065_cell_1761649010198_912349010008_95939_0100.jpg
6,/home/wangqianqian/project/FS/data/28gusui&pizang/03/49/cell_1761648594401_912349010008_55788_0000.png,thumbs/cluster_6/066_cell_1761648594401_912349010008_55788_0000.jpg
6,/home/wangqianqian/project/FS/data/28gusui&pizang/03/56/cell_1761649012430_912349010008_96128_0000.png,thumbs/cluster_6/067_cell_1761649012430_912349010008_96128_0000.jpg
6,/home/wangqianqian/project/FS/data/28gusui&pizang/03/40/cell_1761648059161_912349010008_11217_0000.png,thumbs/cluster_6/068_cell_1761648059161_912349010008_11217_0000.jpg
6,/home/wangqianqian/project/FS/data/28gusui&pizang/03/48/cell_1761648497826_912349010008_47064_0000.png,thumbs/cluster_6/069_cell_1761648497826_912349010008_47064_0000.jpg
6,/home/wangqianqian/project/FS/data/28gusui&pizang/03/53/cell_1761648825055_912349010008_79027_0000.png,thumbs/cluster_6/070_cell_1761648825055_912349010008_79027_0000.jpg
6,/home/wangqianqian/project/FS/data/28gusui&pizang/03/56/cell_1761648966241_912349010008_91886_0100.png,thumbs/cluster_6/071_cell_1761648966241_912349010008_91886_0100.jpg
6,/home/wangqianqian/project/FS/data/28gusui&pizang/03/56/cell_1761648993114_912349010008_94320_0000.png,thumbs/cluster_6/072_cell_1761648993114_912349010008_94320_0000.jpg
6,/home/wangqianqian/project/FS/data/28gusui&pizang/03/48/cell_1761648523777_912349010008_49132_0000.png,thumbs/cluster_6/073_cell_1761648523777_912349010008_49132_0000.jpg
6,/home/wangqianqian/project/FS/data/28gusui&pizang/03/58/cell_1761649104671_912349010008_105585_0100.png,thumbs/cluster_6/074_cell_1761649104671_912349010008_105585_0100.jpg
6,/home/wangqianqian/project/FS/data/28gusui&pizang/03/57/cell_1761649052716_912349010008_100132_0100.png,thumbs/cluster_6/075_cell_1761649052716_912349010008_100132_0100.jpg
6,/home/wangqianqian/project/FS/data/28gusui&pizang/03/46/cell_1761648406154_912349010008_38760_0100.png,thumbs/cluster_6/076_cell_1761648406154_912349010008_38760_0100.jpg
6,/home/wangqianqian/project/FS/data/28gusui&pizang/03/51/cell_1761648681613_912349010008_64521_0000.png,thumbs/cluster_6/077_cell_1761648681613_912349010008_64521_0000.jpg
6,/home/wangqianqian/project/FS/data/28gusui&pizang/03/44/cell_1761648299418_912349010008_29437_0000.png,thumbs/cluster_6/078_cell_1761648299418_912349010008_29437_0000.jpg
6,/home/wangqianqian/project/FS/data/28gusui&pizang/03/41/cell_1761648082212_912349010008_12675_0000.png,thumbs/cluster_6/079_cell_1761648082212_912349010008_12675_0000.jpg
6,/home/wangqianqian/project/FS/data/28gusui&pizang/03/51/cell_1761648693242_912349010008_65739_0000.png,thumbs/cluster_6/080_cell_1761648693242_912349010008_65739_0000.jpg
6,/home/wangqianqian/project/FS/data/28gusui&pizang/03/53/cell_1761648804492_912349010008_77008_0100.png,thumbs/cluster_6/081_cell_1761648804492_912349010008_77008_0100.jpg
6,/home/wangqianqian/project/FS/data/28gusui&pizang/03/50/cell_1761648618386_912349010008_58153_0100.png,thumbs/cluster_6/082_cell_1761648618386_912349010008_58153_0100.jpg
6,/home/wangqianqian/project/FS/data/28gusui&pizang/03/57/cell_1761649075397_912349010008_102487_0000.png,thumbs/cluster_6/083_cell_1761649075397_912349010008_102487_0000.jpg
6,/home/wangqianqian/project/FS/data/28gusui&pizang/03/45/cell_1761648338588_912349010008_32751_0000.png,thumbs/cluster_6/084_cell_1761648338588_912349010008_32751_0000.jpg
6,/home/wangqianqian/project/FS/data/28gusui&pizang/03/46/cell_1761648371069_912349010008_35738_0100.png,thumbs/cluster_6/085_cell_1761648371069_912349010008_35738_0100.jpg
6,/home/wangqianqian/project/FS/data/28gusui&pizang/03/45/cell_1761648306235_912349010008_30004_0000.png,thumbs/cluster_6/086_cell_1761648306235_912349010008_30004_0000.jpg
6,/home/wangqianqian/project/FS/data/28gusui&pizang/03/56/cell_1761649009705_912349010008_95897_0000.png,thumbs/cluster_6/087_cell_1761649009705_912349010008_95897_0000.jpg
6,/home/wangqianqian/project/FS/data/28gusui&pizang/03/52/cell_1761648768231_912349010008_73197_0000.png,thumbs/cluster_6/088_cell_1761648768231_912349010008_73197_0000.jpg
6,/home/wangqianqian/project/FS/data/28gusui&pizang/03/58/cell_1761649096909_912349010008_104821_0000.png,thumbs/cluster_6/089_cell_1761649096909_912349010008_104821_0000.jpg
6,/home/wangqianqian/project/FS/data/28gusui&pizang/03/57/cell_1761649033217_912349010008_98098_0100.png,thumbs/cluster_6/090_cell_1761649033217_912349010008_98098_0100.jpg
6,/home/wangqianqian/project/FS/data/28gusui&pizang/03/56/cell_1761649012761_912349010008_96170_0100.png,thumbs/cluster_6/091_cell_1761649012761_912349010008_96170_0100.jpg
6,/home/wangqianqian/project/FS/data/28gusui&pizang/03/43/cell_1761648230922_912349010008_23344_0000.png,thumbs/cluster_6/092_cell_1761648230922_912349010008_23344_0000.jpg
6,/home/wangqianqian/project/FS/data/28gusui&pizang/03/41/cell_1761648096380_912349010008_13621_0100.png,thumbs/cluster_6/093_cell_1761648096380_912349010008_13621_0100.jpg
6,/home/wangqianqian/project/FS/data/28gusui&pizang/03/35/cell_1761647734745_912349010008_209_0000.png,thumbs/cluster_6/094_cell_1761647734745_912349010008_209_0000.jpg
6,/home/wangqianqian/project/FS/data/28gusui&pizang/03/47/cell_1761648427070_912349010008_40748_0000.png,thumbs/cluster_6/095_cell_1761648427070_912349010008_40748_0000.jpg
6,/home/wangqianqian/project/FS/data/28gusui&pizang/03/44/cell_1761648291272_912349010008_28765_0000.png,thumbs/cluster_6/096_cell_1761648291272_912349010008_28765_0000.jpg
6,/home/wangqianqian/project/FS/data/28gusui&pizang/03/42/cell_1761648128392_912349010008_15626_0000.png,thumbs/cluster_6/097_cell_1761648128392_912349010008_15626_0000.jpg
6,/home/wangqianqian/project/FS/data/28gusui&pizang/03/57/cell_1761649075990_912349010008_102552_0000.png,thumbs/cluster_6/098_cell_1761649075990_912349010008_102552_0000.jpg
6,/home/wangqianqian/project/FS/data/28gusui&pizang/03/59/cell_1761649163653_912349010008_111823_0000.png,thumbs/cluster_6/099_cell_1761649163653_912349010008_111823_0000.jpg
7,/home/wangqianqian/project/FS/data/28gusui&pizang/03/43/cell_1761648181642_912349010008_19423_0100.png,thumbs/cluster_7/000_cell_1761648181642_912349010008_19423_0100.jpg
7,/home/wangqianqian/project/FS/data/28gusui&pizang/03/50/cell_1761648631127_912349010008_59416_0000.png,thumbs/cluster_7/001_cell_1761648631127_912349010008_59416_0000.jpg
7,/home/wangqianqian/project/FS/data/28gusui&pizang/03/56/cell_1761649009275_912349010008_95848_0000.png,thumbs/cluster_7/002_cell_1761649009275_912349010008_95848_0000.jpg
7,/home/wangqianqian/project/FS/data/28gusui&pizang/03/57/cell_1761649062817_912349010008_101187_0100.png,thumbs/cluster_7/003_cell_1761649062817_912349010008_101187_0100.jpg
7,/home/wangqianqian/project/FS/data/28gusui&pizang/03/47/cell_1761648456764_912349010008_43519_0000.png,thumbs/cluster_7/004_cell_1761648456764_912349010008_43519_0000.jpg
7,/home/wangqianqian/project/FS/data/28gusui&pizang/03/46/cell_1761648411575_912349010008_39244_0000.png,thumbs/cluster_7/005_cell_1761648411575_912349010008_39244_0000.jpg
7,/home/wangqianqian/project/FS/data/28gusui&pizang/03/50/cell_1761648603557_912349010008_56724_0100.png,thumbs/cluster_7/006_cell_1761648603557_912349010008_56724_0100.jpg
7,/home/wangqianqian/project/FS/data/28gusui&pizang/03/43/cell_1761648182745_912349010008_19501_0100.png,thumbs/cluster_7/007_cell_1761648182745_912349010008_19501_0100.jpg
7,/home/wangqianqian/project/FS/data/28gusui&pizang/03/42/cell_1761648178347_912349010008_19189_0100.png,thumbs/cluster_7/008_cell_1761648178347_912349010008_19189_0100.jpg
7,/home/wangqianqian/project/FS/data/28gusui&pizang/03/56/cell_1761648982890_912349010008_93386_0000.png,thumbs/cluster_7/009_cell_1761648982890_912349010008_93386_0000.jpg
7,/home/wangqianqian/project/FS/data/28gusui&pizang/03/45/cell_1761648346512_912349010008_33518_0000.png,thumbs/cluster_7/010_cell_1761648346512_912349010008_33518_0000.jpg
7,/home/wangqianqian/project/FS/data/28gusui&pizang/03/40/cell_1761648025475_912349010008_9511_0100.png,thumbs/cluster_7/011_cell_1761648025475_912349010008_9511_0100.jpg
7,/home/wangqianqian/project/FS/data/28gusui&pizang/03/57/cell_1761649067537_912349010008_101684_0100.png,thumbs/cluster_7/012_cell_1761649067537_912349010008_101684_0100.jpg
7,/home/wangqianqian/project/FS/data/28gusui&pizang/03/39/cell_1761647944211_912349010008_5960_0100.png,thumbs/cluster_7/013_cell_1761647944211_912349010008_5960_0100.jpg
7,/home/wangqianqian/project/FS/data/28gusui&pizang/03/52/cell_1761648743587_912349010008_70864_0000.png,thumbs/cluster_7/014_cell_1761648743587_912349010008_70864_0000.jpg
7,/home/wangqianqian/project/FS/data/28gusui&pizang/03/58/cell_1761649096150_912349010008_104742_0100.png,thumbs/cluster_7/015_cell_1761649096150_912349010008_104742_0100.jpg
7,/home/wangqianqian/project/FS/data/28gusui&pizang/03/49/cell_1761648598580_912349010008_56251_0100.png,thumbs/cluster_7/016_cell_1761648598580_912349010008_56251_0100.jpg
7,/home/wangqianqian/project/FS/data/28gusui&pizang/03/45/cell_1761648342233_912349010008_33110_0100.png,thumbs/cluster_7/017_cell_1761648342233_912349010008_33110_0100.jpg
7,/home/wangqianqian/project/FS/data/28gusui&pizang/03/49/cell_1761648545197_912349010008_51056_0100.png,thumbs/cluster_7/018_cell_1761648545197_912349010008_51056_0100.jpg
7,/home/wangqianqian/project/FS/data/28gusui&pizang/03/59/cell_1761649169507_912349010008_112429_0000.png,thumbs/cluster_7/019_cell_1761649169507_912349010008_112429_0000.jpg
7,/home/wangqianqian/project/FS/data/28gusui&pizang/03/36/cell_1761647784710_912349010008_475_0100.png,thumbs/cluster_7/020_cell_1761647784710_912349010008_475_0100.jpg
7,/home/wangqianqian/project/FS/data/28gusui&pizang/03/53/cell_1761648809054_912349010008_77485_0000.png,thumbs/cluster_7/021_cell_1761648809054_912349010008_77485_0000.jpg
7,/home/wangqianqian/project/FS/data/28gusui&pizang/03/47/cell_1761648475623_912349010008_45135_0000.png,thumbs/cluster_7/022_cell_1761648475623_912349010008_45135_0000.jpg
7,/home/wangqianqian/project/FS/data/28gusui&pizang/03/54/cell_1761648862534_912349010008_82749_0000.png,thumbs/cluster_7/023_cell_1761648862534_912349010008_82749_0000.jpg
7,/home/wangqianqian/project/FS/data/28gusui&pizang/03/52/cell_1761648727222_912349010008_69207_0000.png,thumbs/cluster_7/024_cell_1761648727222_912349010008_69207_0000.jpg
7,/home/wangqianqian/project/FS/data/28gusui&pizang/03/51/cell_1761648712553_912349010008_67805_0000.png,thumbs/cluster_7/025_cell_1761648712553_912349010008_67805_0000.jpg
7,/home/wangqianqian/project/FS/data/28gusui&pizang/03/43/cell_1761648218185_912349010008_22311_0000.png,thumbs/cluster_7/026_cell_1761648218185_912349010008_22311_0000.jpg
7,/home/wangqianqian/project/FS/data/28gusui&pizang/03/55/cell_1761648941018_912349010008_89740_0000.png,thumbs/cluster_7/027_cell_1761648941018_912349010008_89740_0000.jpg
7,/home/wangqianqian/project/FS/data/28gusui&pizang/03/46/cell_1761648365550_912349010008_35230_0000.png,thumbs/cluster_7/028_cell_1761648365550_912349010008_35230_0000.jpg
7,/home/wangqianqian/project/FS/data/28gusui&pizang/03/55/cell_1761648923095_912349010008_88121_0100.png,thumbs/cluster_7/029_cell_1761648923095_912349010008_88121_0100.jpg
7,/home/wangqianqian/project/FS/data/28gusui&pizang/03/45/cell_1761648339702_912349010008_32869_0100.png,thumbs/cluster_7/030_cell_1761648339702_912349010008_32869_0100.jpg
7,/home/wangqianqian/project/FS/data/28gusui&pizang/03/44/cell_1761648274856_912349010008_27281_0100.png,thumbs/cluster_7/031_cell_1761648274856_912349010008_27281_0100.jpg
7,/home/wangqianqian/project/FS/data/28gusui&pizang/03/57/cell_1761649073497_912349010008_102280_0000.png,thumbs/cluster_7/032_cell_1761649073497_912349010008_102280_0000.jpg
7,/home/wangqianqian/project/FS/data/28gusui&pizang/03/43/cell_1761648197116_912349010008_20587_0000.png,thumbs/cluster_7/033_cell_1761648197116_912349010008_20587_0000.jpg
7,/home/wangqianqian/project/FS/data/28gusui&pizang/03/56/cell_1761648990769_912349010008_94076_0000.png,thumbs/cluster_7/034_cell_1761648990769_912349010008_94076_0000.jpg
7,/home/wangqianqian/project/FS/data/28gusui&pizang/03/42/cell_1761648137432_912349010008_16287_0000.png,thumbs/cluster_7/035_cell_1761648137432_912349010008_16287_0000.jpg
7,/home/wangqianqian/project/FS/data/28gusui&pizang/03/56/cell_1761649006982_912349010008_95643_0100.png,thumbs/cluster_7/036_cell_1761649006982_912349010008_95643_0100.jpg
7,/home/wangqianqian/project/FS/data/28gusui&pizang/03/52/cell_1761648733855_912349010008_69824_0100.png,thumbs/cluster_7/037_cell_1761648733855_912349010008_69824_0100.jpg
7,/home/wangqianqian/project/FS/data/28gusui&pizang/03/57/cell_1761649063841_912349010008_101309_0100.png,thumbs/cluster_7/038_cell_1761649063841_912349010008_101309_0100.jpg
7,/home/wangqianqian/project/FS/data/28gusui&pizang/03/58/cell_1761649080794_912349010008_103036_0100.png,thumbs/cluster_7/039_cell_1761649080794_912349010008_103036_0100.jpg
7,/home/wangqianqian/project/FS/data/28gusui&pizang/03/44/cell_1761648268527_912349010008_26662_0100.png,thumbs/cluster_7/040_cell_1761648268527_912349010008_26662_0100.jpg
7,/home/wangqianqian/project/FS/data/28gusui&pizang/03/44/cell_1761648284381_912349010008_28154_0000.png,thumbs/cluster_7/041_cell_1761648284381_912349010008_28154_0000.jpg
7,/home/wangqianqian/project/FS/data/28gusui&pizang/03/56/cell_1761649014311_912349010008_96288_0000.png,thumbs/cluster_7/042_cell_1761649014311_912349010008_96288_0000.jpg
7,/home/wangqianqian/project/FS/data/28gusui&pizang/03/41/cell_1761648115089_912349010008_14702_0100.png,thumbs/cluster_7/043_cell_1761648115089_912349010008_14702_0100.jpg
7,/home/wangqianqian/project/FS/data/28gusui&pizang/03/41/cell_1761648064756_912349010008_11556_0100.png,thumbs/cluster_7/044_cell_1761648064756_912349010008_11556_0100.jpg
7,/home/wangqianqian/project/FS/data/28gusui&pizang/03/49/cell_1761648578445_912349010008_54190_0100.png,thumbs/cluster_7/045_cell_1761648578445_912349010008_54190_0100.jpg
7,/home/wangqianqian/project/FS/data/28gusui&pizang/03/58/cell_1761649099246_912349010008_105041_0100.png,thumbs/cluster_7/046_cell_1761649099246_912349010008_105041_0100.jpg
7,/home/wangqianqian/project/FS/data/28gusui&pizang/03/46/cell_1761648403822_912349010008_38545_0000.png,thumbs/cluster_7/047_cell_1761648403822_912349010008_38545_0000.jpg
7,/home/wangqianqian/project/FS/data/28gusui&pizang/03/42/cell_1761648137461_912349010008_16297_0000.png,thumbs/cluster_7/048_cell_1761648137461_912349010008_16297_0000.jpg
7,/home/wangqianqian/project/FS/data/28gusui&pizang/03/49/cell_1761648581568_912349010008_54494_0000.png,thumbs/cluster_7/049_cell_1761648581568_912349010008_54494_0000.jpg
7,/home/wangqianqian/project/FS/data/28gusui&pizang/03/57/cell_1761649021394_912349010008_96963_0100.png,thumbs/cluster_7/050_cell_1761649021394_912349010008_96963_0100.jpg
7,/home/wangqianqian/project/FS/data/28gusui&pizang/03/44/cell_1761648286148_912349010008_28319_0100.png,thumbs/cluster_7/051_cell_1761648286148_912349010008_28319_0100.jpg
7,/home/wangqianqian/project/FS/data/28gusui&pizang/03/40/cell_1761648038570_912349010008_10193_0100.png,thumbs/cluster_7/052_cell_1761648038570_912349010008_10193_0100.jpg
7,/home/wangqianqian/project/FS/data/28gusui&pizang/03/52/cell_1761648731473_912349010008_69596_0000.png,thumbs/cluster_7/053_cell_1761648731473_912349010008_69596_0000.jpg
7,/home/wangqianqian/project/FS/data/28gusui&pizang/03/40/cell_1761648015852_912349010008_9020_0100.png,thumbs/cluster_7/054_cell_1761648015852_912349010008_9020_0100.jpg
7,/home/wangqianqian/project/FS/data/28gusui&pizang/03/48/cell_1761648500452_912349010008_47263_0000.png,thumbs/cluster_7/055_cell_1761648500452_912349010008_47263_0000.jpg
7,/home/wangqianqian/project/FS/data/28gusui&pizang/03/55/cell_1761648953629_912349010008_90796_0000.png,thumbs/cluster_7/056_cell_1761648953629_912349010008_90796_0000.jpg
7,/home/wangqianqian/project/FS/data/28gusui&pizang/03/53/cell_1761648805403_912349010008_77106_0000.png,thumbs/cluster_7/057_cell_1761648805403_912349010008_77106_0000.jpg
7,/home/wangqianqian/project/FS/data/28gusui&pizang/03/48/cell_1761648523752_912349010008_49127_0100.png,thumbs/cluster_7/058_cell_1761648523752_912349010008_49127_0100.jpg
7,/home/wangqianqian/project/FS/data/28gusui&pizang/03/44/cell_1761648266217_912349010008_26435_0100.png,thumbs/cluster_7/059_cell_1761648266217_912349010008_26435_0100.jpg
7,/home/wangqianqian/project/FS/data/28gusui&pizang/03/53/cell_1761648802501_912349010008_76771_0000.png,thumbs/cluster_7/060_cell_1761648802501_912349010008_76771_0000.jpg
7,/home/wangqianqian/project/FS/data/28gusui&pizang/03/50/cell_1761648612647_912349010008_57562_0000.png,thumbs/cluster_7/061_cell_1761648612647_912349010008_57562_0000.jpg
7,/home/wangqianqian/project/FS/data/28gusui&pizang/03/40/cell_1761648000580_912349010008_8248_0100.png,thumbs/cluster_7/062_cell_1761648000580_912349010008_8248_0100.jpg
7,/home/wangqianqian/project/FS/data/28gusui&pizang/03/50/cell_1761648650496_912349010008_61404_0000.png,thumbs/cluster_7/063_cell_1761648650496_912349010008_61404_0000.jpg
7,/home/wangqianqian/project/FS/data/28gusui&pizang/03/51/cell_1761648697352_912349010008_66152_0000.png,thumbs/cluster_7/064_cell_1761648697352_912349010008_66152_0000.jpg
7,/home/wangqianqian/project/FS/data/28gusui&pizang/03/52/cell_1761648723161_912349010008_68830_0000.png,thumbs/cluster_7/065_cell_1761648723161_912349010008_68830_0000.jpg
7,/home/wangqianqian/project/FS/data/28gusui&pizang/03/47/cell_1761648434333_912349010008_41484_0100.png,thumbs/cluster_7/066_cell_1761648434333_912349010008_41484_0100.jpg
7,/home/wangqianqian/project/FS/data/28gusui&pizang/03/49/cell_1761648558859_912349010008_52292_0100.png,thumbs/cluster_7/067_cell_1761648558859_912349010008_52292_0100.jpg
7,/home/wangqianqian/project/FS/data/28gusui&pizang/03/54/cell_1761648862937_912349010008_82799_0100.png,thumbs/cluster_7/068_cell_1761648862937_912349010008_82799_0100.jpg
7,/home/wangqianqian/project/FS/data/28gusui&pizang/03/47/cell_1761648444010_912349010008_42417_0000.png,thumbs/cluster_7/069_cell_1761648444010_912349010008_42417_0000.jpg
7,/home/wangqianqian/project/FS/data/28gusui&pizang/03/56/cell_1761649000671_912349010008_95060_0000.png,thumbs/cluster_7/070_cell_1761649000671_912349010008_95060_0000.jpg
7,/home/wangqianqian/project/FS/data/28gusui&pizang/03/46/cell_1761648370933_912349010008_35716_0000.png,thumbs/cluster_7/071_cell_1761648370933_912349010008_35716_0000.jpg
7,/home/wangqianqian/project/FS/data/28gusui&pizang/03/53/cell_1761648826483_912349010008_79157_0000.png,thumbs/cluster_7/072_cell_1761648826483_912349010008_79157_0000.jpg
7,/home/wangqianqian/project/FS/data/28gusui&pizang/03/52/cell_1761648725274_912349010008_69034_0100.png,thumbs/cluster_7/073_cell_1761648725274_912349010008_69034_0100.jpg
7,/home/wangqianqian/project/FS/data/28gusui&pizang/03/59/cell_1761649172627_912349010008_112791_0100.png,thumbs/cluster_7/074_cell_1761649172627_912349010008_112791_0100.jpg
7,/home/wangqianqian/project/FS/data/28gusui&pizang/03/47/cell_1761648473236_912349010008_44930_0100.png,thumbs/cluster_7/075_cell_1761648473236_912349010008_44930_0100.jpg
7,/home/wangqianqian/project/FS/data/28gusui&pizang/03/45/cell_1761648337089_912349010008_32639_0000.png,thumbs/cluster_7/076_cell_1761648337089_912349010008_32639_0000.jpg
7,/home/wangqianqian/project/FS/data/28gusui&pizang/03/49/cell_1761648547468_912349010008_51276_0000.png,thumbs/cluster_7/077_cell_1761648547468_912349010008_51276_0000.jpg
7,/home/wangqianqian/project/FS/data/28gusui&pizang/03/44/cell_1761648295789_912349010008_29135_0000.png,thumbs/cluster_7/078_cell_1761648295789_912349010008_29135_0000.jpg
7,/home/wangqianqian/project/FS/data/28gusui&pizang/03/43/cell_1761648229010_912349010008_23171_0100.png,thumbs/cluster_7/079_cell_1761648229010_912349010008_23171_0100.jpg
7,/home/wangqianqian/project/FS/data/28gusui&pizang/03/50/cell_1761648659954_912349010008_62404_0000.png,thumbs/cluster_7/080_cell_1761648659954_912349010008_62404_0000.jpg
7,/home/wangqianqian/project/FS/data/28gusui&pizang/03/52/cell_1761648721149_912349010008_68661_0000.png,thumbs/cluster_7/081_cell_1761648721149_912349010008_68661_0000.jpg
7,/home/wangqianqian/project/FS/data/28gusui&pizang/03/40/cell_1761648005247_912349010008_8491_0000.png,thumbs/cluster_7/082_cell_1761648005247_912349010008_8491_0000.jpg
7,/home/wangqianqian/project/FS/data/28gusui&pizang/03/41/cell_1761648084844_912349010008_12863_0000.png,thumbs/cluster_7/083_cell_1761648084844_912349010008_12863_0000.jpg
7,/home/wangqianqian/project/FS/data/28gusui&pizang/03/49/cell_1761648544862_912349010008_51031_0000.png,thumbs/cluster_7/084_cell_1761648544862_912349010008_51031_0000.jpg
7,/home/wangqianqian/project/FS/data/28gusui&pizang/03/51/cell_1761648683665_912349010008_64748_0000.png,thumbs/cluster_7/085_cell_1761648683665_912349010008_64748_0000.jpg
7,/home/wangqianqian/project/FS/data/28gusui&pizang/03/53/cell_1761648783707_912349010008_74668_0100.png,thumbs/cluster_7/086_cell_1761648783707_912349010008_74668_0100.jpg
7,/home/wangqianqian/project/FS/data/28gusui&pizang/03/41/cell_1761648078988_912349010008_12445_0000.png,thumbs/cluster_7/087_cell_1761648078988_912349010008_12445_0000.jpg
7,/home/wangqianqian/project/FS/data/28gusui&pizang/03/39/cell_1761647966726_912349010008_6869_0100.png,thumbs/cluster_7/088_cell_1761647966726_912349010008_6869_0100.jpg
7,/home/wangqianqian/project/FS/data/28gusui&pizang/03/51/cell_1761648693975_912349010008_65820_0000.png,thumbs/cluster_7/089_cell_1761648693975_912349010008_65820_0000.jpg
7,/home/wangqianqian/project/FS/data/28gusui&pizang/03/42/cell_1761648158368_912349010008_17801_0000.png,thumbs/cluster_7/090_cell_1761648158368_912349010008_17801_0000.jpg
7,/home/wangqianqian/project/FS/data/28gusui&pizang/03/46/cell_1761648386296_912349010008_37053_0100.png,thumbs/cluster_7/091_cell_1761648386296_912349010008_37053_0100.jpg
7,/home/wangqianqian/project/FS/data/28gusui&pizang/03/49/cell_1761648587603_912349010008_55054_0000.png,thumbs/cluster_7/092_cell_1761648587603_912349010008_55054_0000.jpg
7,/home/wangqianqian/project/FS/data/28gusui&pizang/03/44/cell_1761648248909_912349010008_24927_0000.png,thumbs/cluster_7/093_cell_1761648248909_912349010008_24927_0000.jpg
7,/home/wangqianqian/project/FS/data/28gusui&pizang/03/51/cell_1761648678088_912349010008_64134_0000.png,thumbs/cluster_7/094_cell_1761648678088_912349010008_64134_0000.jpg
7,/home/wangqianqian/project/FS/data/28gusui&pizang/03/51/cell_1761648697402_912349010008_66159_0000.png,thumbs/cluster_7/095_cell_1761648697402_912349010008_66159_0000.jpg
7,/home/wangqianqian/project/FS/data/28gusui&pizang/03/42/cell_1761648139699_912349010008_16480_0000.png,thumbs/cluster_7/096_cell_1761648139699_912349010008_16480_0000.jpg
7,/home/wangqianqian/project/FS/data/28gusui&pizang/03/59/cell_1761649141121_912349010008_109410_0000.png,thumbs/cluster_7/097_cell_1761649141121_912349010008_109410_0000.jpg
7,/home/wangqianqian/project/FS/data/28gusui&pizang/03/53/cell_1761648803058_912349010008_76828_0000.png,thumbs/cluster_7/098_cell_1761648803058_912349010008_76828_0000.jpg
7,/home/wangqianqian/project/FS/data/28gusui&pizang/03/44/cell_1761648287158_912349010008_28437_0000.png,thumbs/cluster_7/099_cell_1761648287158_912349010008_28437_0000.jpg
8,/home/wangqianqian/project/FS/data/28gusui&pizang/03/44/cell_1761648277597_912349010008_27572_0100.png,thumbs/cluster_8/000_cell_1761648277597_912349010008_27572_0100.jpg
8,/home/wangqianqian/project/FS/data/28gusui&pizang/03/53/cell_1761648795793_912349010008_76030_0000.png,thumbs/cluster_8/001_cell_1761648795793_912349010008_76030_0000.jpg
8,/home/wangqianqian/project/FS/data/28gusui&pizang/03/38/cell_1761647919536_912349010008_5029_0100.png,thumbs/cluster_8/002_cell_1761647919536_912349010008_5029_0100.jpg
8,/home/wangqianqian/project/FS/data/28gusui&pizang/03/56/cell_1761648986311_912349010008_93682_0100.png,thumbs/cluster_8/003_cell_1761648986311_912349010008_93682_0100.jpg
8,/home/wangqianqian/project/FS/data/28gusui&pizang/03/45/cell_1761648342968_912349010008_33181_0100.png,thumbs/cluster_8/004_cell_1761648342968_912349010008_33181_0100.jpg
8,/home/wangqianqian/project/FS/data/28gusui&pizang/03/53/cell_1761648820554_912349010008_78599_0000.png,thumbs/cluster_8/005_cell_1761648820554_912349010008_78599_0000.jpg
8,/home/wangqianqian/project/FS/data/28gusui&pizang/03/51/cell_1761648708085_912349010008_67320_0100.png,thumbs/cluster_8/006_cell_1761648708085_912349010008_67320_0100.jpg
8,/home/wangqianqian/project/FS/data/28gusui&pizang/03/51/cell_1761648668113_912349010008_63183_0000.png,thumbs/cluster_8/007_cell_1761648668113_912349010008_63183_0000.jpg
8,/home/wangqianqian/project/FS/data/28gusui&pizang/03/41/cell_1761648097367_912349010008_13674_0100.png,thumbs/cluster_8/008_cell_1761648097367_912349010008_13674_0100.jpg
8,/home/wangqianqian/project/FS/data/28gusui&pizang/03/47/cell_1761648421323_912349010008_40211_0000.png,thumbs/cluster_8/009_cell_1761648421323_912349010008_40211_0000.jpg
8,/home/wangqianqian/project/FS/data/28gusui&pizang/03/40/cell_1761648029907_912349010008_9780_0100.png,thumbs/cluster_8/010_cell_1761648029907_912349010008_9780_0100.jpg
8,/home/wangqianqian/project/FS/data/28gusui&pizang/03/58/cell_1761649131579_912349010008_108455_0100.png,thumbs/cluster_8/011_cell_1761649131579_912349010008_108455_0100.jpg
8,/home/wangqianqian/project/FS/data/28gusui&pizang/03/40/cell_1761648001148_912349010008_8293_0000.png,thumbs/cluster_8/012_cell_1761648001148_912349010008_8293_0000.jpg
8,/home/wangqianqian/project/FS/data/28gusui&pizang/03/54/cell_1761648895669_912349010008_85953_0000.png,thumbs/cluster_8/013_cell_1761648895669_912349010008_85953_0000.jpg
8,/home/wangqianqian/project/FS/data/28gusui&pizang/03/50/cell_1761648638986_912349010008_60229_0100.png,thumbs/cluster_8/014_cell_1761648638986_912349010008_60229_0100.jpg
8,/home/wangqianqian/project/FS/data/28gusui&pizang/03/55/cell_1761648937618_912349010008_89460_0100.png,thumbs/cluster_8/015_cell_1761648937618_912349010008_89460_0100.jpg
8,/home/wangqianqian/project/FS/data/28gusui&pizang/03/59/cell_1761649164471_912349010008_111888_0100.png,thumbs/cluster_8/016_cell_1761649164471_912349010008_111888_0100.jpg
8,/home/wangqianqian/project/FS/data/28gusui&pizang/03/58/cell_1761649135255_912349010008_108809_0100.png,thumbs/cluster_8/017_cell_1761649135255_912349010008_108809_0100.jpg
8,/home/wangqianqian/project/FS/data/28gusui&pizang/03/56/cell_1761648999599_912349010008_94968_0100.png,thumbs/cluster_8/018_cell_1761648999599_912349010008_94968_0100.jpg
8,/home/wangqianqian/project/FS/data/28gusui&pizang/03/54/cell_1761648878320_912349010008_84300_0100.png,thumbs/cluster_8/019_cell_1761648878320_912349010008_84300_0100.jpg
8,/home/wangqianqian/project/FS/data/28gusui&pizang/03/58/cell_1761649096190_912349010008_104747_0100.png,thumbs/cluster_8/020_cell_1761649096190_912349010008_104747_0100.jpg
8,/home/wangqianqian/project/FS/data/28gusui&pizang/03/43/cell_1761648193895_912349010008_20374_0000.png,thumbs/cluster_8/021_cell_1761648193895_912349010008_20374_0000.jpg
8,/home/wangqianqian/project/FS/data/28gusui&pizang/03/46/cell_1761648400421_912349010008_38261_0000.png,thumbs/cluster_8/022_cell_1761648400421_912349010008_38261_0000.jpg
8,/home/wangqianqian/project/FS/data/28gusui&pizang/03/48/cell_1761648480455_912349010008_45574_0100.png,thumbs/cluster_8/023_cell_1761648480455_912349010008_45574_0100.jpg
8,/home/wangqianqian/project/FS/data/28gusui&pizang/03/57/cell_1761649021628_912349010008_96983_0100.png,thumbs/cluster_8/024_cell_1761649021628_912349010008_96983_0100.jpg
8,/home/wangqianqian/project/FS/data/28gusui&pizang/03/44/cell_1761648256168_912349010008_25553_0100.png,thumbs/cluster_8/025_cell_1761648256168_912349010008_25553_0100.jpg
8,/home/wangqianqian/project/FS/data/28gusui&pizang/03/49/cell_1761648594903_912349010008_55839_0100.png,thumbs/cluster_8/026_cell_1761648594903_912349010008_55839_0100.jpg
8,/home/wangqianqian/project/FS/data/28gusui&pizang/03/57/cell_1761649054790_912349010008_100344_0000.png,thumbs/cluster_8/027_cell_1761649054790_912349010008_100344_0000.jpg
8,/home/wangqianqian/project/FS/data/28gusui&pizang/03/44/cell_1761648272368_912349010008_27034_0100.png,thumbs/cluster_8/028_cell_1761648272368_912349010008_27034_0100.jpg
8,/home/wangqianqian/project/FS/data/28gusui&pizang/03/50/cell_1761648603717_912349010008_56748_0000.png,thumbs/cluster_8/029_cell_1761648603717_912349010008_56748_0000.jpg
8,/home/wangqianqian/project/FS/data/28gusui&pizang/03/49/cell_1761648578789_912349010008_54216_0000.png,thumbs/cluster_8/030_cell_1761648578789_912349010008_54216_0000.jpg
8,/home/wangqianqian/project/FS/data/28gusui&pizang/03/44/cell_1761648244540_912349010008_24514_0000.png,thumbs/cluster_8/031_cell_1761648244540_912349010008_24514_0000.jpg
8,/home/wangqianqian/project/FS/data/28gusui&pizang/03/46/cell_1761648400974_912349010008_38303_0000.png,thumbs/cluster_8/032_cell_1761648400974_912349010008_38303_0000.jpg
8,/home/wangqianqian/project/FS/data/28gusui&pizang/03/44/cell_1761648293456_912349010008_28958_0000.png,thumbs/cluster_8/033_cell_1761648293456_912349010008_28958_0000.jpg
8,/home/wangqianqian/project/FS/data/28gusui&pizang/03/44/cell_1761648288872_912349010008_28574_0100.png,thumbs/cluster_8/034_cell_1761648288872_912349010008_28574_0100.jpg
8,/home/wangqianqian/project/FS/data/28gusui&pizang/03/45/cell_1761648311295_912349010008_30428_0100.png,thumbs/cluster_8/035_cell_1761648311295_912349010008_30428_0100.jpg
8,/home/wangqianqian/project/FS/data/28gusui&pizang/03/52/cell_1761648722214_912349010008_68746_0000.png,thumbs/cluster_8/036_cell_1761648722214_912349010008_68746_0000.jpg
8,/home/wangqianqian/project/FS/data/28gusui&pizang/03/47/cell_1761648463641_912349010008_44127_0000.png,thumbs/cluster_8/037_cell_1761648463641_912349010008_44127_0000.jpg
8,/home/wangqianqian/project/FS/data/28gusui&pizang/03/52/cell_1761648737402_912349010008_70221_0000.png,thumbs/cluster_8/038_cell_1761648737402_912349010008_70221_0000.jpg
8,/home/wangqianqian/project/FS/data/28gusui&pizang/03/43/cell_1761648183799_912349010008_19597_0000.png,thumbs/cluster_8/039_cell_1761648183799_912349010008_19597_0000.jpg
8,/home/wangqianqian/project/FS/data/28gusui&pizang/03/49/cell_1761648579477_912349010008_54292_0000.png,thumbs/cluster_8/040_cell_1761648579477_912349010008_54292_0000.jpg
8,/home/wangqianqian/project/FS/data/28gusui&pizang/03/51/cell_1761648702252_912349010008_66647_0000.png,thumbs/cluster_8/041_cell_1761648702252_912349010008_66647_0000.jpg
8,/home/wangqianqian/project/FS/data/28gusui&pizang/03/50/cell_1761648626527_912349010008_58951_0000.png,thumbs/cluster_8/042_cell_1761648626527_912349010008_58951_0000.jpg
8,/home/wangqianqian/project/FS/data/28gusui&pizang/03/49/cell_1761648551718_912349010008_51643_0000.png,thumbs/cluster_8/043_cell_1761648551718_912349010008_51643_0000.jpg
8,/home/wangqianqian/project/FS/data/28gusui&pizang/03/46/cell_1761648379532_912349010008_36470_0100.png,thumbs/cluster_8/044_cell_1761648379532_912349010008_36470_0100.jpg
8,/home/wangqianqian/project/FS/data/28gusui&pizang/03/43/cell_1761648210332_912349010008_21705_0000.png,thumbs/cluster_8/045_cell_1761648210332_912349010008_21705_0000.jpg
8,/home/wangqianqian/project/FS/data/28gusui&pizang/03/56/cell_1761648970179_912349010008_92264_0000.png,thumbs/cluster_8/046_cell_1761648970179_912349010008_92264_0000.jpg
8,/home/wangqianqian/project/FS/data/28gusui&pizang/03/58/cell_1761649138742_912349010008_109156_0000.png,thumbs/cluster_8/047_cell_1761649138742_912349010008_109156_0000.jpg
8,/home/wangqianqian/project/FS/data/28gusui&pizang/03/48/cell_1761648493985_912349010008_46735_0100.png,thumbs/cluster_8/048_cell_1761648493985_912349010008_46735_0100.jpg
8,/home/wangqianqian/project/FS/data/28gusui&pizang/03/39/cell_1761647969673_912349010008_6969_0100.png,thumbs/cluster_8/049_cell_1761647969673_912349010008_6969_0100.jpg
8,/home/wangqianqian/project/FS/data/28gusui&pizang/03/49/cell_1761648577242_912349010008_54095_0000.png,thumbs/cluster_8/050_cell_1761648577242_912349010008_54095_0000.jpg
8,/home/wangqianqian/project/FS/data/28gusui&pizang/03/42/cell_1761648177779_912349010008_19150_0100.png,thumbs/cluster_8/051_cell_1761648177779_912349010008_19150_0100.jpg
8,/home/wangqianqian/project/FS/data/28gusui&pizang/03/46/cell_1761648391224_912349010008_37457_0000.png,thumbs/cluster_8/052_cell_1761648391224_912349010008_37457_0000.jpg
8,/home/wangqianqian/project/FS/data/28gusui&pizang/03/45/cell_1761648316550_912349010008_30850_0000.png,thumbs/cluster_8/053_cell_1761648316550_912349010008_30850_0000.jpg
8,/home/wangqianqian/project/FS/data/28gusui&pizang/03/36/cell_1761647785332_912349010008_485_0000.png,thumbs/cluster_8/054_cell_1761647785332_912349010008_485_0000.jpg
8,/home/wangqianqian/project/FS/data/28gusui&pizang/03/51/cell_1761648698445_912349010008_66286_0000.png,thumbs/cluster_8/055_cell_1761648698445_912349010008_66286_0000.jpg
8,/home/wangqianqian/project/FS/data/28gusui&pizang/03/56/cell_1761648977335_912349010008_92884_0000.png,thumbs/cluster_8/056_cell_1761648977335_912349010008_92884_0000.jpg
8,/home/wangqianqian/project/FS/data/28gusui&pizang/03/57/cell_1761649073748_912349010008_102316_0100.png,thumbs/cluster_8/057_cell_1761649073748_912349010008_102316_0100.jpg
8,/home/wangqianqian/project/FS/data/28gusui&pizang/03/39/cell_1761647997161_912349010008_8093_0100.png,thumbs/cluster_8/058_cell_1761647997161_912349010008_8093_0100.jpg
8,/home/wangqianqian/project/FS/data/28gusui&pizang/03/44/cell_1761648291143_912349010008_28748_0100.png,thumbs/cluster_8/059_cell_1761648291143_912349010008_28748_0100.jpg
8,/home/wangqianqian/project/FS/data/28gusui&pizang/03/48/cell_1761648530262_912349010008_49682_0000.png,thumbs/cluster_8/060_cell_1761648530262_912349010008_49682_0000.jpg
8,/home/wangqianqian/project/FS/data/28gusui&pizang/03/41/cell_1761648079712_912349010008_12496_0000.png,thumbs/cluster_8/061_cell_1761648079712_912349010008_12496_0000.jpg
8,/home/wangqianqian/project/FS/data/28gusui&pizang/03/42/cell_1761648151451_912349010008_17299_0100.png,thumbs/cluster_8/062_cell_1761648151451_912349010008_17299_0100.jpg
8,/home/wangqianqian/project/FS/data/28gusui&pizang/03/40/cell_1761648059236_912349010008_11228_0000.png,thumbs/cluster_8/063_cell_1761648059236_912349010008_11228_0000.jpg
8,/home/wangqianqian/project/FS/data/28gusui&pizang/03/51/cell_1761648668606_912349010008_63233_0100.png,thumbs/cluster_8/064_cell_1761648668606_912349010008_63233_0100.jpg
8,/home/wangqianqian/project/FS/data/28gusui&pizang/03/39/cell_1761647954721_912349010008_6390_0000.png,thumbs/cluster_8/065_cell_1761647954721_912349010008_6390_0000.jpg
8,/home/wangqianqian/project/FS/data/28gusui&pizang/03/55/cell_1761648919839_912349010008_87849_0000.png,thumbs/cluster_8/066_cell_1761648919839_912349010008_87849_0000.jpg
8,/home/wangqianqian/project/FS/data/28gusui&pizang/03/53/cell_1761648781345_912349010008_74432_0100.png,thumbs/cluster_8/067_cell_1761648781345_912349010008_74432_0100.jpg
8,/home/wangqianqian/project/FS/data/28gusui&pizang/03/47/cell_1761648461234_912349010008_43915_0100.png,thumbs/cluster_8/068_cell_1761648461234_912349010008_43915_0100.jpg
8,/home/wangqianqian/project/FS/data/28gusui&pizang/03/45/cell_1761648304225_912349010008_29831_0100.png,thumbs/cluster_8/069_cell_1761648304225_912349010008_29831_0100.jpg
8,/home/wangqianqian/project/FS/data/28gusui&pizang/03/58/cell_1761649127225_912349010008_107975_0000.png,thumbs/cluster_8/070_cell_1761649127225_912349010008_107975_0000.jpg
8,/home/wangqianqian/project/FS/data/28gusui&pizang/03/55/cell_1761648914365_912349010008_87447_0100.png,thumbs/cluster_8/071_cell_1761648914365_912349010008_87447_0100.jpg
8,/home/wangqianqian/project/FS/data/28gusui&pizang/03/49/cell_1761648558341_912349010008_52253_0000.png,thumbs/cluster_8/072_cell_1761648558341_912349010008_52253_0000.jpg
8,/home/wangqianqian/project/FS/data/28gusui&pizang/03/46/cell_1761648374104_912349010008_35997_0000.png,thumbs/cluster_8/073_cell_1761648374104_912349010008_35997_0000.jpg
8,/home/wangqianqian/project/FS/data/28gusui&pizang/03/52/cell_1761648755631_912349010008_72041_0000.png,thumbs/cluster_8/074_cell_1761648755631_912349010008_72041_0000.jpg
8,/home/wangqianqian/project/FS/data/28gusui&pizang/03/47/cell_1761648456168_912349010008_43448_0100.png,thumbs/cluster_8/075_cell_1761648456168_912349010008_43448_0100.jpg
8,/home/wangqianqian/project/FS/data/28gusui&pizang/03/50/cell_1761648647620_912349010008_61133_0000.png,thumbs/cluster_8/076_cell_1761648647620_912349010008_61133_0000.jpg
8,/home/wangqianqian/project/FS/data/28gusui&pizang/03/50/cell_1761648653245_912349010008_61704_0000.png,thumbs/cluster_8/077_cell_1761648653245_912349010008_61704_0000.jpg
8,/home/wangqianqian/project/FS/data/28gusui&pizang/03/53/cell_1761648829566_912349010008_79439_0000.png,thumbs/cluster_8/078_cell_1761648829566_912349010008_79439_0000.jpg
8,/home/wangqianqian/project/FS/data/28gusui&pizang/03/44/cell_1761648259662_912349010008_25842_0100.png,thumbs/cluster_8/079_cell_1761648259662_912349010008_25842_0100.jpg
8,/home/wangqianqian/project/FS/data/28gusui&pizang/03/42/cell_1761648132365_912349010008_15921_0100.png,thumbs/cluster_8/080_cell_1761648132365_912349010008_15921_0100.jpg
8,/home/wangqianqian/project/FS/data/28gusui&pizang/03/58/cell_1761649101724_912349010008_105297_0000.png,thumbs/cluster_8/081_cell_1761649101724_912349010008_105297_0000.jpg
8,/home/wangqianqian/project/FS/data/28gusui&pizang/03/50/cell_1761648649072_912349010008_61267_0100.png,thumbs/cluster_8/082_cell_1761648649072_912349010008_61267_0100.jpg
8,/home/wangqianqian/project/FS/data/28gusui&pizang/03/39/cell_1761647952708_912349010008_6319_0000.png,thumbs/cluster_8/083_cell_1761647952708_912349010008_6319_0000.jpg
8,/home/wangqianqian/project/FS/data/28gusui&pizang/03/51/cell_1761648672980_912349010008_63642_0000.png,thumbs/cluster_8/084_cell_1761648672980_912349010008_63642_0000.jpg
8,/home/wangqianqian/project/FS/data/28gusui&pizang/03/46/cell_1761648406517_912349010008_38782_0100.png,thumbs/cluster_8/085_cell_1761648406517_912349010008_38782_0100.jpg
8,/home/wangqianqian/project/FS/data/28gusui&pizang/03/58/cell_1761649102353_912349010008_105351_0000.png,thumbs/cluster_8/086_cell_1761649102353_912349010008_105351_0000.jpg
8,/home/wangqianqian/project/FS/data/28gusui&pizang/03/40/cell_1761648001876_912349010008_8321_0100.png,thumbs/cluster_8/087_cell_1761648001876_912349010008_8321_0100.jpg
8,/home/wangqianqian/project/FS/data/28gusui&pizang/03/45/cell_1761648324106_912349010008_31448_0000.png,thumbs/cluster_8/088_cell_1761648324106_912349010008_31448_0000.jpg
8,/home/wangqianqian/project/FS/data/28gusui&pizang/03/49/cell_1761648580361_912349010008_54388_0000.png,thumbs/cluster_8/089_cell_1761648580361_912349010008_54388_0000.jpg
8,/home/wangqianqian/project/FS/data/28gusui&pizang/03/38/cell_1761647915930_912349010008_4915_0000.png,thumbs/cluster_8/090_cell_1761647915930_912349010008_4915_0000.jpg
8,/home/wangqianqian/project/FS/data/28gusui&pizang/03/55/cell_1761648925926_912349010008_88429_0100.png,thumbs/cluster_8/091_cell_1761648925926_912349010008_88429_0100.jpg
8,/home/wangqianqian/project/FS/data/28gusui&pizang/03/42/cell_1761648176924_912349010008_19088_0100.png,thumbs/cluster_8/092_cell_1761648176924_912349010008_19088_0100.jpg
8,/home/wangqianqian/project/FS/data/28gusui&pizang/03/50/cell_1761648607443_912349010008_57074_0000.png,thumbs/cluster_8/093_cell_1761648607443_912349010008_57074_0000.jpg
8,/home/wangqianqian/project/FS/data/28gusui&pizang/03/51/cell_1761648688142_912349010008_65205_0000.png,thumbs/cluster_8/094_cell_1761648688142_912349010008_65205_0000.jpg
8,/home/wangqianqian/project/FS/data/28gusui&pizang/03/42/cell_1761648140084_912349010008_16499_0100.png,thumbs/cluster_8/095_cell_1761648140084_912349010008_16499_0100.jpg
8,/home/wangqianqian/project/FS/data/28gusui&pizang/03/59/cell_1761649165436_912349010008_112027_0000.png,thumbs/cluster_8/096_cell_1761649165436_912349010008_112027_0000.jpg
8,/home/wangqianqian/project/FS/data/28gusui&pizang/03/47/cell_1761648476957_912349010008_45261_0100.png,thumbs/cluster_8/097_cell_1761648476957_912349010008_45261_0100.jpg
8,/home/wangqianqian/project/FS/data/28gusui&pizang/03/57/cell_1761649059475_912349010008_100864_0000.png,thumbs/cluster_8/098_cell_1761649059475_912349010008_100864_0000.jpg
8,/home/wangqianqian/project/FS/data/28gusui&pizang/03/51/cell_1761648670145_912349010008_63380_0100.png,thumbs/cluster_8/099_cell_1761648670145_912349010008_63380_0100.jpg
9,/home/wangqianqian/project/FS/data/28gusui&pizang/03/49/cell_1761648589855_912349010008_55275_0100.png,thumbs/cluster_9/000_cell_1761648589855_912349010008_55275_0100.jpg
9,/home/wangqianqian/project/FS/data/28gusui&pizang/03/42/cell_1761648143490_912349010008_16736_0000.png,thumbs/cluster_9/001_cell_1761648143490_912349010008_16736_0000.jpg
9,/home/wangqianqian/project/FS/data/28gusui&pizang/03/47/cell_1761648444782_912349010008_42490_0000.png,thumbs/cluster_9/002_cell_1761648444782_912349010008_42490_0000.jpg
9,/home/wangqianqian/project/FS/data/28gusui&pizang/03/49/cell_1761648592924_912349010008_55595_0000.png,thumbs/cluster_9/003_cell_1761648592924_912349010008_55595_0000.jpg
9,/home/wangqianqian/project/FS/data/28gusui&pizang/03/43/cell_1761648205681_912349010008_21302_0000.png,thumbs/cluster_9/004_cell_1761648205681_912349010008_21302_0000.jpg
9,/home/wangqianqian/project/FS/data/28gusui&pizang/03/50/cell_1761648645295_912349010008_60866_0000.png,thumbs/cluster_9/005_cell_1761648645295_912349010008_60866_0000.jpg
9,/home/wangqianqian/project/FS/data/28gusui&pizang/03/50/cell_1761648627224_912349010008_59020_0000.png,thumbs/cluster_9/006_cell_1761648627224_912349010008_59020_0000.jpg
9,/home/wangqianqian/project/FS/data/28gusui&pizang/03/47/cell_1761648460875_912349010008_43888_0000.png,thumbs/cluster_9/007_cell_1761648460875_912349010008_43888_0000.jpg
9,/home/wangqianqian/project/FS/data/28gusui&pizang/03/39/cell_1761647950521_912349010008_6223_0000.png,thumbs/cluster_9/008_cell_1761647950521_912349010008_6223_0000.jpg
9,/home/wangqianqian/project/FS/data/28gusui&pizang/03/52/cell_1761648720700_912349010008_68609_0100.png,thumbs/cluster_9/009_cell_1761648720700_912349010008_68609_0100.jpg
9,/home/wangqianqian/project/FS/data/28gusui&pizang/03/50/cell_1761648641805_912349010008_60481_0000.png,thumbs/cluster_9/010_cell_1761648641805_912349010008_60481_0000.jpg
9,/home/wangqianqian/project/FS/data/28gusui&pizang/03/53/cell_1761648806177_912349010008_77181_0100.png,thumbs/cluster_9/011_cell_1761648806177_912349010008_77181_0100.jpg
9,/home/wangqianqian/project/FS/data/28gusui&pizang/03/47/cell_1761648423594_912349010008_40426_0100.png,thumbs/cluster_9/012_cell_1761648423594_912349010008_40426_0100.jpg
9,/home/wangqianqian/project/FS/data/28gusui&pizang/03/56/cell_1761648969244_912349010008_92151_0100.png,thumbs/cluster_9/013_cell_1761648969244_912349010008_92151_0100.jpg
9,/home/wangqianqian/project/FS/data/28gusui&pizang/03/50/cell_1761648651191_912349010008_61481_0000.png,thumbs/cluster_9/014_cell_1761648651191_912349010008_61481_0000.jpg
9,/home/wangqianqian/project/FS/data/28gusui&pizang/03/48/cell_1761648502175_912349010008_47428_0000.png,thumbs/cluster_9/015_cell_1761648502175_912349010008_47428_0000.jpg
9,/home/wangqianqian/project/FS/data/28gusui&pizang/03/57/cell_1761649058638_912349010008_100760_0000.png,thumbs/cluster_9/016_cell_1761649058638_912349010008_100760_0000.jpg
9,/home/wangqianqian/project/FS/data/28gusui&pizang/03/56/cell_1761648969134_912349010008_92145_0000.png,thumbs/cluster_9/017_cell_1761648969134_912349010008_92145_0000.jpg
9,/home/wangqianqian/project/FS/data/28gusui&pizang/03/49/cell_1761648590672_912349010008_55375_0000.png,thumbs/cluster_9/018_cell_1761648590672_912349010008_55375_0000.jpg
9,/home/wangqianqian/project/FS/data/28gusui&pizang/03/53/cell_1761648827350_912349010008_79251_0000.png,thumbs/cluster_9/019_cell_1761648827350_912349010008_79251_0000.jpg
9,/home/wangqianqian/project/FS/data/28gusui&pizang/03/51/cell_1761648703696_912349010008_66811_0000.png,thumbs/cluster_9/020_cell_1761648703696_912349010008_66811_0000.jpg
9,/home/wangqianqian/project/FS/data/28gusui&pizang/03/50/cell_1761648605255_912349010008_56897_0100.png,thumbs/cluster_9/021_cell_1761648605255_912349010008_56897_0100.jpg
9,/home/wangqianqian/project/FS/data/28gusui&pizang/03/48/cell_1761648538321_912349010008_50447_0000.png,thumbs/cluster_9/022_cell_1761648538321_912349010008_50447_0000.jpg
9,/home/wangqianqian/project/FS/data/28gusui&pizang/03/51/cell_1761648711187_912349010008_67651_0000.png,thumbs/cluster_9/023_cell_1761648711187_912349010008_67651_0000.jpg
9,/home/wangqianqian/project/FS/data/28gusui&pizang/03/40/cell_1761648023142_912349010008_9421_0100.png,thumbs/cluster_9/024_cell_1761648023142_912349010008_9421_0100.jpg
9,/home/wangqianqian/project/FS/data/28gusui&pizang/03/54/cell_1761648860574_912349010008_82556_0000.png,thumbs/cluster_9/025_cell_1761648860574_912349010008_82556_0000.jpg
9,/home/wangqianqian/project/FS/data/28gusui&pizang/03/52/cell_1761648741848_912349010008_70686_0000.png,thumbs/cluster_9/026_cell_1761648741848_912349010008_70686_0000.jpg
9,/home/wangqianqian/project/FS/data/28gusui&pizang/03/48/cell_1761648524052_912349010008_49160_0000.png,thumbs/cluster_9/027_cell_1761648524052_912349010008_49160_0000.jpg
9,/home/wangqianqian/project/FS/data/28gusui&pizang/03/42/cell_1761648137871_912349010008_16327_0100.png,thumbs/cluster_9/028_cell_1761648137871_912349010008_16327_0100.jpg
9,/home/wangqianqian/project/FS/data/28gusui&pizang/03/57/cell_1761649058616_912349010008_100756_0100.png,thumbs/cluster_9/029_cell_1761649058616_912349010008_100756_0100.jpg
9,/home/wangqianqian/project/FS/data/28gusui&pizang/03/55/cell_1761648923462_912349010008_88169_0000.png,thumbs/cluster_9/030_cell_1761648923462_912349010008_88169_0000.jpg
9,/home/wangqianqian/project/FS/data/28gusui&pizang/03/49/cell_1761648593690_912349010008_55690_0000.png,thumbs/cluster_9/031_cell_1761648593690_912349010008_55690_0000.jpg
9,/home/wangqianqian/project/FS/data/28gusui&pizang/03/47/cell_1761648432943_912349010008_41314_0100.png,thumbs/cluster_9/032_cell_1761648432943_912349010008_41314_0100.jpg
9,/home/wangqianqian/project/FS/data/28gusui&pizang/03/44/cell_1761648244256_912349010008_24487_0100.png,thumbs/cluster_9/033_cell_1761648244256_912349010008_24487_0100.jpg
9,/home/wangqianqian/project/FS/data/28gusui&pizang/03/40/cell_1761648028116_912349010008_9654_0000.png,thumbs/cluster_9/034_cell_1761648028116_912349010008_9654_0000.jpg
9,/home/wangqianqian/project/FS/data/28gusui&pizang/03/47/cell_1761648459927_912349010008_43810_0100.png,thumbs/cluster_9/035_cell_1761648459927_912349010008_43810_0100.jpg
9,/home/wangqianqian/project/FS/data/28gusui&pizang/03/47/cell_1761648472045_912349010008_44817_0100.png,thumbs/cluster_9/036_cell_1761648472045_912349010008_44817_0100.jpg
9,/home/wangqianqian/project/FS/data/28gusui&pizang/03/42/cell_1761648146124_912349010008_16944_0100.png,thumbs/cluster_9/037_cell_1761648146124_912349010008_16944_0100.jpg
9,/home/wangqianqian/project/FS/data/28gusui&pizang/03/41/cell_1761648082827_912349010008_12732_0100.png,thumbs/cluster_9/038_cell_1761648082827_912349010008_12732_0100.jpg
9,/home/wangqianqian/project/FS/data/28gusui&pizang/03/42/cell_1761648122717_912349010008_15239_0100.png,thumbs/cluster_9/039_cell_1761648122717_912349010008_15239_0100.jpg
9,/home/wangqianqian/project/FS/data/28gusui&pizang/03/40/cell_1761648018856_912349010008_9173_0000.png,thumbs/cluster_9/040_cell_1761648018856_912349010008_9173_0000.jpg
9,/home/wangqianqian/project/FS/data/28gusui&pizang/03/51/cell_1761648691389_912349010008_65509_0100.png,thumbs/cluster_9/041_cell_1761648691389_912349010008_65509_0100.jpg
9,/home/wangqianqian/project/FS/data/28gusui&pizang/03/55/cell_1761648953626_912349010008_90793_0000.png,thumbs/cluster_9/042_cell_1761648953626_912349010008_90793_0000.jpg
9,/home/wangqianqian/project/FS/data/28gusui&pizang/03/50/cell_1761648607524_912349010008_57086_0000.png,thumbs/cluster_9/043_cell_1761648607524_912349010008_57086_0000.jpg
9,/home/wangqianqian/project/FS/data/28gusui&pizang/03/43/cell_1761648209156_912349010008_21613_0000.png,thumbs/cluster_9/044_cell_1761648209156_912349010008_21613_0000.jpg
9,/home/wangqianqian/project/FS/data/28gusui&pizang/03/53/cell_1761648796105_912349010008_76062_0000.png,thumbs/cluster_9/045_cell_1761648796105_912349010008_76062_0000.jpg
9,/home/wangqianqian/project/FS/data/28gusui&pizang/03/55/cell_1761648901575_912349010008_86427_0100.png,thumbs/cluster_9/046_cell_1761648901575_912349010008_86427_0100.jpg
9,/home/wangqianqian/project/FS/data/28gusui&pizang/03/47/cell_1761648473104_912349010008_44918_0000.png,thumbs/cluster_9/047_cell_1761648473104_912349010008_44918_0000.jpg
9,/home/wangqianqian/project/FS/data/28gusui&pizang/03/43/cell_1761648209375_912349010008_21639_0000.png,thumbs/cluster_9/048_cell_1761648209375_912349010008_21639_0000.jpg
9,/home/wangqianqian/project/FS/data/28gusui&pizang/03/36/cell_1761647797209_912349010008_756_0100.png,thumbs/cluster_9/049_cell_1761647797209_912349010008_756_0100.jpg
9,/home/wangqianqian/project/FS/data/28gusui&pizang/03/49/cell_1761648596110_912349010008_55997_0000.png,thumbs/cluster_9/050_cell_1761648596110_912349010008_55997_0000.jpg
9,/home/wangqianqian/project/FS/data/28gusui&pizang/03/57/cell_1761649061045_912349010008_101030_0000.png,thumbs/cluster_9/051_cell_1761649061045_912349010008_101030_0000.jpg
9,/home/wangqianqian/project/FS/data/28gusui&pizang/03/55/cell_1761648900305_912349010008_86321_0000.png,thumbs/cluster_9/052_cell_1761648900305_912349010008_86321_0000.jpg
9,/home/wangqianqian/project/FS/data/28gusui&pizang/03/48/cell_1761648519746_912349010008_48818_0000.png,thumbs/cluster_9/053_cell_1761648519746_912349010008_48818_0000.jpg
9,/home/wangqianqian/project/FS/data/28gusui&pizang/03/49/cell_1761648565951_912349010008_52996_0000.png,thumbs/cluster_9/054_cell_1761648565951_912349010008_52996_0000.jpg
9,/home/wangqianqian/project/FS/data/28gusui&pizang/03/49/cell_1761648562088_912349010008_52594_0000.png,thumbs/cluster_9/055_cell_1761648562088_912349010008_52594_0000.jpg
9,/home/wangqianqian/project/FS/data/28gusui&pizang/03/36/cell_1761647797038_912349010008_749_0000.png,thumbs/cluster_9/056_cell_1761647797038_912349010008_749_0000.jpg
9,/home/wangqianqian/project/FS/data/28gusui&pizang/03/53/cell_1761648836495_912349010008_80081_0100.png,thumbs/cluster_9/057_cell_1761648836495_912349010008_80081_0100.jpg
9,/home/wangqianqian/project/FS/data/28gusui&pizang/03/50/cell_1761648610961_912349010008_57389_0000.png,thumbs/cluster_9/058_cell_1761648610961_912349010008_57389_0000.jpg
9,/home/wangqianqian/project/FS/data/28gusui&pizang/03/38/cell_1761647903715_912349010008_4560_0000.png,thumbs/cluster_9/059_cell_1761647903715_912349010008_4560_0000.jpg
9,/home/wangqianqian/project/FS/data/28gusui&pizang/03/48/cell_1761648502220_912349010008_47435_0000.png,thumbs/cluster_9/060_cell_1761648502220_912349010008_47435_0000.jpg
9,/home/wangqianqian/project/FS/data/28gusui&pizang/03/44/cell_1761648289824_912349010008_28676_0100.png,thumbs/cluster_9/061_cell_1761648289824_912349010008_28676_0100.jpg
9,/home/wangqianqian/project/FS/data/28gusui&pizang/03/45/cell_1761648313716_912349010008_30632_0000.png,thumbs/cluster_9/062_cell_1761648313716_912349010008_30632_0000.jpg
9,/home/wangqianqian/project/FS/data/28gusui&pizang/03/48/cell_1761648513615_912349010008_48331_0000.png,thumbs/cluster_9/063_cell_1761648513615_912349010008_48331_0000.jpg
9,/home/wangqianqian/project/FS/data/28gusui&pizang/03/54/cell_1761648895699_912349010008_85960_0100.png,thumbs/cluster_9/064_cell_1761648895699_912349010008_85960_0100.jpg
9,/home/wangqianqian/project/FS/data/28gusui&pizang/03/45/cell_1761648330937_912349010008_32090_0000.png,thumbs/cluster_9/065_cell_1761648330937_912349010008_32090_0000.jpg
9,/home/wangqianqian/project/FS/data/28gusui&pizang/03/45/cell_1761648342798_912349010008_33165_0000.png,thumbs/cluster_9/066_cell_1761648342798_912349010008_33165_0000.jpg
9,/home/wangqianqian/project/FS/data/28gusui&pizang/03/46/cell_1761648393614_912349010008_37663_0100.png,thumbs/cluster_9/067_cell_1761648393614_912349010008_37663_0100.jpg
9,/home/wangqianqian/project/FS/data/28gusui&pizang/03/58/cell_1761649134739_912349010008_108747_0000.png,thumbs/cluster_9/068_cell_1761649134739_912349010008_108747_0000.jpg
9,/home/wangqianqian/project/FS/data/28gusui&pizang/03/39/cell_1761647982468_912349010008_7450_0000.png,thumbs/cluster_9/069_cell_1761647982468_912349010008_7450_0000.jpg
9,/home/wangqianqian/project/FS/data/28gusui&pizang/03/42/cell_1761648151573_912349010008_17320_0000.png,thumbs/cluster_9/070_cell_1761648151573_912349010008_17320_0000.jpg
9,/home/wangqianqian/project/FS/data/28gusui&pizang/03/51/cell_1761648704386_912349010008_66892_0100.png,thumbs/cluster_9/071_cell_1761648704386_912349010008_66892_0100.jpg
9,/home/wangqianqian/project/FS/data/28gusui&pizang/03/57/cell_1761649035422_912349010008_98329_0100.png,thumbs/cluster_9/072_cell_1761649035422_912349010008_98329_0100.jpg
9,/home/wangqianqian/project/FS/data/28gusui&pizang/03/48/cell_1761648510363_912349010008_48092_0100.png,thumbs/cluster_9/073_cell_1761648510363_912349010008_48092_0100.jpg
9,/home/wangqianqian/project/FS/data/28gusui&pizang/03/58/cell_1761649132278_912349010008_108521_0000.png,thumbs/cluster_9/074_cell_1761649132278_912349010008_108521_0000.jpg
9,/home/wangqianqian/project/FS/data/28gusui&pizang/03/41/cell_1761648077736_912349010008_12350_0100.png,thumbs/cluster_9/075_cell_1761648077736_912349010008_12350_0100.jpg
9,/home/wangqianqian/project/FS/data/28gusui&pizang/03/56/cell_1761648998332_912349010008_94845_0100.png,thumbs/cluster_9/076_cell_1761648998332_912349010008_94845_0100.jpg
9,/home/wangqianqian/project/FS/data/28gusui&pizang/03/56/cell_1761649016652_912349010008_96500_0000.png,thumbs/cluster_9/077_cell_1761649016652_912349010008_96500_0000.jpg
9,/home/wangqianqian/project/FS/data/28gusui&pizang/03/53/cell_1761648808021_912349010008_77386_0000.png,thumbs/cluster_9/078_cell_1761648808021_912349010008_77386_0000.jpg
9,/home/wangqianqian/project/FS/data/28gusui&pizang/03/45/cell_1761648310803_912349010008_30396_0000.png,thumbs/cluster_9/079_cell_1761648310803_912349010008_30396_0000.jpg
9,/home/wangqianqian/project/FS/data/28gusui&pizang/03/51/cell_1761648695092_912349010008_65922_0100.png,thumbs/cluster_9/080_cell_1761648695092_912349010008_65922_0100.jpg
9,/home/wangqianqian/project/FS/data/28gusui&pizang/03/58/cell_1761649112486_912349010008_106472_0000.png,thumbs/cluster_9/081_cell_1761649112486_912349010008_106472_0000.jpg
9,/home/wangqianqian/project/FS/data/28gusui&pizang/03/50/cell_1761648617626_912349010008_58077_0000.png,thumbs/cluster_9/082_cell_1761648617626_912349010008_58077_0000.jpg
9,/home/wangqianqian/project/FS/data/28gusui&pizang/03/57/cell_1761649068159_912349010008_101758_0100.png,thumbs/cluster_9/083_cell_1761649068159_912349010008_101758_0100.jpg
9,/home/wangqianqian/project/FS/data/28gusui&pizang/03/38/cell_1761647934730_912349010008_5577_0100.png,thumbs/cluster_9/084_cell_1761647934730_912349010008_5577_0100.jpg
9,/home/wangqianqian/project/FS/data/28gusui&pizang/03/41/cell_1761648074784_912349010008_12139_0100.png,thumbs/cluster_9/085_cell_1761648074784_912349010008_12139_0100.jpg
9,/home/wangqianqian/project/FS/data/28gusui&pizang/03/45/cell_1761648339859_912349010008_32888_0000.png,thumbs/cluster_9/086_cell_1761648339859_912349010008_32888_0000.jpg
9,/home/wangqianqian/project/FS/data/28gusui&pizang/03/56/cell_1761648990197_912349010008_94036_0000.png,thumbs/cluster_9/087_cell_1761648990197_912349010008_94036_0000.jpg
9,/home/wangqianqian/project/FS/data/28gusui&pizang/03/53/cell_1761648809838_912349010008_77573_0100.png,thumbs/cluster_9/088_cell_1761648809838_912349010008_77573_0100.jpg
9,/home/wangqianqian/project/FS/data/28gusui&pizang/03/51/cell_1761648718847_912349010008_68408_0000.png,thumbs/cluster_9/089_cell_1761648718847_912349010008_68408_0000.jpg
9,/home/wangqianqian/project/FS/data/28gusui&pizang/03/38/cell_1761647904355_912349010008_4577_0000.png,thumbs/cluster_9/090_cell_1761647904355_912349010008_4577_0000.jpg
9,/home/wangqianqian/project/FS/data/28gusui&pizang/03/57/cell_1761649031559_912349010008_97958_0000.png,thumbs/cluster_9/091_cell_1761649031559_912349010008_97958_0000.jpg
9,/home/wangqianqian/project/FS/data/28gusui&pizang/03/51/cell_1761648670456_912349010008_63409_0000.png,thumbs/cluster_9/092_cell_1761648670456_912349010008_63409_0000.jpg
9,/home/wangqianqian/project/FS/data/28gusui&pizang/03/49/cell_1761648555587_912349010008_52005_0100.png,thumbs/cluster_9/093_cell_1761648555587_912349010008_52005_0100.jpg
9,/home/wangqianqian/project/FS/data/28gusui&pizang/03/52/cell_1761648742173_912349010008_70724_0000.png,thumbs/cluster_9/094_cell_1761648742173_912349010008_70724_0000.jpg
9,/home/wangqianqian/project/FS/data/28gusui&pizang/03/49/cell_1761648553614_912349010008_51817_0000.png,thumbs/cluster_9/095_cell_1761648553614_912349010008_51817_0000.jpg
9,/home/wangqianqian/project/FS/data/28gusui&pizang/03/48/cell_1761648533236_912349010008_49973_0000.png,thumbs/cluster_9/096_cell_1761648533236_912349010008_49973_0000.jpg
9,/home/wangqianqian/project/FS/data/28gusui&pizang/03/48/cell_1761648534937_912349010008_50148_0100.png,thumbs/cluster_9/097_cell_1761648534937_912349010008_50148_0100.jpg
9,/home/wangqianqian/project/FS/data/28gusui&pizang/03/50/cell_1761648634481_912349010008_59740_0000.png,thumbs/cluster_9/098_cell_1761648634481_912349010008_59740_0000.jpg
9,/home/wangqianqian/project/FS/data/28gusui&pizang/03/47/cell_1761648463120_912349010008_44086_0100.png,thumbs/cluster_9/099_cell_1761648463120_912349010008_44086_0100.jpg
10,/home/wangqianqian/project/FS/data/28gusui&pizang/03/52/cell_1761648757639_912349010008_72234_0100.png,thumbs/cluster_10/000_cell_1761648757639_912349010008_72234_0100.jpg
10,/home/wangqianqian/project/FS/data/28gusui&pizang/03/54/cell_1761648841361_912349010008_80556_0100.png,thumbs/cluster_10/001_cell_1761648841361_912349010008_80556_0100.jpg
10,/home/wangqianqian/project/FS/data/28gusui&pizang/03/48/cell_1761648530283_912349010008_49684_0100.png,thumbs/cluster_10/002_cell_1761648530283_912349010008_49684_0100.jpg
10,/home/wangqianqian/project/FS/data/28gusui&pizang/03/51/cell_1761648709731_912349010008_67501_0100.png,thumbs/cluster_10/003_cell_1761648709731_912349010008_67501_0100.jpg
10,/home/wangqianqian/project/FS/data/28gusui&pizang/03/59/cell_1761649169637_912349010008_112449_0000.png,thumbs/cluster_10/004_cell_1761649169637_912349010008_112449_0000.jpg
10,/home/wangqianqian/project/FS/data/28gusui&pizang/03/47/cell_1761648420674_912349010008_40148_0000.png,thumbs/cluster_10/005_cell_1761648420674_912349010008_40148_0000.jpg
10,/home/wangqianqian/project/FS/data/28gusui&pizang/03/38/cell_1761647934076_912349010008_5551_0100.png,thumbs/cluster_10/006_cell_1761647934076_912349010008_5551_0100.jpg
10,/home/wangqianqian/project/FS/data/28gusui&pizang/03/53/cell_1761648782567_912349010008_74550_0100.png,thumbs/cluster_10/007_cell_1761648782567_912349010008_74550_0100.jpg
10,/home/wangqianqian/project/FS/data/28gusui&pizang/03/41/cell_1761648061567_912349010008_11359_0000.png,thumbs/cluster_10/008_cell_1761648061567_912349010008_11359_0000.jpg
10,/home/wangqianqian/project/FS/data/28gusui&pizang/03/49/cell_1761648597027_912349010008_56096_0000.png,thumbs/cluster_10/009_cell_1761648597027_912349010008_56096_0000.jpg
10,/home/wangqianqian/project/FS/data/28gusui&pizang/03/45/cell_1761648338137_912349010008_32723_0000.png,thumbs/cluster_10/010_cell_1761648338137_912349010008_32723_0000.jpg
10,/home/wangqianqian/project/FS/data/28gusui&pizang/03/46/cell_1761648403495_912349010008_38517_0000.png,thumbs/cluster_10/011_cell_1761648403495_912349010008_38517_0000.jpg
10,/home/wangqianqian/project/FS/data/28gusui&pizang/03/48/cell_1761648492206_912349010008_46577_0000.png,thumbs/cluster_10/012_cell_1761648492206_912349010008_46577_0000.jpg
10,/home/wangqianqian/project/FS/data/28gusui&pizang/03/45/cell_1761648330344_912349010008_32045_0000.png,thumbs/cluster_10/013_cell_1761648330344_912349010008_32045_0000.jpg
10,/home/wangqianqian/project/FS/data/28gusui&pizang/03/44/cell_1761648275284_912349010008_27345_0000.png,thumbs/cluster_10/014_cell_1761648275284_912349010008_27345_0000.jpg
10,/home/wangqianqian/project/FS/data/28gusui&pizang/03/54/cell_1761648846086_912349010008_81037_0000.png,thumbs/cluster_10/015_cell_1761648846086_912349010008_81037_0000.jpg
10,/home/wangqianqian/project/FS/data/28gusui&pizang/03/48/cell_1761648488113_912349010008_46239_0000.png,thumbs/cluster_10/016_cell_1761648488113_912349010008_46239_0000.jpg
10,/home/wangqianqian/project/FS/data/28gusui&pizang/03/50/cell_1761648625900_912349010008_58890_0100.png,thumbs/cluster_10/017_cell_1761648625900_912349010008_58890_0100.jpg
10,/home/wangqianqian/project/FS/data/28gusui&pizang/03/52/cell_1761648754698_912349010008_71959_0100.png,thumbs/cluster_10/018_cell_1761648754698_912349010008_71959_0100.jpg
10,/home/wangqianqian/project/FS/data/28gusui&pizang/03/48/cell_1761648507202_912349010008_47850_0000.png,thumbs/cluster_10/019_cell_1761648507202_912349010008_47850_0000.jpg
10,/home/wangqianqian/project/FS/data/28gusui&pizang/03/46/cell_1761648366684_912349010008_35344_0100.png,thumbs/cluster_10/020_cell_1761648366684_912349010008_35344_0100.jpg
10,/home/wangqianqian/project/FS/data/28gusui&pizang/03/46/cell_1761648390514_912349010008_37387_0000.png,thumbs/cluster_10/021_cell_1761648390514_912349010008_37387_0000.jpg
10,/home/wangqianqian/project/FS/data/28gusui&pizang/03/42/cell_1761648167587_912349010008_18403_0100.png,thumbs/cluster_10/022_cell_1761648167587_912349010008_18403_0100.jpg
10,/home/wangqianqian/project/FS/data/28gusui&pizang/03/53/cell_1761648800379_912349010008_76525_0000.png,thumbs/cluster_10/023_cell_1761648800379_912349010008_76525_0000.jpg
10,/home/wangqianqian/project/FS/data/28gusui&pizang/03/52/cell_1761648779189_912349010008_74207_0100.png,thumbs/cluster_10/024_cell_1761648779189_912349010008_74207_0100.jpg
10,/home/wangqianqian/project/FS/data/28gusui&pizang/03/44/cell_1761648298091_912349010008_29329_0000.png,thumbs/cluster_10/025_cell_1761648298091_912349010008_29329_0000.jpg
10,/home/wangqianqian/project/FS/data/28gusui&pizang/03/40/cell_1761648020231_912349010008_9255_0000.png,thumbs/cluster_10/026_cell_1761648020231_912349010008_9255_0000.jpg
10,/home/wangqianqian/project/FS/data/28gusui&pizang/03/46/cell_1761648373851_912349010008_35977_0100.png,thumbs/cluster_10/027_cell_1761648373851_912349010008_35977_0100.jpg
10,/home/wangqianqian/project/FS/data/28gusui&pizang/03/50/cell_1761648628597_912349010008_59178_0000.png,thumbs/cluster_10/028_cell_1761648628597_912349010008_59178_0000.jpg
10,/home/wangqianqian/project/FS/data/28gusui&pizang/03/58/cell_1761649096578_912349010008_104779_0100.png,thumbs/cluster_10/029_cell_1761649096578_912349010008_104779_0100.jpg
10,/home/wangqianqian/project/FS/data/28gusui&pizang/03/47/cell_1761648436416_912349010008_41721_0000.png,thumbs/cluster_10/030_cell_1761648436416_912349010008_41721_0000.jpg
10,/home/wangqianqian/project/FS/data/28gusui&pizang/03/44/cell_1761648280275_912349010008_27775_0000.png,thumbs/cluster_10/031_cell_1761648280275_912349010008_27775_0000.jpg
10,/home/wangqianqian/project/FS/data/28gusui&pizang/03/40/cell_1761648002088_912349010008_8339_0100.png,thumbs/cluster_10/032_cell_1761648002088_912349010008_8339_0100.jpg
10,/home/wangqianqian/project/FS/data/28gusui&pizang/03/53/cell_1761648784506_912349010008_74750_0100.png,thumbs/cluster_10/033_cell_1761648784506_912349010008_74750_0100.jpg
10,/home/wangqianqian/project/FS/data/28gusui&pizang/03/52/cell_1761648764379_912349010008_72861_0000.png,thumbs/cluster_10/034_cell_1761648764379_912349010008_72861_0000.jpg
10,/home/wangqianqian/project/FS/data/28gusui&pizang/03/54/cell_1761648872692_912349010008_83734_0100.png,thumbs/cluster_10/035_cell_1761648872692_912349010008_83734_0100.jpg
10,/home/wangqianqian/project/FS/data/28gusui&pizang/03/57/cell_1761649039467_912349010008_98700_0000.png,thumbs/cluster_10/036_cell_1761649039467_912349010008_98700_0000.jpg
10,/home/wangqianqian/project/FS/data/28gusui&pizang/03/55/cell_1761648902919_912349010008_86530_0100.png,thumbs/cluster_10/037_cell_1761648902919_912349010008_86530_0100.jpg
10,/home/wangqianqian/project/FS/data/28gusui&pizang/03/42/cell_1761648174850_912349010008_18972_0000.png,thumbs/cluster_10/038_cell_1761648174850_912349010008_18972_0000.jpg
10,/home/wangqianqian/project/FS/data/28gusui&pizang/03/46/cell_1761648394850_912349010008_37791_0000.png,thumbs/cluster_10/039_cell_1761648394850_912349010008_37791_0000.jpg
10,/home/wangqianqian/project/FS/data/28gusui&pizang/03/49/cell_1761648547841_912349010008_51313_0100.png,thumbs/cluster_10/040_cell_1761648547841_912349010008_51313_0100.jpg
10,/home/wangqianqian/project/FS/data/28gusui&pizang/03/50/cell_1761648629170_912349010008_59242_0000.png,thumbs/cluster_10/041_cell_1761648629170_912349010008_59242_0000.jpg
10,/home/wangqianqian/project/FS/data/28gusui&pizang/03/54/cell_1761648894001_912349010008_85812_0000.png,thumbs/cluster_10/042_cell_1761648894001_912349010008_85812_0000.jpg
10,/home/wangqianqian/project/FS/data/28gusui&pizang/03/48/cell_1761648510301_912349010008_48091_0000.png,thumbs/cluster_10/043_cell_1761648510301_912349010008_48091_0000.jpg
10,/home/wangqianqian/project/FS/data/28gusui&pizang/03/58/cell_1761649094812_912349010008_104596_0100.png,thumbs/cluster_10/044_cell_1761649094812_912349010008_104596_0100.jpg
10,/home/wangqianqian/project/FS/data/28gusui&pizang/03/45/cell_1761648356700_912349010008_34437_0100.png,thumbs/cluster_10/045_cell_1761648356700_912349010008_34437_0100.jpg
10,/home/wangqianqian/project/FS/data/28gusui&pizang/03/53/cell_1761648786417_912349010008_74962_0100.png,thumbs/cluster_10/046_cell_1761648786417_912349010008_74962_0100.jpg
10,/home/wangqianqian/project/FS/data/28gusui&pizang/03/56/cell_1761649019096_912349010008_96727_0100.png,thumbs/cluster_10/047_cell_1761649019096_912349010008_96727_0100.jpg
10,/home/wangqianqian/project/FS/data/28gusui&pizang/03/42/cell_1761648144227_912349010008_16810_0100.png,thumbs/cluster_10/048_cell_1761648144227_912349010008_16810_0100.jpg
10,/home/wangqianqian/project/FS/data/28gusui&pizang/03/40/cell_1761648055663_912349010008_11019_0000.png,thumbs/cluster_10/049_cell_1761648055663_912349010008_11019_0000.jpg
10,/home/wangqianqian/project/FS/data/28gusui&pizang/03/51/cell_1761648688279_912349010008_65220_0100.png,thumbs/cluster_10/050_cell_1761648688279_912349010008_65220_0100.jpg
10,/home/wangqianqian/project/FS/data/28gusui&pizang/03/47/cell_1761648430281_912349010008_41046_0000.png,thumbs/cluster_10/051_cell_1761648430281_912349010008_41046_0000.jpg
10,/home/wangqianqian/project/FS/data/28gusui&pizang/03/55/cell_1761648919808_912349010008_87845_0000.png,thumbs/cluster_10/052_cell_1761648919808_912349010008_87845_0000.jpg
10,/home/wangqianqian/project/FS/data/28gusui&pizang/03/38/cell_1761647894514_912349010008_4235_0000.png,thumbs/cluster_10/053_cell_1761647894514_912349010008_4235_0000.jpg
10,/home/wangqianqian/project/FS/data/28gusui&pizang/03/55/cell_1761648917128_912349010008_87643_0000.png,thumbs/cluster_10/054_cell_1761648917128_912349010008_87643_0000.jpg
10,/home/wangqianqian/project/FS/data/28gusui&pizang/03/54/cell_1761648898227_912349010008_86147_0000.png,thumbs/cluster_10/055_cell_1761648898227_912349010008_86147_0000.jpg
10,/home/wangqianqian/project/FS/data/28gusui&pizang/03/52/cell_1761648736175_912349010008_70081_0000.png,thumbs/cluster_10/056_cell_1761648736175_912349010008_70081_0000.jpg
10,/home/wangqianqian/project/FS/data/28gusui&pizang/03/52/cell_1761648730758_912349010008_69533_0000.png,thumbs/cluster_10/057_cell_1761648730758_912349010008_69533_0000.jpg
10,/home/wangqianqian/project/FS/data/28gusui&pizang/03/51/cell_1761648693171_912349010008_65732_0100.png,thumbs/cluster_10/058_cell_1761648693171_912349010008_65732_0100.jpg
10,/home/wangqianqian/project/FS/data/28gusui&pizang/03/44/cell_1761648279154_912349010008_27681_0100.png,thumbs/cluster_10/059_cell_1761648279154_912349010008_27681_0100.jpg
10,/home/wangqianqian/project/FS/data/28gusui&pizang/03/48/cell_1761648523053_912349010008_49069_0000.png,thumbs/cluster_10/060_cell_1761648523053_912349010008_49069_0000.jpg
10,/home/wangqianqian/project/FS/data/28gusui&pizang/03/47/cell_1761648434124_912349010008_41464_0000.png,thumbs/cluster_10/061_cell_1761648434124_912349010008_41464_0000.jpg
10,/home/wangqianqian/project/FS/data/28gusui&pizang/03/46/cell_1761648388764_912349010008_37244_0000.png,thumbs/cluster_10/062_cell_1761648388764_912349010008_37244_0000.jpg
10,/home/wangqianqian/project/FS/data/28gusui&pizang/03/52/cell_1761648734617_912349010008_69916_0000.png,thumbs/cluster_10/063_cell_1761648734617_912349010008_69916_0000.jpg
10,/home/wangqianqian/project/FS/data/28gusui&pizang/03/45/cell_1761648321982_912349010008_31252_0000.png,thumbs/cluster_10/064_cell_1761648321982_912349010008_31252_0000.jpg
10,/home/wangqianqian/project/FS/data/28gusui&pizang/03/58/cell_1761649114642_912349010008_106719_0100.png,thumbs/cluster_10/065_cell_1761649114642_912349010008_106719_0100.jpg
10,/home/wangqianqian/project/FS/data/28gusui&pizang/03/49/cell_1761648580904_912349010008_54445_0100.png,thumbs/cluster_10/066_cell_1761648580904_912349010008_54445_0100.jpg
10,/home/wangqianqian/project/FS/data/28gusui&pizang/03/54/cell_1761648899761_912349010008_86259_0000.png,thumbs/cluster_10/067_cell_1761648899761_912349010008_86259_0000.jpg
10,/home/wangqianqian/project/FS/data/28gusui&pizang/03/59/cell_1761649165618_912349010008_112044_0100.png,thumbs/cluster_10/068_cell_1761649165618_912349010008_112044_0100.jpg
10,/home/wangqianqian/project/FS/data/28gusui&pizang/03/39/cell_1761647957865_912349010008_6500_0100.png,thumbs/cluster_10/069_cell_1761647957865_912349010008_6500_0100.jpg
10,/home/wangqianqian/project/FS/data/28gusui&pizang/03/41/cell_1761648102870_912349010008_13987_0100.png,thumbs/cluster_10/070_cell_1761648102870_912349010008_13987_0100.jpg
10,/home/wangqianqian/project/FS/data/28gusui&pizang/03/41/cell_1761648103212_912349010008_14002_0000.png,thumbs/cluster_10/071_cell_1761648103212_912349010008_14002_0000.jpg
10,/home/wangqianqian/project/FS/data/28gusui&pizang/03/49/cell_1761648585230_912349010008_54811_0100.png,thumbs/cluster_10/072_cell_1761648585230_912349010008_54811_0100.jpg
10,/home/wangqianqian/project/FS/data/28gusui&pizang/03/55/cell_1761648957045_912349010008_91114_0100.png,thumbs/cluster_10/073_cell_1761648957045_912349010008_91114_0100.jpg
10,/home/wangqianqian/project/FS/data/28gusui&pizang/03/40/cell_1761648049371_912349010008_10689_0100.png,thumbs/cluster_10/074_cell_1761648049371_912349010008_10689_0100.jpg
10,/home/wangqianqian/project/FS/data/28gusui&pizang/03/54/cell_1761648889671_912349010008_85431_0000.png,thumbs/cluster_10/075_cell_1761648889671_912349010008_85431_0000.jpg
10,/home/wangqianqian/project/FS/data/28gusui&pizang/03/53/cell_1761648819517_912349010008_78511_0100.png,thumbs/cluster_10/076_cell_1761648819517_912349010008_78511_0100.jpg
10,/home/wangqianqian/project/FS/data/28gusui&pizang/03/53/cell_1761648827491_912349010008_79260_0100.png,thumbs/cluster_10/077_cell_1761648827491_912349010008_79260_0100.jpg
10,/home/wangqianqian/project/FS/data/28gusui&pizang/03/53/cell_1761648788045_912349010008_75156_0100.png,thumbs/cluster_10/078_cell_1761648788045_912349010008_75156_0100.jpg
10,/home/wangqianqian/project/FS/data/28gusui&pizang/03/46/cell_1761648391243_912349010008_37460_0000.png,thumbs/cluster_10/079_cell_1761648391243_912349010008_37460_0000.jpg
10,/home/wangqianqian/project/FS/data/28gusui&pizang/03/52/cell_1761648779433_912349010008_74222_0000.png,thumbs/cluster_10/080_cell_1761648779433_912349010008_74222_0000.jpg
10,/home/wangqianqian/project/FS/data/28gusui&pizang/03/54/cell_1761648885180_912349010008_84979_0000.png,thumbs/cluster_10/081_cell_1761648885180_912349010008_84979_0000.jpg
10,/home/wangqianqian/project/FS/data/28gusui&pizang/03/54/cell_1761648880007_912349010008_84471_0000.png,thumbs/cluster_10/082_cell_1761648880007_912349010008_84471_0000.jpg
10,/home/wangqianqian/project/FS/data/28gusui&pizang/03/44/cell_1761648292143_912349010008_28848_0100.png,thumbs/cluster_10/083_cell_1761648292143_912349010008_28848_0100.jpg
10,/home/wangqianqian/project/FS/data/28gusui&pizang/03/50/cell_1761648625442_912349010008_58831_0000.png,thumbs/cluster_10/084_cell_1761648625442_912349010008_58831_0000.jpg
10,/home/wangqianqian/project/FS/data/28gusui&pizang/03/54/cell_1761648895866_912349010008_85977_0100.png,thumbs/cluster_10/085_cell_1761648895866_912349010008_85977_0100.jpg
10,/home/wangqianqian/project/FS/data/28gusui&pizang/03/59/cell_1761649176773_912349010008_113201_0000.png,thumbs/cluster_10/086_cell_1761649176773_912349010008_113201_0000.jpg
10,/home/wangqianqian/project/FS/data/28gusui&pizang/03/58/cell_1761649118581_912349010008_107103_0100.png,thumbs/cluster_10/087_cell_1761649118581_912349010008_107103_0100.jpg
10,/home/wangqianqian/project/FS/data/28gusui&pizang/03/52/cell_1761648754182_912349010008_71903_0100.png,thumbs/cluster_10/088_cell_1761648754182_912349010008_71903_0100.jpg
10,/home/wangqianqian/project/FS/data/28gusui&pizang/03/54/cell_1761648879142_912349010008_84383_0000.png,thumbs/cluster_10/089_cell_1761648879142_912349010008_84383_0000.jpg
10,/home/wangqianqian/project/FS/data/28gusui&pizang/03/57/cell_1761649063267_912349010008_101244_0100.png,thumbs/cluster_10/090_cell_1761649063267_912349010008_101244_0100.jpg
10,/home/wangqianqian/project/FS/data/28gusui&pizang/03/51/cell_1761648685122_912349010008_64873_0100.png,thumbs/cluster_10/091_cell_1761648685122_912349010008_64873_0100.jpg
10,/home/wangqianqian/project/FS/data/28gusui&pizang/03/42/cell_1761648160197_912349010008_17942_0000.png,thumbs/cluster_10/092_cell_1761648160197_912349010008_17942_0000.jpg
10,/home/wangqianqian/project/FS/data/28gusui&pizang/03/46/cell_1761648360319_912349010008_34771_0100.png,thumbs/cluster_10/093_cell_1761648360319_912349010008_34771_0100.jpg
10,/home/wangqianqian/project/FS/data/28gusui&pizang/03/45/cell_1761648353323_912349010008_34126_0100.png,thumbs/cluster_10/094_cell_1761648353323_912349010008_34126_0100.jpg
10,/home/wangqianqian/project/FS/data/28gusui&pizang/03/55/cell_1761648902166_912349010008_86468_0000.png,thumbs/cluster_10/095_cell_1761648902166_912349010008_86468_0000.jpg
10,/home/wangqianqian/project/FS/data/28gusui&pizang/03/49/cell_1761648587493_912349010008_55040_0000.png,thumbs/cluster_10/096_cell_1761648587493_912349010008_55040_0000.jpg
10,/home/wangqianqian/project/FS/data/28gusui&pizang/03/50/cell_1761648646066_912349010008_60973_0000.png,thumbs/cluster_10/097_cell_1761648646066_912349010008_60973_0000.jpg
10,/home/wangqianqian/project/FS/data/28gusui&pizang/03/50/cell_1761648619289_912349010008_58243_0100.png,thumbs/cluster_10/098_cell_1761648619289_912349010008_58243_0100.jpg
10,/home/wangqianqian/project/FS/data/28gusui&pizang/03/51/cell_1761648692137_912349010008_65624_0100.png,thumbs/cluster_10/099_cell_1761648692137_912349010008_65624_0100.jpg
11,/home/wangqianqian/project/FS/data/28gusui&pizang/03/49/cell_1761648574962_912349010008_53894_0000.png,thumbs/cluster_11/000_cell_1761648574962_912349010008_53894_0000.jpg
11,/home/wangqianqian/project/FS/data/28gusui&pizang/03/54/cell_1761648895186_912349010008_85906_0000.png,thumbs/cluster_11/001_cell_1761648895186_912349010008_85906_0000.jpg
11,/home/wangqianqian/project/FS/data/28gusui&pizang/03/44/cell_1761648273642_912349010008_27157_0000.png,thumbs/cluster_11/002_cell_1761648273642_912349010008_27157_0000.jpg
11,/home/wangqianqian/project/FS/data/28gusui&pizang/03/57/cell_1761649047643_912349010008_99629_0000.png,thumbs/cluster_11/003_cell_1761649047643_912349010008_99629_0000.jpg
11,/home/wangqianqian/project/FS/data/28gusui&pizang/03/43/cell_1761648237281_912349010008_23883_0000.png,thumbs/cluster_11/004_cell_1761648237281_912349010008_23883_0000.jpg
11,/home/wangqianqian/project/FS/data/28gusui&pizang/03/42/cell_1761648127993_912349010008_15596_0000.png,thumbs/cluster_11/005_cell_1761648127993_912349010008_15596_0000.jpg
11,/home/wangqianqian/project/FS/data/28gusui&pizang/03/43/cell_1761648218752_912349010008_22353_0000.png,thumbs/cluster_11/006_cell_1761648218752_912349010008_22353_0000.jpg
11,/home/wangqianqian/project/FS/data/28gusui&pizang/03/40/cell_1761648059744_912349010008_11258_0000.png,thumbs/cluster_11/007_cell_1761648059744_912349010008_11258_0000.jpg
11,/home/wangqianqian/project/FS/data/28gusui&pizang/03/53/cell_1761648833991_912349010008_79868_0000.png,thumbs/cluster_11/008_cell_1761648833991_912349010008_79868_0000.jpg
11,/home/wangqianqian/project/FS/data/28gusui&pizang/03/42/cell_1761648129217_912349010008_15687_0100.png,thumbs/cluster_11/009_cell_1761648129217_912349010008_15687_0100.jpg
11,/home/wangqianqian/project/FS/data/28gusui&pizang/03/53/cell_1761648787844_912349010008_75124_0100.png,thumbs/cluster_11/010_cell_1761648787844_912349010008_75124_0100.jpg
11,/home/wangqianqian/project/FS/data/28gusui&pizang/03/58/cell_1761649101949_912349010008_105314_0000.png,thumbs/cluster_11/011_cell_1761649101949_912349010008_105314_0000.jpg
11,/home/wangqianqian/project/FS/data/28gusui&pizang/03/42/cell_1761648126191_912349010008_15504_0100.png,thumbs/cluster_11/012_cell_1761648126191_912349010008_15504_0100.jpg
11,/home/wangqianqian/project/FS/data/28gusui&pizang/03/51/cell_1761648672110_912349010008_63547_0100.png,thumbs/cluster_11/013_cell_1761648672110_912349010008_63547_0100.jpg
11,/home/wangqianqian/project/FS/data/28gusui&pizang/03/54/cell_1761648883928_912349010008_84850_0000.png,thumbs/cluster_11/014_cell_1761648883928_912349010008_84850_0000.jpg
11,/home/wangqianqian/project/FS/data/28gusui&pizang/03/49/cell_1761648598661_912349010008_56259_0100.png,thumbs/cluster_11/015_cell_1761648598661_912349010008_56259_0100.jpg
11,/home/wangqianqian/project/FS/data/28gusui&pizang/03/53/cell_1761648789054_912349010008_75268_0100.png,thumbs/cluster_11/016_cell_1761648789054_912349010008_75268_0100.jpg
11,/home/wangqianqian/project/FS/data/28gusui&pizang/03/58/cell_1761649134079_912349010008_108684_0000.png,thumbs/cluster_11/017_cell_1761649134079_912349010008_108684_0000.jpg
11,/home/wangqianqian/project/FS/data/28gusui&pizang/03/41/cell_1761648098048_912349010008_13719_0100.png,thumbs/cluster_11/018_cell_1761648098048_912349010008_13719_0100.jpg
11,/home/wangqianqian/project/FS/data/28gusui&pizang/03/52/cell_1761648744102_912349010008_70921_0100.png,thumbs/cluster_11/019_cell_1761648744102_912349010008_70921_0100.jpg
11,/home/wangqianqian/project/FS/data/28gusui&pizang/03/49/cell_1761648540621_912349010008_50635_0000.png,thumbs/cluster_11/020_cell_1761648540621_912349010008_50635_0000.jpg
11,/home/wangqianqian/project/FS/data/28gusui&pizang/03/52/cell_1761648754200_912349010008_71904_0000.png,thumbs/cluster_11/021_cell_1761648754200_912349010008_71904_0000.jpg
11,/home/wangqianqian/project/FS/data/28gusui&pizang/03/55/cell_1761648939466_912349010008_89616_0000.png,thumbs/cluster_11/022_cell_1761648939466_912349010008_89616_0000.jpg
11,/home/wangqianqian/project/FS/data/28gusui&pizang/03/40/cell_1761648034928_912349010008_10042_0100.png,thumbs/cluster_11/023_cell_1761648034928_912349010008_10042_0100.jpg
11,/home/wangqianqian/project/FS/data/28gusui&pizang/03/40/cell_1761648014017_912349010008_8924_0000.png,thumbs/cluster_11/024_cell_1761648014017_912349010008_8924_0000.jpg
11,/home/wangqianqian/project/FS/data/28gusui&pizang/03/46/cell_1761648361376_912349010008_34875_0000.png,thumbs/cluster_11/025_cell_1761648361376_912349010008_34875_0000.jpg
11,/home/wangqianqian/project/FS/data/28gusui&pizang/03/57/cell_1761649028678_912349010008_97687_0000.png,thumbs/cluster_11/026_cell_1761649028678_912349010008_97687_0000.jpg
11,/home/wangqianqian/project/FS/data/28gusui&pizang/03/52/cell_1761648764134_912349010008_72829_0000.png,thumbs/cluster_11/027_cell_1761648764134_912349010008_72829_0000.jpg
11,/home/wangqianqian/project/FS/data/28gusui&pizang/03/55/cell_1761648916416_912349010008_87587_0000.png,thumbs/cluster_11/028_cell_1761648916416_912349010008_87587_0000.jpg
11,/home/wangqianqian/project/FS/data/28gusui&pizang/03/46/cell_1761648402432_912349010008_38425_0100.png,thumbs/cluster_11/029_cell_1761648402432_912349010008_38425_0100.jpg
11,/home/wangqianqian/project/FS/data/28gusui&pizang/03/40/cell_1761648026424_912349010008_9581_0000.png,thumbs/cluster_11/030_cell_1761648026424_912349010008_9581_0000.jpg
11,/home/wangqianqian/project/FS/data/28gusui&pizang/03/39/cell_1761647974085_912349010008_7176_0000.png,thumbs/cluster_11/031_cell_1761647974085_912349010008_7176_0000.jpg
11,/home/wangqianqian/project/FS/data/28gusui&pizang/03/54/cell_1761648891869_912349010008_85637_0000.png,thumbs/cluster_11/032_cell_1761648891869_912349010008_85637_0000.jpg
11,/home/wangqianqian/project/FS/data/28gusui&pizang/03/58/cell_1761649134096_912349010008_108687_0000.png,thumbs/cluster_11/033_cell_1761649134096_912349010008_108687_0000.jpg
11,/home/wangqianqian/project/FS/data/28gusui&pizang/03/51/cell_1761648687237_912349010008_65107_0000.png,thumbs/cluster_11/034_cell_1761648687237_912349010008_65107_0000.jpg
11,/home/wangqianqian/project/FS/data/28gusui&pizang/03/49/cell_1761648593720_912349010008_55693_0000.png,thumbs/cluster_11/035_cell_1761648593720_912349010008_55693_0000.jpg
11,/home/wangqianqian/project/FS/data/28gusui&pizang/03/57/cell_1761649026088_912349010008_97394_0000.png,thumbs/cluster_11/036_cell_1761649026088_912349010008_97394_0000.jpg
11,/home/wangqianqian/project/FS/data/28gusui&pizang/03/53/cell_1761648832922_912349010008_79753_0000.png,thumbs/cluster_11/037_cell_1761648832922_912349010008_79753_0000.jpg
11,/home/wangqianqian/project/FS/data/28gusui&pizang/03/45/cell_1761648344258_912349010008_33301_0100.png,thumbs/cluster_11/038_cell_1761648344258_912349010008_33301_0100.jpg
11,/home/wangqianqian/project/FS/data/28gusui&pizang/03/42/cell_1761648157073_912349010008_17691_0000.png,thumbs/cluster_11/039_cell_1761648157073_912349010008_17691_0000.jpg
11,/home/wangqianqian/project/FS/data/28gusui&pizang/03/40/cell_1761648041722_912349010008_10310_0000.png,thumbs/cluster_11/040_cell_1761648041722_912349010008_10310_0000.jpg
11,/home/wangqianqian/project/FS/data/28gusui&pizang/03/40/cell_1761648039838_912349010008_10244_0100.png,thumbs/cluster_11/041_cell_1761648039838_912349010008_10244_0100.jpg
11,/home/wangqianqian/project/FS/data/28gusui&pizang/03/57/cell_1761649065469_912349010008_101474_0100.png,thumbs/cluster_11/042_cell_1761649065469_912349010008_101474_0100.jpg
11,/home/wangqianqian/project/FS/data/28gusui&pizang/03/59/cell_1761649180472_912349010008_113576_0100.png,thumbs/cluster_11/043_cell_1761649180472_912349010008_113576_0100.jpg
11,/home/wangqianqian/project/FS/data/28gusui&pizang/03/56/cell_1761648980320_912349010008_93150_0100.png,thumbs/cluster_11/044_cell_1761648980320_912349010008_93150_0100.jpg
11,/home/wangqianqian/project/FS/data/28gusui&pizang/03/42/cell_1761648153319_912349010008_17445_0000.png,thumbs/cluster_11/045_cell_1761648153319_912349010008_17445_0000.jpg
11,/home/wangqianqian/project/FS/data/28gusui&pizang/03/42/cell_1761648146908_912349010008_17001_0000.png,thumbs/cluster_11/046_cell_1761648146908_912349010008_17001_0000.jpg
11,/home/wangqianqian/project/FS/data/28gusui&pizang/03/57/cell_1761649057552_912349010008_100645_0100.png,thumbs/cluster_11/047_cell_1761649057552_912349010008_100645_0100.jpg
11,/home/wangqianqian/project/FS/data/28gusui&pizang/03/56/cell_1761649005516_912349010008_95494_0100.png,thumbs/cluster_11/048_cell_1761649005516_912349010008_95494_0100.jpg
11,/home/wangqianqian/project/FS/data/28gusui&pizang/03/43/cell_1761648206162_912349010008_21367_0000.png,thumbs/cluster_11/049_cell_1761648206162_912349010008_21367_0000.jpg
11,/home/wangqianqian/project/FS/data/28gusui&pizang/03/49/cell_1761648573556_912349010008_53759_0100.png,thumbs/cluster_11/050_cell_1761648573556_912349010008_53759_0100.jpg
11,/home/wangqianqian/project/FS/data/28gusui&pizang/03/50/cell_1761648650306_912349010008_61383_0000.png,thumbs/cluster_11/051_cell_1761648650306_912349010008_61383_0000.jpg
11,/home/wangqianqian/project/FS/data/28gusui&pizang/03/58/cell_1761649081190_912349010008_103076_0100.png,thumbs/cluster_11/052_cell_1761649081190_912349010008_103076_0100.jpg
11,/home/wangqianqian/project/FS/data/28gusui&pizang/03/43/cell_1761648190072_912349010008_20059_0100.png,thumbs/cluster_11/053_cell_1761648190072_912349010008_20059_0100.jpg
11,/home/wangqianqian/project/FS/data/28gusui&pizang/03/50/cell_1761648603953_912349010008_56768_0100.png,thumbs/cluster_11/054_cell_1761648603953_912349010008_56768_0100.jpg
11,/home/wangqianqian/project/FS/data/28gusui&pizang/03/46/cell_1761648379055_912349010008_36423_0100.png,thumbs/cluster_11/055_cell_1761648379055_912349010008_36423_0100.jpg
11,/home/wangqianqian/project/FS/data/28gusui&pizang/03/53/cell_1761648800928_912349010008_76579_0000.png,thumbs/cluster_11/056_cell_1761648800928_912349010008_76579_0000.jpg
11,/home/wangqianqian/project/FS/data/28gusui&pizang/03/47/cell_1761648423455_912349010008_40414_0000.png,thumbs/cluster_11/057_cell_1761648423455_912349010008_40414_0000.jpg
11,/home/wangqianqian/project/FS/data/28gusui&pizang/03/46/cell_1761648395304_912349010008_37837_0100.png,thumbs/cluster_11/058_cell_1761648395304_912349010008_37837_0100.jpg
11,/home/wangqianqian/project/FS/data/28gusui&pizang/03/44/cell_1761648297393_912349010008_29276_0000.png,thumbs/cluster_11/059_cell_1761648297393_912349010008_29276_0000.jpg
11,/home/wangqianqian/project/FS/data/28gusui&pizang/03/52/cell_1761648742718_912349010008_70775_0000.png,thumbs/cluster_11/060_cell_1761648742718_912349010008_70775_0000.jpg
11,/home/wangqianqian/project/FS/data/28gusui&pizang/03/39/cell_1761647985995_912349010008_7618_0000.png,thumbs/cluster_11/061_cell_1761647985995_912349010008_7618_0000.jpg
11,/home/wangqianqian/project/FS/data/28gusui&pizang/03/53/cell_1761648787844_912349010008_75124_0000.png,thumbs/cluster_11/062_cell_1761648787844_912349010008_75124_0000.jpg
11,/home/wangqianqian/project/FS/data/28gusui&pizang/03/51/cell_1761648697597_912349010008_66179_0100.png,thumbs/cluster_11/063_cell_1761648697597_912349010008_66179_0100.jpg
11,/home/wangqianqian/project/FS/data/28gusui&pizang/03/46/cell_1761648360086_912349010008_34758_0000.png,thumbs/cluster_11/064_cell_1761648360086_912349010008_34758_0000.jpg
11,/home/wangqianqian/project/FS/data/28gusui&pizang/03/59/cell_1761649143642_912349010008_109689_0100.png,thumbs/cluster_11/065_cell_1761649143642_912349010008_109689_0100.jpg
11,/home/wangqianqian/project/FS/data/28gusui&pizang/03/41/cell_1761648084272_912349010008_12824_0100.png,thumbs/cluster_11/066_cell_1761648084272_912349010008_12824_0100.jpg
11,/home/wangqianqian/project/FS/data/28gusui&pizang/03/48/cell_1761648524221_912349010008_49172_0100.png,thumbs/cluster_11/067_cell_1761648524221_912349010008_49172_0100.jpg
11,/home/wangqianqian/project/FS/data/28gusui&pizang/03/45/cell_1761648329177_912349010008_31923_0000.png,thumbs/cluster_11/068_cell_1761648329177_912349010008_31923_0000.jpg
11,/home/wangqianqian/project/FS/data/28gusui&pizang/03/40/cell_1761648003431_912349010008_8393_0000.png,thumbs/cluster_11/069_cell_1761648003431_912349010008_8393_0000.jpg
11,/home/wangqianqian/project/FS/data/28gusui&pizang/03/40/cell_1761648005016_912349010008_8477_0000.png,thumbs/cluster_11/070_cell_1761648005016_912349010008_8477_0000.jpg
11,/home/wangqianqian/project/FS/data/28gusui&pizang/03/45/cell_1761648339702_912349010008_32869_0000.png,thumbs/cluster_11/071_cell_1761648339702_912349010008_32869_0000.jpg
11,/home/wangqianqian/project/FS/data/28gusui&pizang/03/59/cell_1761649177696_912349010008_113297_0000.png,thumbs/cluster_11/072_cell_1761649177696_912349010008_113297_0000.jpg
11,/home/wangqianqian/project/FS/data/28gusui&pizang/03/45/cell_1761648335078_912349010008_32459_0000.png,thumbs/cluster_11/073_cell_1761648335078_912349010008_32459_0000.jpg
11,/home/wangqianqian/project/FS/data/28gusui&pizang/03/57/cell_1761649073321_912349010008_102266_0000.png,thumbs/cluster_11/074_cell_1761649073321_912349010008_102266_0000.jpg
11,/home/wangqianqian/project/FS/data/28gusui&pizang/03/50/cell_1761648628986_912349010008_59222_0000.png,thumbs/cluster_11/075_cell_1761648628986_912349010008_59222_0000.jpg
11,/home/wangqianqian/project/FS/data/28gusui&pizang/03/45/cell_1761648318334_912349010008_30969_0000.png,thumbs/cluster_11/076_cell_1761648318334_912349010008_30969_0000.jpg
11,/home/wangqianqian/project/FS/data/28gusui&pizang/03/47/cell_1761648462608_912349010008_44032_0100.png,thumbs/cluster_11/077_cell_1761648462608_912349010008_44032_0100.jpg
11,/home/wangqianqian/project/FS/data/28gusui&pizang/03/41/cell_1761648065399_912349010008_11611_0000.png,thumbs/cluster_11/078_cell_1761648065399_912349010008_11611_0000.jpg
11,/home/wangqianqian/project/FS/data/28gusui&pizang/03/50/cell_1761648618873_912349010008_58212_0100.png,thumbs/cluster_11/079_cell_1761648618873_912349010008_58212_0100.jpg
11,/home/wangqianqian/project/FS/data/28gusui&pizang/03/52/cell_1761648737163_912349010008_70192_0000.png,thumbs/cluster_11/080_cell_1761648737163_912349010008_70192_0000.jpg
11,/home/wangqianqian/project/FS/data/28gusui&pizang/03/53/cell_1761648802577_912349010008_76782_0100.png,thumbs/cluster_11/081_cell_1761648802577_912349010008_76782_0100.jpg
11,/home/wangqianqian/project/FS/data/28gusui&pizang/03/52/cell_1761648737163_912349010008_70193_0100.png,thumbs/cluster_11/082_cell_1761648737163_912349010008_70193_0100.jpg
11,/home/wangqianqian/project/FS/data/28gusui&pizang/03/46/cell_1761648413263_912349010008_39424_0100.png,thumbs/cluster_11/083_cell_1761648413263_912349010008_39424_0100.jpg
11,/home/wangqianqian/project/FS/data/28gusui&pizang/03/42/cell_1761648138860_912349010008_16418_0100.png,thumbs/cluster_11/084_cell_1761648138860_912349010008_16418_0100.jpg
11,/home/wangqianqian/project/FS/data/28gusui&pizang/03/43/cell_1761648188969_912349010008_19992_0100.png,thumbs/cluster_11/085_cell_1761648188969_912349010008_19992_0100.jpg
11,/home/wangqianqian/project/FS/data/28gusui&pizang/03/55/cell_1761648921684_912349010008_87979_0000.png,thumbs/cluster_11/086_cell_1761648921684_912349010008_87979_0000.jpg
11,/home/wangqianqian/project/FS/data/28gusui&pizang/03/59/cell_1761649178429_912349010008_113361_0000.png,thumbs/cluster_11/087_cell_1761649178429_912349010008_113361_0000.jpg
11,/home/wangqianqian/project/FS/data/28gusui&pizang/03/49/cell_1761648573248_912349010008_53730_0100.png,thumbs/cluster_11/088_cell_1761648573248_912349010008_53730_0100.jpg
11,/home/wangqianqian/project/FS/data/28gusui&pizang/03/53/cell_1761648808629_912349010008_77444_0000.png,thumbs/cluster_11/089_cell_1761648808629_912349010008_77444_0000.jpg
11,/home/wangqianqian/project/FS/data/28gusui&pizang/03/55/cell_1761648949320_912349010008_90422_0000.png,thumbs/cluster_11/090_cell_1761648949320_912349010008_90422_0000.jpg
11,/home/wangqianqian/project/FS/data/28gusui&pizang/03/46/cell_1761648394392_912349010008_37749_0000.png,thumbs/cluster_11/091_cell_1761648394392_912349010008_37749_0000.jpg
11,/home/wangqianqian/project/FS/data/28gusui&pizang/03/50/cell_1761648600936_912349010008_56478_0000.png,thumbs/cluster_11/092_cell_1761648600936_912349010008_56478_0000.jpg
11,/home/wangqianqian/project/FS/data/28gusui&pizang/03/39/cell_1761647981678_912349010008_7435_0000.png,thumbs/cluster_11/093_cell_1761647981678_912349010008_7435_0000.jpg
11,/home/wangqianqian/project/FS/data/28gusui&pizang/03/56/cell_1761648968194_912349010008_92053_0000.png,thumbs/cluster_11/094_cell_1761648968194_912349010008_92053_0000.jpg
11,/home/wangqianqian/project/FS/data/28gusui&pizang/03/51/cell_1761648714616_912349010008_68029_0000.png,thumbs/cluster_11/095_cell_1761648714616_912349010008_68029_0000.jpg
11,/home/wangqianqian/project/FS/data/28gusui&pizang/03/53/cell_1761648791197_912349010008_75518_0000.png,thumbs/cluster_11/096_cell_1761648791197_912349010008_75518_0000.jpg
11,/home/wangqianqian/project/FS/data/28gusui&pizang/03/45/cell_1761648325244_912349010008_31542_0000.png,thumbs/cluster_11/097_cell_1761648325244_912349010008_31542_0000.jpg
11,/home/wangqianqian/project/FS/data/28gusui&pizang/03/57/cell_1761649037011_912349010008_98471_0000.png,thumbs/cluster_11/098_cell_1761649037011_912349010008_98471_0000.jpg
11,/home/wangqianqian/project/FS/data/28gusui&pizang/03/43/cell_1761648231624_912349010008_23403_0000.png,thumbs/cluster_11/099_cell_1761648231624_912349010008_23403_0000.jpg
12,/home/wangqianqian/project/FS/data/28gusui&pizang/03/53/cell_1761648798084_912349010008_76290_0100.png,thumbs/cluster_12/000_cell_1761648798084_912349010008_76290_0100.jpg
12,/home/wangqianqian/project/FS/data/28gusui&pizang/03/39/cell_1761647999154_912349010008_8179_0100.png,thumbs/cluster_12/001_cell_1761647999154_912349010008_8179_0100.jpg
12,/home/wangqianqian/project/FS/data/28gusui&pizang/03/51/cell_1761648668379_912349010008_63212_0100.png,thumbs/cluster_12/002_cell_1761648668379_912349010008_63212_0100.jpg
12,/home/wangqianqian/project/FS/data/28gusui&pizang/03/51/cell_1761648706046_912349010008_67086_0100.png,thumbs/cluster_12/003_cell_1761648706046_912349010008_67086_0100.jpg
12,/home/wangqianqian/project/FS/data/28gusui&pizang/03/56/cell_1761648989484_912349010008_93963_0100.png,thumbs/cluster_12/004_cell_1761648989484_912349010008_93963_0100.jpg
12,/home/wangqianqian/project/FS/data/28gusui&pizang/03/47/cell_1761648440283_912349010008_42085_0000.png,thumbs/cluster_12/005_cell_1761648440283_912349010008_42085_0000.jpg
12,/home/wangqianqian/project/FS/data/28gusui&pizang/03/43/cell_1761648184143_912349010008_19631_0000.png,thumbs/cluster_12/006_cell_1761648184143_912349010008_19631_0000.jpg
12,/home/wangqianqian/project/FS/data/28gusui&pizang/03/56/cell_1761648985513_912349010008_93610_0000.png,thumbs/cluster_12/007_cell_1761648985513_912349010008_93610_0000.jpg
12,/home/wangqianqian/project/FS/data/28gusui&pizang/03/52/cell_1761648720927_912349010008_68636_0100.png,thumbs/cluster_12/008_cell_1761648720927_912349010008_68636_0100.jpg
12,/home/wangqianqian/project/FS/data/28gusui&pizang/03/46/cell_1761648399166_912349010008_38168_0000.png,thumbs/cluster_12/009_cell_1761648399166_912349010008_38168_0000.jpg
12,/home/wangqianqian/project/FS/data/28gusui&pizang/03/36/cell_1761647794595_912349010008_675_0000.png,thumbs/cluster_12/010_cell_1761647794595_912349010008_675_0000.jpg
12,/home/wangqianqian/project/FS/data/28gusui&pizang/03/51/cell_1761648668946_912349010008_63263_0100.png,thumbs/cluster_12/011_cell_1761648668946_912349010008_63263_0100.jpg
12,/home/wangqianqian/project/FS/data/28gusui&pizang/03/57/cell_1761649030613_912349010008_97872_0100.png,thumbs/cluster_12/012_cell_1761649030613_912349010008_97872_0100.jpg
12,/home/wangqianqian/project/FS/data/28gusui&pizang/03/56/cell_1761648968777_912349010008_92108_0100.png,thumbs/cluster_12/013_cell_1761648968777_912349010008_92108_0100.jpg
12,/home/wangqianqian/project/FS/data/28gusui&pizang/03/54/cell_1761648875947_912349010008_84064_0000.png,thumbs/cluster_12/014_cell_1761648875947_912349010008_84064_0000.jpg
12,/home/wangqianqian/project/FS/data/28gusui&pizang/03/55/cell_1761648956594_912349010008_91071_0000.png,thumbs/cluster_12/015_cell_1761648956594_912349010008_91071_0000.jpg
12,/home/wangqianqian/project/FS/data/28gusui&pizang/03/45/cell_1761648342714_912349010008_33159_0000.png,thumbs/cluster_12/016_cell_1761648342714_912349010008_33159_0000.jpg
12,/home/wangqianqian/project/FS/data/28gusui&pizang/03/48/cell_1761648503052_912349010008_47504_0100.png,thumbs/cluster_12/017_cell_1761648503052_912349010008_47504_0100.jpg
12,/home/wangqianqian/project/FS/data/28gusui&pizang/03/44/cell_1761648259738_912349010008_25849_0000.png,thumbs/cluster_12/018_cell_1761648259738_912349010008_25849_0000.jpg
12,/home/wangqianqian/project/FS/data/28gusui&pizang/03/58/cell_1761649134505_912349010008_108726_0000.png,thumbs/cluster_12/019_cell_1761649134505_912349010008_108726_0000.jpg
12,/home/wangqianqian/project/FS/data/28gusui&pizang/03/40/cell_1761648025677_912349010008_9517_0000.png,thumbs/cluster_12/020_cell_1761648025677_912349010008_9517_0000.jpg
12,/home/wangqianqian/project/FS/data/28gusui&pizang/03/59/cell_1761649176812_912349010008_113207_0100.png,thumbs/cluster_12/021_cell_1761649176812_912349010008_113207_0100.jpg
12,/home/wangqianqian/project/FS/data/28gusui&pizang/03/55/cell_1761648921611_912349010008_87972_0000.png,thumbs/cluster_12/022_cell_1761648921611_912349010008_87972_0000.jpg
12,/home/wangqianqian/project/FS/data/28gusui&pizang/03/47/cell_1761648420058_912349010008_40093_0000.png,thumbs/cluster_12/023_cell_1761648420058_912349010008_40093_0000.jpg
12,/home/wangqianqian/project/FS/data/28gusui&pizang/03/49/cell_1761648552663_912349010008_51727_0000.png,thumbs/cluster_12/024_cell_1761648552663_912349010008_51727_0000.jpg
12,/home/wangqianqian/project/FS/data/28gusui&pizang/03/44/cell_1761648277567_912349010008_27567_0000.png,thumbs/cluster_12/025_cell_1761648277567_912349010008_27567_0000.jpg
12,/home/wangqianqian/project/FS/data/28gusui&pizang/03/41/cell_1761648098928_912349010008_13772_0000.png,thumbs/cluster_12/026_cell_1761648098928_912349010008_13772_0000.jpg
12,/home/wangqianqian/project/FS/data/28gusui&pizang/03/41/cell_1761648064972_912349010008_11571_0000.png,thumbs/cluster_12/027_cell_1761648064972_912349010008_11571_0000.jpg
12,/home/wangqianqian/project/FS/data/28gusui&pizang/03/47/cell_1761648428092_912349010008_40833_0100.png,thumbs/cluster_12/028_cell_1761648428092_912349010008_40833_0100.jpg
12,/home/wangqianqian/project/FS/data/28gusui&pizang/03/40/cell_1761648003430_912349010008_8392_0000.png,thumbs/cluster_12/029_cell_1761648003430_912349010008_8392_0000.jpg
12,/home/wangqianqian/project/FS/data/28gusui&pizang/03/46/cell_1761648377613_912349010008_36283_0000.png,thumbs/cluster_12/030_cell_1761648377613_912349010008_36283_0000.jpg
12,/home/wangqianqian/project/FS/data/28gusui&pizang/03/39/cell_1761647966476_912349010008_6860_0000.png,thumbs/cluster_12/031_cell_1761647966476_912349010008_6860_0000.jpg
12,/home/wangqianqian/project/FS/data/28gusui&pizang/03/56/cell_1761648975338_912349010008_92702_0100.png,thumbs/cluster_12/032_cell_1761648975338_912349010008_92702_0100.jpg
12,/home/wangqianqian/project/FS/data/28gusui&pizang/03/56/cell_1761648963764_912349010008_91685_0000.png,thumbs/cluster_12/033_cell_1761648963764_912349010008_91685_0000.jpg
12,/home/wangqianqian/project/FS/data/28gusui&pizang/03/58/cell_1761649123666_912349010008_107610_0000.png,thumbs/cluster_12/034_cell_1761649123666_912349010008_107610_0000.jpg
12,/home/wangqianqian/project/FS/data/28gusui&pizang/03/50/cell_1761648655236_912349010008_61936_0100.png,thumbs/cluster_12/035_cell_1761648655236_912349010008_61936_0100.jpg
12,/home/wangqianqian/project/FS/data/28gusui&pizang/03/49/cell_1761648550424_912349010008_51536_0000.png,thumbs/cluster_12/036_cell_1761648550424_912349010008_51536_0000.jpg
12,/home/wangqianqian/project/FS/data/28gusui&pizang/03/46/cell_1761648419847_912349010008_40067_0000.png,thumbs/cluster_12/037_cell_1761648419847_912349010008_40067_0000.jpg
12,/home/wangqianqian/project/FS/data/28gusui&pizang/03/51/cell_1761648703523_912349010008_66785_0100.png,thumbs/cluster_12/038_cell_1761648703523_912349010008_66785_0100.jpg
12,/home/wangqianqian/project/FS/data/28gusui&pizang/03/46/cell_1761648362006_912349010008_34935_0000.png,thumbs/cluster_12/039_cell_1761648362006_912349010008_34935_0000.jpg
12,/home/wangqianqian/project/FS/data/28gusui&pizang/03/40/cell_1761648057917_912349010008_11140_0100.png,thumbs/cluster_12/040_cell_1761648057917_912349010008_11140_0100.jpg
12,/home/wangqianqian/project/FS/data/28gusui&pizang/03/52/cell_1761648738710_912349010008_70353_0000.png,thumbs/cluster_12/041_cell_1761648738710_912349010008_70353_0000.jpg
12,/home/wangqianqian/project/FS/data/28gusui&pizang/03/48/cell_1761648512847_912349010008_48280_0000.png,thumbs/cluster_12/042_cell_1761648512847_912349010008_48280_0000.jpg
12,/home/wangqianqian/project/FS/data/28gusui&pizang/03/47/cell_1761648468695_912349010008_44530_0100.png,thumbs/cluster_12/043_cell_1761648468695_912349010008_44530_0100.jpg
12,/home/wangqianqian/project/FS/data/28gusui&pizang/03/58/cell_1761649104491_912349010008_105565_0100.png,thumbs/cluster_12/044_cell_1761649104491_912349010008_105565_0100.jpg
12,/home/wangqianqian/project/FS/data/28gusui&pizang/03/44/cell_1761648261404_912349010008_26001_0100.png,thumbs/cluster_12/045_cell_1761648261404_912349010008_26001_0100.jpg
12,/home/wangqianqian/project/FS/data/28gusui&pizang/03/52/cell_1761648751705_912349010008_71634_0100.png,thumbs/cluster_12/046_cell_1761648751705_912349010008_71634_0100.jpg
12,/home/wangqianqian/project/FS/data/28gusui&pizang/03/54/cell_1761648867035_912349010008_83159_0100.png,thumbs/cluster_12/047_cell_1761648867035_912349010008_83159_0100.jpg
12,/home/wangqianqian/project/FS/data/28gusui&pizang/03/57/cell_1761649020662_912349010008_96884_0100.png,thumbs/cluster_12/048_cell_1761649020662_912349010008_96884_0100.jpg
12,/home/wangqianqian/project/FS/data/28gusui&pizang/03/50/cell_1761648644300_912349010008_60743_0100.png,thumbs/cluster_12/049_cell_1761648644300_912349010008_60743_0100.jpg
12,/home/wangqianqian/project/FS/data/28gusui&pizang/03/53/cell_1761648800112_912349010008_76498_0100.png,thumbs/cluster_12/050_cell_1761648800112_912349010008_76498_0100.jpg
12,/home/wangqianqian/project/FS/data/28gusui&pizang/03/44/cell_1761648240160_912349010008_24141_0000.png,thumbs/cluster_12/051_cell_1761648240160_912349010008_24141_0000.jpg
12,/home/wangqianqian/project/FS/data/28gusui&pizang/03/43/cell_1761648213154_912349010008_21970_0100.png,thumbs/cluster_12/052_cell_1761648213154_912349010008_21970_0100.jpg
12,/home/wangqianqian/project/FS/data/28gusui&pizang/03/43/cell_1761648217244_912349010008_22232_0000.png,thumbs/cluster_12/053_cell_1761648217244_912349010008_22232_0000.jpg
12,/home/wangqianqian/project/FS/data/28gusui&pizang/03/53/cell_1761648800978_912349010008_76587_0000.png,thumbs/cluster_12/054_cell_1761648800978_912349010008_76587_0000.jpg
12,/home/wangqianqian/project/FS/data/28gusui&pizang/03/49/cell_1761648551503_912349010008_51622_0100.png,thumbs/cluster_12/055_cell_1761648551503_912349010008_51622_0100.jpg
12,/home/wangqianqian/project/FS/data/28gusui&pizang/03/54/cell_1761648892270_912349010008_85685_0100.png,thumbs/cluster_12/056_cell_1761648892270_912349010008_85685_0100.jpg
12,/home/wangqianqian/project/FS/data/28gusui&pizang/03/51/cell_1761648678516_912349010008_64193_0000.png,thumbs/cluster_12/057_cell_1761648678516_912349010008_64193_0000.jpg
12,/home/wangqianqian/project/FS/data/28gusui&pizang/03/50/cell_1761648624018_912349010008_58684_0000.png,thumbs/cluster_12/058_cell_1761648624018_912349010008_58684_0000.jpg
12,/home/wangqianqian/project/FS/data/28gusui&pizang/03/46/cell_1761648410065_912349010008_39111_0100.png,thumbs/cluster_12/059_cell_1761648410065_912349010008_39111_0100.jpg
12,/home/wangqianqian/project/FS/data/28gusui&pizang/03/43/cell_1761648205805_912349010008_21318_0000.png,thumbs/cluster_12/060_cell_1761648205805_912349010008_21318_0000.jpg
12,/home/wangqianqian/project/FS/data/28gusui&pizang/03/54/cell_1761648867379_912349010008_83203_0100.png,thumbs/cluster_12/061_cell_1761648867379_912349010008_83203_0100.jpg
12,/home/wangqianqian/project/FS/data/28gusui&pizang/03/52/cell_1761648754467_912349010008_71923_0100.png,thumbs/cluster_12/062_cell_1761648754467_912349010008_71923_0100.jpg
12,/home/wangqianqian/project/FS/data/28gusui&pizang/03/46/cell_1761648401889_912349010008_38379_0000.png,thumbs/cluster_12/063_cell_1761648401889_912349010008_38379_0000.jpg
12,/home/wangqianqian/project/FS/data/28gusui&pizang/03/46/cell_1761648381664_912349010008_36666_0100.png,thumbs/cluster_12/064_cell_1761648381664_912349010008_36666_0100.jpg
12,/home/wangqianqian/project/FS/data/28gusui&pizang/03/44/cell_1761648257233_912349010008_25636_0100.png,thumbs/cluster_12/065_cell_1761648257233_912349010008_25636_0100.jpg
12,/home/wangqianqian/project/FS/data/28gusui&pizang/03/41/cell_1761648075573_912349010008_12195_0000.png,thumbs/cluster_12/066_cell_1761648075573_912349010008_12195_0000.jpg
12,/home/wangqianqian/project/FS/data/28gusui&pizang/03/52/cell_1761648728699_912349010008_69345_0000.png,thumbs/cluster_12/067_cell_1761648728699_912349010008_69345_0000.jpg
12,/home/wangqianqian/project/FS/data/28gusui&pizang/03/42/cell_1761648149524_912349010008_17178_0000.png,thumbs/cluster_12/068_cell_1761648149524_912349010008_17178_0000.jpg
12,/home/wangqianqian/project/FS/data/28gusui&pizang/03/44/cell_1761648243218_912349010008_24389_0000.png,thumbs/cluster_12/069_cell_1761648243218_912349010008_24389_0000.jpg
12,/home/wangqianqian/project/FS/data/28gusui&pizang/03/42/cell_1761648178735_912349010008_19231_0100.png,thumbs/cluster_12/070_cell_1761648178735_912349010008_19231_0100.jpg
12,/home/wangqianqian/project/FS/data/28gusui&pizang/03/39/cell_1761647990135_912349010008_7792_0000.png,thumbs/cluster_12/071_cell_1761647990135_912349010008_7792_0000.jpg
12,/home/wangqianqian/project/FS/data/28gusui&pizang/03/56/cell_1761648985114_912349010008_93574_0100.png,thumbs/cluster_12/072_cell_1761648985114_912349010008_93574_0100.jpg
12,/home/wangqianqian/project/FS/data/28gusui&pizang/03/41/cell_1761648112854_912349010008_14562_0100.png,thumbs/cluster_12/073_cell_1761648112854_912349010008_14562_0100.jpg
12,/home/wangqianqian/project/FS/data/28gusui&pizang/03/50/cell_1761648635394_912349010008_59869_0100.png,thumbs/cluster_12/074_cell_1761648635394_912349010008_59869_0100.jpg
12,/home/wangqianqian/project/FS/data/28gusui&pizang/03/57/cell_1761649042791_912349010008_99080_0000.png,thumbs/cluster_12/075_cell_1761649042791_912349010008_99080_0000.jpg
12,/home/wangqianqian/project/FS/data/28gusui&pizang/03/43/cell_1761648206887_912349010008_21426_0000.png,thumbs/cluster_12/076_cell_1761648206887_912349010008_21426_0000.jpg
12,/home/wangqianqian/project/FS/data/28gusui&pizang/03/57/cell_1761649056889_912349010008_100557_0000.png,thumbs/cluster_12/077_cell_1761649056889_912349010008_100557_0000.jpg
12,/home/wangqianqian/project/FS/data/28gusui&pizang/03/52/cell_1761648746789_912349010008_71179_0000.png,thumbs/cluster_12/078_cell_1761648746789_912349010008_71179_0000.jpg
12,/home/wangqianqian/project/FS/data/28gusui&pizang/03/45/cell_1761648317357_912349010008_30899_0000.png,thumbs/cluster_12/079_cell_1761648317357_912349010008_30899_0000.jpg
12,/home/wangqianqian/project/FS/data/28gusui&pizang/03/56/cell_1761648991393_912349010008_94153_0100.png,thumbs/cluster_12/080_cell_1761648991393_912349010008_94153_0100.jpg
12,/home/wangqianqian/project/FS/data/28gusui&pizang/03/57/cell_1761649063670_912349010008_101293_0000.png,thumbs/cluster_12/081_cell_1761649063670_912349010008_101293_0000.jpg
12,/home/wangqianqian/project/FS/data/28gusui&pizang/03/57/cell_1761649044931_912349010008_99319_0100.png,thumbs/cluster_12/082_cell_1761649044931_912349010008_99319_0100.jpg
12,/home/wangqianqian/project/FS/data/28gusui&pizang/03/47/cell_1761648468462_912349010008_44513_0000.png,thumbs/cluster_12/083_cell_1761648468462_912349010008_44513_0000.jpg
12,/home/wangqianqian/project/FS/data/28gusui&pizang/03/59/cell_1761649170566_912349010008_112571_0100.png,thumbs/cluster_12/084_cell_1761649170566_912349010008_112571_0100.jpg
12,/home/wangqianqian/project/FS/data/28gusui&pizang/03/55/cell_1761648957432_912349010008_91141_0000.png,thumbs/cluster_12/085_cell_1761648957432_912349010008_91141_0000.jpg
12,/home/wangqianqian/project/FS/data/28gusui&pizang/03/47/cell_1761648468289_912349010008_44498_0000.png,thumbs/cluster_12/086_cell_1761648468289_912349010008_44498_0000.jpg
12,/home/wangqianqian/project/FS/data/28gusui&pizang/03/52/cell_1761648723957_912349010008_68901_0000.png,thumbs/cluster_12/087_cell_1761648723957_912349010008_68901_0000.jpg
12,/home/wangqianqian/project/FS/data/28gusui&pizang/03/41/cell_1761648076860_912349010008_12282_0000.png,thumbs/cluster_12/088_cell_1761648076860_912349010008_12282_0000.jpg
12,/home/wangqianqian/project/FS/data/28gusui&pizang/03/55/cell_1761648904092_912349010008_86646_0000.png,thumbs/cluster_12/089_cell_1761648904092_912349010008_86646_0000.jpg
12,/home/wangqianqian/project/FS/data/28gusui&pizang/03/43/cell_1761648200284_912349010008_20845_0000.png,thumbs/cluster_12/090_cell_1761648200284_912349010008_20845_0000.jpg
12,/home/wangqianqian/project/FS/data/28gusui&pizang/03/52/cell_1761648771327_912349010008_73509_0100.png,thumbs/cluster_12/091_cell_1761648771327_912349010008_73509_0100.jpg
12,/home/wangqianqian/project/FS/data/28gusui&pizang/03/44/cell_1761648278841_912349010008_27659_0100.png,thumbs/cluster_12/092_cell_1761648278841_912349010008_27659_0100.jpg
12,/home/wangqianqian/project/FS/data/28gusui&pizang/03/47/cell_1761648453165_912349010008_43220_0100.png,thumbs/cluster_12/093_cell_1761648453165_912349010008_43220_0100.jpg
12,/home/wangqianqian/project/FS/data/28gusui&pizang/03/52/cell_1761648744273_912349010008_70934_0000.png,thumbs/cluster_12/094_cell_1761648744273_912349010008_70934_0000.jpg
12,/home/wangqianqian/project/FS/data/28gusui&pizang/03/53/cell_1761648781237_912349010008_74425_0100.png,thumbs/cluster_12/095_cell_1761648781237_912349010008_74425_0100.jpg
12,/home/wangqianqian/project/FS/data/28gusui&pizang/03/51/cell_1761648664545_912349010008_62867_0000.png,thumbs/cluster_12/096_cell_1761648664545_912349010008_62867_0000.jpg
12,/home/wangqianqian/project/FS/data/28gusui&pizang/03/44/cell_1761648258122_912349010008_25693_0000.png,thumbs/cluster_12/097_cell_1761648258122_912349010008_25693_0000.jpg
12,/home/wangqianqian/project/FS/data/28gusui&pizang/03/55/cell_1761648906368_912349010008_86818_0100.png,thumbs/cluster_12/098_cell_1761648906368_912349010008_86818_0100.jpg
12,/home/wangqianqian/project/FS/data/28gusui&pizang/03/54/cell_1761648878488_912349010008_84317_0100.png,thumbs/cluster_12/099_cell_1761648878488_912349010008_84317_0100.jpg
13,/home/wangqianqian/project/FS/data/28gusui&pizang/03/55/cell_1761648900885_912349010008_86380_0000.png,thumbs/cluster_13/000_cell_1761648900885_912349010008_86380_0000.jpg
13,/home/wangqianqian/project/FS/data/28gusui&pizang/03/49/cell_1761648564935_912349010008_52891_0000.png,thumbs/cluster_13/001_cell_1761648564935_912349010008_52891_0000.jpg
13,/home/wangqianqian/project/FS/data/28gusui&pizang/03/58/cell_1761649099996_912349010008_105122_0000.png,thumbs/cluster_13/002_cell_1761649099996_912349010008_105122_0000.jpg
13,/home/wangqianqian/project/FS/data/28gusui&pizang/03/57/cell_1761649041591_912349010008_98955_0100.png,thumbs/cluster_13/003_cell_1761649041591_912349010008_98955_0100.jpg
13,/home/wangqianqian/project/FS/data/28gusui&pizang/03/53/cell_1761648814593_912349010008_78027_0000.png,thumbs/cluster_13/004_cell_1761648814593_912349010008_78027_0000.jpg
13,/home/wangqianqian/project/FS/data/28gusui&pizang/03/52/cell_1761648740522_912349010008_70561_0100.png,thumbs/cluster_13/005_cell_1761648740522_912349010008_70561_0100.jpg
13,/home/wangqianqian/project/FS/data/28gusui&pizang/03/52/cell_1761648729659_912349010008_69443_0000.png,thumbs/cluster_13/006_cell_1761648729659_912349010008_69443_0000.jpg
13,/home/wangqianqian/project/FS/data/28gusui&pizang/03/50/cell_1761648647377_912349010008_61100_0000.png,thumbs/cluster_13/007_cell_1761648647377_912349010008_61100_0000.jpg
13,/home/wangqianqian/project/FS/data/28gusui&pizang/03/47/cell_1761648433085_912349010008_41324_0000.png,thumbs/cluster_13/008_cell_1761648433085_912349010008_41324_0000.jpg
13,/home/wangqianqian/project/FS/data/28gusui&pizang/03/41/cell_1761648096363_912349010008_13617_0100.png,thumbs/cluster_13/009_cell_1761648096363_912349010008_13617_0100.jpg
13,/home/wangqianqian/project/FS/data/28gusui&pizang/03/58/cell_1761649091443_912349010008_104225_0100.png,thumbs/cluster_13/010_cell_1761649091443_912349010008_104225_0100.jpg
13,/home/wangqianqian/project/FS/data/28gusui&pizang/03/47/cell_1761648422223_912349010008_40295_0000.png,thumbs/cluster_13/011_cell_1761648422223_912349010008_40295_0000.jpg
13,/home/wangqianqian/project/FS/data/28gusui&pizang/03/44/cell_1761648240933_912349010008_24196_0100.png,thumbs/cluster_13/012_cell_1761648240933_912349010008_24196_0100.jpg
13,/home/wangqianqian/project/FS/data/28gusui&pizang/03/57/cell_1761649073941_912349010008_102337_0000.png,thumbs/cluster_13/013_cell_1761649073941_912349010008_102337_0000.jpg
13,/home/wangqianqian/project/FS/data/28gusui&pizang/03/42/cell_1761648120645_912349010008_15089_0100.png,thumbs/cluster_13/014_cell_1761648120645_912349010008_15089_0100.jpg
13,/home/wangqianqian/project/FS/data/28gusui&pizang/03/56/cell_1761648964261_912349010008_91727_0000.png,thumbs/cluster_13/015_cell_1761648964261_912349010008_91727_0000.jpg
13,/home/wangqianqian/project/FS/data/28gusui&pizang/03/43/cell_1761648234546_912349010008_23636_0000.png,thumbs/cluster_13/016_cell_1761648234546_912349010008_23636_0000.jpg
13,/home/wangqianqian/project/FS/data/28gusui&pizang/03/54/cell_1761648868296_912349010008_83292_0100.png,thumbs/cluster_13/017_cell_1761648868296_912349010008_83292_0100.jpg
13,/home/wangqianqian/project/FS/data/28gusui&pizang/03/46/cell_1761648365396_912349010008_35221_0100.png,thumbs/cluster_13/018_cell_1761648365396_912349010008_35221_0100.jpg
13,/home/wangqianqian/project/FS/data/28gusui&pizang/03/45/cell_1761648335383_912349010008_32493_0100.png,thumbs/cluster_13/019_cell_1761648335383_912349010008_32493_0100.jpg
13,/home/wangqianqian/project/FS/data/28gusui&pizang/03/51/cell_1761648683332_912349010008_64714_0100.png,thumbs/cluster_13/020_cell_1761648683332_912349010008_64714_0100.jpg
13,/home/wangqianqian/project/FS/data/28gusui&pizang/03/48/cell_1761648522611_912349010008_49028_0100.png,thumbs/cluster_13/021_cell_1761648522611_912349010008_49028_0100.jpg
13,/home/wangqianqian/project/FS/data/28gusui&pizang/03/54/cell_1761648857963_912349010008_82230_0000.png,thumbs/cluster_13/022_cell_1761648857963_912349010008_82230_0000.jpg
13,/home/wangqianqian/project/FS/data/28gusui&pizang/03/55/cell_1761648942762_912349010008_89884_0000.png,thumbs/cluster_13/023_cell_1761648942762_912349010008_89884_0000.jpg
13,/home/wangqianqian/project/FS/data/28gusui&pizang/03/57/cell_1761649020662_912349010008_96884_0000.png,thumbs/cluster_13/024_cell_1761649020662_912349010008_96884_0000.jpg
13,/home/wangqianqian/project/FS/data/28gusui&pizang/03/55/cell_1761648924714_912349010008_88291_0100.png,thumbs/cluster_13/025_cell_1761648924714_912349010008_88291_0100.jpg
13,/home/wangqianqian/project/FS/data/28gusui&pizang/03/53/cell_1761648795202_912349010008_75963_0000.png,thumbs/cluster_13/026_cell_1761648795202_912349010008_75963_0000.jpg
13,/home/wangqianqian/project/FS/data/28gusui&pizang/03/57/cell_1761649074164_912349010008_102357_0000.png,thumbs/cluster_13/027_cell_1761649074164_912349010008_102357_0000.jpg
13,/home/wangqianqian/project/FS/data/28gusui&pizang/03/52/cell_1761648721949_912349010008_68718_0000.png,thumbs/cluster_13/028_cell_1761648721949_912349010008_68718_0000.jpg
13,/home/wangqianqian/project/FS/data/28gusui&pizang/03/48/cell_1761648539219_912349010008_50497_0100.png,thumbs/cluster_13/029_cell_1761648539219_912349010008_50497_0100.jpg
13,/home/wangqianqian/project/FS/data/28gusui&pizang/03/56/cell_1761648988783_912349010008_93900_0000.png,thumbs/cluster_13/030_cell_1761648988783_912349010008_93900_0000.jpg
13,/home/wangqianqian/project/FS/data/28gusui&pizang/03/52/cell_1761648739144_912349010008_70419_0000.png,thumbs/cluster_13/031_cell_1761648739144_912349010008_70419_0000.jpg
13,/home/wangqianqian/project/FS/data/28gusui&pizang/03/44/cell_1761648251593_912349010008_25152_0000.png,thumbs/cluster_13/032_cell_1761648251593_912349010008_25152_0000.jpg
13,/home/wangqianqian/project/FS/data/28gusui&pizang/03/54/cell_1761648871914_912349010008_83656_0100.png,thumbs/cluster_13/033_cell_1761648871914_912349010008_83656_0100.jpg
13,/home/wangqianqian/project/FS/data/28gusui&pizang/03/46/cell_1761648417734_912349010008_39870_0000.png,thumbs/cluster_13/034_cell_1761648417734_912349010008_39870_0000.jpg
13,/home/wangqianqian/project/FS/data/28gusui&pizang/03/58/cell_1761649103690_912349010008_105463_0000.png,thumbs/cluster_13/035_cell_1761649103690_912349010008_105463_0000.jpg
13,/home/wangqianqian/project/FS/data/28gusui&pizang/03/57/cell_1761649059907_912349010008_100915_0000.png,thumbs/cluster_13/036_cell_1761649059907_912349010008_100915_0000.jpg
13,/home/wangqianqian/project/FS/data/28gusui&pizang/03/52/cell_1761648756874_912349010008_72154_0100.png,thumbs/cluster_13/037_cell_1761648756874_912349010008_72154_0100.jpg
13,/home/wangqianqian/project/FS/data/28gusui&pizang/03/50/cell_1761648652974_912349010008_61680_0100.png,thumbs/cluster_13/038_cell_1761648652974_912349010008_61680_0100.jpg
13,/home/wangqianqian/project/FS/data/28gusui&pizang/03/54/cell_1761648866860_912349010008_83143_0100.png,thumbs/cluster_13/039_cell_1761648866860_912349010008_83143_0100.jpg
13,/home/wangqianqian/project/FS/data/28gusui&pizang/03/47/cell_1761648462820_912349010008_44050_0000.png,thumbs/cluster_13/040_cell_1761648462820_912349010008_44050_0000.jpg
13,/home/wangqianqian/project/FS/data/28gusui&pizang/03/54/cell_1761648870887_912349010008_83553_0000.png,thumbs/cluster_13/041_cell_1761648870887_912349010008_83553_0000.jpg
13,/home/wangqianqian/project/FS/data/28gusui&pizang/03/53/cell_1761648801767_912349010008_76675_0000.png,thumbs/cluster_13/042_cell_1761648801767_912349010008_76675_0000.jpg
13,/home/wangqianqian/project/FS/data/28gusui&pizang/03/55/cell_1761648943662_912349010008_89954_0000.png,thumbs/cluster_13/043_cell_1761648943662_912349010008_89954_0000.jpg
13,/home/wangqianqian/project/FS/data/28gusui&pizang/03/51/cell_1761648704200_912349010008_66868_0000.png,thumbs/cluster_13/044_cell_1761648704200_912349010008_66868_0000.jpg
13,/home/wangqianqian/project/FS/data/28gusui&pizang/03/45/cell_1761648343759_912349010008_33264_0000.png,thumbs/cluster_13/045_cell_1761648343759_912349010008_33264_0000.jpg
13,/home/wangqianqian/project/FS/data/28gusui&pizang/03/50/cell_1761648604159_912349010008_56791_0000.png,thumbs/cluster_13/046_cell_1761648604159_912349010008_56791_0000.jpg
13,/home/wangqianqian/project/FS/data/28gusui&pizang/03/52/cell_1761648750252_912349010008_71509_0000.png,thumbs/cluster_13/047_cell_1761648750252_912349010008_71509_0000.jpg
13,/home/wangqianqian/project/FS/data/28gusui&pizang/03/58/cell_1761649110861_912349010008_106287_0100.png,thumbs/cluster_13/048_cell_1761649110861_912349010008_106287_0100.jpg
13,/home/wangqianqian/project/FS/data/28gusui&pizang/03/46/cell_1761648366921_912349010008_35358_0100.png,thumbs/cluster_13/049_cell_1761648366921_912349010008_35358_0100.jpg
13,/home/wangqianqian/project/FS/data/28gusui&pizang/03/49/cell_1761648557422_912349010008_52178_0000.png,thumbs/cluster_13/050_cell_1761648557422_912349010008_52178_0000.jpg
13,/home/wangqianqian/project/FS/data/28gusui&pizang/03/51/cell_1761648686656_912349010008_65043_0100.png,thumbs/cluster_13/051_cell_1761648686656_912349010008_65043_0100.jpg
13,/home/wangqianqian/project/FS/data/28gusui&pizang/03/44/cell_1761648282448_912349010008_27990_0000.png,thumbs/cluster_13/052_cell_1761648282448_912349010008_27990_0000.jpg
13,/home/wangqianqian/project/FS/data/28gusui&pizang/03/57/cell_1761649057503_912349010008_100634_0100.png,thumbs/cluster_13/053_cell_1761649057503_912349010008_100634_0100.jpg
13,/home/wangqianqian/project/FS/data/28gusui&pizang/03/42/cell_1761648174250_912349010008_18926_0000.png,thumbs/cluster_13/054_cell_1761648174250_912349010008_18926_0000.jpg
13,/home/wangqianqian/project/FS/data/28gusui&pizang/03/55/cell_1761648935713_912349010008_89301_0100.png,thumbs/cluster_13/055_cell_1761648935713_912349010008_89301_0100.jpg
13,/home/wangqianqian/project/FS/data/28gusui&pizang/03/42/cell_1761648152995_912349010008_17419_0100.png,thumbs/cluster_13/056_cell_1761648152995_912349010008_17419_0100.jpg
13,/home/wangqianqian/project/FS/data/28gusui&pizang/03/50/cell_1761648658022_912349010008_62174_0000.png,thumbs/cluster_13/057_cell_1761648658022_912349010008_62174_0000.jpg
13,/home/wangqianqian/project/FS/data/28gusui&pizang/03/58/cell_1761649105186_912349010008_105647_0000.png,thumbs/cluster_13/058_cell_1761649105186_912349010008_105647_0000.jpg
13,/home/wangqianqian/project/FS/data/28gusui&pizang/03/51/cell_1761648703212_912349010008_66749_0000.png,thumbs/cluster_13/059_cell_1761648703212_912349010008_66749_0000.jpg
13,/home/wangqianqian/project/FS/data/28gusui&pizang/03/56/cell_1761648975983_912349010008_92758_0000.png,thumbs/cluster_13/060_cell_1761648975983_912349010008_92758_0000.jpg
13,/home/wangqianqian/project/FS/data/28gusui&pizang/03/45/cell_1761648342555_912349010008_33142_0000.png,thumbs/cluster_13/061_cell_1761648342555_912349010008_33142_0000.jpg
13,/home/wangqianqian/project/FS/data/28gusui&pizang/03/44/cell_1761648253103_912349010008_25298_0000.png,thumbs/cluster_13/062_cell_1761648253103_912349010008_25298_0000.jpg
13,/home/wangqianqian/project/FS/data/28gusui&pizang/03/52/cell_1761648774443_912349010008_73769_0000.png,thumbs/cluster_13/063_cell_1761648774443_912349010008_73769_0000.jpg
13,/home/wangqianqian/project/FS/data/28gusui&pizang/03/38/cell_1761647905738_912349010008_4620_0100.png,thumbs/cluster_13/064_cell_1761647905738_912349010008_4620_0100.jpg
13,/home/wangqianqian/project/FS/data/28gusui&pizang/03/42/cell_1761648173287_912349010008_18847_0000.png,thumbs/cluster_13/065_cell_1761648173287_912349010008_18847_0000.jpg
13,/home/wangqianqian/project/FS/data/28gusui&pizang/03/49/cell_1761648591942_912349010008_55492_0000.png,thumbs/cluster_13/066_cell_1761648591942_912349010008_55492_0000.jpg
13,/home/wangqianqian/project/FS/data/28gusui&pizang/03/55/cell_1761648956889_912349010008_91098_0100.png,thumbs/cluster_13/067_cell_1761648956889_912349010008_91098_0100.jpg
13,/home/wangqianqian/project/FS/data/28gusui&pizang/03/49/cell_1761648585338_912349010008_54823_0000.png,thumbs/cluster_13/068_cell_1761648585338_912349010008_54823_0000.jpg
13,/home/wangqianqian/project/FS/data/28gusui&pizang/03/51/cell_1761648698247_912349010008_66267_0000.png,thumbs/cluster_13/069_cell_1761648698247_912349010008_66267_0000.jpg
13,/home/wangqianqian/project/FS/data/28gusui&pizang/03/51/cell_1761648679739_912349010008_64315_0100.png,thumbs/cluster_13/070_cell_1761648679739_912349010008_64315_0100.jpg
13,/home/wangqianqian/project/FS/data/28gusui&pizang/03/56/cell_1761648966379_912349010008_91894_0100.png,thumbs/cluster_13/071_cell_1761648966379_912349010008_91894_0100.jpg
13,/home/wangqianqian/project/FS/data/28gusui&pizang/03/45/cell_1761648352409_912349010008_34043_0000.png,thumbs/cluster_13/072_cell_1761648352409_912349010008_34043_0000.jpg
13,/home/wangqianqian/project/FS/data/28gusui&pizang/03/57/cell_1761649031885_912349010008_97994_0000.png,thumbs/cluster_13/073_cell_1761649031885_912349010008_97994_0000.jpg
13,/home/wangqianqian/project/FS/data/28gusui&pizang/03/53/cell_1761648839487_912349010008_80364_0000.png,thumbs/cluster_13/074_cell_1761648839487_912349010008_80364_0000.jpg
13,/home/wangqianqian/project/FS/data/28gusui&pizang/03/45/cell_1761648331373_912349010008_32144_0000.png,thumbs/cluster_13/075_cell_1761648331373_912349010008_32144_0000.jpg
13,/home/wangqianqian/project/FS/data/28gusui&pizang/03/44/cell_1761648276478_912349010008_27469_0000.png,thumbs/cluster_13/076_cell_1761648276478_912349010008_27469_0000.jpg
13,/home/wangqianqian/project/FS/data/28gusui&pizang/03/49/cell_1761648565377_912349010008_52932_0000.png,thumbs/cluster_13/077_cell_1761648565377_912349010008_52932_0000.jpg
13,/home/wangqianqian/project/FS/data/28gusui&pizang/03/51/cell_1761648684738_912349010008_64833_0000.png,thumbs/cluster_13/078_cell_1761648684738_912349010008_64833_0000.jpg
13,/home/wangqianqian/project/FS/data/28gusui&pizang/03/42/cell_1761648124017_912349010008_15334_0100.png,thumbs/cluster_13/079_cell_1761648124017_912349010008_15334_0100.jpg
13,/home/wangqianqian/project/FS/data/28gusui&pizang/03/42/cell_1761648144085_912349010008_16788_0100.png,thumbs/cluster_13/080_cell_1761648144085_912349010008_16788_0100.jpg
13,/home/wangqianqian/project/FS/data/28gusui&pizang/03/59/cell_1761649144228_912349010008_109752_0100.png,thumbs/cluster_13/081_cell_1761649144228_912349010008_109752_0100.jpg
13,/home/wangqianqian/project/FS/data/28gusui&pizang/03/42/cell_1761648137723_912349010008_16316_0000.png,thumbs/cluster_13/082_cell_1761648137723_912349010008_16316_0000.jpg
13,/home/wangqianqian/project/FS/data/28gusui&pizang/03/47/cell_1761648426406_912349010008_40677_0100.png,thumbs/cluster_13/083_cell_1761648426406_912349010008_40677_0100.jpg
13,/home/wangqianqian/project/FS/data/28gusui&pizang/03/50/cell_1761648630509_912349010008_59362_0000.png,thumbs/cluster_13/084_cell_1761648630509_912349010008_59362_0000.jpg
13,/home/wangqianqian/project/FS/data/28gusui&pizang/03/46/cell_1761648380093_912349010008_36519_0100.png,thumbs/cluster_13/085_cell_1761648380093_912349010008_36519_0100.jpg
13,/home/wangqianqian/project/FS/data/28gusui&pizang/03/44/cell_1761648296982_912349010008_29246_0000.png,thumbs/cluster_13/086_cell_1761648296982_912349010008_29246_0000.jpg
13,/home/wangqianqian/project/FS/data/28gusui&pizang/03/58/cell_1761649090190_912349010008_104079_0000.png,thumbs/cluster_13/087_cell_1761649090190_912349010008_104079_0000.jpg
13,/home/wangqianqian/project/FS/data/28gusui&pizang/03/57/cell_1761649062676_912349010008_101178_0100.png,thumbs/cluster_13/088_cell_1761649062676_912349010008_101178_0100.jpg
13,/home/wangqianqian/project/FS/data/28gusui&pizang/03/58/cell_1761649084352_912349010008_103404_0000.png,thumbs/cluster_13/089_cell_1761649084352_912349010008_103404_0000.jpg
13,/home/wangqianqian/project/FS/data/28gusui&pizang/03/44/cell_1761648289663_912349010008_28663_0000.png,thumbs/cluster_13/090_cell_1761648289663_912349010008_28663_0000.jpg
13,/home/wangqianqian/project/FS/data/28gusui&pizang/03/57/cell_1761649055138_912349010008_100371_0000.png,thumbs/cluster_13/091_cell_1761649055138_912349010008_100371_0000.jpg
13,/home/wangqianqian/project/FS/data/28gusui&pizang/03/56/cell_1761649016736_912349010008_96507_0000.png,thumbs/cluster_13/092_cell_1761649016736_912349010008_96507_0000.jpg
13,/home/wangqianqian/project/FS/data/28gusui&pizang/03/59/cell_1761649141242_912349010008_109431_0100.png,thumbs/cluster_13/093_cell_1761649141242_912349010008_109431_0100.jpg
13,/home/wangqianqian/project/FS/data/28gusui&pizang/03/54/cell_1761648873118_912349010008_83772_0000.png,thumbs/cluster_13/094_cell_1761648873118_912349010008_83772_0000.jpg
13,/home/wangqianqian/project/FS/data/28gusui&pizang/03/43/cell_1761648215088_912349010008_22093_0000.png,thumbs/cluster_13/095_cell_1761648215088_912349010008_22093_0000.jpg
13,/home/wangqianqian/project/FS/data/28gusui&pizang/03/50/cell_1761648621125_912349010008_58419_0100.png,thumbs/cluster_13/096_cell_1761648621125_912349010008_58419_0100.jpg
13,/home/wangqianqian/project/FS/data/28gusui&pizang/03/45/cell_1761648308810_912349010008_30212_0000.png,thumbs/cluster_13/097_cell_1761648308810_912349010008_30212_0000.jpg
13,/home/wangqianqian/project/FS/data/28gusui&pizang/03/50/cell_1761648639794_912349010008_60294_0100.png,thumbs/cluster_13/098_cell_1761648639794_912349010008_60294_0100.jpg
13,/home/wangqianqian/project/FS/data/28gusui&pizang/03/47/cell_1761648438121_912349010008_41899_0000.png,thumbs/cluster_13/099_cell_1761648438121_912349010008_41899_0000.jpg
14,/home/wangqianqian/project/FS/data/28gusui&pizang/03/50/cell_1761648613171_912349010008_57609_0100.png,thumbs/cluster_14/000_cell_1761648613171_912349010008_57609_0100.jpg
14,/home/wangqianqian/project/FS/data/28gusui&pizang/03/45/cell_1761648336581_912349010008_32600_0000.png,thumbs/cluster_14/001_cell_1761648336581_912349010008_32600_0000.jpg
14,/home/wangqianqian/project/FS/data/28gusui&pizang/03/40/cell_1761648029769_912349010008_9772_0100.png,thumbs/cluster_14/002_cell_1761648029769_912349010008_9772_0100.jpg
14,/home/wangqianqian/project/FS/data/28gusui&pizang/03/53/cell_1761648835264_912349010008_79974_0000.png,thumbs/cluster_14/003_cell_1761648835264_912349010008_79974_0000.jpg
14,/home/wangqianqian/project/FS/data/28gusui&pizang/03/40/cell_1761648039838_912349010008_10240_0000.png,thumbs/cluster_14/004_cell_1761648039838_912349010008_10240_0000.jpg
14,/home/wangqianqian/project/FS/data/28gusui&pizang/03/38/cell_1761647917929_912349010008_4978_0000.png,thumbs/cluster_14/005_cell_1761647917929_912349010008_4978_0000.jpg
14,/home/wangqianqian/project/FS/data/28gusui&pizang/03/55/cell_1761648952907_912349010008_90730_0100.png,thumbs/cluster_14/006_cell_1761648952907_912349010008_90730_0100.jpg
14,/home/wangqianqian/project/FS/data/28gusui&pizang/03/44/cell_1761648292175_912349010008_28851_0100.png,thumbs/cluster_14/007_cell_1761648292175_912349010008_28851_0100.jpg
14,/home/wangqianqian/project/FS/data/28gusui&pizang/03/47/cell_1761648472911_912349010008_44905_0000.png,thumbs/cluster_14/008_cell_1761648472911_912349010008_44905_0000.jpg
14,/home/wangqianqian/project/FS/data/28gusui&pizang/03/41/cell_1761648065934_912349010008_11633_0100.png,thumbs/cluster_14/009_cell_1761648065934_912349010008_11633_0100.jpg
14,/home/wangqianqian/project/FS/data/28gusui&pizang/03/39/cell_1761647945535_912349010008_6026_0100.png,thumbs/cluster_14/010_cell_1761647945535_912349010008_6026_0100.jpg
14,/home/wangqianqian/project/FS/data/28gusui&pizang/03/44/cell_1761648286037_912349010008_28302_0000.png,thumbs/cluster_14/011_cell_1761648286037_912349010008_28302_0000.jpg
14,/home/wangqianqian/project/FS/data/28gusui&pizang/03/52/cell_1761648756412_912349010008_72112_0000.png,thumbs/cluster_14/012_cell_1761648756412_912349010008_72112_0000.jpg
14,/home/wangqianqian/project/FS/data/28gusui&pizang/03/46/cell_1761648380015_912349010008_36515_0100.png,thumbs/cluster_14/013_cell_1761648380015_912349010008_36515_0100.jpg
14,/home/wangqianqian/project/FS/data/28gusui&pizang/03/54/cell_1761648861337_912349010008_82634_0100.png,thumbs/cluster_14/014_cell_1761648861337_912349010008_82634_0100.jpg
14,/home/wangqianqian/project/FS/data/28gusui&pizang/03/54/cell_1761648863703_912349010008_82852_0100.png,thumbs/cluster_14/015_cell_1761648863703_912349010008_82852_0100.jpg
14,/home/wangqianqian/project/FS/data/28gusui&pizang/03/42/cell_1761648174098_912349010008_18916_0100.png,thumbs/cluster_14/016_cell_1761648174098_912349010008_18916_0100.jpg
14,/home/wangqianqian/project/FS/data/28gusui&pizang/03/40/cell_1761648019725_912349010008_9221_0000.png,thumbs/cluster_14/017_cell_1761648019725_912349010008_9221_0000.jpg
14,/home/wangqianqian/project/FS/data/28gusui&pizang/03/41/cell_1761648088855_912349010008_13129_0000.png,thumbs/cluster_14/018_cell_1761648088855_912349010008_13129_0000.jpg
14,/home/wangqianqian/project/FS/data/28gusui&pizang/03/54/cell_1761648863244_912349010008_82818_0100.png,thumbs/cluster_14/019_cell_1761648863244_912349010008_82818_0100.jpg
14,/home/wangqianqian/project/FS/data/28gusui&pizang/03/58/cell_1761649136390_912349010008_108924_0100.png,thumbs/cluster_14/020_cell_1761649136390_912349010008_108924_0100.jpg
14,/home/wangqianqian/project/FS/data/28gusui&pizang/03/43/cell_1761648228485_912349010008_23139_0000.png,thumbs/cluster_14/021_cell_1761648228485_912349010008_23139_0000.jpg
14,/home/wangqianqian/project/FS/data/28gusui&pizang/03/40/cell_1761648020931_912349010008_9288_0100.png,thumbs/cluster_14/022_cell_1761648020931_912349010008_9288_0100.jpg
14,/home/wangqianqian/project/FS/data/28gusui&pizang/03/42/cell_1761648159570_912349010008_17893_0000.png,thumbs/cluster_14/023_cell_1761648159570_912349010008_17893_0000.jpg
14,/home/wangqianqian/project/FS/data/28gusui&pizang/03/58/cell_1761649084533_912349010008_103430_0100.png,thumbs/cluster_14/024_cell_1761649084533_912349010008_103430_0100.jpg
14,/home/wangqianqian/project/FS/data/28gusui&pizang/03/49/cell_1761648566808_912349010008_53081_0100.png,thumbs/cluster_14/025_cell_1761648566808_912349010008_53081_0100.jpg
14,/home/wangqianqian/project/FS/data/28gusui&pizang/03/51/cell_1761648669317_912349010008_63296_0000.png,thumbs/cluster_14/026_cell_1761648669317_912349010008_63296_0000.jpg
14,/home/wangqianqian/project/FS/data/28gusui&pizang/03/41/cell_1761648081461_912349010008_12617_0000.png,thumbs/cluster_14/027_cell_1761648081461_912349010008_12617_0000.jpg
14,/home/wangqianqian/project/FS/data/28gusui&pizang/03/50/cell_1761648642068_912349010008_60509_0000.png,thumbs/cluster_14/028_cell_1761648642068_912349010008_60509_0000.jpg
14,/home/wangqianqian/project/FS/data/28gusui&pizang/03/40/cell_1761648011194_912349010008_8783_0100.png,thumbs/cluster_14/029_cell_1761648011194_912349010008_8783_0100.jpg
14,/home/wangqianqian/project/FS/data/28gusui&pizang/03/59/cell_1761649170279_912349010008_112540_0000.png,thumbs/cluster_14/030_cell_1761649170279_912349010008_112540_0000.jpg
14,/home/wangqianqian/project/FS/data/28gusui&pizang/03/36/cell_1761647794134_912349010008_654_0000.png,thumbs/cluster_14/031_cell_1761647794134_912349010008_654_0000.jpg
14,/home/wangqianqian/project/FS/data/28gusui&pizang/03/55/cell_1761648958302_912349010008_91209_0000.png,thumbs/cluster_14/032_cell_1761648958302_912349010008_91209_0000.jpg
14,/home/wangqianqian/project/FS/data/28gusui&pizang/03/44/cell_1761648245368_912349010008_24609_0100.png,thumbs/cluster_14/033_cell_1761648245368_912349010008_24609_0100.jpg
14,/home/wangqianqian/project/FS/data/28gusui&pizang/03/49/cell_1761648582757_912349010008_54589_0000.png,thumbs/cluster_14/034_cell_1761648582757_912349010008_54589_0000.jpg
14,/home/wangqianqian/project/FS/data/28gusui&pizang/03/48/cell_1761648531637_912349010008_49809_0000.png,thumbs/cluster_14/035_cell_1761648531637_912349010008_49809_0000.jpg
14,/home/wangqianqian/project/FS/data/28gusui&pizang/03/41/cell_1761648066502_912349010008_11665_0000.png,thumbs/cluster_14/036_cell_1761648066502_912349010008_11665_0000.jpg
14,/home/wangqianqian/project/FS/data/28gusui&pizang/03/47/cell_1761648428156_912349010008_40846_0100.png,thumbs/cluster_14/037_cell_1761648428156_912349010008_40846_0100.jpg
14,/home/wangqianqian/project/FS/data/28gusui&pizang/03/54/cell_1761648857515_912349010008_82183_0000.png,thumbs/cluster_14/038_cell_1761648857515_912349010008_82183_0000.jpg
14,/home/wangqianqian/project/FS/data/28gusui&pizang/03/49/cell_1761648546091_912349010008_51144_0100.png,thumbs/cluster_14/039_cell_1761648546091_912349010008_51144_0100.jpg
14,/home/wangqianqian/project/FS/data/28gusui&pizang/03/39/cell_1761647981831_912349010008_7436_0100.png,thumbs/cluster_14/040_cell_1761647981831_912349010008_7436_0100.jpg
14,/home/wangqianqian/project/FS/data/28gusui&pizang/03/44/cell_1761648264255_912349010008_26250_0100.png,thumbs/cluster_14/041_cell_1761648264255_912349010008_26250_0100.jpg
14,/home/wangqianqian/project/FS/data/28gusui&pizang/03/48/cell_1761648481781_912349010008_45692_0100.png,thumbs/cluster_14/042_cell_1761648481781_912349010008_45692_0100.jpg
14,/home/wangqianqian/project/FS/data/28gusui&pizang/03/54/cell_1761648884642_912349010008_84909_0000.png,thumbs/cluster_14/043_cell_1761648884642_912349010008_84909_0000.jpg
14,/home/wangqianqian/project/FS/data/28gusui&pizang/03/42/cell_1761648164621_912349010008_18175_0000.png,thumbs/cluster_14/044_cell_1761648164621_912349010008_18175_0000.jpg
14,/home/wangqianqian/project/FS/data/28gusui&pizang/03/43/cell_1761648210070_912349010008_21683_0000.png,thumbs/cluster_14/045_cell_1761648210070_912349010008_21683_0000.jpg
14,/home/wangqianqian/project/FS/data/28gusui&pizang/03/40/cell_1761648049603_912349010008_10699_0000.png,thumbs/cluster_14/046_cell_1761648049603_912349010008_10699_0000.jpg
14,/home/wangqianqian/project/FS/data/28gusui&pizang/03/51/cell_1761648665282_912349010008_62913_0100.png,thumbs/cluster_14/047_cell_1761648665282_912349010008_62913_0100.jpg
14,/home/wangqianqian/project/FS/data/28gusui&pizang/03/47/cell_1761648446711_912349010008_42654_0100.png,thumbs/cluster_14/048_cell_1761648446711_912349010008_42654_0100.jpg
14,/home/wangqianqian/project/FS/data/28gusui&pizang/03/40/cell_1761648012480_912349010008_8859_0000.png,thumbs/cluster_14/049_cell_1761648012480_912349010008_8859_0000.jpg
14,/home/wangqianqian/project/FS/data/28gusui&pizang/03/53/cell_1761648806398_912349010008_77198_0000.png,thumbs/cluster_14/050_cell_1761648806398_912349010008_77198_0000.jpg
14,/home/wangqianqian/project/FS/data/28gusui&pizang/03/42/cell_1761648132747_912349010008_15959_0000.png,thumbs/cluster_14/051_cell_1761648132747_912349010008_15959_0000.jpg
14,/home/wangqianqian/project/FS/data/28gusui&pizang/03/39/cell_1761647943673_912349010008_5929_0000.png,thumbs/cluster_14/052_cell_1761647943673_912349010008_5929_0000.jpg
14,/home/wangqianqian/project/FS/data/28gusui&pizang/03/46/cell_1761648411902_912349010008_39279_0100.png,thumbs/cluster_14/053_cell_1761648411902_912349010008_39279_0100.jpg
14,/home/wangqianqian/project/FS/data/28gusui&pizang/03/52/cell_1761648723161_912349010008_68830_0100.png,thumbs/cluster_14/054_cell_1761648723161_912349010008_68830_0100.jpg
14,/home/wangqianqian/project/FS/data/28gusui&pizang/03/46/cell_1761648394702_912349010008_37775_0100.png,thumbs/cluster_14/055_cell_1761648394702_912349010008_37775_0100.jpg
14,/home/wangqianqian/project/FS/data/28gusui&pizang/03/59/cell_1761649169878_912349010008_112485_0100.png,thumbs/cluster_14/056_cell_1761649169878_912349010008_112485_0100.jpg
14,/home/wangqianqian/project/FS/data/28gusui&pizang/03/44/cell_1761648295008_912349010008_29084_0000.png,thumbs/cluster_14/057_cell_1761648295008_912349010008_29084_0000.jpg
14,/home/wangqianqian/project/FS/data/28gusui&pizang/03/43/cell_1761648231065_912349010008_23356_0100.png,thumbs/cluster_14/058_cell_1761648231065_912349010008_23356_0100.jpg
14,/home/wangqianqian/project/FS/data/28gusui&pizang/03/56/cell_1761648965044_912349010008_91790_0000.png,thumbs/cluster_14/059_cell_1761648965044_912349010008_91790_0000.jpg
14,/home/wangqianqian/project/FS/data/28gusui&pizang/03/56/cell_1761649014136_912349010008_96268_0000.png,thumbs/cluster_14/060_cell_1761649014136_912349010008_96268_0000.jpg
14,/home/wangqianqian/project/FS/data/28gusui&pizang/03/46/cell_1761648368123_912349010008_35466_0100.png,thumbs/cluster_14/061_cell_1761648368123_912349010008_35466_0100.jpg
14,/home/wangqianqian/project/FS/data/28gusui&pizang/03/56/cell_1761648975261_912349010008_92693_0000.png,thumbs/cluster_14/062_cell_1761648975261_912349010008_92693_0000.jpg
14,/home/wangqianqian/project/FS/data/28gusui&pizang/03/55/cell_1761648929188_912349010008_88715_0100.png,thumbs/cluster_14/063_cell_1761648929188_912349010008_88715_0100.jpg
14,/home/wangqianqian/project/FS/data/28gusui&pizang/03/50/cell_1761648616474_912349010008_57964_0000.png,thumbs/cluster_14/064_cell_1761648616474_912349010008_57964_0000.jpg
14,/home/wangqianqian/project/FS/data/28gusui&pizang/03/51/cell_1761648675344_912349010008_63859_0000.png,thumbs/cluster_14/065_cell_1761648675344_912349010008_63859_0000.jpg
14,/home/wangqianqian/project/FS/data/28gusui&pizang/03/56/cell_1761649015458_912349010008_96378_0100.png,thumbs/cluster_14/066_cell_1761649015458_912349010008_96378_0100.jpg
14,/home/wangqianqian/project/FS/data/28gusui&pizang/03/56/cell_1761648996763_912349010008_94700_0000.png,thumbs/cluster_14/067_cell_1761648996763_912349010008_94700_0000.jpg
14,/home/wangqianqian/project/FS/data/28gusui&pizang/03/57/cell_1761649021779_912349010008_97000_0000.png,thumbs/cluster_14/068_cell_1761649021779_912349010008_97000_0000.jpg
14,/home/wangqianqian/project/FS/data/28gusui&pizang/03/58/cell_1761649080715_912349010008_103020_0000.png,thumbs/cluster_14/069_cell_1761649080715_912349010008_103020_0000.jpg
14,/home/wangqianqian/project/FS/data/28gusui&pizang/03/54/cell_1761648866327_912349010008_83097_0000.png,thumbs/cluster_14/070_cell_1761648866327_912349010008_83097_0000.jpg
14,/home/wangqianqian/project/FS/data/28gusui&pizang/03/57/cell_1761649047160_912349010008_99582_0100.png,thumbs/cluster_14/071_cell_1761649047160_912349010008_99582_0100.jpg
14,/home/wangqianqian/project/FS/data/28gusui&pizang/03/41/cell_1761648087340_912349010008_13049_0000.png,thumbs/cluster_14/072_cell_1761648087340_912349010008_13049_0000.jpg
14,/home/wangqianqian/project/FS/data/28gusui&pizang/03/50/cell_1761648615436_912349010008_57850_0100.png,thumbs/cluster_14/073_cell_1761648615436_912349010008_57850_0100.jpg
14,/home/wangqianqian/project/FS/data/28gusui&pizang/03/41/cell_1761648095376_912349010008_13561_0100.png,thumbs/cluster_14/074_cell_1761648095376_912349010008_13561_0100.jpg
14,/home/wangqianqian/project/FS/data/28gusui&pizang/03/53/cell_1761648836545_912349010008_80092_0000.png,thumbs/cluster_14/075_cell_1761648836545_912349010008_80092_0000.jpg
14,/home/wangqianqian/project/FS/data/28gusui&pizang/03/44/cell_1761648245982_912349010008_24667_0000.png,thumbs/cluster_14/076_cell_1761648245982_912349010008_24667_0000.jpg
14,/home/wangqianqian/project/FS/data/28gusui&pizang/03/55/cell_1761648957335_912349010008_91136_0000.png,thumbs/cluster_14/077_cell_1761648957335_912349010008_91136_0000.jpg
14,/home/wangqianqian/project/FS/data/28gusui&pizang/03/39/cell_1761647965412_912349010008_6802_0100.png,thumbs/cluster_14/078_cell_1761647965412_912349010008_6802_0100.jpg
14,/home/wangqianqian/project/FS/data/28gusui&pizang/03/50/cell_1761648601780_912349010008_56553_0000.png,thumbs/cluster_14/079_cell_1761648601780_912349010008_56553_0000.jpg
14,/home/wangqianqian/project/FS/data/28gusui&pizang/03/49/cell_1761648592025_912349010008_55508_0100.png,thumbs/cluster_14/080_cell_1761648592025_912349010008_55508_0100.jpg
14,/home/wangqianqian/project/FS/data/28gusui&pizang/03/46/cell_1761648416294_912349010008_39715_0000.png,thumbs/cluster_14/081_cell_1761648416294_912349010008_39715_0000.jpg
14,/home/wangqianqian/project/FS/data/28gusui&pizang/03/59/cell_1761649144204_912349010008_109751_0000.png,thumbs/cluster_14/082_cell_1761649144204_912349010008_109751_0000.jpg
14,/home/wangqianqian/project/FS/data/28gusui&pizang/03/49/cell_1761648560622_912349010008_52463_0000.png,thumbs/cluster_14/083_cell_1761648560622_912349010008_52463_0000.jpg
14,/home/wangqianqian/project/FS/data/28gusui&pizang/03/41/cell_1761648095278_912349010008_13546_0100.png,thumbs/cluster_14/084_cell_1761648095278_912349010008_13546_0100.jpg
14,/home/wangqianqian/project/FS/data/28gusui&pizang/03/38/cell_1761647911130_912349010008_4766_0000.png,thumbs/cluster_14/085_cell_1761647911130_912349010008_4766_0000.jpg
14,/home/wangqianqian/project/FS/data/28gusui&pizang/03/44/cell_1761648282641_912349010008_27998_0100.png,thumbs/cluster_14/086_cell_1761648282641_912349010008_27998_0100.jpg
14,/home/wangqianqian/project/FS/data/28gusui&pizang/03/46/cell_1761648364350_912349010008_35126_0100.png,thumbs/cluster_14/087_cell_1761648364350_912349010008_35126_0100.jpg
14,/home/wangqianqian/project/FS/data/28gusui&pizang/03/50/cell_1761648659022_912349010008_62293_0100.png,thumbs/cluster_14/088_cell_1761648659022_912349010008_62293_0100.jpg
14,/home/wangqianqian/project/FS/data/28gusui&pizang/03/50/cell_1761648654953_912349010008_61895_0000.png,thumbs/cluster_14/089_cell_1761648654953_912349010008_61895_0000.jpg
14,/home/wangqianqian/project/FS/data/28gusui&pizang/03/42/cell_1761648178526_912349010008_19219_0000.png,thumbs/cluster_14/090_cell_1761648178526_912349010008_19219_0000.jpg
14,/home/wangqianqian/project/FS/data/28gusui&pizang/03/46/cell_1761648364608_912349010008_35150_0000.png,thumbs/cluster_14/091_cell_1761648364608_912349010008_35150_0000.jpg
14,/home/wangqianqian/project/FS/data/28gusui&pizang/03/49/cell_1761648554265_912349010008_51880_0000.png,thumbs/cluster_14/092_cell_1761648554265_912349010008_51880_0000.jpg
14,/home/wangqianqian/project/FS/data/28gusui&pizang/03/40/cell_1761648044584_912349010008_10451_0000.png,thumbs/cluster_14/093_cell_1761648044584_912349010008_10451_0000.jpg
14,/home/wangqianqian/project/FS/data/28gusui&pizang/03/47/cell_1761648420652_912349010008_40144_0100.png,thumbs/cluster_14/094_cell_1761648420652_912349010008_40144_0100.jpg
14,/home/wangqianqian/project/FS/data/28gusui&pizang/03/59/cell_1761649170913_912349010008_112607_0000.png,thumbs/cluster_14/095_cell_1761649170913_912349010008_112607_0000.jpg
14,/home/wangqianqian/project/FS/data/28gusui&pizang/03/41/cell_1761648107846_912349010008_14274_0000.png,thumbs/cluster_14/096_cell_1761648107846_912349010008_14274_0000.jpg
14,/home/wangqianqian/project/FS/data/28gusui&pizang/03/46/cell_1761648417805_912349010008_39882_0100.png,thumbs/cluster_14/097_cell_1761648417805_912349010008_39882_0100.jpg
14,/home/wangqianqian/project/FS/data/28gusui&pizang/03/43/cell_1761648205338_912349010008_21275_0000.png,thumbs/cluster_14/098_cell_1761648205338_912349010008_21275_0000.jpg
14,/home/wangqianqian/project/FS/data/28gusui&pizang/03/45/cell_1761648344672_912349010008_33326_0100.png,thumbs/cluster_14/099_cell_1761648344672_912349010008_33326_0100.jpg
15,/home/wangqianqian/project/FS/data/28gusui&pizang/03/58/cell_1761649093555_912349010008_104481_0100.png,thumbs/cluster_15/000_cell_1761649093555_912349010008_104481_0100.jpg
15,/home/wangqianqian/project/FS/data/28gusui&pizang/03/36/cell_1761647770138_912349010008_306_0000.png,thumbs/cluster_15/001_cell_1761647770138_912349010008_306_0000.jpg
15,/home/wangqianqian/project/FS/data/28gusui&pizang/03/57/cell_1761649052110_912349010008_100065_0000.png,thumbs/cluster_15/002_cell_1761649052110_912349010008_100065_0000.jpg
15,/home/wangqianqian/project/FS/data/28gusui&pizang/03/54/cell_1761648854301_912349010008_81875_0100.png,thumbs/cluster_15/003_cell_1761648854301_912349010008_81875_0100.jpg
15,/home/wangqianqian/project/FS/data/28gusui&pizang/03/43/cell_1761648194988_912349010008_20438_0000.png,thumbs/cluster_15/004_cell_1761648194988_912349010008_20438_0000.jpg
15,/home/wangqianqian/project/FS/data/28gusui&pizang/03/51/cell_1761648703273_912349010008_66755_0000.png,thumbs/cluster_15/005_cell_1761648703273_912349010008_66755_0000.jpg
15,/home/wangqianqian/project/FS/data/28gusui&pizang/03/57/cell_1761649078423_912349010008_102798_0000.png,thumbs/cluster_15/006_cell_1761649078423_912349010008_102798_0000.jpg
15,/home/wangqianqian/project/FS/data/28gusui&pizang/03/42/cell_1761648137399_912349010008_16282_0000.png,thumbs/cluster_15/007_cell_1761648137399_912349010008_16282_0000.jpg
15,/home/wangqianqian/project/FS/data/28gusui&pizang/03/56/cell_1761648964805_912349010008_91769_0000.png,thumbs/cluster_15/008_cell_1761648964805_912349010008_91769_0000.jpg
15,/home/wangqianqian/project/FS/data/28gusui&pizang/03/45/cell_1761648339719_912349010008_32870_0100.png,thumbs/cluster_15/009_cell_1761648339719_912349010008_32870_0100.jpg
15,/home/wangqianqian/project/FS/data/28gusui&pizang/03/44/cell_1761648280342_912349010008_27787_0000.png,thumbs/cluster_15/010_cell_1761648280342_912349010008_27787_0000.jpg
15,/home/wangqianqian/project/FS/data/28gusui&pizang/03/46/cell_1761648387176_912349010008_37133_0100.png,thumbs/cluster_15/011_cell_1761648387176_912349010008_37133_0100.jpg
15,/home/wangqianqian/project/FS/data/28gusui&pizang/03/50/cell_1761648604006_912349010008_56775_0000.png,thumbs/cluster_15/012_cell_1761648604006_912349010008_56775_0000.jpg
15,/home/wangqianqian/project/FS/data/28gusui&pizang/03/41/cell_1761648116355_912349010008_14799_0000.png,thumbs/cluster_15/013_cell_1761648116355_912349010008_14799_0000.jpg
15,/home/wangqianqian/project/FS/data/28gusui&pizang/03/58/cell_1761649121466_912349010008_107406_0100.png,thumbs/cluster_15/014_cell_1761649121466_912349010008_107406_0100.jpg
15,/home/wangqianqian/project/FS/data/28gusui&pizang/03/44/cell_1761648288230_912349010008_28511_0100.png,thumbs/cluster_15/015_cell_1761648288230_912349010008_28511_0100.jpg
15,/home/wangqianqian/project/FS/data/28gusui&pizang/03/41/cell_1761648110205_912349010008_14394_0100.png,thumbs/cluster_15/016_cell_1761648110205_912349010008_14394_0100.jpg
15,/home/wangqianqian/project/FS/data/28gusui&pizang/03/56/cell_1761648972989_912349010008_92505_0100.png,thumbs/cluster_15/017_cell_1761648972989_912349010008_92505_0100.jpg
15,/home/wangqianqian/project/FS/data/28gusui&pizang/03/56/cell_1761648971289_912349010008_92371_0000.png,thumbs/cluster_15/018_cell_1761648971289_912349010008_92371_0000.jpg
15,/home/wangqianqian/project/FS/data/28gusui&pizang/03/46/cell_1761648394078_912349010008_37709_0100.png,thumbs/cluster_15/019_cell_1761648394078_912349010008_37709_0100.jpg
15,/home/wangqianqian/project/FS/data/28gusui&pizang/03/48/cell_1761648480007_912349010008_45538_0000.png,thumbs/cluster_15/020_cell_1761648480007_912349010008_45538_0000.jpg
15,/home/wangqianqian/project/FS/data/28gusui&pizang/03/56/cell_1761648971563_912349010008_92403_0000.png,thumbs/cluster_15/021_cell_1761648971563_912349010008_92403_0000.jpg
15,/home/wangqianqian/project/FS/data/28gusui&pizang/03/43/cell_1761648236607_912349010008_23819_0000.png,thumbs/cluster_15/022_cell_1761648236607_912349010008_23819_0000.jpg
15,/home/wangqianqian/project/FS/data/28gusui&pizang/03/58/cell_1761649085570_912349010008_103529_0000.png,thumbs/cluster_15/023_cell_1761649085570_912349010008_103529_0000.jpg
15,/home/wangqianqian/project/FS/data/28gusui&pizang/03/44/cell_1761648258472_912349010008_25734_0000.png,thumbs/cluster_15/024_cell_1761648258472_912349010008_25734_0000.jpg
15,/home/wangqianqian/project/FS/data/28gusui&pizang/03/43/cell_1761648216257_912349010008_22176_0000.png,thumbs/cluster_15/025_cell_1761648216257_912349010008_22176_0000.jpg
15,/home/wangqianqian/project/FS/data/28gusui&pizang/03/53/cell_1761648788596_912349010008_75225_0100.png,thumbs/cluster_15/026_cell_1761648788596_912349010008_75225_0100.jpg
15,/home/wangqianqian/project/FS/data/28gusui&pizang/03/53/cell_1761648829228_912349010008_79409_0100.png,thumbs/cluster_15/027_cell_1761648829228_912349010008_79409_0100.jpg
15,/home/wangqianqian/project/FS/data/28gusui&pizang/03/59/cell_1761649176082_912349010008_113143_0100.png,thumbs/cluster_15/028_cell_1761649176082_912349010008_113143_0100.jpg
15,/home/wangqianqian/project/FS/data/28gusui&pizang/03/49/cell_1761648549859_912349010008_51495_0100.png,thumbs/cluster_15/029_cell_1761648549859_912349010008_51495_0100.jpg
15,/home/wangqianqian/project/FS/data/28gusui&pizang/03/46/cell_1761648367293_912349010008_35405_0000.png,thumbs/cluster_15/030_cell_1761648367293_912349010008_35405_0000.jpg
15,/home/wangqianqian/project/FS/data/28gusui&pizang/03/51/cell_1761648692907_912349010008_65705_0000.png,thumbs/cluster_15/031_cell_1761648692907_912349010008_65705_0000.jpg
15,/home/wangqianqian/project/FS/data/28gusui&pizang/03/45/cell_1761648326167_912349010008_31616_0100.png,thumbs/cluster_15/032_cell_1761648326167_912349010008_31616_0100.jpg
15,/home/wangqianqian/project/FS/data/28gusui&pizang/03/43/cell_1761648182645_912349010008_19495_0100.png,thumbs/cluster_15/033_cell_1761648182645_912349010008_19495_0100.jpg
15,/home/wangqianqian/project/FS/data/28gusui&pizang/03/45/cell_1761648314768_912349010008_30713_0100.png,thumbs/cluster_15/034_cell_1761648314768_912349010008_30713_0100.jpg
15,/home/wangqianqian/project/FS/data/28gusui&pizang/03/58/cell_1761649119857_912349010008_107242_0100.png,thumbs/cluster_15/035_cell_1761649119857_912349010008_107242_0100.jpg
15,/home/wangqianqian/project/FS/data/28gusui&pizang/03/56/cell_1761649014307_912349010008_96287_0100.png,thumbs/cluster_15/036_cell_1761649014307_912349010008_96287_0100.jpg
15,/home/wangqianqian/project/FS/data/28gusui&pizang/03/49/cell_1761648585703_912349010008_54871_0100.png,thumbs/cluster_15/037_cell_1761648585703_912349010008_54871_0100.jpg
15,/home/wangqianqian/project/FS/data/28gusui&pizang/03/54/cell_1761648868967_912349010008_83358_0100.png,thumbs/cluster_15/038_cell_1761648868967_912349010008_83358_0100.jpg
15,/home/wangqianqian/project/FS/data/28gusui&pizang/03/45/cell_1761648305935_912349010008_29978_0100.png,thumbs/cluster_15/039_cell_1761648305935_912349010008_29978_0100.jpg
15,/home/wangqianqian/project/FS/data/28gusui&pizang/03/45/cell_1761648304637_912349010008_29863_0100.png,thumbs/cluster_15/040_cell_1761648304637_912349010008_29863_0100.jpg
15,/home/wangqianqian/project/FS/data/28gusui&pizang/03/58/cell_1761649118197_912349010008_107062_0000.png,thumbs/cluster_15/041_cell_1761649118197_912349010008_107062_0000.jpg
15,/home/wangqianqian/project/FS/data/28gusui&pizang/03/58/cell_1761649091750_912349010008_104282_0100.png,thumbs/cluster_15/042_cell_1761649091750_912349010008_104282_0100.jpg
15,/home/wangqianqian/project/FS/data/28gusui&pizang/03/54/cell_1761648891802_912349010008_85630_0000.png,thumbs/cluster_15/043_cell_1761648891802_912349010008_85630_0000.jpg
15,/home/wangqianqian/project/FS/data/28gusui&pizang/03/54/cell_1761648846179_912349010008_81051_0100.png,thumbs/cluster_15/044_cell_1761648846179_912349010008_81051_0100.jpg
15,/home/wangqianqian/project/FS/data/28gusui&pizang/03/50/cell_1761648601096_912349010008_56496_0000.png,thumbs/cluster_15/045_cell_1761648601096_912349010008_56496_0000.jpg
15,/home/wangqianqian/project/FS/data/28gusui&pizang/03/47/cell_1761648450934_912349010008_43022_0000.png,thumbs/cluster_15/046_cell_1761648450934_912349010008_43022_0000.jpg
15,/home/wangqianqian/project/FS/data/28gusui&pizang/03/50/cell_1761648616935_912349010008_58017_0100.png,thumbs/cluster_15/047_cell_1761648616935_912349010008_58017_0100.jpg
15,/home/wangqianqian/project/FS/data/28gusui&pizang/03/42/cell_1761648170090_912349010008_18626_0000.png,thumbs/cluster_15/048_cell_1761648170090_912349010008_18626_0000.jpg
15,/home/wangqianqian/project/FS/data/28gusui&pizang/03/44/cell_1761648243603_912349010008_24445_0100.png,thumbs/cluster_15/049_cell_1761648243603_912349010008_24445_0100.jpg
15,/home/wangqianqian/project/FS/data/28gusui&pizang/03/57/cell_1761649060088_912349010008_100931_0000.png,thumbs/cluster_15/050_cell_1761649060088_912349010008_100931_0000.jpg
15,/home/wangqianqian/project/FS/data/28gusui&pizang/03/57/cell_1761649079496_912349010008_102899_0100.png,thumbs/cluster_15/051_cell_1761649079496_912349010008_102899_0100.jpg
15,/home/wangqianqian/project/FS/data/28gusui&pizang/03/53/cell_1761648810078_912349010008_77594_0100.png,thumbs/cluster_15/052_cell_1761648810078_912349010008_77594_0100.jpg
15,/home/wangqianqian/project/FS/data/28gusui&pizang/03/52/cell_1761648772624_912349010008_73628_0000.png,thumbs/cluster_15/053_cell_1761648772624_912349010008_73628_0000.jpg
15,/home/wangqianqian/project/FS/data/28gusui&pizang/03/51/cell_1761648692907_912349010008_65706_0100.png,thumbs/cluster_15/054_cell_1761648692907_912349010008_65706_0100.jpg
15,/home/wangqianqian/project/FS/data/28gusui&pizang/03/51/cell_1761648706811_912349010008_67166_0000.png,thumbs/cluster_15/055_cell_1761648706811_912349010008_67166_0000.jpg
15,/home/wangqianqian/project/FS/data/28gusui&pizang/03/51/cell_1761648712831_912349010008_67837_0000.png,thumbs/cluster_15/056_cell_1761648712831_912349010008_67837_0000.jpg
15,/home/wangqianqian/project/FS/data/28gusui&pizang/03/56/cell_1761648967638_912349010008_91999_0100.png,thumbs/cluster_15/057_cell_1761648967638_912349010008_91999_0100.jpg
15,/home/wangqianqian/project/FS/data/28gusui&pizang/03/53/cell_1761648806916_912349010008_77250_0100.png,thumbs/cluster_15/058_cell_1761648806916_912349010008_77250_0100.jpg
15,/home/wangqianqian/project/FS/data/28gusui&pizang/03/40/cell_1761648035418_912349010008_10071_0000.png,thumbs/cluster_15/059_cell_1761648035418_912349010008_10071_0000.jpg
15,/home/wangqianqian/project/FS/data/28gusui&pizang/03/46/cell_1761648381552_912349010008_36657_0100.png,thumbs/cluster_15/060_cell_1761648381552_912349010008_36657_0100.jpg
15,/home/wangqianqian/project/FS/data/28gusui&pizang/03/58/cell_1761649082459_912349010008_103214_0000.png,thumbs/cluster_15/061_cell_1761649082459_912349010008_103214_0000.jpg
15,/home/wangqianqian/project/FS/data/28gusui&pizang/03/55/cell_1761648930386_912349010008_88859_0100.png,thumbs/cluster_15/062_cell_1761648930386_912349010008_88859_0100.jpg
15,/home/wangqianqian/project/FS/data/28gusui&pizang/03/46/cell_1761648408318_912349010008_38949_0100.png,thumbs/cluster_15/063_cell_1761648408318_912349010008_38949_0100.jpg
15,/home/wangqianqian/project/FS/data/28gusui&pizang/03/52/cell_1761648761751_912349010008_72615_0100.png,thumbs/cluster_15/064_cell_1761648761751_912349010008_72615_0100.jpg
15,/home/wangqianqian/project/FS/data/28gusui&pizang/03/43/cell_1761648231075_912349010008_23357_0000.png,thumbs/cluster_15/065_cell_1761648231075_912349010008_23357_0000.jpg
15,/home/wangqianqian/project/FS/data/28gusui&pizang/03/56/cell_1761648993726_912349010008_94389_0000.png,thumbs/cluster_15/066_cell_1761648993726_912349010008_94389_0000.jpg
15,/home/wangqianqian/project/FS/data/28gusui&pizang/03/39/cell_1761647963220_912349010008_6717_0000.png,thumbs/cluster_15/067_cell_1761647963220_912349010008_6717_0000.jpg
15,/home/wangqianqian/project/FS/data/28gusui&pizang/03/54/cell_1761648853448_912349010008_81811_0100.png,thumbs/cluster_15/068_cell_1761648853448_912349010008_81811_0100.jpg
15,/home/wangqianqian/project/FS/data/28gusui&pizang/03/49/cell_1761648568174_912349010008_53204_0100.png,thumbs/cluster_15/069_cell_1761648568174_912349010008_53204_0100.jpg
15,/home/wangqianqian/project/FS/data/28gusui&pizang/03/40/cell_1761648033067_912349010008_9947_0000.png,thumbs/cluster_15/070_cell_1761648033067_912349010008_9947_0000.jpg
15,/home/wangqianqian/project/FS/data/28gusui&pizang/03/56/cell_1761649016200_912349010008_96445_0100.png,thumbs/cluster_15/071_cell_1761649016200_912349010008_96445_0100.jpg
15,/home/wangqianqian/project/FS/data/28gusui&pizang/03/49/cell_1761648554986_912349010008_51945_0000.png,thumbs/cluster_15/072_cell_1761648554986_912349010008_51945_0000.jpg
15,/home/wangqianqian/project/FS/data/28gusui&pizang/03/59/cell_1761649158796_912349010008_111283_0100.png,thumbs/cluster_15/073_cell_1761649158796_912349010008_111283_0100.jpg
15,/home/wangqianqian/project/FS/data/28gusui&pizang/03/56/cell_1761648997460_912349010008_94761_0100.png,thumbs/cluster_15/074_cell_1761648997460_912349010008_94761_0100.jpg
15,/home/wangqianqian/project/FS/data/28gusui&pizang/03/55/cell_1761648931963_912349010008_88987_0000.png,thumbs/cluster_15/075_cell_1761648931963_912349010008_88987_0000.jpg
15,/home/wangqianqian/project/FS/data/28gusui&pizang/03/44/cell_1761648289086_912349010008_28600_0100.png,thumbs/cluster_15/076_cell_1761648289086_912349010008_28600_0100.jpg
15,/home/wangqianqian/project/FS/data/28gusui&pizang/03/57/cell_1761649074925_912349010008_102445_0000.png,thumbs/cluster_15/077_cell_1761649074925_912349010008_102445_0000.jpg
15,/home/wangqianqian/project/FS/data/28gusui&pizang/03/46/cell_1761648360836_912349010008_34806_0100.png,thumbs/cluster_15/078_cell_1761648360836_912349010008_34806_0100.jpg
15,/home/wangqianqian/project/FS/data/28gusui&pizang/03/54/cell_1761648884751_912349010008_84923_0000.png,thumbs/cluster_15/079_cell_1761648884751_912349010008_84923_0000.jpg
15,/home/wangqianqian/project/FS/data/28gusui&pizang/03/53/cell_1761648803677_912349010008_76908_0000.png,thumbs/cluster_15/080_cell_1761648803677_912349010008_76908_0000.jpg
15,/home/wangqianqian/project/FS/data/28gusui&pizang/03/57/cell_1761649038403_912349010008_98601_0100.png,thumbs/cluster_15/081_cell_1761649038403_912349010008_98601_0100.jpg
15,/home/wangqianqian/project/FS/data/28gusui&pizang/03/45/cell_1761648308998_912349010008_30238_0100.png,thumbs/cluster_15/082_cell_1761648308998_912349010008_30238_0100.jpg
15,/home/wangqianqian/project/FS/data/28gusui&pizang/03/57/cell_1761649073483_912349010008_102279_0000.png,thumbs/cluster_15/083_cell_1761649073483_912349010008_102279_0000.jpg
15,/home/wangqianqian/project/FS/data/28gusui&pizang/03/43/cell_1761648229518_912349010008_23239_0000.png,thumbs/cluster_15/084_cell_1761648229518_912349010008_23239_0000.jpg
15,/home/wangqianqian/project/FS/data/28gusui&pizang/03/43/cell_1761648188673_912349010008_19977_0000.png,thumbs/cluster_15/085_cell_1761648188673_912349010008_19977_0000.jpg
15,/home/wangqianqian/project/FS/data/28gusui&pizang/03/59/cell_1761649175383_912349010008_113083_0000.png,thumbs/cluster_15/086_cell_1761649175383_912349010008_113083_0000.jpg
15,/home/wangqianqian/project/FS/data/28gusui&pizang/03/57/cell_1761649057610_912349010008_100651_0000.png,thumbs/cluster_15/087_cell_1761649057610_912349010008_100651_0000.jpg
15,/home/wangqianqian/project/FS/data/28gusui&pizang/03/49/cell_1761648583798_912349010008_54680_0100.png,thumbs/cluster_15/088_cell_1761648583798_912349010008_54680_0100.jpg
15,/home/wangqianqian/project/FS/data/28gusui&pizang/03/44/cell_1761648243822_912349010008_24467_0100.png,thumbs/cluster_15/089_cell_1761648243822_912349010008_24467_0100.jpg
15,/home/wangqianqian/project/FS/data/28gusui&pizang/03/36/cell_1761647796477_912349010008_740_0100.png,thumbs/cluster_15/090_cell_1761647796477_912349010008_740_0100.jpg
15,/home/wangqianqian/project/FS/data/28gusui&pizang/03/55/cell_1761648956265_912349010008_91039_0100.png,thumbs/cluster_15/091_cell_1761648956265_912349010008_91039_0100.jpg
15,/home/wangqianqian/project/FS/data/28gusui&pizang/03/43/cell_1761648230332_912349010008_23289_0000.png,thumbs/cluster_15/092_cell_1761648230332_912349010008_23289_0000.jpg
15,/home/wangqianqian/project/FS/data/28gusui&pizang/03/41/cell_1761648073491_912349010008_12078_0000.png,thumbs/cluster_15/093_cell_1761648073491_912349010008_12078_0000.jpg
15,/home/wangqianqian/project/FS/data/28gusui&pizang/03/58/cell_1761649083539_912349010008_103332_0000.png,thumbs/cluster_15/094_cell_1761649083539_912349010008_103332_0000.jpg
15,/home/wangqianqian/project/FS/data/28gusui&pizang/03/56/cell_1761648981093_912349010008_93226_0000.png,thumbs/cluster_15/095_cell_1761648981093_912349010008_93226_0000.jpg
15,/home/wangqianqian/project/FS/data/28gusui&pizang/03/52/cell_1761648757512_912349010008_72220_0000.png,thumbs/cluster_15/096_cell_1761648757512_912349010008_72220_0000.jpg
15,/home/wangqianqian/project/FS/data/28gusui&pizang/03/56/cell_1761649003406_912349010008_95313_0000.png,thumbs/cluster_15/097_cell_1761649003406_912349010008_95313_0000.jpg
15,/home/wangqianqian/project/FS/data/28gusui&pizang/03/59/cell_1761649175621_912349010008_113108_0000.png,thumbs/cluster_15/098_cell_1761649175621_912349010008_113108_0000.jpg
15,/home/wangqianqian/project/FS/data/28gusui&pizang/03/51/cell_1761648699458_912349010008_66404_0100.png,thumbs/cluster_15/099_cell_1761648699458_912349010008_66404_0100.jpg
16,/home/wangqianqian/project/FS/data/28gusui&pizang/03/48/cell_1761648498954_912349010008_47163_0100.png,thumbs/cluster_16/000_cell_1761648498954_912349010008_47163_0100.jpg
16,/home/wangqianqian/project/FS/data/28gusui&pizang/03/45/cell_1761648324244_912349010008_31454_0000.png,thumbs/cluster_16/001_cell_1761648324244_912349010008_31454_0000.jpg
16,/home/wangqianqian/project/FS/data/28gusui&pizang/03/58/cell_1761649093510_912349010008_104473_0000.png,thumbs/cluster_16/002_cell_1761649093510_912349010008_104473_0000.jpg
16,/home/wangqianqian/project/FS/data/28gusui&pizang/03/57/cell_1761649067040_912349010008_101625_0100.png,thumbs/cluster_16/003_cell_1761649067040_912349010008_101625_0100.jpg
16,/home/wangqianqian/project/FS/data/28gusui&pizang/03/50/cell_1761648658086_912349010008_62187_0000.png,thumbs/cluster_16/004_cell_1761648658086_912349010008_62187_0000.jpg
16,/home/wangqianqian/project/FS/data/28gusui&pizang/03/54/cell_1761648865980_912349010008_83063_0100.png,thumbs/cluster_16/005_cell_1761648865980_912349010008_83063_0100.jpg
16,/home/wangqianqian/project/FS/data/28gusui&pizang/03/47/cell_1761648476628_912349010008_45235_0000.png,thumbs/cluster_16/006_cell_1761648476628_912349010008_45235_0000.jpg
16,/home/wangqianqian/project/FS/data/28gusui&pizang/03/56/cell_1761648987881_912349010008_93819_0000.png,thumbs/cluster_16/007_cell_1761648987881_912349010008_93819_0000.jpg
16,/home/wangqianqian/project/FS/data/28gusui&pizang/03/58/cell_1761649089378_912349010008_103982_0100.png,thumbs/cluster_16/008_cell_1761649089378_912349010008_103982_0100.jpg
16,/home/wangqianqian/project/FS/data/28gusui&pizang/03/57/cell_1761649076904_912349010008_102643_0000.png,thumbs/cluster_16/009_cell_1761649076904_912349010008_102643_0000.jpg
16,/home/wangqianqian/project/FS/data/28gusui&pizang/03/45/cell_1761648328341_912349010008_31832_0000.png,thumbs/cluster_16/010_cell_1761648328341_912349010008_31832_0000.jpg
16,/home/wangqianqian/project/FS/data/28gusui&pizang/03/41/cell_1761648088862_912349010008_13130_0100.png,thumbs/cluster_16/011_cell_1761648088862_912349010008_13130_0100.jpg
16,/home/wangqianqian/project/FS/data/28gusui&pizang/03/57/cell_1761649052559_912349010008_100118_0100.png,thumbs/cluster_16/012_cell_1761649052559_912349010008_100118_0100.jpg
16,/home/wangqianqian/project/FS/data/28gusui&pizang/03/45/cell_1761648348019_912349010008_33671_0000.png,thumbs/cluster_16/013_cell_1761648348019_912349010008_33671_0000.jpg
16,/home/wangqianqian/project/FS/data/28gusui&pizang/03/48/cell_1761648539322_912349010008_50512_0000.png,thumbs/cluster_16/014_cell_1761648539322_912349010008_50512_0000.jpg
16,/home/wangqianqian/project/FS/data/28gusui&pizang/03/54/cell_1761648843924_912349010008_80836_0100.png,thumbs/cluster_16/015_cell_1761648843924_912349010008_80836_0100.jpg
16,/home/wangqianqian/project/FS/data/28gusui&pizang/03/47/cell_1761648477011_912349010008_45265_0000.png,thumbs/cluster_16/016_cell_1761648477011_912349010008_45265_0000.jpg
16,/home/wangqianqian/project/FS/data/28gusui&pizang/03/54/cell_1761648845934_912349010008_81026_0100.png,thumbs/cluster_16/017_cell_1761648845934_912349010008_81026_0100.jpg
16,/home/wangqianqian/project/FS/data/28gusui&pizang/03/47/cell_1761648459844_912349010008_43800_0000.png,thumbs/cluster_16/018_cell_1761648459844_912349010008_43800_0000.jpg
16,/home/wangqianqian/project/FS/data/28gusui&pizang/03/59/cell_1761649168043_912349010008_112270_0000.png,thumbs/cluster_16/019_cell_1761649168043_912349010008_112270_0000.jpg
16,/home/wangqianqian/project/FS/data/28gusui&pizang/03/44/cell_1761648275220_912349010008_27337_0000.png,thumbs/cluster_16/020_cell_1761648275220_912349010008_27337_0000.jpg
16,/home/wangqianqian/project/FS/data/28gusui&pizang/03/53/cell_1761648814444_912349010008_78011_0100.png,thumbs/cluster_16/021_cell_1761648814444_912349010008_78011_0100.jpg
16,/home/wangqianqian/project/FS/data/28gusui&pizang/03/42/cell_1761648130748_912349010008_15775_0000.png,thumbs/cluster_16/022_cell_1761648130748_912349010008_15775_0000.jpg
16,/home/wangqianqian/project/FS/data/28gusui&pizang/03/48/cell_1761648530773_912349010008_49733_0100.png,thumbs/cluster_16/023_cell_1761648530773_912349010008_49733_0100.jpg
16,/home/wangqianqian/project/FS/data/28gusui&pizang/03/52/cell_1761648775737_912349010008_73879_0100.png,thumbs/cluster_16/024_cell_1761648775737_912349010008_73879_0100.jpg
16,/home/wangqianqian/project/FS/data/28gusui&pizang/03/50/cell_1761648645042_912349010008_60831_0000.png,thumbs/cluster_16/025_cell_1761648645042_912349010008_60831_0000.jpg
16,/home/wangqianqian/project/FS/data/28gusui&pizang/03/45/cell_1761648356622_912349010008_34431_0100.png,thumbs/cluster_16/026_cell_1761648356622_912349010008_34431_0100.jpg
16,/home/wangqianqian/project/FS/data/28gusui&pizang/03/56/cell_1761649014889_912349010008_96335_0100.png,thumbs/cluster_16/027_cell_1761649014889_912349010008_96335_0100.jpg
16,/home/wangqianqian/project/FS/data/28gusui&pizang/03/41/cell_1761648116579_912349010008_14820_0000.png,thumbs/cluster_16/028_cell_1761648116579_912349010008_14820_0000.jpg
16,/home/wangqianqian/project/FS/data/28gusui&pizang/03/41/cell_1761648065312_912349010008_11604_0000.png,thumbs/cluster_16/029_cell_1761648065312_912349010008_11604_0000.jpg
16,/home/wangqianqian/project/FS/data/28gusui&pizang/03/55/cell_1761648942955_912349010008_89901_0000.png,thumbs/cluster_16/030_cell_1761648942955_912349010008_89901_0000.jpg
16,/home/wangqianqian/project/FS/data/28gusui&pizang/03/44/cell_1761648251913_912349010008_25177_0000.png,thumbs/cluster_16/031_cell_1761648251913_912349010008_25177_0000.jpg
16,/home/wangqianqian/project/FS/data/28gusui&pizang/03/58/cell_1761649108421_912349010008_105995_0000.png,thumbs/cluster_16/032_cell_1761649108421_912349010008_105995_0000.jpg
16,/home/wangqianqian/project/FS/data/28gusui&pizang/03/47/cell_1761648479036_912349010008_45446_0000.png,thumbs/cluster_16/033_cell_1761648479036_912349010008_45446_0000.jpg
16,/home/wangqianqian/project/FS/data/28gusui&pizang/03/53/cell_1761648802197_912349010008_76733_0100.png,thumbs/cluster_16/034_cell_1761648802197_912349010008_76733_0100.jpg
16,/home/wangqianqian/project/FS/data/28gusui&pizang/03/51/cell_1761648687003_912349010008_65087_0000.png,thumbs/cluster_16/035_cell_1761648687003_912349010008_65087_0000.jpg
16,/home/wangqianqian/project/FS/data/28gusui&pizang/03/40/cell_1761648058878_912349010008_11194_0100.png,thumbs/cluster_16/036_cell_1761648058878_912349010008_11194_0100.jpg
16,/home/wangqianqian/project/FS/data/28gusui&pizang/03/57/cell_1761649043985_912349010008_99228_0000.png,thumbs/cluster_16/037_cell_1761649043985_912349010008_99228_0000.jpg
16,/home/wangqianqian/project/FS/data/28gusui&pizang/03/47/cell_1761648451874_912349010008_43111_0000.png,thumbs/cluster_16/038_cell_1761648451874_912349010008_43111_0000.jpg
16,/home/wangqianqian/project/FS/data/28gusui&pizang/03/43/cell_1761648180170_912349010008_19320_0000.png,thumbs/cluster_16/039_cell_1761648180170_912349010008_19320_0000.jpg
16,/home/wangqianqian/project/FS/data/28gusui&pizang/03/57/cell_1761649025009_912349010008_97303_0000.png,thumbs/cluster_16/040_cell_1761649025009_912349010008_97303_0000.jpg
16,/home/wangqianqian/project/FS/data/28gusui&pizang/03/52/cell_1761648729208_912349010008_69399_0000.png,thumbs/cluster_16/041_cell_1761648729208_912349010008_69399_0000.jpg
16,/home/wangqianqian/project/FS/data/28gusui&pizang/03/49/cell_1761648559439_912349010008_52343_0000.png,thumbs/cluster_16/042_cell_1761648559439_912349010008_52343_0000.jpg
16,/home/wangqianqian/project/FS/data/28gusui&pizang/03/59/cell_1761649164274_912349010008_111873_0000.png,thumbs/cluster_16/043_cell_1761649164274_912349010008_111873_0000.jpg
16,/home/wangqianqian/project/FS/data/28gusui&pizang/03/58/cell_1761649092828_912349010008_104405_0000.png,thumbs/cluster_16/044_cell_1761649092828_912349010008_104405_0000.jpg
16,/home/wangqianqian/project/FS/data/28gusui&pizang/03/55/cell_1761648953483_912349010008_90776_0000.png,thumbs/cluster_16/045_cell_1761648953483_912349010008_90776_0000.jpg
16,/home/wangqianqian/project/FS/data/28gusui&pizang/03/40/cell_1761648016611_912349010008_9059_0100.png,thumbs/cluster_16/046_cell_1761648016611_912349010008_9059_0100.jpg
16,/home/wangqianqian/project/FS/data/28gusui&pizang/03/49/cell_1761648543234_912349010008_50892_0000.png,thumbs/cluster_16/047_cell_1761648543234_912349010008_50892_0000.jpg
16,/home/wangqianqian/project/FS/data/28gusui&pizang/03/49/cell_1761648585578_912349010008_54855_0100.png,thumbs/cluster_16/048_cell_1761648585578_912349010008_54855_0100.jpg
16,/home/wangqianqian/project/FS/data/28gusui&pizang/03/38/cell_1761647907814_912349010008_4686_0100.png,thumbs/cluster_16/049_cell_1761647907814_912349010008_4686_0100.jpg
16,/home/wangqianqian/project/FS/data/28gusui&pizang/03/43/cell_1761648228687_912349010008_23149_0100.png,thumbs/cluster_16/050_cell_1761648228687_912349010008_23149_0100.jpg
16,/home/wangqianqian/project/FS/data/28gusui&pizang/03/56/cell_1761648981102_912349010008_93231_0000.png,thumbs/cluster_16/051_cell_1761648981102_912349010008_93231_0000.jpg
16,/home/wangqianqian/project/FS/data/28gusui&pizang/03/42/cell_1761648134794_912349010008_16112_0000.png,thumbs/cluster_16/052_cell_1761648134794_912349010008_16112_0000.jpg
16,/home/wangqianqian/project/FS/data/28gusui&pizang/03/58/cell_1761649090823_912349010008_104147_0100.png,thumbs/cluster_16/053_cell_1761649090823_912349010008_104147_0100.jpg
16,/home/wangqianqian/project/FS/data/28gusui&pizang/03/49/cell_1761648550813_912349010008_51570_0000.png,thumbs/cluster_16/054_cell_1761648550813_912349010008_51570_0000.jpg
16,/home/wangqianqian/project/FS/data/28gusui&pizang/03/55/cell_1761648949244_912349010008_90404_0100.png,thumbs/cluster_16/055_cell_1761648949244_912349010008_90404_0100.jpg
16,/home/wangqianqian/project/FS/data/28gusui&pizang/03/42/cell_1761648144142_912349010008_16799_0000.png,thumbs/cluster_16/056_cell_1761648144142_912349010008_16799_0000.jpg
16,/home/wangqianqian/project/FS/data/28gusui&pizang/03/50/cell_1761648612550_912349010008_57550_0000.png,thumbs/cluster_16/057_cell_1761648612550_912349010008_57550_0000.jpg
16,/home/wangqianqian/project/FS/data/28gusui&pizang/03/58/cell_1761649106570_912349010008_105790_0000.png,thumbs/cluster_16/058_cell_1761649106570_912349010008_105790_0000.jpg
16,/home/wangqianqian/project/FS/data/28gusui&pizang/03/47/cell_1761648465976_912349010008_44314_0100.png,thumbs/cluster_16/059_cell_1761648465976_912349010008_44314_0100.jpg
16,/home/wangqianqian/project/FS/data/28gusui&pizang/03/42/cell_1761648154549_912349010008_17517_0100.png,thumbs/cluster_16/060_cell_1761648154549_912349010008_17517_0100.jpg
16,/home/wangqianqian/project/FS/data/28gusui&pizang/03/57/cell_1761649072794_912349010008_102214_0000.png,thumbs/cluster_16/061_cell_1761649072794_912349010008_102214_0000.jpg
16,/home/wangqianqian/project/FS/data/28gusui&pizang/03/54/cell_1761648878275_912349010008_84297_0100.png,thumbs/cluster_16/062_cell_1761648878275_912349010008_84297_0100.jpg
16,/home/wangqianqian/project/FS/data/28gusui&pizang/03/46/cell_1761648391243_912349010008_37461_0100.png,thumbs/cluster_16/063_cell_1761648391243_912349010008_37461_0100.jpg
16,/home/wangqianqian/project/FS/data/28gusui&pizang/03/42/cell_1761648160125_912349010008_17938_0000.png,thumbs/cluster_16/064_cell_1761648160125_912349010008_17938_0000.jpg
16,/home/wangqianqian/project/FS/data/28gusui&pizang/03/48/cell_1761648480744_912349010008_45608_0100.png,thumbs/cluster_16/065_cell_1761648480744_912349010008_45608_0100.jpg
16,/home/wangqianqian/project/FS/data/28gusui&pizang/03/57/cell_1761649065757_912349010008_101511_0100.png,thumbs/cluster_16/066_cell_1761649065757_912349010008_101511_0100.jpg
16,/home/wangqianqian/project/FS/data/28gusui&pizang/03/59/cell_1761649172105_912349010008_112731_0000.png,thumbs/cluster_16/067_cell_1761649172105_912349010008_112731_0000.jpg
16,/home/wangqianqian/project/FS/data/28gusui&pizang/03/50/cell_1761648643789_912349010008_60680_0100.png,thumbs/cluster_16/068_cell_1761648643789_912349010008_60680_0100.jpg
16,/home/wangqianqian/project/FS/data/28gusui&pizang/03/59/cell_1761649144641_912349010008_109794_0100.png,thumbs/cluster_16/069_cell_1761649144641_912349010008_109794_0100.jpg
16,/home/wangqianqian/project/FS/data/28gusui&pizang/03/53/cell_1761648804603_912349010008_77016_0100.png,thumbs/cluster_16/070_cell_1761648804603_912349010008_77016_0100.jpg
16,/home/wangqianqian/project/FS/data/28gusui&pizang/03/57/cell_1761649062601_912349010008_101169_0000.png,thumbs/cluster_16/071_cell_1761649062601_912349010008_101169_0000.jpg
16,/home/wangqianqian/project/FS/data/28gusui&pizang/03/46/cell_1761648413763_912349010008_39476_0100.png,thumbs/cluster_16/072_cell_1761648413763_912349010008_39476_0100.jpg
16,/home/wangqianqian/project/FS/data/28gusui&pizang/03/57/cell_1761649037996_912349010008_98566_0100.png,thumbs/cluster_16/073_cell_1761649037996_912349010008_98566_0100.jpg
16,/home/wangqianqian/project/FS/data/28gusui&pizang/03/56/cell_1761648969569_912349010008_92176_0000.png,thumbs/cluster_16/074_cell_1761648969569_912349010008_92176_0000.jpg
16,/home/wangqianqian/project/FS/data/28gusui&pizang/03/43/cell_1761648234593_912349010008_23638_0000.png,thumbs/cluster_16/075_cell_1761648234593_912349010008_23638_0000.jpg
16,/home/wangqianqian/project/FS/data/28gusui&pizang/03/45/cell_1761648331675_912349010008_32175_0000.png,thumbs/cluster_16/076_cell_1761648331675_912349010008_32175_0000.jpg
16,/home/wangqianqian/project/FS/data/28gusui&pizang/03/50/cell_1761648650693_912349010008_61421_0000.png,thumbs/cluster_16/077_cell_1761648650693_912349010008_61421_0000.jpg
16,/home/wangqianqian/project/FS/data/28gusui&pizang/03/58/cell_1761649090061_912349010008_104064_0100.png,thumbs/cluster_16/078_cell_1761649090061_912349010008_104064_0100.jpg
16,/home/wangqianqian/project/FS/data/28gusui&pizang/03/53/cell_1761648797823_912349010008_76267_0100.png,thumbs/cluster_16/079_cell_1761648797823_912349010008_76267_0100.jpg
16,/home/wangqianqian/project/FS/data/28gusui&pizang/03/48/cell_1761648493437_912349010008_46698_0100.png,thumbs/cluster_16/080_cell_1761648493437_912349010008_46698_0100.jpg
16,/home/wangqianqian/project/FS/data/28gusui&pizang/03/42/cell_1761648131902_912349010008_15873_0000.png,thumbs/cluster_16/081_cell_1761648131902_912349010008_15873_0000.jpg
16,/home/wangqianqian/project/FS/data/28gusui&pizang/03/57/cell_1761649033947_912349010008_98183_0100.png,thumbs/cluster_16/082_cell_1761649033947_912349010008_98183_0100.jpg
16,/home/wangqianqian/project/FS/data/28gusui&pizang/03/59/cell_1761649178677_912349010008_113380_0000.png,thumbs/cluster_16/083_cell_1761649178677_912349010008_113380_0000.jpg
16,/home/wangqianqian/project/FS/data/28gusui&pizang/03/55/cell_1761648954808_912349010008_90889_0100.png,thumbs/cluster_16/084_cell_1761648954808_912349010008_90889_0100.jpg
16,/home/wangqianqian/project/FS/data/28gusui&pizang/03/55/cell_1761648954761_912349010008_90882_0000.png,thumbs/cluster_16/085_cell_1761648954761_912349010008_90882_0000.jpg
16,/home/wangqianqian/project/FS/data/28gusui&pizang/03/50/cell_1761648624201_912349010008_58700_0000.png,thumbs/cluster_16/086_cell_1761648624201_912349010008_58700_0000.jpg
16,/home/wangqianqian/project/FS/data/28gusui&pizang/03/49/cell_1761648598518_912349010008_56243_0000.png,thumbs/cluster_16/087_cell_1761648598518_912349010008_56243_0000.jpg
16,/home/wangqianqian/project/FS/data/28gusui&pizang/03/49/cell_1761648563811_912349010008_52758_0000.png,thumbs/cluster_16/088_cell_1761648563811_912349010008_52758_0000.jpg
16,/home/wangqianqian/project/FS/data/28gusui&pizang/03/55/cell_1761648944861_912349010008_90063_0100.png,thumbs/cluster_16/089_cell_1761648944861_912349010008_90063_0100.jpg
16,/home/wangqianqian/project/FS/data/28gusui&pizang/03/53/cell_1761648823589_912349010008_78891_0100.png,thumbs/cluster_16/090_cell_1761648823589_912349010008_78891_0100.jpg
16,/home/wangqianqian/project/FS/data/28gusui&pizang/03/49/cell_1761648571577_912349010008_53542_0100.png,thumbs/cluster_16/091_cell_1761648571577_912349010008_53542_0100.jpg
16,/home/wangqianqian/project/FS/data/28gusui&pizang/03/59/cell_1761649161057_912349010008_111575_0100.png,thumbs/cluster_16/092_cell_1761649161057_912349010008_111575_0100.jpg
16,/home/wangqianqian/project/FS/data/28gusui&pizang/03/51/cell_1761648665644_912349010008_62950_0000.png,thumbs/cluster_16/093_cell_1761648665644_912349010008_62950_0000.jpg
16,/home/wangqianqian/project/FS/data/28gusui&pizang/03/39/cell_1761647944320_912349010008_5968_0000.png,thumbs/cluster_16/094_cell_1761647944320_912349010008_5968_0000.jpg
16,/home/wangqianqian/project/FS/data/28gusui&pizang/03/55/cell_1761648940841_912349010008_89715_0100.png,thumbs/cluster_16/095_cell_1761648940841_912349010008_89715_0100.jpg
16,/home/wangqianqian/project/FS/data/28gusui&pizang/03/53/cell_1761648833834_912349010008_79854_0100.png,thumbs/cluster_16/096_cell_1761648833834_912349010008_79854_0100.jpg
16,/home/wangqianqian/project/FS/data/28gusui&pizang/03/47/cell_1761648472435_912349010008_44856_0000.png,thumbs/cluster_16/097_cell_1761648472435_912349010008_44856_0000.jpg
16,/home/wangqianqian/project/FS/data/28gusui&pizang/03/49/cell_1761648550509_912349010008_51547_0100.png,thumbs/cluster_16/098_cell_1761648550509_912349010008_51547_0100.jpg
16,/home/wangqianqian/project/FS/data/28gusui&pizang/03/52/cell_1761648739651_912349010008_70490_0000.png,thumbs/cluster_16/099_cell_1761648739651_912349010008_70490_0000.jpg
17,/home/wangqianqian/project/FS/data/28gusui&pizang/03/49/cell_1761648565296_912349010008_52924_0000.png,thumbs/cluster_17/000_cell_1761648565296_912349010008_52924_0000.jpg
17,/home/wangqianqian/project/FS/data/28gusui&pizang/03/36/cell_1761647785790_912349010008_497_0000.png,thumbs/cluster_17/001_cell_1761647785790_912349010008_497_0000.jpg
17,/home/wangqianqian/project/FS/data/28gusui&pizang/03/57/cell_1761649044764_912349010008_99297_0000.png,thumbs/cluster_17/002_cell_1761649044764_912349010008_99297_0000.jpg
17,/home/wangqianqian/project/FS/data/28gusui&pizang/03/48/cell_1761648534929_912349010008_50146_0100.png,thumbs/cluster_17/003_cell_1761648534929_912349010008_50146_0100.jpg
17,/home/wangqianqian/project/FS/data/28gusui&pizang/03/53/cell_1761648809390_912349010008_77528_0000.png,thumbs/cluster_17/004_cell_1761648809390_912349010008_77528_0000.jpg
17,/home/wangqianqian/project/FS/data/28gusui&pizang/03/36/cell_1761647782395_912349010008_432_0000.png,thumbs/cluster_17/005_cell_1761647782395_912349010008_432_0000.jpg
17,/home/wangqianqian/project/FS/data/28gusui&pizang/03/43/cell_1761648209692_912349010008_21659_0000.png,thumbs/cluster_17/006_cell_1761648209692_912349010008_21659_0000.jpg
17,/home/wangqianqian/project/FS/data/28gusui&pizang/03/42/cell_1761648127362_912349010008_15563_0100.png,thumbs/cluster_17/007_cell_1761648127362_912349010008_15563_0100.jpg
17,/home/wangqianqian/project/FS/data/28gusui&pizang/03/47/cell_1761648430221_912349010008_41036_0100.png,thumbs/cluster_17/008_cell_1761648430221_912349010008_41036_0100.jpg
17,/home/wangqianqian/project/FS/data/28gusui&pizang/03/46/cell_1761648361690_912349010008_34906_0000.png,thumbs/cluster_17/009_cell_1761648361690_912349010008_34906_0000.jpg
17,/home/wangqianqian/project/FS/data/28gusui&pizang/03/45/cell_1761648356542_912349010008_34418_0000.png,thumbs/cluster_17/010_cell_1761648356542_912349010008_34418_0000.jpg
17,/home/wangqianqian/project/FS/data/28gusui&pizang/03/49/cell_1761648588976_912349010008_55172_0000.png,thumbs/cluster_17/011_cell_1761648588976_912349010008_55172_0000.jpg
17,/home/wangqianqian/project/FS/data/28gusui&pizang/03/44/cell_1761648262715_912349010008_26108_0000.png,thumbs/cluster_17/012_cell_1761648262715_912349010008_26108_0000.jpg
17,/home/wangqianqian/project/FS/data/28gusui&pizang/03/54/cell_1761648859838_912349010008_82465_0000.png,thumbs/cluster_17/013_cell_1761648859838_912349010008_82465_0000.jpg
17,/home/wangqianqian/project/FS/data/28gusui&pizang/03/40/cell_1761648053118_912349010008_10879_0000.png,thumbs/cluster_17/014_cell_1761648053118_912349010008_10879_0000.jpg
17,/home/wangqianqian/project/FS/data/28gusui&pizang/03/40/cell_1761648046584_912349010008_10550_0000.png,thumbs/cluster_17/015_cell_1761648046584_912349010008_10550_0000.jpg
17,/home/wangqianqian/project/FS/data/28gusui&pizang/03/58/cell_1761649088110_912349010008_103841_0000.png,thumbs/cluster_17/016_cell_1761649088110_912349010008_103841_0000.jpg
17,/home/wangqianqian/project/FS/data/28gusui&pizang/03/55/cell_1761648949588_912349010008_90447_0000.png,thumbs/cluster_17/017_cell_1761648949588_912349010008_90447_0000.jpg
17,/home/wangqianqian/project/FS/data/28gusui&pizang/03/42/cell_1761648177843_912349010008_19161_0000.png,thumbs/cluster_17/018_cell_1761648177843_912349010008_19161_0000.jpg
17,/home/wangqianqian/project/FS/data/28gusui&pizang/03/51/cell_1761648711984_912349010008_67739_0000.png,thumbs/cluster_17/019_cell_1761648711984_912349010008_67739_0000.jpg
17,/home/wangqianqian/project/FS/data/28gusui&pizang/03/43/cell_1761648223928_912349010008_22740_0100.png,thumbs/cluster_17/020_cell_1761648223928_912349010008_22740_0100.jpg
17,/home/wangqianqian/project/FS/data/28gusui&pizang/03/42/cell_1761648153235_912349010008_17438_0000.png,thumbs/cluster_17/021_cell_1761648153235_912349010008_17438_0000.jpg
17,/home/wangqianqian/project/FS/data/28gusui&pizang/03/59/cell_1761649169592_912349010008_112441_0000.png,thumbs/cluster_17/022_cell_1761649169592_912349010008_112441_0000.jpg
17,/home/wangqianqian/project/FS/data/28gusui&pizang/03/51/cell_1761648704079_912349010008_66847_0000.png,thumbs/cluster_17/023_cell_1761648704079_912349010008_66847_0000.jpg
17,/home/wangqianqian/project/FS/data/28gusui&pizang/03/39/cell_1761647987675_912349010008_7680_0000.png,thumbs/cluster_17/024_cell_1761647987675_912349010008_7680_0000.jpg
17,/home/wangqianqian/project/FS/data/28gusui&pizang/03/45/cell_1761648322632_912349010008_31316_0100.png,thumbs/cluster_17/025_cell_1761648322632_912349010008_31316_0100.jpg
17,/home/wangqianqian/project/FS/data/28gusui&pizang/03/51/cell_1761648701253_912349010008_66568_0000.png,thumbs/cluster_17/026_cell_1761648701253_912349010008_66568_0000.jpg
17,/home/wangqianqian/project/FS/data/28gusui&pizang/03/49/cell_1761648567104_912349010008_53111_0100.png,thumbs/cluster_17/027_cell_1761648567104_912349010008_53111_0100.jpg
17,/home/wangqianqian/project/FS/data/28gusui&pizang/03/52/cell_1761648731530_912349010008_69601_0100.png,thumbs/cluster_17/028_cell_1761648731530_912349010008_69601_0100.jpg
17,/home/wangqianqian/project/FS/data/28gusui&pizang/03/58/cell_1761649117092_912349010008_106946_0000.png,thumbs/cluster_17/029_cell_1761649117092_912349010008_106946_0000.jpg
17,/home/wangqianqian/project/FS/data/28gusui&pizang/03/48/cell_1761648483341_912349010008_45831_0100.png,thumbs/cluster_17/030_cell_1761648483341_912349010008_45831_0100.jpg
17,/home/wangqianqian/project/FS/data/28gusui&pizang/03/53/cell_1761648832531_912349010008_79705_0000.png,thumbs/cluster_17/031_cell_1761648832531_912349010008_79705_0000.jpg
17,/home/wangqianqian/project/FS/data/28gusui&pizang/03/38/cell_1761647929064_912349010008_5318_0000.png,thumbs/cluster_17/032_cell_1761647929064_912349010008_5318_0000.jpg
17,/home/wangqianqian/project/FS/data/28gusui&pizang/03/54/cell_1761648885204_912349010008_84981_0000.png,thumbs/cluster_17/033_cell_1761648885204_912349010008_84981_0000.jpg
17,/home/wangqianqian/project/FS/data/28gusui&pizang/03/43/cell_1761648200140_912349010008_20825_0000.png,thumbs/cluster_17/034_cell_1761648200140_912349010008_20825_0000.jpg
17,/home/wangqianqian/project/FS/data/28gusui&pizang/03/54/cell_1761648877346_912349010008_84215_0100.png,thumbs/cluster_17/035_cell_1761648877346_912349010008_84215_0100.jpg
17,/home/wangqianqian/project/FS/data/28gusui&pizang/03/54/cell_1761648867383_912349010008_83206_0000.png,thumbs/cluster_17/036_cell_1761648867383_912349010008_83206_0000.jpg
17,/home/wangqianqian/project/FS/data/28gusui&pizang/03/39/cell_1761647971491_912349010008_7067_0000.png,thumbs/cluster_17/037_cell_1761647971491_912349010008_7067_0000.jpg
17,/home/wangqianqian/project/FS/data/28gusui&pizang/03/54/cell_1761648861239_912349010008_82624_0000.png,thumbs/cluster_17/038_cell_1761648861239_912349010008_82624_0000.jpg
17,/home/wangqianqian/project/FS/data/28gusui&pizang/03/52/cell_1761648745777_912349010008_71095_0000.png,thumbs/cluster_17/039_cell_1761648745777_912349010008_71095_0000.jpg
17,/home/wangqianqian/project/FS/data/28gusui&pizang/03/43/cell_1761648203339_912349010008_21088_0000.png,thumbs/cluster_17/040_cell_1761648203339_912349010008_21088_0000.jpg
17,/home/wangqianqian/project/FS/data/28gusui&pizang/03/39/cell_1761647940126_912349010008_5797_0000.png,thumbs/cluster_17/041_cell_1761647940126_912349010008_5797_0000.jpg
17,/home/wangqianqian/project/FS/data/28gusui&pizang/03/43/cell_1761648212070_912349010008_21873_0000.png,thumbs/cluster_17/042_cell_1761648212070_912349010008_21873_0000.jpg
17,/home/wangqianqian/project/FS/data/28gusui&pizang/03/49/cell_1761648550752_912349010008_51563_0100.png,thumbs/cluster_17/043_cell_1761648550752_912349010008_51563_0100.jpg
17,/home/wangqianqian/project/FS/data/28gusui&pizang/03/59/cell_1761649143791_912349010008_109711_0100.png,thumbs/cluster_17/044_cell_1761649143791_912349010008_109711_0100.jpg
17,/home/wangqianqian/project/FS/data/28gusui&pizang/03/57/cell_1761649025308_912349010008_97330_0000.png,thumbs/cluster_17/045_cell_1761649025308_912349010008_97330_0000.jpg
17,/home/wangqianqian/project/FS/data/28gusui&pizang/03/59/cell_1761649147338_912349010008_110062_0100.png,thumbs/cluster_17/046_cell_1761649147338_912349010008_110062_0100.jpg
17,/home/wangqianqian/project/FS/data/28gusui&pizang/03/54/cell_1761648854832_912349010008_81935_0000.png,thumbs/cluster_17/047_cell_1761648854832_912349010008_81935_0000.jpg
17,/home/wangqianqian/project/FS/data/28gusui&pizang/03/58/cell_1761649122589_912349010008_107510_0000.png,thumbs/cluster_17/048_cell_1761649122589_912349010008_107510_0000.jpg
17,/home/wangqianqian/project/FS/data/28gusui&pizang/03/47/cell_1761648461536_912349010008_43959_0000.png,thumbs/cluster_17/049_cell_1761648461536_912349010008_43959_0000.jpg
17,/home/wangqianqian/project/FS/data/28gusui&pizang/03/45/cell_1761648355331_912349010008_34325_0000.png,thumbs/cluster_17/050_cell_1761648355331_912349010008_34325_0000.jpg
17,/home/wangqianqian/project/FS/data/28gusui&pizang/03/51/cell_1761648705174_912349010008_66995_0000.png,thumbs/cluster_17/051_cell_1761648705174_912349010008_66995_0000.jpg
17,/home/wangqianqian/project/FS/data/28gusui&pizang/03/56/cell_1761649002782_912349010008_95261_0100.png,thumbs/cluster_17/052_cell_1761649002782_912349010008_95261_0100.jpg
17,/home/wangqianqian/project/FS/data/28gusui&pizang/03/41/cell_1761648106656_912349010008_14202_0000.png,thumbs/cluster_17/053_cell_1761648106656_912349010008_14202_0000.jpg
17,/home/wangqianqian/project/FS/data/28gusui&pizang/03/38/cell_1761647928913_912349010008_5304_0100.png,thumbs/cluster_17/054_cell_1761647928913_912349010008_5304_0100.jpg
17,/home/wangqianqian/project/FS/data/28gusui&pizang/03/44/cell_1761648247452_912349010008_24785_0100.png,thumbs/cluster_17/055_cell_1761648247452_912349010008_24785_0100.jpg
17,/home/wangqianqian/project/FS/data/28gusui&pizang/03/43/cell_1761648233791_912349010008_23572_0100.png,thumbs/cluster_17/056_cell_1761648233791_912349010008_23572_0100.jpg
17,/home/wangqianqian/project/FS/data/28gusui&pizang/03/41/cell_1761648072694_912349010008_12032_0100.png,thumbs/cluster_17/057_cell_1761648072694_912349010008_12032_0100.jpg
17,/home/wangqianqian/project/FS/data/28gusui&pizang/03/44/cell_1761648271882_912349010008_26985_0000.png,thumbs/cluster_17/058_cell_1761648271882_912349010008_26985_0000.jpg
17,/home/wangqianqian/project/FS/data/28gusui&pizang/03/59/cell_1761649151546_912349010008_110485_0000.png,thumbs/cluster_17/059_cell_1761649151546_912349010008_110485_0000.jpg
17,/home/wangqianqian/project/FS/data/28gusui&pizang/03/43/cell_1761648200280_912349010008_20843_0000.png,thumbs/cluster_17/060_cell_1761648200280_912349010008_20843_0000.jpg
17,/home/wangqianqian/project/FS/data/28gusui&pizang/03/55/cell_1761648930605_912349010008_88877_0000.png,thumbs/cluster_17/061_cell_1761648930605_912349010008_88877_0000.jpg
17,/home/wangqianqian/project/FS/data/28gusui&pizang/03/54/cell_1761648856417_912349010008_82073_0100.png,thumbs/cluster_17/062_cell_1761648856417_912349010008_82073_0100.jpg
17,/home/wangqianqian/project/FS/data/28gusui&pizang/03/57/cell_1761649073979_912349010008_102343_0000.png,thumbs/cluster_17/063_cell_1761649073979_912349010008_102343_0000.jpg
17,/home/wangqianqian/project/FS/data/28gusui&pizang/03/58/cell_1761649127700_912349010008_108015_0100.png,thumbs/cluster_17/064_cell_1761649127700_912349010008_108015_0100.jpg
17,/home/wangqianqian/project/FS/data/28gusui&pizang/03/58/cell_1761649092500_912349010008_104374_0100.png,thumbs/cluster_17/065_cell_1761649092500_912349010008_104374_0100.jpg
17,/home/wangqianqian/project/FS/data/28gusui&pizang/03/59/cell_1761649173588_912349010008_112907_0000.png,thumbs/cluster_17/066_cell_1761649173588_912349010008_112907_0000.jpg
17,/home/wangqianqian/project/FS/data/28gusui&pizang/03/49/cell_1761648556786_912349010008_52129_0100.png,thumbs/cluster_17/067_cell_1761648556786_912349010008_52129_0100.jpg
17,/home/wangqianqian/project/FS/data/28gusui&pizang/03/57/cell_1761649042872_912349010008_99091_0000.png,thumbs/cluster_17/068_cell_1761649042872_912349010008_99091_0000.jpg
17,/home/wangqianqian/project/FS/data/28gusui&pizang/03/57/cell_1761649058558_912349010008_100749_0100.png,thumbs/cluster_17/069_cell_1761649058558_912349010008_100749_0100.jpg
17,/home/wangqianqian/project/FS/data/28gusui&pizang/03/58/cell_1761649107510_912349010008_105893_0100.png,thumbs/cluster_17/070_cell_1761649107510_912349010008_105893_0100.jpg
17,/home/wangqianqian/project/FS/data/28gusui&pizang/03/52/cell_1761648767958_912349010008_73179_0000.png,thumbs/cluster_17/071_cell_1761648767958_912349010008_73179_0000.jpg
17,/home/wangqianqian/project/FS/data/28gusui&pizang/03/55/cell_1761648945689_912349010008_90129_0000.png,thumbs/cluster_17/072_cell_1761648945689_912349010008_90129_0000.jpg
17,/home/wangqianqian/project/FS/data/28gusui&pizang/03/42/cell_1761648132046_912349010008_15891_0000.png,thumbs/cluster_17/073_cell_1761648132046_912349010008_15891_0000.jpg
17,/home/wangqianqian/project/FS/data/28gusui&pizang/03/39/cell_1761647958896_912349010008_6545_0000.png,thumbs/cluster_17/074_cell_1761647958896_912349010008_6545_0000.jpg
17,/home/wangqianqian/project/FS/data/28gusui&pizang/03/51/cell_1761648709957_912349010008_67519_0100.png,thumbs/cluster_17/075_cell_1761648709957_912349010008_67519_0100.jpg
17,/home/wangqianqian/project/FS/data/28gusui&pizang/03/49/cell_1761648575568_912349010008_53940_0000.png,thumbs/cluster_17/076_cell_1761648575568_912349010008_53940_0000.jpg
17,/home/wangqianqian/project/FS/data/28gusui&pizang/03/50/cell_1761648634027_912349010008_59685_0100.png,thumbs/cluster_17/077_cell_1761648634027_912349010008_59685_0100.jpg
17,/home/wangqianqian/project/FS/data/28gusui&pizang/03/58/cell_1761649129019_912349010008_108175_0000.png,thumbs/cluster_17/078_cell_1761649129019_912349010008_108175_0000.jpg
17,/home/wangqianqian/project/FS/data/28gusui&pizang/03/50/cell_1761648640968_912349010008_60409_0100.png,thumbs/cluster_17/079_cell_1761648640968_912349010008_60409_0100.jpg
17,/home/wangqianqian/project/FS/data/28gusui&pizang/03/55/cell_1761648902232_912349010008_86474_0100.png,thumbs/cluster_17/080_cell_1761648902232_912349010008_86474_0100.jpg
17,/home/wangqianqian/project/FS/data/28gusui&pizang/03/57/cell_1761649040359_912349010008_98804_0000.png,thumbs/cluster_17/081_cell_1761649040359_912349010008_98804_0000.jpg
17,/home/wangqianqian/project/FS/data/28gusui&pizang/03/46/cell_1761648379601_912349010008_36479_0100.png,thumbs/cluster_17/082_cell_1761648379601_912349010008_36479_0100.jpg
17,/home/wangqianqian/project/FS/data/28gusui&pizang/03/41/cell_1761648094381_912349010008_13506_0100.png,thumbs/cluster_17/083_cell_1761648094381_912349010008_13506_0100.jpg
17,/home/wangqianqian/project/FS/data/28gusui&pizang/03/59/cell_1761649158106_912349010008_111206_0000.png,thumbs/cluster_17/084_cell_1761649158106_912349010008_111206_0000.jpg
17,/home/wangqianqian/project/FS/data/28gusui&pizang/03/45/cell_1761648309237_912349010008_30258_0000.png,thumbs/cluster_17/085_cell_1761648309237_912349010008_30258_0000.jpg
17,/home/wangqianqian/project/FS/data/28gusui&pizang/03/49/cell_1761648593998_912349010008_55719_0000.png,thumbs/cluster_17/086_cell_1761648593998_912349010008_55719_0000.jpg
17,/home/wangqianqian/project/FS/data/28gusui&pizang/03/58/cell_1761649108256_912349010008_105977_0000.png,thumbs/cluster_17/087_cell_1761649108256_912349010008_105977_0000.jpg
17,/home/wangqianqian/project/FS/data/28gusui&pizang/03/53/cell_1761648787593_912349010008_75085_0000.png,thumbs/cluster_17/088_cell_1761648787593_912349010008_75085_0000.jpg
17,/home/wangqianqian/project/FS/data/28gusui&pizang/03/53/cell_1761648821871_912349010008_78722_0100.png,thumbs/cluster_17/089_cell_1761648821871_912349010008_78722_0100.jpg
17,/home/wangqianqian/project/FS/data/28gusui&pizang/03/53/cell_1761648831749_912349010008_79638_0000.png,thumbs/cluster_17/090_cell_1761648831749_912349010008_79638_0000.jpg
17,/home/wangqianqian/project/FS/data/28gusui&pizang/03/47/cell_1761648428465_912349010008_40880_0000.png,thumbs/cluster_17/091_cell_1761648428465_912349010008_40880_0000.jpg
17,/home/wangqianqian/project/FS/data/28gusui&pizang/03/54/cell_1761648870173_912349010008_83477_0100.png,thumbs/cluster_17/092_cell_1761648870173_912349010008_83477_0100.jpg
17,/home/wangqianqian/project/FS/data/28gusui&pizang/03/58/cell_1761649107222_912349010008_105861_0000.png,thumbs/cluster_17/093_cell_1761649107222_912349010008_105861_0000.jpg
17,/home/wangqianqian/project/FS/data/28gusui&pizang/03/55/cell_1761648924523_912349010008_88271_0100.png,thumbs/cluster_17/094_cell_1761648924523_912349010008_88271_0100.jpg
17,/home/wangqianqian/project/FS/data/28gusui&pizang/03/42/cell_1761648121971_912349010008_15179_0000.png,thumbs/cluster_17/095_cell_1761648121971_912349010008_15179_0000.jpg
17,/home/wangqianqian/project/FS/data/28gusui&pizang/03/38/cell_1761647918843_912349010008_5007_0100.png,thumbs/cluster_17/096_cell_1761647918843_912349010008_5007_0100.jpg
17,/home/wangqianqian/project/FS/data/28gusui&pizang/03/49/cell_1761648540826_912349010008_50646_0100.png,thumbs/cluster_17/097_cell_1761648540826_912349010008_50646_0100.jpg
17,/home/wangqianqian/project/FS/data/28gusui&pizang/03/51/cell_1761648670770_912349010008_63433_0000.png,thumbs/cluster_17/098_cell_1761648670770_912349010008_63433_0000.jpg
17,/home/wangqianqian/project/FS/data/28gusui&pizang/03/53/cell_1761648788288_912349010008_75191_0000.png,thumbs/cluster_17/099_cell_1761648788288_912349010008_75191_0000.jpg
18,/home/wangqianqian/project/FS/data/28gusui&pizang/03/52/cell_1761648743019_912349010008_70814_0000.png,thumbs/cluster_18/000_cell_1761648743019_912349010008_70814_0000.jpg
18,/home/wangqianqian/project/FS/data/28gusui&pizang/03/52/cell_1761648731413_912349010008_69592_0000.png,thumbs/cluster_18/001_cell_1761648731413_912349010008_69592_0000.jpg
18,/home/wangqianqian/project/FS/data/28gusui&pizang/03/44/cell_1761648251710_912349010008_25164_0100.png,thumbs/cluster_18/002_cell_1761648251710_912349010008_25164_0100.jpg
18,/home/wangqianqian/project/FS/data/28gusui&pizang/03/55/cell_1761648908860_912349010008_87013_0000.png,thumbs/cluster_18/003_cell_1761648908860_912349010008_87013_0000.jpg
18,/home/wangqianqian/project/FS/data/28gusui&pizang/03/51/cell_1761648666353_912349010008_63019_0000.png,thumbs/cluster_18/004_cell_1761648666353_912349010008_63019_0000.jpg
18,/home/wangqianqian/project/FS/data/28gusui&pizang/03/39/cell_1761647993437_912349010008_7934_0100.png,thumbs/cluster_18/005_cell_1761647993437_912349010008_7934_0100.jpg
18,/home/wangqianqian/project/FS/data/28gusui&pizang/03/55/cell_1761648905830_912349010008_86780_0000.png,thumbs/cluster_18/006_cell_1761648905830_912349010008_86780_0000.jpg
18,/home/wangqianqian/project/FS/data/28gusui&pizang/03/56/cell_1761649019485_912349010008_96760_0100.png,thumbs/cluster_18/007_cell_1761649019485_912349010008_96760_0100.jpg
18,/home/wangqianqian/project/FS/data/28gusui&pizang/03/55/cell_1761648954840_912349010008_90893_0000.png,thumbs/cluster_18/008_cell_1761648954840_912349010008_90893_0000.jpg
18,/home/wangqianqian/project/FS/data/28gusui&pizang/03/54/cell_1761648879709_912349010008_84440_0100.png,thumbs/cluster_18/009_cell_1761648879709_912349010008_84440_0100.jpg
18,/home/wangqianqian/project/FS/data/28gusui&pizang/03/57/cell_1761649072728_912349010008_102201_0000.png,thumbs/cluster_18/010_cell_1761649072728_912349010008_102201_0000.jpg
18,/home/wangqianqian/project/FS/data/28gusui&pizang/03/46/cell_1761648361582_912349010008_34888_0100.png,thumbs/cluster_18/011_cell_1761648361582_912349010008_34888_0100.jpg
18,/home/wangqianqian/project/FS/data/28gusui&pizang/03/54/cell_1761648868417_912349010008_83315_0100.png,thumbs/cluster_18/012_cell_1761648868417_912349010008_83315_0100.jpg
18,/home/wangqianqian/project/FS/data/28gusui&pizang/03/56/cell_1761648972535_912349010008_92470_0000.png,thumbs/cluster_18/013_cell_1761648972535_912349010008_92470_0000.jpg
18,/home/wangqianqian/project/FS/data/28gusui&pizang/03/42/cell_1761648132032_912349010008_15886_0100.png,thumbs/cluster_18/014_cell_1761648132032_912349010008_15886_0100.jpg
18,/home/wangqianqian/project/FS/data/28gusui&pizang/03/58/cell_1761649081909_912349010008_103160_0100.png,thumbs/cluster_18/015_cell_1761649081909_912349010008_103160_0100.jpg
18,/home/wangqianqian/project/FS/data/28gusui&pizang/03/50/cell_1761648645706_912349010008_60934_0000.png,thumbs/cluster_18/016_cell_1761648645706_912349010008_60934_0000.jpg
18,/home/wangqianqian/project/FS/data/28gusui&pizang/03/57/cell_1761649033242_912349010008_98101_0000.png,thumbs/cluster_18/017_cell_1761649033242_912349010008_98101_0000.jpg
18,/home/wangqianqian/project/FS/data/28gusui&pizang/03/54/cell_1761648850342_912349010008_81474_0000.png,thumbs/cluster_18/018_cell_1761648850342_912349010008_81474_0000.jpg
18,/home/wangqianqian/project/FS/data/28gusui&pizang/03/52/cell_1761648749667_912349010008_71444_0100.png,thumbs/cluster_18/019_cell_1761648749667_912349010008_71444_0100.jpg
18,/home/wangqianqian/project/FS/data/28gusui&pizang/03/47/cell_1761648460668_912349010008_43865_0000.png,thumbs/cluster_18/020_cell_1761648460668_912349010008_43865_0000.jpg
18,/home/wangqianqian/project/FS/data/28gusui&pizang/03/59/cell_1761649160437_912349010008_111508_0100.png,thumbs/cluster_18/021_cell_1761649160437_912349010008_111508_0100.jpg
18,/home/wangqianqian/project/FS/data/28gusui&pizang/03/41/cell_1761648115210_912349010008_14713_0100.png,thumbs/cluster_18/022_cell_1761648115210_912349010008_14713_0100.jpg
18,/home/wangqianqian/project/FS/data/28gusui&pizang/03/59/cell_1761649176554_912349010008_113190_0000.png,thumbs/cluster_18/023_cell_1761649176554_912349010008_113190_0000.jpg
18,/home/wangqianqian/project/FS/data/28gusui&pizang/03/42/cell_1761648150734_912349010008_17255_0100.png,thumbs/cluster_18/024_cell_1761648150734_912349010008_17255_0100.jpg
18,/home/wangqianqian/project/FS/data/28gusui&pizang/03/43/cell_1761648219713_912349010008_22429_0000.png,thumbs/cluster_18/025_cell_1761648219713_912349010008_22429_0000.jpg
18,/home/wangqianqian/project/FS/data/28gusui&pizang/03/54/cell_1761648855911_912349010008_82022_0100.png,thumbs/cluster_18/026_cell_1761648855911_912349010008_82022_0100.jpg
18,/home/wangqianqian/project/FS/data/28gusui&pizang/03/53/cell_1761648833765_912349010008_79836_0100.png,thumbs/cluster_18/027_cell_1761648833765_912349010008_79836_0100.jpg
18,/home/wangqianqian/project/FS/data/28gusui&pizang/03/59/cell_1761649148284_912349010008_110152_0100.png,thumbs/cluster_18/028_cell_1761649148284_912349010008_110152_0100.jpg
18,/home/wangqianqian/project/FS/data/28gusui&pizang/03/59/cell_1761649155854_912349010008_110971_0000.png,thumbs/cluster_18/029_cell_1761649155854_912349010008_110971_0000.jpg
18,/home/wangqianqian/project/FS/data/28gusui&pizang/03/38/cell_1761647926596_912349010008_5217_0000.png,thumbs/cluster_18/030_cell_1761647926596_912349010008_5217_0000.jpg
18,/home/wangqianqian/project/FS/data/28gusui&pizang/03/46/cell_1761648416890_912349010008_39776_0100.png,thumbs/cluster_18/031_cell_1761648416890_912349010008_39776_0100.jpg
18,/home/wangqianqian/project/FS/data/28gusui&pizang/03/39/cell_1761647949746_912349010008_6187_0000.png,thumbs/cluster_18/032_cell_1761647949746_912349010008_6187_0000.jpg
18,/home/wangqianqian/project/FS/data/28gusui&pizang/03/47/cell_1761648420617_912349010008_40135_0100.png,thumbs/cluster_18/033_cell_1761648420617_912349010008_40135_0100.jpg
18,/home/wangqianqian/project/FS/data/28gusui&pizang/03/49/cell_1761648571862_912349010008_53574_0000.png,thumbs/cluster_18/034_cell_1761648571862_912349010008_53574_0000.jpg
18,/home/wangqianqian/project/FS/data/28gusui&pizang/03/56/cell_1761648992792_912349010008_94297_0100.png,thumbs/cluster_18/035_cell_1761648992792_912349010008_94297_0100.jpg
18,/home/wangqianqian/project/FS/data/28gusui&pizang/03/49/cell_1761648542220_912349010008_50771_0000.png,thumbs/cluster_18/036_cell_1761648542220_912349010008_50771_0000.jpg
18,/home/wangqianqian/project/FS/data/28gusui&pizang/03/46/cell_1761648392474_912349010008_37552_0100.png,thumbs/cluster_18/037_cell_1761648392474_912349010008_37552_0100.jpg
18,/home/wangqianqian/project/FS/data/28gusui&pizang/03/46/cell_1761648391350_912349010008_37466_0000.png,thumbs/cluster_18/038_cell_1761648391350_912349010008_37466_0000.jpg
18,/home/wangqianqian/project/FS/data/28gusui&pizang/03/51/cell_1761648691843_912349010008_65560_0100.png,thumbs/cluster_18/039_cell_1761648691843_912349010008_65560_0100.jpg
18,/home/wangqianqian/project/FS/data/28gusui&pizang/03/51/cell_1761648664905_912349010008_62886_0100.png,thumbs/cluster_18/040_cell_1761648664905_912349010008_62886_0100.jpg
18,/home/wangqianqian/project/FS/data/28gusui&pizang/03/50/cell_1761648618941_912349010008_58218_0100.png,thumbs/cluster_18/041_cell_1761648618941_912349010008_58218_0100.jpg
18,/home/wangqianqian/project/FS/data/28gusui&pizang/03/39/cell_1761647989595_912349010008_7758_0000.png,thumbs/cluster_18/042_cell_1761647989595_912349010008_7758_0000.jpg
18,/home/wangqianqian/project/FS/data/28gusui&pizang/03/46/cell_1761648375280_912349010008_36069_0100.png,thumbs/cluster_18/043_cell_1761648375280_912349010008_36069_0100.jpg
18,/home/wangqianqian/project/FS/data/28gusui&pizang/03/55/cell_1761648901928_912349010008_86451_0100.png,thumbs/cluster_18/044_cell_1761648901928_912349010008_86451_0100.jpg
18,/home/wangqianqian/project/FS/data/28gusui&pizang/03/57/cell_1761649061064_912349010008_101031_0100.png,thumbs/cluster_18/045_cell_1761649061064_912349010008_101031_0100.jpg
18,/home/wangqianqian/project/FS/data/28gusui&pizang/03/57/cell_1761649041523_912349010008_98947_0100.png,thumbs/cluster_18/046_cell_1761649041523_912349010008_98947_0100.jpg
18,/home/wangqianqian/project/FS/data/28gusui&pizang/03/42/cell_1761648133507_912349010008_16021_0100.png,thumbs/cluster_18/047_cell_1761648133507_912349010008_16021_0100.jpg
18,/home/wangqianqian/project/FS/data/28gusui&pizang/03/43/cell_1761648230528_912349010008_23310_0100.png,thumbs/cluster_18/048_cell_1761648230528_912349010008_23310_0100.jpg
18,/home/wangqianqian/project/FS/data/28gusui&pizang/03/50/cell_1761648651518_912349010008_61529_0100.png,thumbs/cluster_18/049_cell_1761648651518_912349010008_61529_0100.jpg
18,/home/wangqianqian/project/FS/data/28gusui&pizang/03/49/cell_1761648567661_912349010008_53162_0000.png,thumbs/cluster_18/050_cell_1761648567661_912349010008_53162_0000.jpg
18,/home/wangqianqian/project/FS/data/28gusui&pizang/03/58/cell_1761649085573_912349010008_103530_0000.png,thumbs/cluster_18/051_cell_1761649085573_912349010008_103530_0000.jpg
18,/home/wangqianqian/project/FS/data/28gusui&pizang/03/54/cell_1761648864562_912349010008_82918_0000.png,thumbs/cluster_18/052_cell_1761648864562_912349010008_82918_0000.jpg
18,/home/wangqianqian/project/FS/data/28gusui&pizang/03/54/cell_1761648857163_912349010008_82150_0100.png,thumbs/cluster_18/053_cell_1761648857163_912349010008_82150_0100.jpg
18,/home/wangqianqian/project/FS/data/28gusui&pizang/03/53/cell_1761648835765_912349010008_80023_0100.png,thumbs/cluster_18/054_cell_1761648835765_912349010008_80023_0100.jpg
18,/home/wangqianqian/project/FS/data/28gusui&pizang/03/46/cell_1761648393013_912349010008_37598_0100.png,thumbs/cluster_18/055_cell_1761648393013_912349010008_37598_0100.jpg
18,/home/wangqianqian/project/FS/data/28gusui&pizang/03/56/cell_1761648968093_912349010008_92047_0000.png,thumbs/cluster_18/056_cell_1761648968093_912349010008_92047_0000.jpg
18,/home/wangqianqian/project/FS/data/28gusui&pizang/03/57/cell_1761649043245_912349010008_99141_0100.png,thumbs/cluster_18/057_cell_1761649043245_912349010008_99141_0100.jpg
18,/home/wangqianqian/project/FS/data/28gusui&pizang/03/53/cell_1761648793290_912349010008_75745_0000.png,thumbs/cluster_18/058_cell_1761648793290_912349010008_75745_0000.jpg
18,/home/wangqianqian/project/FS/data/28gusui&pizang/03/56/cell_1761648999406_912349010008_94943_0000.png,thumbs/cluster_18/059_cell_1761648999406_912349010008_94943_0000.jpg
18,/home/wangqianqian/project/FS/data/28gusui&pizang/03/53/cell_1761648788736_912349010008_75241_0100.png,thumbs/cluster_18/060_cell_1761648788736_912349010008_75241_0100.jpg
18,/home/wangqianqian/project/FS/data/28gusui&pizang/03/54/cell_1761648848510_912349010008_81299_0000.png,thumbs/cluster_18/061_cell_1761648848510_912349010008_81299_0000.jpg
18,/home/wangqianqian/project/FS/data/28gusui&pizang/03/42/cell_1761648128395_912349010008_15627_0100.png,thumbs/cluster_18/062_cell_1761648128395_912349010008_15627_0100.jpg
18,/home/wangqianqian/project/FS/data/28gusui&pizang/03/41/cell_1761648066385_912349010008_11658_0100.png,thumbs/cluster_18/063_cell_1761648066385_912349010008_11658_0100.jpg
18,/home/wangqianqian/project/FS/data/28gusui&pizang/03/52/cell_1761648758981_912349010008_72357_0100.png,thumbs/cluster_18/064_cell_1761648758981_912349010008_72357_0100.jpg
18,/home/wangqianqian/project/FS/data/28gusui&pizang/03/43/cell_1761648184992_912349010008_19689_0100.png,thumbs/cluster_18/065_cell_1761648184992_912349010008_19689_0100.jpg
18,/home/wangqianqian/project/FS/data/28gusui&pizang/03/59/cell_1761649171244_912349010008_112645_0100.png,thumbs/cluster_18/066_cell_1761649171244_912349010008_112645_0100.jpg
18,/home/wangqianqian/project/FS/data/28gusui&pizang/03/57/cell_1761649052129_912349010008_100067_0000.png,thumbs/cluster_18/067_cell_1761649052129_912349010008_100067_0000.jpg
18,/home/wangqianqian/project/FS/data/28gusui&pizang/03/56/cell_1761648995387_912349010008_94528_0000.png,thumbs/cluster_18/068_cell_1761648995387_912349010008_94528_0000.jpg
18,/home/wangqianqian/project/FS/data/28gusui&pizang/03/57/cell_1761649063341_912349010008_101250_0000.png,thumbs/cluster_18/069_cell_1761649063341_912349010008_101250_0000.jpg
18,/home/wangqianqian/project/FS/data/28gusui&pizang/03/51/cell_1761648714449_912349010008_68020_0100.png,thumbs/cluster_18/070_cell_1761648714449_912349010008_68020_0100.jpg
18,/home/wangqianqian/project/FS/data/28gusui&pizang/03/45/cell_1761648323015_912349010008_31358_0100.png,thumbs/cluster_18/071_cell_1761648323015_912349010008_31358_0100.jpg
18,/home/wangqianqian/project/FS/data/28gusui&pizang/03/53/cell_1761648783296_912349010008_74629_0000.png,thumbs/cluster_18/072_cell_1761648783296_912349010008_74629_0000.jpg
18,/home/wangqianqian/project/FS/data/28gusui&pizang/03/57/cell_1761649059104_912349010008_100826_0100.png,thumbs/cluster_18/073_cell_1761649059104_912349010008_100826_0100.jpg
18,/home/wangqianqian/project/FS/data/28gusui&pizang/03/43/cell_1761648194438_912349010008_20404_0100.png,thumbs/cluster_18/074_cell_1761648194438_912349010008_20404_0100.jpg
18,/home/wangqianqian/project/FS/data/28gusui&pizang/03/53/cell_1761648839924_912349010008_80408_0100.png,thumbs/cluster_18/075_cell_1761648839924_912349010008_80408_0100.jpg
18,/home/wangqianqian/project/FS/data/28gusui&pizang/03/59/cell_1761649155279_912349010008_110911_0000.png,thumbs/cluster_18/076_cell_1761649155279_912349010008_110911_0000.jpg
18,/home/wangqianqian/project/FS/data/28gusui&pizang/03/56/cell_1761648985260_912349010008_93589_0100.png,thumbs/cluster_18/077_cell_1761648985260_912349010008_93589_0100.jpg
18,/home/wangqianqian/project/FS/data/28gusui&pizang/03/47/cell_1761648471328_912349010008_44759_0100.png,thumbs/cluster_18/078_cell_1761648471328_912349010008_44759_0100.jpg
18,/home/wangqianqian/project/FS/data/28gusui&pizang/03/51/cell_1761648686080_912349010008_64969_0000.png,thumbs/cluster_18/079_cell_1761648686080_912349010008_64969_0000.jpg
18,/home/wangqianqian/project/FS/data/28gusui&pizang/03/58/cell_1761649139322_912349010008_109217_0000.png,thumbs/cluster_18/080_cell_1761649139322_912349010008_109217_0000.jpg
18,/home/wangqianqian/project/FS/data/28gusui&pizang/03/47/cell_1761648428733_912349010008_40902_0000.png,thumbs/cluster_18/081_cell_1761648428733_912349010008_40902_0000.jpg
18,/home/wangqianqian/project/FS/data/28gusui&pizang/03/58/cell_1761649127660_912349010008_108009_0100.png,thumbs/cluster_18/082_cell_1761649127660_912349010008_108009_0100.jpg
18,/home/wangqianqian/project/FS/data/28gusui&pizang/03/52/cell_1761648757305_912349010008_72198_0100.png,thumbs/cluster_18/083_cell_1761648757305_912349010008_72198_0100.jpg
18,/home/wangqianqian/project/FS/data/28gusui&pizang/03/57/cell_1761649044346_912349010008_99259_0100.png,thumbs/cluster_18/084_cell_1761649044346_912349010008_99259_0100.jpg
18,/home/wangqianqian/project/FS/data/28gusui&pizang/03/40/cell_1761648052242_912349010008_10849_0000.png,thumbs/cluster_18/085_cell_1761648052242_912349010008_10849_0000.jpg
18,/home/wangqianqian/project/FS/data/28gusui&pizang/03/55/cell_1761648908933_912349010008_87023_0100.png,thumbs/cluster_18/086_cell_1761648908933_912349010008_87023_0100.jpg
18,/home/wangqianqian/project/FS/data/28gusui&pizang/03/39/cell_1761647957864_912349010008_6498_0100.png,thumbs/cluster_18/087_cell_1761647957864_912349010008_6498_0100.jpg
18,/home/wangqianqian/project/FS/data/28gusui&pizang/03/42/cell_1761648143956_912349010008_16770_0000.png,thumbs/cluster_18/088_cell_1761648143956_912349010008_16770_0000.jpg
18,/home/wangqianqian/project/FS/data/28gusui&pizang/03/49/cell_1761648595352_912349010008_55895_0000.png,thumbs/cluster_18/089_cell_1761648595352_912349010008_55895_0000.jpg
18,/home/wangqianqian/project/FS/data/28gusui&pizang/03/47/cell_1761648432538_912349010008_41266_0100.png,thumbs/cluster_18/090_cell_1761648432538_912349010008_41266_0100.jpg
18,/home/wangqianqian/project/FS/data/28gusui&pizang/03/53/cell_1761648836727_912349010008_80107_0100.png,thumbs/cluster_18/091_cell_1761648836727_912349010008_80107_0100.jpg
18,/home/wangqianqian/project/FS/data/28gusui&pizang/03/52/cell_1761648763019_912349010008_72731_0100.png,thumbs/cluster_18/092_cell_1761648763019_912349010008_72731_0100.jpg
18,/home/wangqianqian/project/FS/data/28gusui&pizang/03/48/cell_1761648488279_912349010008_46256_0100.png,thumbs/cluster_18/093_cell_1761648488279_912349010008_46256_0100.jpg
18,/home/wangqianqian/project/FS/data/28gusui&pizang/03/55/cell_1761648952335_912349010008_90680_0100.png,thumbs/cluster_18/094_cell_1761648952335_912349010008_90680_0100.jpg
18,/home/wangqianqian/project/FS/data/28gusui&pizang/03/49/cell_1761648580577_912349010008_54415_0000.png,thumbs/cluster_18/095_cell_1761648580577_912349010008_54415_0000.jpg
18,/home/wangqianqian/project/FS/data/28gusui&pizang/03/52/cell_1761648773274_912349010008_73669_0000.png,thumbs/cluster_18/096_cell_1761648773274_912349010008_73669_0000.jpg
18,/home/wangqianqian/project/FS/data/28gusui&pizang/03/41/cell_1761648090413_912349010008_13228_0100.png,thumbs/cluster_18/097_cell_1761648090413_912349010008_13228_0100.jpg
18,/home/wangqianqian/project/FS/data/28gusui&pizang/03/46/cell_1761648394514_912349010008_37756_0000.png,thumbs/cluster_18/098_cell_1761648394514_912349010008_37756_0000.jpg
18,/home/wangqianqian/project/FS/data/28gusui&pizang/03/59/cell_1761649145208_912349010008_109850_0100.png,thumbs/cluster_18/099_cell_1761649145208_912349010008_109850_0100.jpg
19,/home/wangqianqian/project/FS/data/28gusui&pizang/03/44/cell_1761648298996_912349010008_29410_0000.png,thumbs/cluster_19/000_cell_1761648298996_912349010008_29410_0000.jpg
19,/home/wangqianqian/project/FS/data/28gusui&pizang/03/45/cell_1761648344988_912349010008_33367_0000.png,thumbs/cluster_19/001_cell_1761648344988_912349010008_33367_0000.jpg
19,/home/wangqianqian/project/FS/data/28gusui&pizang/03/59/cell_1761649171345_912349010008_112661_0000.png,thumbs/cluster_19/002_cell_1761649171345_912349010008_112661_0000.jpg
19,/home/wangqianqian/project/FS/data/28gusui&pizang/03/41/cell_1761648060991_912349010008_11323_0000.png,thumbs/cluster_19/003_cell_1761648060991_912349010008_11323_0000.jpg
19,/home/wangqianqian/project/FS/data/28gusui&pizang/03/57/cell_1761649073586_912349010008_102289_0000.png,thumbs/cluster_19/004_cell_1761649073586_912349010008_102289_0000.jpg
19,/home/wangqianqian/project/FS/data/28gusui&pizang/03/41/cell_1761648083226_912349010008_12756_0000.png,thumbs/cluster_19/005_cell_1761648083226_912349010008_12756_0000.jpg
19,/home/wangqianqian/project/FS/data/28gusui&pizang/03/44/cell_1761648293276_912349010008_28952_0000.png,thumbs/cluster_19/006_cell_1761648293276_912349010008_28952_0000.jpg
19,/home/wangqianqian/project/FS/data/28gusui&pizang/03/45/cell_1761648339586_912349010008_32853_0000.png,thumbs/cluster_19/007_cell_1761648339586_912349010008_32853_0000.jpg
19,/home/wangqianqian/project/FS/data/28gusui&pizang/03/53/cell_1761648792513_912349010008_75655_0000.png,thumbs/cluster_19/008_cell_1761648792513_912349010008_75655_0000.jpg
19,/home/wangqianqian/project/FS/data/28gusui&pizang/03/54/cell_1761648868408_912349010008_83312_0000.png,thumbs/cluster_19/009_cell_1761648868408_912349010008_83312_0000.jpg
19,/home/wangqianqian/project/FS/data/28gusui&pizang/03/43/cell_1761648209150_912349010008_21609_0100.png,thumbs/cluster_19/010_cell_1761648209150_912349010008_21609_0100.jpg
19,/home/wangqianqian/project/FS/data/28gusui&pizang/03/43/cell_1761648225350_912349010008_22859_0100.png,thumbs/cluster_19/011_cell_1761648225350_912349010008_22859_0100.jpg
19,/home/wangqianqian/project/FS/data/28gusui&pizang/03/48/cell_1761648523148_912349010008_49079_0100.png,thumbs/cluster_19/012_cell_1761648523148_912349010008_49079_0100.jpg
19,/home/wangqianqian/project/FS/data/28gusui&pizang/03/58/cell_1761649133674_912349010008_108636_0000.png,thumbs/cluster_19/013_cell_1761649133674_912349010008_108636_0000.jpg
19,/home/wangqianqian/project/FS/data/28gusui&pizang/03/45/cell_1761648307229_912349010008_30083_0000.png,thumbs/cluster_19/014_cell_1761648307229_912349010008_30083_0000.jpg
19,/home/wangqianqian/project/FS/data/28gusui&pizang/03/44/cell_1761648257181_912349010008_25632_0100.png,thumbs/cluster_19/015_cell_1761648257181_912349010008_25632_0100.jpg
19,/home/wangqianqian/project/FS/data/28gusui&pizang/03/53/cell_1761648784967_912349010008_74804_0000.png,thumbs/cluster_19/016_cell_1761648784967_912349010008_74804_0000.jpg
19,/home/wangqianqian/project/FS/data/28gusui&pizang/03/56/cell_1761648996768_912349010008_94702_0000.png,thumbs/cluster_19/017_cell_1761648996768_912349010008_94702_0000.jpg
19,/home/wangqianqian/project/FS/data/28gusui&pizang/03/48/cell_1761648480636_912349010008_45599_0100.png,thumbs/cluster_19/018_cell_1761648480636_912349010008_45599_0100.jpg
19,/home/wangqianqian/project/FS/data/28gusui&pizang/03/42/cell_1761648144393_912349010008_16826_0000.png,thumbs/cluster_19/019_cell_1761648144393_912349010008_16826_0000.jpg
19,/home/wangqianqian/project/FS/data/28gusui&pizang/03/40/cell_1761648048273_912349010008_10635_0100.png,thumbs/cluster_19/020_cell_1761648048273_912349010008_10635_0100.jpg
19,/home/wangqianqian/project/FS/data/28gusui&pizang/03/47/cell_1761648447477_912349010008_42727_0000.png,thumbs/cluster_19/021_cell_1761648447477_912349010008_42727_0000.jpg
19,/home/wangqianqian/project/FS/data/28gusui&pizang/03/38/cell_1761647908192_912349010008_4696_0000.png,thumbs/cluster_19/022_cell_1761647908192_912349010008_4696_0000.jpg
19,/home/wangqianqian/project/FS/data/28gusui&pizang/03/52/cell_1761648764201_912349010008_72836_0100.png,thumbs/cluster_19/023_cell_1761648764201_912349010008_72836_0100.jpg
19,/home/wangqianqian/project/FS/data/28gusui&pizang/03/48/cell_1761648493516_912349010008_46703_0100.png,thumbs/cluster_19/024_cell_1761648493516_912349010008_46703_0100.jpg
19,/home/wangqianqian/project/FS/data/28gusui&pizang/03/58/cell_1761649109306_912349010008_106093_0100.png,thumbs/cluster_19/025_cell_1761649109306_912349010008_106093_0100.jpg
19,/home/wangqianqian/project/FS/data/28gusui&pizang/03/58/cell_1761649117631_912349010008_107004_0000.png,thumbs/cluster_19/026_cell_1761649117631_912349010008_107004_0000.jpg
19,/home/wangqianqian/project/FS/data/28gusui&pizang/03/41/cell_1761648091385_912349010008_13301_0000.png,thumbs/cluster_19/027_cell_1761648091385_912349010008_13301_0000.jpg
19,/home/wangqianqian/project/FS/data/28gusui&pizang/03/38/cell_1761647922444_912349010008_5110_0000.png,thumbs/cluster_19/028_cell_1761647922444_912349010008_5110_0000.jpg
19,/home/wangqianqian/project/FS/data/28gusui&pizang/03/46/cell_1761648399070_912349010008_38154_0100.png,thumbs/cluster_19/029_cell_1761648399070_912349010008_38154_0100.jpg
19,/home/wangqianqian/project/FS/data/28gusui&pizang/03/50/cell_1761648613192_912349010008_57616_0000.png,thumbs/cluster_19/030_cell_1761648613192_912349010008_57616_0000.jpg
19,/home/wangqianqian/project/FS/data/28gusui&pizang/03/54/cell_1761648891329_912349010008_85585_0000.png,thumbs/cluster_19/031_cell_1761648891329_912349010008_85585_0000.jpg
19,/home/wangqianqian/project/FS/data/28gusui&pizang/03/55/cell_1761648928255_912349010008_88656_0100.png,thumbs/cluster_19/032_cell_1761648928255_912349010008_88656_0100.jpg
19,/home/wangqianqian/project/FS/data/28gusui&pizang/03/55/cell_1761648941541_912349010008_89779_0000.png,thumbs/cluster_19/033_cell_1761648941541_912349010008_89779_0000.jpg
19,/home/wangqianqian/project/FS/data/28gusui&pizang/03/52/cell_1761648743609_912349010008_70871_0000.png,thumbs/cluster_19/034_cell_1761648743609_912349010008_70871_0000.jpg
19,/home/wangqianqian/project/FS/data/28gusui&pizang/03/51/cell_1761648686141_912349010008_64975_0100.png,thumbs/cluster_19/035_cell_1761648686141_912349010008_64975_0100.jpg
19,/home/wangqianqian/project/FS/data/28gusui&pizang/03/59/cell_1761649179386_912349010008_113466_0100.png,thumbs/cluster_19/036_cell_1761649179386_912349010008_113466_0100.jpg
19,/home/wangqianqian/project/FS/data/28gusui&pizang/03/49/cell_1761648540845_912349010008_50650_0000.png,thumbs/cluster_19/037_cell_1761648540845_912349010008_50650_0000.jpg
19,/home/wangqianqian/project/FS/data/28gusui&pizang/03/50/cell_1761648600201_912349010008_56392_0000.png,thumbs/cluster_19/038_cell_1761648600201_912349010008_56392_0000.jpg
19,/home/wangqianqian/project/FS/data/28gusui&pizang/03/43/cell_1761648185361_912349010008_19716_0000.png,thumbs/cluster_19/039_cell_1761648185361_912349010008_19716_0000.jpg
19,/home/wangqianqian/project/FS/data/28gusui&pizang/03/58/cell_1761649122031_912349010008_107449_0000.png,thumbs/cluster_19/040_cell_1761649122031_912349010008_107449_0000.jpg
19,/home/wangqianqian/project/FS/data/28gusui&pizang/03/41/cell_1761648066205_912349010008_11650_0100.png,thumbs/cluster_19/041_cell_1761648066205_912349010008_11650_0100.jpg
19,/home/wangqianqian/project/FS/data/28gusui&pizang/03/41/cell_1761648068895_912349010008_11824_0000.png,thumbs/cluster_19/042_cell_1761648068895_912349010008_11824_0000.jpg
19,/home/wangqianqian/project/FS/data/28gusui&pizang/03/59/cell_1761649171796_912349010008_112708_0100.png,thumbs/cluster_19/043_cell_1761649171796_912349010008_112708_0100.jpg
19,/home/wangqianqian/project/FS/data/28gusui&pizang/03/44/cell_1761648276534_912349010008_27478_0100.png,thumbs/cluster_19/044_cell_1761648276534_912349010008_27478_0100.jpg
19,/home/wangqianqian/project/FS/data/28gusui&pizang/03/55/cell_1761648909540_912349010008_87063_0000.png,thumbs/cluster_19/045_cell_1761648909540_912349010008_87063_0000.jpg
19,/home/wangqianqian/project/FS/data/28gusui&pizang/03/52/cell_1761648721253_912349010008_68667_0000.png,thumbs/cluster_19/046_cell_1761648721253_912349010008_68667_0000.jpg
19,/home/wangqianqian/project/FS/data/28gusui&pizang/03/59/cell_1761649154073_912349010008_110774_0100.png,thumbs/cluster_19/047_cell_1761649154073_912349010008_110774_0100.jpg
19,/home/wangqianqian/project/FS/data/28gusui&pizang/03/57/cell_1761649046027_912349010008_99448_0000.png,thumbs/cluster_19/048_cell_1761649046027_912349010008_99448_0000.jpg
19,/home/wangqianqian/project/FS/data/28gusui&pizang/03/44/cell_1761648247035_912349010008_24756_0100.png,thumbs/cluster_19/049_cell_1761648247035_912349010008_24756_0100.jpg
19,/home/wangqianqian/project/FS/data/28gusui&pizang/03/39/cell_1761647992611_912349010008_7897_0100.png,thumbs/cluster_19/050_cell_1761647992611_912349010008_7897_0100.jpg
19,/home/wangqianqian/project/FS/data/28gusui&pizang/03/55/cell_1761648943226_912349010008_89922_0100.png,thumbs/cluster_19/051_cell_1761648943226_912349010008_89922_0100.jpg
19,/home/wangqianqian/project/FS/data/28gusui&pizang/03/36/cell_1761647799063_912349010008_810_0000.png,thumbs/cluster_19/052_cell_1761647799063_912349010008_810_0000.jpg
19,/home/wangqianqian/project/FS/data/28gusui&pizang/03/40/cell_1761648028870_912349010008_9707_0000.png,thumbs/cluster_19/053_cell_1761648028870_912349010008_9707_0000.jpg
19,/home/wangqianqian/project/FS/data/28gusui&pizang/03/52/cell_1761648773619_912349010008_73693_0100.png,thumbs/cluster_19/054_cell_1761648773619_912349010008_73693_0100.jpg
19,/home/wangqianqian/project/FS/data/28gusui&pizang/03/58/cell_1761649125306_912349010008_107778_0000.png,thumbs/cluster_19/055_cell_1761649125306_912349010008_107778_0000.jpg
19,/home/wangqianqian/project/FS/data/28gusui&pizang/03/45/cell_1761648344814_912349010008_33345_0000.png,thumbs/cluster_19/056_cell_1761648344814_912349010008_33345_0000.jpg
19,/home/wangqianqian/project/FS/data/28gusui&pizang/03/44/cell_1761648298457_912349010008_29356_0000.png,thumbs/cluster_19/057_cell_1761648298457_912349010008_29356_0000.jpg
19,/home/wangqianqian/project/FS/data/28gusui&pizang/03/58/cell_1761649121145_912349010008_107370_0000.png,thumbs/cluster_19/058_cell_1761649121145_912349010008_107370_0000.jpg
19,/home/wangqianqian/project/FS/data/28gusui&pizang/03/53/cell_1761648827153_912349010008_79229_0000.png,thumbs/cluster_19/059_cell_1761648827153_912349010008_79229_0000.jpg
19,/home/wangqianqian/project/FS/data/28gusui&pizang/03/49/cell_1761648564717_912349010008_52867_0100.png,thumbs/cluster_19/060_cell_1761648564717_912349010008_52867_0100.jpg
19,/home/wangqianqian/project/FS/data/28gusui&pizang/03/45/cell_1761648350357_912349010008_33880_0100.png,thumbs/cluster_19/061_cell_1761648350357_912349010008_33880_0100.jpg
19,/home/wangqianqian/project/FS/data/28gusui&pizang/03/46/cell_1761648389487_912349010008_37305_0000.png,thumbs/cluster_19/062_cell_1761648389487_912349010008_37305_0000.jpg
19,/home/wangqianqian/project/FS/data/28gusui&pizang/03/41/cell_1761648109443_912349010008_14364_0100.png,thumbs/cluster_19/063_cell_1761648109443_912349010008_14364_0100.jpg
19,/home/wangqianqian/project/FS/data/28gusui&pizang/03/48/cell_1761648531322_912349010008_49777_0100.png,thumbs/cluster_19/064_cell_1761648531322_912349010008_49777_0100.jpg
19,/home/wangqianqian/project/FS/data/28gusui&pizang/03/50/cell_1761648616060_912349010008_57927_0000.png,thumbs/cluster_19/065_cell_1761648616060_912349010008_57927_0000.jpg
19,/home/wangqianqian/project/FS/data/28gusui&pizang/03/38/cell_1761647896644_912349010008_4309_0000.png,thumbs/cluster_19/066_cell_1761647896644_912349010008_4309_0000.jpg
19,/home/wangqianqian/project/FS/data/28gusui&pizang/03/48/cell_1761648533296_912349010008_49980_0000.png,thumbs/cluster_19/067_cell_1761648533296_912349010008_49980_0000.jpg
19,/home/wangqianqian/project/FS/data/28gusui&pizang/03/38/cell_1761647907337_912349010008_4660_0000.png,thumbs/cluster_19/068_cell_1761647907337_912349010008_4660_0000.jpg
19,/home/wangqianqian/project/FS/data/28gusui&pizang/03/58/cell_1761649133303_912349010008_108609_0100.png,thumbs/cluster_19/069_cell_1761649133303_912349010008_108609_0100.jpg
19,/home/wangqianqian/project/FS/data/28gusui&pizang/03/50/cell_1761648630729_912349010008_59382_0000.png,thumbs/cluster_19/070_cell_1761648630729_912349010008_59382_0000.jpg
19,/home/wangqianqian/project/FS/data/28gusui&pizang/03/40/cell_1761648041967_912349010008_10320_0100.png,thumbs/cluster_19/071_cell_1761648041967_912349010008_10320_0100.jpg
19,/home/wangqianqian/project/FS/data/28gusui&pizang/03/43/cell_1761648192620_912349010008_20272_0100.png,thumbs/cluster_19/072_cell_1761648192620_912349010008_20272_0100.jpg
19,/home/wangqianqian/project/FS/data/28gusui&pizang/03/46/cell_1761648366405_912349010008_35317_0100.png,thumbs/cluster_19/073_cell_1761648366405_912349010008_35317_0100.jpg
19,/home/wangqianqian/project/FS/data/28gusui&pizang/03/43/cell_1761648227338_912349010008_23036_0000.png,thumbs/cluster_19/074_cell_1761648227338_912349010008_23036_0000.jpg
19,/home/wangqianqian/project/FS/data/28gusui&pizang/03/53/cell_1761648839904_912349010008_80406_0000.png,thumbs/cluster_19/075_cell_1761648839904_912349010008_80406_0000.jpg
19,/home/wangqianqian/project/FS/data/28gusui&pizang/03/38/cell_1761647935724_912349010008_5605_0000.png,thumbs/cluster_19/076_cell_1761647935724_912349010008_5605_0000.jpg
19,/home/wangqianqian/project/FS/data/28gusui&pizang/03/58/cell_1761649090664_912349010008_104129_0000.png,thumbs/cluster_19/077_cell_1761649090664_912349010008_104129_0000.jpg
19,/home/wangqianqian/project/FS/data/28gusui&pizang/03/55/cell_1761648902090_912349010008_86463_0100.png,thumbs/cluster_19/078_cell_1761648902090_912349010008_86463_0100.jpg
19,/home/wangqianqian/project/FS/data/28gusui&pizang/03/44/cell_1761648246465_912349010008_24711_0000.png,thumbs/cluster_19/079_cell_1761648246465_912349010008_24711_0000.jpg
19,/home/wangqianqian/project/FS/data/28gusui&pizang/03/51/cell_1761648663419_912349010008_62743_0000.png,thumbs/cluster_19/080_cell_1761648663419_912349010008_62743_0000.jpg
19,/home/wangqianqian/project/FS/data/28gusui&pizang/03/38/cell_1761647920123_912349010008_5051_0000.png,thumbs/cluster_19/081_cell_1761647920123_912349010008_5051_0000.jpg
19,/home/wangqianqian/project/FS/data/28gusui&pizang/03/43/cell_1761648235314_912349010008_23701_0000.png,thumbs/cluster_19/082_cell_1761648235314_912349010008_23701_0000.jpg
19,/home/wangqianqian/project/FS/data/28gusui&pizang/03/53/cell_1761648826313_912349010008_79141_0000.png,thumbs/cluster_19/083_cell_1761648826313_912349010008_79141_0000.jpg
19,/home/wangqianqian/project/FS/data/28gusui&pizang/03/47/cell_1761648452662_912349010008_43175_0000.png,thumbs/cluster_19/084_cell_1761648452662_912349010008_43175_0000.jpg
19,/home/wangqianqian/project/FS/data/28gusui&pizang/03/53/cell_1761648796396_912349010008_76093_0000.png,thumbs/cluster_19/085_cell_1761648796396_912349010008_76093_0000.jpg
19,/home/wangqianqian/project/FS/data/28gusui&pizang/03/44/cell_1761648245997_912349010008_24672_0000.png,thumbs/cluster_19/086_cell_1761648245997_912349010008_24672_0000.jpg
19,/home/wangqianqian/project/FS/data/28gusui&pizang/03/42/cell_1761648172716_912349010008_18810_0000.png,thumbs/cluster_19/087_cell_1761648172716_912349010008_18810_0000.jpg
19,/home/wangqianqian/project/FS/data/28gusui&pizang/03/47/cell_1761648440893_912349010008_42130_0000.png,thumbs/cluster_19/088_cell_1761648440893_912349010008_42130_0000.jpg
19,/home/wangqianqian/project/FS/data/28gusui&pizang/03/45/cell_1761648337929_912349010008_32707_0000.png,thumbs/cluster_19/089_cell_1761648337929_912349010008_32707_0000.jpg
19,/home/wangqianqian/project/FS/data/28gusui&pizang/03/53/cell_1761648780381_912349010008_74345_0000.png,thumbs/cluster_19/090_cell_1761648780381_912349010008_74345_0000.jpg
19,/home/wangqianqian/project/FS/data/28gusui&pizang/03/46/cell_1761648400313_912349010008_38248_0100.png,thumbs/cluster_19/091_cell_1761648400313_912349010008_38248_0100.jpg
19,/home/wangqianqian/project/FS/data/28gusui&pizang/03/38/cell_1761647920421_912349010008_5056_0000.png,thumbs/cluster_19/092_cell_1761647920421_912349010008_5056_0000.jpg
19,/home/wangqianqian/project/FS/data/28gusui&pizang/03/39/cell_1761647950728_912349010008_6235_0100.png,thumbs/cluster_19/093_cell_1761647950728_912349010008_6235_0100.jpg
19,/home/wangqianqian/project/FS/data/28gusui&pizang/03/39/cell_1761647978591_912349010008_7327_0100.png,thumbs/cluster_19/094_cell_1761647978591_912349010008_7327_0100.jpg
19,/home/wangqianqian/project/FS/data/28gusui&pizang/03/53/cell_1761648802427_912349010008_76758_0000.png,thumbs/cluster_19/095_cell_1761648802427_912349010008_76758_0000.jpg
19,/home/wangqianqian/project/FS/data/28gusui&pizang/03/45/cell_1761648346358_912349010008_33493_0100.png,thumbs/cluster_19/096_cell_1761648346358_912349010008_33493_0100.jpg
19,/home/wangqianqian/project/FS/data/28gusui&pizang/03/41/cell_1761648079469_912349010008_12479_0000.png,thumbs/cluster_19/097_cell_1761648079469_912349010008_12479_0000.jpg
19,/home/wangqianqian/project/FS/data/28gusui&pizang/03/51/cell_1761648678708_912349010008_64208_0000.png,thumbs/cluster_19/098_cell_1761648678708_912349010008_64208_0000.jpg
19,/home/wangqianqian/project/FS/data/28gusui&pizang/03/36/cell_1761647794535_912349010008_670_0000.png,thumbs/cluster_19/099_cell_1761647794535_912349010008_670_0000.jpg
20,/home/wangqianqian/project/FS/data/28gusui&pizang/03/41/cell_1761648074872_912349010008_12144_0000.png,thumbs/cluster_20/000_cell_1761648074872_912349010008_12144_0000.jpg
20,/home/wangqianqian/project/FS/data/28gusui&pizang/03/44/cell_1761648262801_912349010008_26114_0100.png,thumbs/cluster_20/001_cell_1761648262801_912349010008_26114_0100.jpg
20,/home/wangqianqian/project/FS/data/28gusui&pizang/03/48/cell_1761648486079_912349010008_46070_0000.png,thumbs/cluster_20/002_cell_1761648486079_912349010008_46070_0000.jpg
20,/home/wangqianqian/project/FS/data/28gusui&pizang/03/49/cell_1761648556312_912349010008_52075_0000.png,thumbs/cluster_20/003_cell_1761648556312_912349010008_52075_0000.jpg
20,/home/wangqianqian/project/FS/data/28gusui&pizang/03/43/cell_1761648181817_912349010008_19428_0100.png,thumbs/cluster_20/004_cell_1761648181817_912349010008_19428_0100.jpg
20,/home/wangqianqian/project/FS/data/28gusui&pizang/03/56/cell_1761648963685_912349010008_91678_0100.png,thumbs/cluster_20/005_cell_1761648963685_912349010008_91678_0100.jpg
20,/home/wangqianqian/project/FS/data/28gusui&pizang/03/53/cell_1761648835804_912349010008_80030_0100.png,thumbs/cluster_20/006_cell_1761648835804_912349010008_80030_0100.jpg
20,/home/wangqianqian/project/FS/data/28gusui&pizang/03/50/cell_1761648616806_912349010008_58010_0000.png,thumbs/cluster_20/007_cell_1761648616806_912349010008_58010_0000.jpg
20,/home/wangqianqian/project/FS/data/28gusui&pizang/03/43/cell_1761648235232_912349010008_23697_0100.png,thumbs/cluster_20/008_cell_1761648235232_912349010008_23697_0100.jpg
20,/home/wangqianqian/project/FS/data/28gusui&pizang/03/52/cell_1761648731076_912349010008_69552_0000.png,thumbs/cluster_20/009_cell_1761648731076_912349010008_69552_0000.jpg
20,/home/wangqianqian/project/FS/data/28gusui&pizang/03/50/cell_1761648653923_912349010008_61786_0100.png,thumbs/cluster_20/010_cell_1761648653923_912349010008_61786_0100.jpg
20,/home/wangqianqian/project/FS/data/28gusui&pizang/03/43/cell_1761648215088_912349010008_22092_0000.png,thumbs/cluster_20/011_cell_1761648215088_912349010008_22092_0000.jpg
20,/home/wangqianqian/project/FS/data/28gusui&pizang/03/57/cell_1761649063412_912349010008_101259_0100.png,thumbs/cluster_20/012_cell_1761649063412_912349010008_101259_0100.jpg
20,/home/wangqianqian/project/FS/data/28gusui&pizang/03/46/cell_1761648407792_912349010008_38891_0000.png,thumbs/cluster_20/013_cell_1761648407792_912349010008_38891_0000.jpg
20,/home/wangqianqian/project/FS/data/28gusui&pizang/03/47/cell_1761648448837_912349010008_42851_0100.png,thumbs/cluster_20/014_cell_1761648448837_912349010008_42851_0100.jpg
20,/home/wangqianqian/project/FS/data/28gusui&pizang/03/43/cell_1761648237747_912349010008_23915_0100.png,thumbs/cluster_20/015_cell_1761648237747_912349010008_23915_0100.jpg
20,/home/wangqianqian/project/FS/data/28gusui&pizang/03/56/cell_1761649016794_912349010008_96511_0100.png,thumbs/cluster_20/016_cell_1761649016794_912349010008_96511_0100.jpg
20,/home/wangqianqian/project/FS/data/28gusui&pizang/03/56/cell_1761648983897_912349010008_93469_0100.png,thumbs/cluster_20/017_cell_1761648983897_912349010008_93469_0100.jpg
20,/home/wangqianqian/project/FS/data/28gusui&pizang/03/47/cell_1761648449189_912349010008_42886_0100.png,thumbs/cluster_20/018_cell_1761648449189_912349010008_42886_0100.jpg
20,/home/wangqianqian/project/FS/data/28gusui&pizang/03/55/cell_1761648951924_912349010008_90636_0000.png,thumbs/cluster_20/019_cell_1761648951924_912349010008_90636_0000.jpg
20,/home/wangqianqian/project/FS/data/28gusui&pizang/03/58/cell_1761649134030_912349010008_108680_0100.png,thumbs/cluster_20/020_cell_1761649134030_912349010008_108680_0100.jpg
20,/home/wangqianqian/project/FS/data/28gusui&pizang/03/46/cell_1761648384252_912349010008_36866_0100.png,thumbs/cluster_20/021_cell_1761648384252_912349010008_36866_0100.jpg
20,/home/wangqianqian/project/FS/data/28gusui&pizang/03/45/cell_1761648350262_912349010008_33859_0000.png,thumbs/cluster_20/022_cell_1761648350262_912349010008_33859_0000.jpg
20,/home/wangqianqian/project/FS/data/28gusui&pizang/03/40/cell_1761648000541_912349010008_8243_0000.png,thumbs/cluster_20/023_cell_1761648000541_912349010008_8243_0000.jpg
20,/home/wangqianqian/project/FS/data/28gusui&pizang/03/50/cell_1761648613718_912349010008_57692_0100.png,thumbs/cluster_20/024_cell_1761648613718_912349010008_57692_0100.jpg
20,/home/wangqianqian/project/FS/data/28gusui&pizang/03/52/cell_1761648774272_912349010008_73759_0100.png,thumbs/cluster_20/025_cell_1761648774272_912349010008_73759_0100.jpg
20,/home/wangqianqian/project/FS/data/28gusui&pizang/03/45/cell_1761648302101_912349010008_29638_0100.png,thumbs/cluster_20/026_cell_1761648302101_912349010008_29638_0100.jpg
20,/home/wangqianqian/project/FS/data/28gusui&pizang/03/45/cell_1761648349564_912349010008_33803_0100.png,thumbs/cluster_20/027_cell_1761648349564_912349010008_33803_0100.jpg
20,/home/wangqianqian/project/FS/data/28gusui&pizang/03/46/cell_1761648392066_912349010008_37515_0000.png,thumbs/cluster_20/028_cell_1761648392066_912349010008_37515_0000.jpg
20,/home/wangqianqian/project/FS/data/28gusui&pizang/03/55/cell_1761648924981_912349010008_88318_0000.png,thumbs/cluster_20/029_cell_1761648924981_912349010008_88318_0000.jpg
20,/home/wangqianqian/project/FS/data/28gusui&pizang/03/59/cell_1761649154073_912349010008_110774_0000.png,thumbs/cluster_20/030_cell_1761649154073_912349010008_110774_0000.jpg
20,/home/wangqianqian/project/FS/data/28gusui&pizang/03/54/cell_1761648881578_912349010008_84622_0100.png,thumbs/cluster_20/031_cell_1761648881578_912349010008_84622_0100.jpg
20,/home/wangqianqian/project/FS/data/28gusui&pizang/03/57/cell_1761649072341_912349010008_102165_0000.png,thumbs/cluster_20/032_cell_1761649072341_912349010008_102165_0000.jpg
20,/home/wangqianqian/project/FS/data/28gusui&pizang/03/56/cell_1761648976580_912349010008_92800_0100.png,thumbs/cluster_20/033_cell_1761648976580_912349010008_92800_0100.jpg
20,/home/wangqianqian/project/FS/data/28gusui&pizang/03/44/cell_1761648252049_912349010008_25191_0000.png,thumbs/cluster_20/034_cell_1761648252049_912349010008_25191_0000.jpg
20,/home/wangqianqian/project/FS/data/28gusui&pizang/03/43/cell_1761648237292_912349010008_23885_0000.png,thumbs/cluster_20/035_cell_1761648237292_912349010008_23885_0000.jpg
20,/home/wangqianqian/project/FS/data/28gusui&pizang/03/42/cell_1761648162809_912349010008_18072_0000.png,thumbs/cluster_20/036_cell_1761648162809_912349010008_18072_0000.jpg
20,/home/wangqianqian/project/FS/data/28gusui&pizang/03/59/cell_1761649166003_912349010008_112079_0100.png,thumbs/cluster_20/037_cell_1761649166003_912349010008_112079_0100.jpg
20,/home/wangqianqian/project/FS/data/28gusui&pizang/03/53/cell_1761648813056_912349010008_77871_0000.png,thumbs/cluster_20/038_cell_1761648813056_912349010008_77871_0000.jpg
20,/home/wangqianqian/project/FS/data/28gusui&pizang/03/50/cell_1761648635902_912349010008_59920_0000.png,thumbs/cluster_20/039_cell_1761648635902_912349010008_59920_0000.jpg
20,/home/wangqianqian/project/FS/data/28gusui&pizang/03/46/cell_1761648363189_912349010008_35011_0000.png,thumbs/cluster_20/040_cell_1761648363189_912349010008_35011_0000.jpg
20,/home/wangqianqian/project/FS/data/28gusui&pizang/03/48/cell_1761648484323_912349010008_45922_0000.png,thumbs/cluster_20/041_cell_1761648484323_912349010008_45922_0000.jpg
20,/home/wangqianqian/project/FS/data/28gusui&pizang/03/51/cell_1761648662621_912349010008_62670_0100.png,thumbs/cluster_20/042_cell_1761648662621_912349010008_62670_0100.jpg
20,/home/wangqianqian/project/FS/data/28gusui&pizang/03/58/cell_1761649132608_912349010008_108538_0000.png,thumbs/cluster_20/043_cell_1761649132608_912349010008_108538_0000.jpg
20,/home/wangqianqian/project/FS/data/28gusui&pizang/03/44/cell_1761648256944_912349010008_25621_0100.png,thumbs/cluster_20/044_cell_1761648256944_912349010008_25621_0100.jpg
20,/home/wangqianqian/project/FS/data/28gusui&pizang/03/47/cell_1761648468485_912349010008_44515_0100.png,thumbs/cluster_20/045_cell_1761648468485_912349010008_44515_0100.jpg
20,/home/wangqianqian/project/FS/data/28gusui&pizang/03/44/cell_1761648268307_912349010008_26629_0000.png,thumbs/cluster_20/046_cell_1761648268307_912349010008_26629_0000.jpg
20,/home/wangqianqian/project/FS/data/28gusui&pizang/03/41/cell_1761648089020_912349010008_13140_0000.png,thumbs/cluster_20/047_cell_1761648089020_912349010008_13140_0000.jpg
20,/home/wangqianqian/project/FS/data/28gusui&pizang/03/53/cell_1761648798728_912349010008_76352_0100.png,thumbs/cluster_20/048_cell_1761648798728_912349010008_76352_0100.jpg
20,/home/wangqianqian/project/FS/data/28gusui&pizang/03/43/cell_1761648219199_912349010008_22381_0000.png,thumbs/cluster_20/049_cell_1761648219199_912349010008_22381_0000.jpg
20,/home/wangqianqian/project/FS/data/28gusui&pizang/03/42/cell_1761648128262_912349010008_15618_0100.png,thumbs/cluster_20/050_cell_1761648128262_912349010008_15618_0100.jpg
20,/home/wangqianqian/project/FS/data/28gusui&pizang/03/51/cell_1761648700551_912349010008_66500_0000.png,thumbs/cluster_20/051_cell_1761648700551_912349010008_66500_0000.jpg
20,/home/wangqianqian/project/FS/data/28gusui&pizang/03/49/cell_1761648597260_912349010008_56125_0100.png,thumbs/cluster_20/052_cell_1761648597260_912349010008_56125_0100.jpg
20,/home/wangqianqian/project/FS/data/28gusui&pizang/03/39/cell_1761647994751_912349010008_7991_0000.png,thumbs/cluster_20/053_cell_1761647994751_912349010008_7991_0000.jpg
20,/home/wangqianqian/project/FS/data/28gusui&pizang/03/54/cell_1761648840534_912349010008_80484_0000.png,thumbs/cluster_20/054_cell_1761648840534_912349010008_80484_0000.jpg
20,/home/wangqianqian/project/FS/data/28gusui&pizang/03/56/cell_1761648993865_912349010008_94395_0100.png,thumbs/cluster_20/055_cell_1761648993865_912349010008_94395_0100.jpg
20,/home/wangqianqian/project/FS/data/28gusui&pizang/03/57/cell_1761649037980_912349010008_98564_0100.png,thumbs/cluster_20/056_cell_1761649037980_912349010008_98564_0100.jpg
20,/home/wangqianqian/project/FS/data/28gusui&pizang/03/51/cell_1761648678456_912349010008_64188_0100.png,thumbs/cluster_20/057_cell_1761648678456_912349010008_64188_0100.jpg
20,/home/wangqianqian/project/FS/data/28gusui&pizang/03/46/cell_1761648404723_912349010008_38641_0000.png,thumbs/cluster_20/058_cell_1761648404723_912349010008_38641_0000.jpg
20,/home/wangqianqian/project/FS/data/28gusui&pizang/03/54/cell_1761648874798_912349010008_83952_0100.png,thumbs/cluster_20/059_cell_1761648874798_912349010008_83952_0100.jpg
20,/home/wangqianqian/project/FS/data/28gusui&pizang/03/48/cell_1761648506670_912349010008_47773_0000.png,thumbs/cluster_20/060_cell_1761648506670_912349010008_47773_0000.jpg
20,/home/wangqianqian/project/FS/data/28gusui&pizang/03/55/cell_1761648943582_912349010008_89944_0100.png,thumbs/cluster_20/061_cell_1761648943582_912349010008_89944_0100.jpg
20,/home/wangqianqian/project/FS/data/28gusui&pizang/03/47/cell_1761648422085_912349010008_40269_0000.png,thumbs/cluster_20/062_cell_1761648422085_912349010008_40269_0000.jpg
20,/home/wangqianqian/project/FS/data/28gusui&pizang/03/58/cell_1761649115620_912349010008_106802_0000.png,thumbs/cluster_20/063_cell_1761649115620_912349010008_106802_0000.jpg
20,/home/wangqianqian/project/FS/data/28gusui&pizang/03/55/cell_1761648949999_912349010008_90482_0000.png,thumbs/cluster_20/064_cell_1761648949999_912349010008_90482_0000.jpg
20,/home/wangqianqian/project/FS/data/28gusui&pizang/03/55/cell_1761648954584_912349010008_90873_0000.png,thumbs/cluster_20/065_cell_1761648954584_912349010008_90873_0000.jpg
20,/home/wangqianqian/project/FS/data/28gusui&pizang/03/58/cell_1761649101150_912349010008_105244_0000.png,thumbs/cluster_20/066_cell_1761649101150_912349010008_105244_0000.jpg
20,/home/wangqianqian/project/FS/data/28gusui&pizang/03/58/cell_1761649123711_912349010008_107615_0000.png,thumbs/cluster_20/067_cell_1761649123711_912349010008_107615_0000.jpg
20,/home/wangqianqian/project/FS/data/28gusui&pizang/03/54/cell_1761648876425_912349010008_84111_0100.png,thumbs/cluster_20/068_cell_1761648876425_912349010008_84111_0100.jpg
20,/home/wangqianqian/project/FS/data/28gusui&pizang/03/51/cell_1761648670400_912349010008_63403_0000.png,thumbs/cluster_20/069_cell_1761648670400_912349010008_63403_0000.jpg
20,/home/wangqianqian/project/FS/data/28gusui&pizang/03/58/cell_1761649116360_912349010008_106876_0000.png,thumbs/cluster_20/070_cell_1761649116360_912349010008_106876_0000.jpg
20,/home/wangqianqian/project/FS/data/28gusui&pizang/03/49/cell_1761648589137_912349010008_55200_0000.png,thumbs/cluster_20/071_cell_1761648589137_912349010008_55200_0000.jpg
20,/home/wangqianqian/project/FS/data/28gusui&pizang/03/58/cell_1761649111115_912349010008_106313_0000.png,thumbs/cluster_20/072_cell_1761649111115_912349010008_106313_0000.jpg
20,/home/wangqianqian/project/FS/data/28gusui&pizang/03/52/cell_1761648772357_912349010008_73607_0000.png,thumbs/cluster_20/073_cell_1761648772357_912349010008_73607_0000.jpg
20,/home/wangqianqian/project/FS/data/28gusui&pizang/03/54/cell_1761648862532_912349010008_82748_0100.png,thumbs/cluster_20/074_cell_1761648862532_912349010008_82748_0100.jpg
20,/home/wangqianqian/project/FS/data/28gusui&pizang/03/56/cell_1761648960280_912349010008_91390_0000.png,thumbs/cluster_20/075_cell_1761648960280_912349010008_91390_0000.jpg
20,/home/wangqianqian/project/FS/data/28gusui&pizang/03/55/cell_1761648939675_912349010008_89634_0100.png,thumbs/cluster_20/076_cell_1761648939675_912349010008_89634_0100.jpg
20,/home/wangqianqian/project/FS/data/28gusui&pizang/03/56/cell_1761648972466_912349010008_92463_0000.png,thumbs/cluster_20/077_cell_1761648972466_912349010008_92463_0000.jpg
20,/home/wangqianqian/project/FS/data/28gusui&pizang/03/46/cell_1761648403265_912349010008_38494_0100.png,thumbs/cluster_20/078_cell_1761648403265_912349010008_38494_0100.jpg
20,/home/wangqianqian/project/FS/data/28gusui&pizang/03/55/cell_1761648907396_912349010008_86891_0000.png,thumbs/cluster_20/079_cell_1761648907396_912349010008_86891_0000.jpg
20,/home/wangqianqian/project/FS/data/28gusui&pizang/03/43/cell_1761648184202_912349010008_19634_0000.png,thumbs/cluster_20/080_cell_1761648184202_912349010008_19634_0000.jpg
20,/home/wangqianqian/project/FS/data/28gusui&pizang/03/41/cell_1761648096594_912349010008_13634_0000.png,thumbs/cluster_20/081_cell_1761648096594_912349010008_13634_0000.jpg
20,/home/wangqianqian/project/FS/data/28gusui&pizang/03/49/cell_1761648581554_912349010008_54491_0100.png,thumbs/cluster_20/082_cell_1761648581554_912349010008_54491_0100.jpg
20,/home/wangqianqian/project/FS/data/28gusui&pizang/03/57/cell_1761649041598_912349010008_98957_0000.png,thumbs/cluster_20/083_cell_1761649041598_912349010008_98957_0000.jpg
20,/home/wangqianqian/project/FS/data/28gusui&pizang/03/58/cell_1761649111423_912349010008_106340_0100.png,thumbs/cluster_20/084_cell_1761649111423_912349010008_106340_0100.jpg
20,/home/wangqianqian/project/FS/data/28gusui&pizang/03/45/cell_1761648308504_912349010008_30185_0100.png,thumbs/cluster_20/085_cell_1761648308504_912349010008_30185_0100.jpg
20,/home/wangqianqian/project/FS/data/28gusui&pizang/03/44/cell_1761648288326_912349010008_28518_0000.png,thumbs/cluster_20/086_cell_1761648288326_912349010008_28518_0000.jpg
20,/home/wangqianqian/project/FS/data/28gusui&pizang/03/43/cell_1761648237097_912349010008_23862_0100.png,thumbs/cluster_20/087_cell_1761648237097_912349010008_23862_0100.jpg
20,/home/wangqianqian/project/FS/data/28gusui&pizang/03/44/cell_1761648269949_912349010008_26792_0000.png,thumbs/cluster_20/088_cell_1761648269949_912349010008_26792_0000.jpg
20,/home/wangqianqian/project/FS/data/28gusui&pizang/03/59/cell_1761649148057_912349010008_110123_0100.png,thumbs/cluster_20/089_cell_1761649148057_912349010008_110123_0100.jpg
20,/home/wangqianqian/project/FS/data/28gusui&pizang/03/53/cell_1761648789018_912349010008_75266_0000.png,thumbs/cluster_20/090_cell_1761648789018_912349010008_75266_0000.jpg
20,/home/wangqianqian/project/FS/data/28gusui&pizang/03/48/cell_1761648495292_912349010008_46858_0000.png,thumbs/cluster_20/091_cell_1761648495292_912349010008_46858_0000.jpg
20,/home/wangqianqian/project/FS/data/28gusui&pizang/03/40/cell_1761648027651_912349010008_9632_0100.png,thumbs/cluster_20/092_cell_1761648027651_912349010008_9632_0100.jpg
20,/home/wangqianqian/project/FS/data/28gusui&pizang/03/49/cell_1761648561368_912349010008_52526_0000.png,thumbs/cluster_20/093_cell_1761648561368_912349010008_52526_0000.jpg
20,/home/wangqianqian/project/FS/data/28gusui&pizang/03/43/cell_1761648203029_912349010008_21067_0000.png,thumbs/cluster_20/094_cell_1761648203029_912349010008_21067_0000.jpg
20,/home/wangqianqian/project/FS/data/28gusui&pizang/03/56/cell_1761648963387_912349010008_91653_0000.png,thumbs/cluster_20/095_cell_1761648963387_912349010008_91653_0000.jpg
20,/home/wangqianqian/project/FS/data/28gusui&pizang/03/39/cell_1761647983564_912349010008_7516_0100.png,thumbs/cluster_20/096_cell_1761647983564_912349010008_7516_0100.jpg
20,/home/wangqianqian/project/FS/data/28gusui&pizang/03/40/cell_1761648040554_912349010008_10273_0000.png,thumbs/cluster_20/097_cell_1761648040554_912349010008_10273_0000.jpg
20,/home/wangqianqian/project/FS/data/28gusui&pizang/03/57/cell_1761649032382_912349010008_98030_0000.png,thumbs/cluster_20/098_cell_1761649032382_912349010008_98030_0000.jpg
20,/home/wangqianqian/project/FS/data/28gusui&pizang/03/49/cell_1761648554347_912349010008_51889_0100.png,thumbs/cluster_20/099_cell_1761648554347_912349010008_51889_0100.jpg
21,/home/wangqianqian/project/FS/data/28gusui&pizang/03/58/cell_1761649096671_912349010008_104790_0000.png,thumbs/cluster_21/000_cell_1761649096671_912349010008_104790_0000.jpg
21,/home/wangqianqian/project/FS/data/28gusui&pizang/03/53/cell_1761648792706_912349010008_75673_0000.png,thumbs/cluster_21/001_cell_1761648792706_912349010008_75673_0000.jpg
21,/home/wangqianqian/project/FS/data/28gusui&pizang/03/50/cell_1761648657266_912349010008_62105_0000.png,thumbs/cluster_21/002_cell_1761648657266_912349010008_62105_0000.jpg
21,/home/wangqianqian/project/FS/data/28gusui&pizang/03/51/cell_1761648679551_912349010008_64291_0000.png,thumbs/cluster_21/003_cell_1761648679551_912349010008_64291_0000.jpg
21,/home/wangqianqian/project/FS/data/28gusui&pizang/03/46/cell_1761648384024_912349010008_36844_0000.png,thumbs/cluster_21/004_cell_1761648384024_912349010008_36844_0000.jpg
21,/home/wangqianqian/project/FS/data/28gusui&pizang/03/47/cell_1761648435487_912349010008_41601_0000.png,thumbs/cluster_21/005_cell_1761648435487_912349010008_41601_0000.jpg
21,/home/wangqianqian/project/FS/data/28gusui&pizang/03/57/cell_1761649027898_912349010008_97577_0100.png,thumbs/cluster_21/006_cell_1761649027898_912349010008_97577_0100.jpg
21,/home/wangqianqian/project/FS/data/28gusui&pizang/03/46/cell_1761648397350_912349010008_38008_0100.png,thumbs/cluster_21/007_cell_1761648397350_912349010008_38008_0100.jpg
21,/home/wangqianqian/project/FS/data/28gusui&pizang/03/43/cell_1761648199344_912349010008_20771_0000.png,thumbs/cluster_21/008_cell_1761648199344_912349010008_20771_0000.jpg
21,/home/wangqianqian/project/FS/data/28gusui&pizang/03/45/cell_1761648312379_912349010008_30518_0000.png,thumbs/cluster_21/009_cell_1761648312379_912349010008_30518_0000.jpg
21,/home/wangqianqian/project/FS/data/28gusui&pizang/03/41/cell_1761648073141_912349010008_12055_0000.png,thumbs/cluster_21/010_cell_1761648073141_912349010008_12055_0000.jpg
21,/home/wangqianqian/project/FS/data/28gusui&pizang/03/55/cell_1761648956254_912349010008_91036_0100.png,thumbs/cluster_21/011_cell_1761648956254_912349010008_91036_0100.jpg
21,/home/wangqianqian/project/FS/data/28gusui&pizang/03/49/cell_1761648594459_912349010008_55796_0000.png,thumbs/cluster_21/012_cell_1761648594459_912349010008_55796_0000.jpg
21,/home/wangqianqian/project/FS/data/28gusui&pizang/03/46/cell_1761648416991_912349010008_39794_0000.png,thumbs/cluster_21/013_cell_1761648416991_912349010008_39794_0000.jpg
21,/home/wangqianqian/project/FS/data/28gusui&pizang/03/56/cell_1761648972082_912349010008_92442_0000.png,thumbs/cluster_21/014_cell_1761648972082_912349010008_92442_0000.jpg
21,/home/wangqianqian/project/FS/data/28gusui&pizang/03/54/cell_1761648889625_912349010008_85423_0000.png,thumbs/cluster_21/015_cell_1761648889625_912349010008_85423_0000.jpg
21,/home/wangqianqian/project/FS/data/28gusui&pizang/03/56/cell_1761648975366_912349010008_92704_0000.png,thumbs/cluster_21/016_cell_1761648975366_912349010008_92704_0000.jpg
21,/home/wangqianqian/project/FS/data/28gusui&pizang/03/55/cell_1761648939450_912349010008_89611_0000.png,thumbs/cluster_21/017_cell_1761648939450_912349010008_89611_0000.jpg
21,/home/wangqianqian/project/FS/data/28gusui&pizang/03/49/cell_1761648545865_912349010008_51112_0000.png,thumbs/cluster_21/018_cell_1761648545865_912349010008_51112_0000.jpg
21,/home/wangqianqian/project/FS/data/28gusui&pizang/03/55/cell_1761648954309_912349010008_90851_0000.png,thumbs/cluster_21/019_cell_1761648954309_912349010008_90851_0000.jpg
21,/home/wangqianqian/project/FS/data/28gusui&pizang/03/54/cell_1761648850184_912349010008_81458_0100.png,thumbs/cluster_21/020_cell_1761648850184_912349010008_81458_0100.jpg
21,/home/wangqianqian/project/FS/data/28gusui&pizang/03/58/cell_1761649119450_912349010008_107192_0100.png,thumbs/cluster_21/021_cell_1761649119450_912349010008_107192_0100.jpg
21,/home/wangqianqian/project/FS/data/28gusui&pizang/03/48/cell_1761648482498_912349010008_45748_0100.png,thumbs/cluster_21/022_cell_1761648482498_912349010008_45748_0100.jpg
21,/home/wangqianqian/project/FS/data/28gusui&pizang/03/58/cell_1761649090508_912349010008_104104_0100.png,thumbs/cluster_21/023_cell_1761649090508_912349010008_104104_0100.jpg
21,/home/wangqianqian/project/FS/data/28gusui&pizang/03/55/cell_1761648923234_912349010008_88148_0100.png,thumbs/cluster_21/024_cell_1761648923234_912349010008_88148_0100.jpg
21,/home/wangqianqian/project/FS/data/28gusui&pizang/03/48/cell_1761648486903_912349010008_46127_0000.png,thumbs/cluster_21/025_cell_1761648486903_912349010008_46127_0000.jpg
21,/home/wangqianqian/project/FS/data/28gusui&pizang/03/47/cell_1761648478475_912349010008_45387_0100.png,thumbs/cluster_21/026_cell_1761648478475_912349010008_45387_0100.jpg
21,/home/wangqianqian/project/FS/data/28gusui&pizang/03/44/cell_1761648266867_912349010008_26501_0000.png,thumbs/cluster_21/027_cell_1761648266867_912349010008_26501_0000.jpg
21,/home/wangqianqian/project/FS/data/28gusui&pizang/03/51/cell_1761648706181_912349010008_67114_0100.png,thumbs/cluster_21/028_cell_1761648706181_912349010008_67114_0100.jpg
21,/home/wangqianqian/project/FS/data/28gusui&pizang/03/38/cell_1761647919620_912349010008_5033_0000.png,thumbs/cluster_21/029_cell_1761647919620_912349010008_5033_0000.jpg
21,/home/wangqianqian/project/FS/data/28gusui&pizang/03/52/cell_1761648736243_912349010008_70087_0000.png,thumbs/cluster_21/030_cell_1761648736243_912349010008_70087_0000.jpg
21,/home/wangqianqian/project/FS/data/28gusui&pizang/03/46/cell_1761648376500_912349010008_36194_0000.png,thumbs/cluster_21/031_cell_1761648376500_912349010008_36194_0000.jpg
21,/home/wangqianqian/project/FS/data/28gusui&pizang/03/48/cell_1761648496106_912349010008_46935_0100.png,thumbs/cluster_21/032_cell_1761648496106_912349010008_46935_0100.jpg
21,/home/wangqianqian/project/FS/data/28gusui&pizang/03/59/cell_1761649141902_912349010008_109502_0000.png,thumbs/cluster_21/033_cell_1761649141902_912349010008_109502_0000.jpg
21,/home/wangqianqian/project/FS/data/28gusui&pizang/03/49/cell_1761648569697_912349010008_53330_0100.png,thumbs/cluster_21/034_cell_1761648569697_912349010008_53330_0100.jpg
21,/home/wangqianqian/project/FS/data/28gusui&pizang/03/54/cell_1761648865737_912349010008_83042_0000.png,thumbs/cluster_21/035_cell_1761648865737_912349010008_83042_0000.jpg
21,/home/wangqianqian/project/FS/data/28gusui&pizang/03/57/cell_1761649053780_912349010008_100248_0100.png,thumbs/cluster_21/036_cell_1761649053780_912349010008_100248_0100.jpg
21,/home/wangqianqian/project/FS/data/28gusui&pizang/03/51/cell_1761648664330_912349010008_62839_0100.png,thumbs/cluster_21/037_cell_1761648664330_912349010008_62839_0100.jpg
21,/home/wangqianqian/project/FS/data/28gusui&pizang/03/52/cell_1761648721696_912349010008_68704_0100.png,thumbs/cluster_21/038_cell_1761648721696_912349010008_68704_0100.jpg
21,/home/wangqianqian/project/FS/data/28gusui&pizang/03/52/cell_1761648768623_912349010008_73237_0000.png,thumbs/cluster_21/039_cell_1761648768623_912349010008_73237_0000.jpg
21,/home/wangqianqian/project/FS/data/28gusui&pizang/03/51/cell_1761648698750_912349010008_66310_0000.png,thumbs/cluster_21/040_cell_1761648698750_912349010008_66310_0000.jpg
21,/home/wangqianqian/project/FS/data/28gusui&pizang/03/55/cell_1761648939192_912349010008_89581_0100.png,thumbs/cluster_21/041_cell_1761648939192_912349010008_89581_0100.jpg
21,/home/wangqianqian/project/FS/data/28gusui&pizang/03/52/cell_1761648728587_912349010008_69335_0000.png,thumbs/cluster_21/042_cell_1761648728587_912349010008_69335_0000.jpg
21,/home/wangqianqian/project/FS/data/28gusui&pizang/03/54/cell_1761648894403_912349010008_85849_0100.png,thumbs/cluster_21/043_cell_1761648894403_912349010008_85849_0100.jpg
21,/home/wangqianqian/project/FS/data/28gusui&pizang/03/43/cell_1761648223894_912349010008_22737_0100.png,thumbs/cluster_21/044_cell_1761648223894_912349010008_22737_0100.jpg
21,/home/wangqianqian/project/FS/data/28gusui&pizang/03/53/cell_1761648807315_912349010008_77293_0000.png,thumbs/cluster_21/045_cell_1761648807315_912349010008_77293_0000.jpg
21,/home/wangqianqian/project/FS/data/28gusui&pizang/03/58/cell_1761649089505_912349010008_103999_0000.png,thumbs/cluster_21/046_cell_1761649089505_912349010008_103999_0000.jpg
21,/home/wangqianqian/project/FS/data/28gusui&pizang/03/53/cell_1761648821725_912349010008_78709_0000.png,thumbs/cluster_21/047_cell_1761648821725_912349010008_78709_0000.jpg
21,/home/wangqianqian/project/FS/data/28gusui&pizang/03/50/cell_1761648644089_912349010008_60713_0000.png,thumbs/cluster_21/048_cell_1761648644089_912349010008_60713_0000.jpg
21,/home/wangqianqian/project/FS/data/28gusui&pizang/03/58/cell_1761649115315_912349010008_106772_0100.png,thumbs/cluster_21/049_cell_1761649115315_912349010008_106772_0100.jpg
21,/home/wangqianqian/project/FS/data/28gusui&pizang/03/47/cell_1761648432376_912349010008_41254_0000.png,thumbs/cluster_21/050_cell_1761648432376_912349010008_41254_0000.jpg
21,/home/wangqianqian/project/FS/data/28gusui&pizang/03/43/cell_1761648187048_912349010008_19840_0100.png,thumbs/cluster_21/051_cell_1761648187048_912349010008_19840_0100.jpg
21,/home/wangqianqian/project/FS/data/28gusui&pizang/03/55/cell_1761648949851_912349010008_90469_0000.png,thumbs/cluster_21/052_cell_1761648949851_912349010008_90469_0000.jpg
21,/home/wangqianqian/project/FS/data/28gusui&pizang/03/57/cell_1761649049410_912349010008_99796_0100.png,thumbs/cluster_21/053_cell_1761649049410_912349010008_99796_0100.jpg
21,/home/wangqianqian/project/FS/data/28gusui&pizang/03/41/cell_1761648072161_912349010008_12001_0100.png,thumbs/cluster_21/054_cell_1761648072161_912349010008_12001_0100.jpg
21,/home/wangqianqian/project/FS/data/28gusui&pizang/03/39/cell_1761647961479_912349010008_6646_0000.png,thumbs/cluster_21/055_cell_1761647961479_912349010008_6646_0000.jpg
21,/home/wangqianqian/project/FS/data/28gusui&pizang/03/59/cell_1761649143229_912349010008_109634_0100.png,thumbs/cluster_21/056_cell_1761649143229_912349010008_109634_0100.jpg
21,/home/wangqianqian/project/FS/data/28gusui&pizang/03/55/cell_1761648928978_912349010008_88701_0000.png,thumbs/cluster_21/057_cell_1761648928978_912349010008_88701_0000.jpg
21,/home/wangqianqian/project/FS/data/28gusui&pizang/03/54/cell_1761648883278_912349010008_84782_0000.png,thumbs/cluster_21/058_cell_1761648883278_912349010008_84782_0000.jpg
21,/home/wangqianqian/project/FS/data/28gusui&pizang/03/55/cell_1761648901514_912349010008_86425_0000.png,thumbs/cluster_21/059_cell_1761648901514_912349010008_86425_0000.jpg
21,/home/wangqianqian/project/FS/data/28gusui&pizang/03/53/cell_1761648812440_912349010008_77805_0000.png,thumbs/cluster_21/060_cell_1761648812440_912349010008_77805_0000.jpg
21,/home/wangqianqian/project/FS/data/28gusui&pizang/03/52/cell_1761648744400_912349010008_70948_0000.png,thumbs/cluster_21/061_cell_1761648744400_912349010008_70948_0000.jpg
21,/home/wangqianqian/project/FS/data/28gusui&pizang/03/51/cell_1761648714607_912349010008_68026_0100.png,thumbs/cluster_21/062_cell_1761648714607_912349010008_68026_0100.jpg
21,/home/wangqianqian/project/FS/data/28gusui&pizang/03/41/cell_1761648077943_912349010008_12365_0000.png,thumbs/cluster_21/063_cell_1761648077943_912349010008_12365_0000.jpg
21,/home/wangqianqian/project/FS/data/28gusui&pizang/03/56/cell_1761648991260_912349010008_94135_0100.png,thumbs/cluster_21/064_cell_1761648991260_912349010008_94135_0100.jpg
21,/home/wangqianqian/project/FS/data/28gusui&pizang/03/45/cell_1761648327836_912349010008_31777_0000.png,thumbs/cluster_21/065_cell_1761648327836_912349010008_31777_0000.jpg
21,/home/wangqianqian/project/FS/data/28gusui&pizang/03/53/cell_1761648795041_912349010008_75950_0000.png,thumbs/cluster_21/066_cell_1761648795041_912349010008_75950_0000.jpg
21,/home/wangqianqian/project/FS/data/28gusui&pizang/03/46/cell_1761648399871_912349010008_38216_0100.png,thumbs/cluster_21/067_cell_1761648399871_912349010008_38216_0100.jpg
21,/home/wangqianqian/project/FS/data/28gusui&pizang/03/54/cell_1761648876264_912349010008_84095_0000.png,thumbs/cluster_21/068_cell_1761648876264_912349010008_84095_0000.jpg
21,/home/wangqianqian/project/FS/data/28gusui&pizang/03/42/cell_1761648140717_912349010008_16543_0000.png,thumbs/cluster_21/069_cell_1761648140717_912349010008_16543_0000.jpg
21,/home/wangqianqian/project/FS/data/28gusui&pizang/03/52/cell_1761648731165_912349010008_69568_0100.png,thumbs/cluster_21/070_cell_1761648731165_912349010008_69568_0100.jpg
21,/home/wangqianqian/project/FS/data/28gusui&pizang/03/47/cell_1761648429415_912349010008_40952_0000.png,thumbs/cluster_21/071_cell_1761648429415_912349010008_40952_0000.jpg
21,/home/wangqianqian/project/FS/data/28gusui&pizang/03/41/cell_1761648096955_912349010008_13651_0000.png,thumbs/cluster_21/072_cell_1761648096955_912349010008_13651_0000.jpg
21,/home/wangqianqian/project/FS/data/28gusui&pizang/03/58/cell_1761649132216_912349010008_108512_0000.png,thumbs/cluster_21/073_cell_1761649132216_912349010008_108512_0000.jpg
21,/home/wangqianqian/project/FS/data/28gusui&pizang/03/48/cell_1761648527998_912349010008_49477_0000.png,thumbs/cluster_21/074_cell_1761648527998_912349010008_49477_0000.jpg
21,/home/wangqianqian/project/FS/data/28gusui&pizang/03/41/cell_1761648087737_912349010008_13071_0100.png,thumbs/cluster_21/075_cell_1761648087737_912349010008_13071_0100.jpg
21,/home/wangqianqian/project/FS/data/28gusui&pizang/03/52/cell_1761648755087_912349010008_71991_0000.png,thumbs/cluster_21/076_cell_1761648755087_912349010008_71991_0000.jpg
21,/home/wangqianqian/project/FS/data/28gusui&pizang/03/38/cell_1761647934506_912349010008_5570_0100.png,thumbs/cluster_21/077_cell_1761647934506_912349010008_5570_0100.jpg
21,/home/wangqianqian/project/FS/data/28gusui&pizang/03/57/cell_1761649054251_912349010008_100284_0100.png,thumbs/cluster_21/078_cell_1761649054251_912349010008_100284_0100.jpg
21,/home/wangqianqian/project/FS/data/28gusui&pizang/03/46/cell_1761648403869_912349010008_38560_0100.png,thumbs/cluster_21/079_cell_1761648403869_912349010008_38560_0100.jpg
21,/home/wangqianqian/project/FS/data/28gusui&pizang/03/53/cell_1761648801172_912349010008_76612_0000.png,thumbs/cluster_21/080_cell_1761648801172_912349010008_76612_0000.jpg
21,/home/wangqianqian/project/FS/data/28gusui&pizang/03/48/cell_1761648517531_912349010008_48634_0100.png,thumbs/cluster_21/081_cell_1761648517531_912349010008_48634_0100.jpg
21,/home/wangqianqian/project/FS/data/28gusui&pizang/03/53/cell_1761648785012_912349010008_74807_0100.png,thumbs/cluster_21/082_cell_1761648785012_912349010008_74807_0100.jpg
21,/home/wangqianqian/project/FS/data/28gusui&pizang/03/56/cell_1761648986029_912349010008_93666_0000.png,thumbs/cluster_21/083_cell_1761648986029_912349010008_93666_0000.jpg
21,/home/wangqianqian/project/FS/data/28gusui&pizang/03/45/cell_1761648330738_912349010008_32079_0100.png,thumbs/cluster_21/084_cell_1761648330738_912349010008_32079_0100.jpg
21,/home/wangqianqian/project/FS/data/28gusui&pizang/03/46/cell_1761648362683_912349010008_34982_0000.png,thumbs/cluster_21/085_cell_1761648362683_912349010008_34982_0000.jpg
21,/home/wangqianqian/project/FS/data/28gusui&pizang/03/59/cell_1761649169808_912349010008_112471_0000.png,thumbs/cluster_21/086_cell_1761649169808_912349010008_112471_0000.jpg
21,/home/wangqianqian/project/FS/data/28gusui&pizang/03/54/cell_1761648878883_912349010008_84365_0100.png,thumbs/cluster_21/087_cell_1761648878883_912349010008_84365_0100.jpg
21,/home/wangqianqian/project/FS/data/28gusui&pizang/03/58/cell_1761649090547_912349010008_104106_0100.png,thumbs/cluster_21/088_cell_1761649090547_912349010008_104106_0100.jpg
21,/home/wangqianqian/project/FS/data/28gusui&pizang/03/47/cell_1761648438199_912349010008_41904_0000.png,thumbs/cluster_21/089_cell_1761648438199_912349010008_41904_0000.jpg
21,/home/wangqianqian/project/FS/data/28gusui&pizang/03/57/cell_1761649078443_912349010008_102799_0100.png,thumbs/cluster_21/090_cell_1761649078443_912349010008_102799_0100.jpg
21,/home/wangqianqian/project/FS/data/28gusui&pizang/03/54/cell_1761648886129_912349010008_85064_0100.png,thumbs/cluster_21/091_cell_1761648886129_912349010008_85064_0100.jpg
21,/home/wangqianqian/project/FS/data/28gusui&pizang/03/52/cell_1761648745330_912349010008_71049_0100.png,thumbs/cluster_21/092_cell_1761648745330_912349010008_71049_0100.jpg
21,/home/wangqianqian/project/FS/data/28gusui&pizang/03/46/cell_1761648410523_912349010008_39151_0000.png,thumbs/cluster_21/093_cell_1761648410523_912349010008_39151_0000.jpg
21,/home/wangqianqian/project/FS/data/28gusui&pizang/03/48/cell_1761648505459_912349010008_47690_0000.png,thumbs/cluster_21/094_cell_1761648505459_912349010008_47690_0000.jpg
21,/home/wangqianqian/project/FS/data/28gusui&pizang/03/51/cell_1761648682984_912349010008_64675_0100.png,thumbs/cluster_21/095_cell_1761648682984_912349010008_64675_0100.jpg
21,/home/wangqianqian/project/FS/data/28gusui&pizang/03/48/cell_1761648531954_912349010008_49830_0000.png,thumbs/cluster_21/096_cell_1761648531954_912349010008_49830_0000.jpg
21,/home/wangqianqian/project/FS/data/28gusui&pizang/03/58/cell_1761649093510_912349010008_104474_0000.png,thumbs/cluster_21/097_cell_1761649093510_912349010008_104474_0000.jpg
21,/home/wangqianqian/project/FS/data/28gusui&pizang/03/50/cell_1761648654211_912349010008_61805_0100.png,thumbs/cluster_21/098_cell_1761648654211_912349010008_61805_0100.jpg
21,/home/wangqianqian/project/FS/data/28gusui&pizang/03/53/cell_1761648828376_912349010008_79339_0100.png,thumbs/cluster_21/099_cell_1761648828376_912349010008_79339_0100.jpg
22,/home/wangqianqian/project/FS/data/28gusui&pizang/03/58/cell_1761649128758_912349010008_108141_0100.png,thumbs/cluster_22/000_cell_1761649128758_912349010008_108141_0100.jpg
22,/home/wangqianqian/project/FS/data/28gusui&pizang/03/50/cell_1761648606914_912349010008_57033_0000.png,thumbs/cluster_22/001_cell_1761648606914_912349010008_57033_0000.jpg
22,/home/wangqianqian/project/FS/data/28gusui&pizang/03/45/cell_1761648302532_912349010008_29665_0100.png,thumbs/cluster_22/002_cell_1761648302532_912349010008_29665_0100.jpg
22,/home/wangqianqian/project/FS/data/28gusui&pizang/03/53/cell_1761648780340_912349010008_74341_0000.png,thumbs/cluster_22/003_cell_1761648780340_912349010008_74341_0000.jpg
22,/home/wangqianqian/project/FS/data/28gusui&pizang/03/51/cell_1761648679743_912349010008_64316_0100.png,thumbs/cluster_22/004_cell_1761648679743_912349010008_64316_0100.jpg
22,/home/wangqianqian/project/FS/data/28gusui&pizang/03/47/cell_1761648460759_912349010008_43873_0000.png,thumbs/cluster_22/005_cell_1761648460759_912349010008_43873_0000.jpg
22,/home/wangqianqian/project/FS/data/28gusui&pizang/03/49/cell_1761648565462_912349010008_52945_0000.png,thumbs/cluster_22/006_cell_1761648565462_912349010008_52945_0000.jpg
22,/home/wangqianqian/project/FS/data/28gusui&pizang/03/46/cell_1761648396542_912349010008_37939_0100.png,thumbs/cluster_22/007_cell_1761648396542_912349010008_37939_0100.jpg
22,/home/wangqianqian/project/FS/data/28gusui&pizang/03/47/cell_1761648443815_912349010008_42397_0100.png,thumbs/cluster_22/008_cell_1761648443815_912349010008_42397_0100.jpg
22,/home/wangqianqian/project/FS/data/28gusui&pizang/03/44/cell_1761648269876_912349010008_26785_0000.png,thumbs/cluster_22/009_cell_1761648269876_912349010008_26785_0000.jpg
22,/home/wangqianqian/project/FS/data/28gusui&pizang/03/36/cell_1761647797312_912349010008_760_0000.png,thumbs/cluster_22/010_cell_1761647797312_912349010008_760_0000.jpg
22,/home/wangqianqian/project/FS/data/28gusui&pizang/03/50/cell_1761648605049_912349010008_56876_0100.png,thumbs/cluster_22/011_cell_1761648605049_912349010008_56876_0100.jpg
22,/home/wangqianqian/project/FS/data/28gusui&pizang/03/41/cell_1761648066538_912349010008_11668_0000.png,thumbs/cluster_22/012_cell_1761648066538_912349010008_11668_0000.jpg
22,/home/wangqianqian/project/FS/data/28gusui&pizang/03/56/cell_1761648977692_912349010008_92920_0100.png,thumbs/cluster_22/013_cell_1761648977692_912349010008_92920_0100.jpg
22,/home/wangqianqian/project/FS/data/28gusui&pizang/03/56/cell_1761648965955_912349010008_91857_0100.png,thumbs/cluster_22/014_cell_1761648965955_912349010008_91857_0100.jpg
22,/home/wangqianqian/project/FS/data/28gusui&pizang/03/55/cell_1761648923083_912349010008_88119_0100.png,thumbs/cluster_22/015_cell_1761648923083_912349010008_88119_0100.jpg
22,/home/wangqianqian/project/FS/data/28gusui&pizang/03/47/cell_1761648433213_912349010008_41338_0100.png,thumbs/cluster_22/016_cell_1761648433213_912349010008_41338_0100.jpg
22,/home/wangqianqian/project/FS/data/28gusui&pizang/03/57/cell_1761649055781_912349010008_100451_0000.png,thumbs/cluster_22/017_cell_1761649055781_912349010008_100451_0000.jpg
22,/home/wangqianqian/project/FS/data/28gusui&pizang/03/42/cell_1761648137890_912349010008_16331_0000.png,thumbs/cluster_22/018_cell_1761648137890_912349010008_16331_0000.jpg
22,/home/wangqianqian/project/FS/data/28gusui&pizang/03/47/cell_1761648452684_912349010008_43181_0000.png,thumbs/cluster_22/019_cell_1761648452684_912349010008_43181_0000.jpg
22,/home/wangqianqian/project/FS/data/28gusui&pizang/03/48/cell_1761648482752_912349010008_45768_0000.png,thumbs/cluster_22/020_cell_1761648482752_912349010008_45768_0000.jpg
22,/home/wangqianqian/project/FS/data/28gusui&pizang/03/53/cell_1761648788380_912349010008_75195_0000.png,thumbs/cluster_22/021_cell_1761648788380_912349010008_75195_0000.jpg
22,/home/wangqianqian/project/FS/data/28gusui&pizang/03/51/cell_1761648673996_912349010008_63738_0100.png,thumbs/cluster_22/022_cell_1761648673996_912349010008_63738_0100.jpg
22,/home/wangqianqian/project/FS/data/28gusui&pizang/03/55/cell_1761648902046_912349010008_86461_0000.png,thumbs/cluster_22/023_cell_1761648902046_912349010008_86461_0000.jpg
22,/home/wangqianqian/project/FS/data/28gusui&pizang/03/50/cell_1761648625521_912349010008_58846_0100.png,thumbs/cluster_22/024_cell_1761648625521_912349010008_58846_0100.jpg
22,/home/wangqianqian/project/FS/data/28gusui&pizang/03/49/cell_1761648574421_912349010008_53846_0100.png,thumbs/cluster_22/025_cell_1761648574421_912349010008_53846_0100.jpg
22,/home/wangqianqian/project/FS/data/28gusui&pizang/03/49/cell_1761648561250_912349010008_52515_0100.png,thumbs/cluster_22/026_cell_1761648561250_912349010008_52515_0100.jpg
22,/home/wangqianqian/project/FS/data/28gusui&pizang/03/49/cell_1761648545315_912349010008_51069_0100.png,thumbs/cluster_22/027_cell_1761648545315_912349010008_51069_0100.jpg
22,/home/wangqianqian/project/FS/data/28gusui&pizang/03/51/cell_1761648691927_912349010008_65577_0000.png,thumbs/cluster_22/028_cell_1761648691927_912349010008_65577_0000.jpg
22,/home/wangqianqian/project/FS/data/28gusui&pizang/03/44/cell_1761648266495_912349010008_26464_0000.png,thumbs/cluster_22/029_cell_1761648266495_912349010008_26464_0000.jpg
22,/home/wangqianqian/project/FS/data/28gusui&pizang/03/51/cell_1761648709747_912349010008_67502_0000.png,thumbs/cluster_22/030_cell_1761648709747_912349010008_67502_0000.jpg
22,/home/wangqianqian/project/FS/data/28gusui&pizang/03/55/cell_1761648946461_912349010008_90209_0100.png,thumbs/cluster_22/031_cell_1761648946461_912349010008_90209_0100.jpg
22,/home/wangqianqian/project/FS/data/28gusui&pizang/03/45/cell_1761648319744_912349010008_31090_0100.png,thumbs/cluster_22/032_cell_1761648319744_912349010008_31090_0100.jpg
22,/home/wangqianqian/project/FS/data/28gusui&pizang/03/53/cell_1761648815169_912349010008_78099_0000.png,thumbs/cluster_22/033_cell_1761648815169_912349010008_78099_0000.jpg
22,/home/wangqianqian/project/FS/data/28gusui&pizang/03/45/cell_1761648304665_912349010008_29867_0100.png,thumbs/cluster_22/034_cell_1761648304665_912349010008_29867_0100.jpg
22,/home/wangqianqian/project/FS/data/28gusui&pizang/03/46/cell_1761648415982_912349010008_39670_0000.png,thumbs/cluster_22/035_cell_1761648415982_912349010008_39670_0000.jpg
22,/home/wangqianqian/project/FS/data/28gusui&pizang/03/43/cell_1761648205144_912349010008_21262_0000.png,thumbs/cluster_22/036_cell_1761648205144_912349010008_21262_0000.jpg
22,/home/wangqianqian/project/FS/data/28gusui&pizang/03/50/cell_1761648645742_912349010008_60936_0100.png,thumbs/cluster_22/037_cell_1761648645742_912349010008_60936_0100.jpg
22,/home/wangqianqian/project/FS/data/28gusui&pizang/03/50/cell_1761648648556_912349010008_61228_0100.png,thumbs/cluster_22/038_cell_1761648648556_912349010008_61228_0100.jpg
22,/home/wangqianqian/project/FS/data/28gusui&pizang/03/52/cell_1761648740295_912349010008_70535_0000.png,thumbs/cluster_22/039_cell_1761648740295_912349010008_70535_0000.jpg
22,/home/wangqianqian/project/FS/data/28gusui&pizang/03/42/cell_1761648163432_912349010008_18098_0000.png,thumbs/cluster_22/040_cell_1761648163432_912349010008_18098_0000.jpg
22,/home/wangqianqian/project/FS/data/28gusui&pizang/03/58/cell_1761649084781_912349010008_103453_0100.png,thumbs/cluster_22/041_cell_1761649084781_912349010008_103453_0100.jpg
22,/home/wangqianqian/project/FS/data/28gusui&pizang/03/41/cell_1761648084968_912349010008_12874_0000.png,thumbs/cluster_22/042_cell_1761648084968_912349010008_12874_0000.jpg
22,/home/wangqianqian/project/FS/data/28gusui&pizang/03/48/cell_1761648497492_912349010008_47032_0000.png,thumbs/cluster_22/043_cell_1761648497492_912349010008_47032_0000.jpg
22,/home/wangqianqian/project/FS/data/28gusui&pizang/03/52/cell_1761648741630_912349010008_70662_0100.png,thumbs/cluster_22/044_cell_1761648741630_912349010008_70662_0100.jpg
22,/home/wangqianqian/project/FS/data/28gusui&pizang/03/47/cell_1761648430114_912349010008_41023_0100.png,thumbs/cluster_22/045_cell_1761648430114_912349010008_41023_0100.jpg
22,/home/wangqianqian/project/FS/data/28gusui&pizang/03/58/cell_1761649098171_912349010008_104942_0100.png,thumbs/cluster_22/046_cell_1761649098171_912349010008_104942_0100.jpg
22,/home/wangqianqian/project/FS/data/28gusui&pizang/03/55/cell_1761648929518_912349010008_88767_0000.png,thumbs/cluster_22/047_cell_1761648929518_912349010008_88767_0000.jpg
22,/home/wangqianqian/project/FS/data/28gusui&pizang/03/44/cell_1761648292265_912349010008_28862_0000.png,thumbs/cluster_22/048_cell_1761648292265_912349010008_28862_0000.jpg
22,/home/wangqianqian/project/FS/data/28gusui&pizang/03/59/cell_1761649163474_912349010008_111801_0000.png,thumbs/cluster_22/049_cell_1761649163474_912349010008_111801_0000.jpg
22,/home/wangqianqian/project/FS/data/28gusui&pizang/03/58/cell_1761649124026_912349010008_107646_0100.png,thumbs/cluster_22/050_cell_1761649124026_912349010008_107646_0100.jpg
22,/home/wangqianqian/project/FS/data/28gusui&pizang/03/50/cell_1761648659010_912349010008_62288_0000.png,thumbs/cluster_22/051_cell_1761648659010_912349010008_62288_0000.jpg
22,/home/wangqianqian/project/FS/data/28gusui&pizang/03/43/cell_1761648187288_912349010008_19865_0000.png,thumbs/cluster_22/052_cell_1761648187288_912349010008_19865_0000.jpg
22,/home/wangqianqian/project/FS/data/28gusui&pizang/03/48/cell_1761648521626_912349010008_48943_0000.png,thumbs/cluster_22/053_cell_1761648521626_912349010008_48943_0000.jpg
22,/home/wangqianqian/project/FS/data/28gusui&pizang/03/43/cell_1761648237075_912349010008_23857_0100.png,thumbs/cluster_22/054_cell_1761648237075_912349010008_23857_0100.jpg
22,/home/wangqianqian/project/FS/data/28gusui&pizang/03/58/cell_1761649086450_912349010008_103647_0100.png,thumbs/cluster_22/055_cell_1761649086450_912349010008_103647_0100.jpg
22,/home/wangqianqian/project/FS/data/28gusui&pizang/03/36/cell_1761647779815_912349010008_387_0100.png,thumbs/cluster_22/056_cell_1761647779815_912349010008_387_0100.jpg
22,/home/wangqianqian/project/FS/data/28gusui&pizang/03/46/cell_1761648394758_912349010008_37781_0000.png,thumbs/cluster_22/057_cell_1761648394758_912349010008_37781_0000.jpg
22,/home/wangqianqian/project/FS/data/28gusui&pizang/03/57/cell_1761649045887_912349010008_99424_0100.png,thumbs/cluster_22/058_cell_1761649045887_912349010008_99424_0100.jpg
22,/home/wangqianqian/project/FS/data/28gusui&pizang/03/50/cell_1761648622322_912349010008_58524_0000.png,thumbs/cluster_22/059_cell_1761648622322_912349010008_58524_0000.jpg
22,/home/wangqianqian/project/FS/data/28gusui&pizang/03/51/cell_1761648688328_912349010008_65233_0000.png,thumbs/cluster_22/060_cell_1761648688328_912349010008_65233_0000.jpg
22,/home/wangqianqian/project/FS/data/28gusui&pizang/03/54/cell_1761648854432_912349010008_81885_0100.png,thumbs/cluster_22/061_cell_1761648854432_912349010008_81885_0100.jpg
22,/home/wangqianqian/project/FS/data/28gusui&pizang/03/50/cell_1761648654759_912349010008_61870_0000.png,thumbs/cluster_22/062_cell_1761648654759_912349010008_61870_0000.jpg
22,/home/wangqianqian/project/FS/data/28gusui&pizang/03/42/cell_1761648179025_912349010008_19259_0100.png,thumbs/cluster_22/063_cell_1761648179025_912349010008_19259_0100.jpg
22,/home/wangqianqian/project/FS/data/28gusui&pizang/03/48/cell_1761648535337_912349010008_50187_0100.png,thumbs/cluster_22/064_cell_1761648535337_912349010008_50187_0100.jpg
22,/home/wangqianqian/project/FS/data/28gusui&pizang/03/48/cell_1761648536967_912349010008_50311_0000.png,thumbs/cluster_22/065_cell_1761648536967_912349010008_50311_0000.jpg
22,/home/wangqianqian/project/FS/data/28gusui&pizang/03/49/cell_1761648589104_912349010008_55193_0000.png,thumbs/cluster_22/066_cell_1761648589104_912349010008_55193_0000.jpg
22,/home/wangqianqian/project/FS/data/28gusui&pizang/03/56/cell_1761649012728_912349010008_96166_0000.png,thumbs/cluster_22/067_cell_1761649012728_912349010008_96166_0000.jpg
22,/home/wangqianqian/project/FS/data/28gusui&pizang/03/56/cell_1761648974532_912349010008_92639_0000.png,thumbs/cluster_22/068_cell_1761648974532_912349010008_92639_0000.jpg
22,/home/wangqianqian/project/FS/data/28gusui&pizang/03/49/cell_1761648546894_912349010008_51218_0000.png,thumbs/cluster_22/069_cell_1761648546894_912349010008_51218_0000.jpg
22,/home/wangqianqian/project/FS/data/28gusui&pizang/03/38/cell_1761647901261_912349010008_4474_0000.png,thumbs/cluster_22/070_cell_1761647901261_912349010008_4474_0000.jpg
22,/home/wangqianqian/project/FS/data/28gusui&pizang/03/47/cell_1761648477639_912349010008_45328_0000.png,thumbs/cluster_22/071_cell_1761648477639_912349010008_45328_0000.jpg
22,/home/wangqianqian/project/FS/data/28gusui&pizang/03/54/cell_1761648876998_912349010008_84177_0100.png,thumbs/cluster_22/072_cell_1761648876998_912349010008_84177_0100.jpg
22,/home/wangqianqian/project/FS/data/28gusui&pizang/03/58/cell_1761649088786_912349010008_103913_0000.png,thumbs/cluster_22/073_cell_1761649088786_912349010008_103913_0000.jpg
22,/home/wangqianqian/project/FS/data/28gusui&pizang/03/58/cell_1761649108847_912349010008_106045_0100.png,thumbs/cluster_22/074_cell_1761649108847_912349010008_106045_0100.jpg
22,/home/wangqianqian/project/FS/data/28gusui&pizang/03/48/cell_1761648495012_912349010008_46828_0000.png,thumbs/cluster_22/075_cell_1761648495012_912349010008_46828_0000.jpg
22,/home/wangqianqian/project/FS/data/28gusui&pizang/03/56/cell_1761648979320_912349010008_93046_0000.png,thumbs/cluster_22/076_cell_1761648979320_912349010008_93046_0000.jpg
22,/home/wangqianqian/project/FS/data/28gusui&pizang/03/54/cell_1761648883553_912349010008_84816_0000.png,thumbs/cluster_22/077_cell_1761648883553_912349010008_84816_0000.jpg
22,/home/wangqianqian/project/FS/data/28gusui&pizang/03/49/cell_1761648592081_912349010008_55513_0000.png,thumbs/cluster_22/078_cell_1761648592081_912349010008_55513_0000.jpg
22,/home/wangqianqian/project/FS/data/28gusui&pizang/03/53/cell_1761648804967_912349010008_77059_0100.png,thumbs/cluster_22/079_cell_1761648804967_912349010008_77059_0100.jpg
22,/home/wangqianqian/project/FS/data/28gusui&pizang/03/53/cell_1761648839436_912349010008_80358_0000.png,thumbs/cluster_22/080_cell_1761648839436_912349010008_80358_0000.jpg
22,/home/wangqianqian/project/FS/data/28gusui&pizang/03/59/cell_1761649172602_912349010008_112787_0000.png,thumbs/cluster_22/081_cell_1761649172602_912349010008_112787_0000.jpg
22,/home/wangqianqian/project/FS/data/28gusui&pizang/03/47/cell_1761648465805_912349010008_44298_0000.png,thumbs/cluster_22/082_cell_1761648465805_912349010008_44298_0000.jpg
22,/home/wangqianqian/project/FS/data/28gusui&pizang/03/58/cell_1761649102191_912349010008_105336_0000.png,thumbs/cluster_22/083_cell_1761649102191_912349010008_105336_0000.jpg
22,/home/wangqianqian/project/FS/data/28gusui&pizang/03/45/cell_1761648347331_912349010008_33591_0000.png,thumbs/cluster_22/084_cell_1761648347331_912349010008_33591_0000.jpg
22,/home/wangqianqian/project/FS/data/28gusui&pizang/03/55/cell_1761648938080_912349010008_89492_0000.png,thumbs/cluster_22/085_cell_1761648938080_912349010008_89492_0000.jpg
22,/home/wangqianqian/project/FS/data/28gusui&pizang/03/40/cell_1761648048356_912349010008_10649_0100.png,thumbs/cluster_22/086_cell_1761648048356_912349010008_10649_0100.jpg
22,/home/wangqianqian/project/FS/data/28gusui&pizang/03/57/cell_1761649050006_912349010008_99845_0100.png,thumbs/cluster_22/087_cell_1761649050006_912349010008_99845_0100.jpg
22,/home/wangqianqian/project/FS/data/28gusui&pizang/03/45/cell_1761648314741_912349010008_30709_0000.png,thumbs/cluster_22/088_cell_1761648314741_912349010008_30709_0000.jpg
22,/home/wangqianqian/project/FS/data/28gusui&pizang/03/58/cell_1761649112884_912349010008_106515_0000.png,thumbs/cluster_22/089_cell_1761649112884_912349010008_106515_0000.jpg
22,/home/wangqianqian/project/FS/data/28gusui&pizang/03/56/cell_1761648976877_912349010008_92841_0100.png,thumbs/cluster_22/090_cell_1761648976877_912349010008_92841_0100.jpg
22,/home/wangqianqian/project/FS/data/28gusui&pizang/03/50/cell_1761648617158_912349010008_58033_0000.png,thumbs/cluster_22/091_cell_1761648617158_912349010008_58033_0000.jpg
22,/home/wangqianqian/project/FS/data/28gusui&pizang/03/45/cell_1761648350004_912349010008_33833_0100.png,thumbs/cluster_22/092_cell_1761648350004_912349010008_33833_0100.jpg
22,/home/wangqianqian/project/FS/data/28gusui&pizang/03/58/cell_1761649133816_912349010008_108648_0000.png,thumbs/cluster_22/093_cell_1761649133816_912349010008_108648_0000.jpg
22,/home/wangqianqian/project/FS/data/28gusui&pizang/03/53/cell_1761648815037_912349010008_78082_0100.png,thumbs/cluster_22/094_cell_1761648815037_912349010008_78082_0100.jpg
22,/home/wangqianqian/project/FS/data/28gusui&pizang/03/41/cell_1761648076739_912349010008_12267_0000.png,thumbs/cluster_22/095_cell_1761648076739_912349010008_12267_0000.jpg
22,/home/wangqianqian/project/FS/data/28gusui&pizang/03/44/cell_1761648299016_912349010008_29411_0100.png,thumbs/cluster_22/096_cell_1761648299016_912349010008_29411_0100.jpg
22,/home/wangqianqian/project/FS/data/28gusui&pizang/03/57/cell_1761649059061_912349010008_100816_0000.png,thumbs/cluster_22/097_cell_1761649059061_912349010008_100816_0000.jpg
22,/home/wangqianqian/project/FS/data/28gusui&pizang/03/51/cell_1761648671757_912349010008_63518_0000.png,thumbs/cluster_22/098_cell_1761648671757_912349010008_63518_0000.jpg
22,/home/wangqianqian/project/FS/data/28gusui&pizang/03/58/cell_1761649091752_912349010008_104284_0100.png,thumbs/cluster_22/099_cell_1761649091752_912349010008_104284_0100.jpg
23,/home/wangqianqian/project/FS/data/28gusui&pizang/03/57/cell_1761649042074_912349010008_98996_0000.png,thumbs/cluster_23/000_cell_1761649042074_912349010008_98996_0000.jpg
23,/home/wangqianqian/project/FS/data/28gusui&pizang/03/41/cell_1761648117883_912349010008_14904_0000.png,thumbs/cluster_23/001_cell_1761648117883_912349010008_14904_0000.jpg
23,/home/wangqianqian/project/FS/data/28gusui&pizang/03/50/cell_1761648639564_912349010008_60276_0000.png,thumbs/cluster_23/002_cell_1761648639564_912349010008_60276_0000.jpg
23,/home/wangqianqian/project/FS/data/28gusui&pizang/03/48/cell_1761648518837_912349010008_48740_0000.png,thumbs/cluster_23/003_cell_1761648518837_912349010008_48740_0000.jpg
23,/home/wangqianqian/project/FS/data/28gusui&pizang/03/40/cell_1761648030803_912349010008_9823_0000.png,thumbs/cluster_23/004_cell_1761648030803_912349010008_9823_0000.jpg
23,/home/wangqianqian/project/FS/data/28gusui&pizang/03/55/cell_1761648900171_912349010008_86300_0000.png,thumbs/cluster_23/005_cell_1761648900171_912349010008_86300_0000.jpg
23,/home/wangqianqian/project/FS/data/28gusui&pizang/03/49/cell_1761648578721_912349010008_54209_0100.png,thumbs/cluster_23/006_cell_1761648578721_912349010008_54209_0100.jpg
23,/home/wangqianqian/project/FS/data/28gusui&pizang/03/50/cell_1761648609640_912349010008_57279_0100.png,thumbs/cluster_23/007_cell_1761648609640_912349010008_57279_0100.jpg
23,/home/wangqianqian/project/FS/data/28gusui&pizang/03/53/cell_1761648835697_912349010008_80019_0000.png,thumbs/cluster_23/008_cell_1761648835697_912349010008_80019_0000.jpg
23,/home/wangqianqian/project/FS/data/28gusui&pizang/03/53/cell_1761648787059_912349010008_75042_0000.png,thumbs/cluster_23/009_cell_1761648787059_912349010008_75042_0000.jpg
23,/home/wangqianqian/project/FS/data/28gusui&pizang/03/55/cell_1761648910703_912349010008_87151_0000.png,thumbs/cluster_23/010_cell_1761648910703_912349010008_87151_0000.jpg
23,/home/wangqianqian/project/FS/data/28gusui&pizang/03/48/cell_1761648509435_912349010008_48036_0100.png,thumbs/cluster_23/011_cell_1761648509435_912349010008_48036_0100.jpg
23,/home/wangqianqian/project/FS/data/28gusui&pizang/03/55/cell_1761648958564_912349010008_91227_0100.png,thumbs/cluster_23/012_cell_1761648958564_912349010008_91227_0100.jpg
23,/home/wangqianqian/project/FS/data/28gusui&pizang/03/53/cell_1761648806438_912349010008_77202_0000.png,thumbs/cluster_23/013_cell_1761648806438_912349010008_77202_0000.jpg
23,/home/wangqianqian/project/FS/data/28gusui&pizang/03/53/cell_1761648828454_912349010008_79347_0000.png,thumbs/cluster_23/014_cell_1761648828454_912349010008_79347_0000.jpg
23,/home/wangqianqian/project/FS/data/28gusui&pizang/03/47/cell_1761648469782_912349010008_44631_0000.png,thumbs/cluster_23/015_cell_1761648469782_912349010008_44631_0000.jpg
23,/home/wangqianqian/project/FS/data/28gusui&pizang/03/48/cell_1761648537886_912349010008_50399_0100.png,thumbs/cluster_23/016_cell_1761648537886_912349010008_50399_0100.jpg
23,/home/wangqianqian/project/FS/data/28gusui&pizang/03/47/cell_1761648478803_912349010008_45410_0000.png,thumbs/cluster_23/017_cell_1761648478803_912349010008_45410_0000.jpg
23,/home/wangqianqian/project/FS/data/28gusui&pizang/03/44/cell_1761648257436_912349010008_25654_0000.png,thumbs/cluster_23/018_cell_1761648257436_912349010008_25654_0000.jpg
23,/home/wangqianqian/project/FS/data/28gusui&pizang/03/51/cell_1761648673885_912349010008_63723_0100.png,thumbs/cluster_23/019_cell_1761648673885_912349010008_63723_0100.jpg
23,/home/wangqianqian/project/FS/data/28gusui&pizang/03/41/cell_1761648108738_912349010008_14325_0000.png,thumbs/cluster_23/020_cell_1761648108738_912349010008_14325_0000.jpg
23,/home/wangqianqian/project/FS/data/28gusui&pizang/03/51/cell_1761648686883_912349010008_65063_0100.png,thumbs/cluster_23/021_cell_1761648686883_912349010008_65063_0100.jpg
23,/home/wangqianqian/project/FS/data/28gusui&pizang/03/46/cell_1761648409268_912349010008_39045_0000.png,thumbs/cluster_23/022_cell_1761648409268_912349010008_39045_0000.jpg
23,/home/wangqianqian/project/FS/data/28gusui&pizang/03/56/cell_1761648997192_912349010008_94741_0000.png,thumbs/cluster_23/023_cell_1761648997192_912349010008_94741_0000.jpg
23,/home/wangqianqian/project/FS/data/28gusui&pizang/03/40/cell_1761648056272_912349010008_11057_0000.png,thumbs/cluster_23/024_cell_1761648056272_912349010008_11057_0000.jpg
23,/home/wangqianqian/project/FS/data/28gusui&pizang/03/44/cell_1761648260374_912349010008_25910_0100.png,thumbs/cluster_23/025_cell_1761648260374_912349010008_25910_0100.jpg
23,/home/wangqianqian/project/FS/data/28gusui&pizang/03/54/cell_1761648876442_912349010008_84115_0000.png,thumbs/cluster_23/026_cell_1761648876442_912349010008_84115_0000.jpg
23,/home/wangqianqian/project/FS/data/28gusui&pizang/03/42/cell_1761648175170_912349010008_18990_0000.png,thumbs/cluster_23/027_cell_1761648175170_912349010008_18990_0000.jpg
23,/home/wangqianqian/project/FS/data/28gusui&pizang/03/43/cell_1761648227556_912349010008_23059_0100.png,thumbs/cluster_23/028_cell_1761648227556_912349010008_23059_0100.jpg
23,/home/wangqianqian/project/FS/data/28gusui&pizang/03/40/cell_1761648034159_912349010008_10003_0000.png,thumbs/cluster_23/029_cell_1761648034159_912349010008_10003_0000.jpg
23,/home/wangqianqian/project/FS/data/28gusui&pizang/03/53/cell_1761648781847_912349010008_74488_0100.png,thumbs/cluster_23/030_cell_1761648781847_912349010008_74488_0100.jpg
23,/home/wangqianqian/project/FS/data/28gusui&pizang/03/49/cell_1761648598148_912349010008_56212_0000.png,thumbs/cluster_23/031_cell_1761648598148_912349010008_56212_0000.jpg
23,/home/wangqianqian/project/FS/data/28gusui&pizang/03/49/cell_1761648598967_912349010008_56284_0000.png,thumbs/cluster_23/032_cell_1761648598967_912349010008_56284_0000.jpg
23,/home/wangqianqian/project/FS/data/28gusui&pizang/03/58/cell_1761649104146_912349010008_105524_0000.png,thumbs/cluster_23/033_cell_1761649104146_912349010008_105524_0000.jpg
23,/home/wangqianqian/project/FS/data/28gusui&pizang/03/42/cell_1761648152881_912349010008_17409_0100.png,thumbs/cluster_23/034_cell_1761648152881_912349010008_17409_0100.jpg
23,/home/wangqianqian/project/FS/data/28gusui&pizang/03/39/cell_1761647983548_912349010008_7507_0000.png,thumbs/cluster_23/035_cell_1761647983548_912349010008_7507_0000.jpg
23,/home/wangqianqian/project/FS/data/28gusui&pizang/03/56/cell_1761648998721_912349010008_94878_0000.png,thumbs/cluster_23/036_cell_1761648998721_912349010008_94878_0000.jpg
23,/home/wangqianqian/project/FS/data/28gusui&pizang/03/59/cell_1761649147773_912349010008_110099_0000.png,thumbs/cluster_23/037_cell_1761649147773_912349010008_110099_0000.jpg
23,/home/wangqianqian/project/FS/data/28gusui&pizang/03/57/cell_1761649051764_912349010008_100021_0000.png,thumbs/cluster_23/038_cell_1761649051764_912349010008_100021_0000.jpg
23,/home/wangqianqian/project/FS/data/28gusui&pizang/03/49/cell_1761648555933_912349010008_52038_0000.png,thumbs/cluster_23/039_cell_1761648555933_912349010008_52038_0000.jpg
23,/home/wangqianqian/project/FS/data/28gusui&pizang/03/47/cell_1761648431339_912349010008_41149_0000.png,thumbs/cluster_23/040_cell_1761648431339_912349010008_41149_0000.jpg
23,/home/wangqianqian/project/FS/data/28gusui&pizang/03/39/cell_1761647964280_912349010008_6749_0100.png,thumbs/cluster_23/041_cell_1761647964280_912349010008_6749_0100.jpg
23,/home/wangqianqian/project/FS/data/28gusui&pizang/03/48/cell_1761648489071_912349010008_46320_0000.png,thumbs/cluster_23/042_cell_1761648489071_912349010008_46320_0000.jpg
23,/home/wangqianqian/project/FS/data/28gusui&pizang/03/45/cell_1761648311220_912349010008_30425_0000.png,thumbs/cluster_23/043_cell_1761648311220_912349010008_30425_0000.jpg
23,/home/wangqianqian/project/FS/data/28gusui&pizang/03/36/cell_1761647782789_912349010008_436_0000.png,thumbs/cluster_23/044_cell_1761647782789_912349010008_436_0000.jpg
23,/home/wangqianqian/project/FS/data/28gusui&pizang/03/46/cell_1761648361351_912349010008_34873_0100.png,thumbs/cluster_23/045_cell_1761648361351_912349010008_34873_0100.jpg
23,/home/wangqianqian/project/FS/data/28gusui&pizang/03/55/cell_1761648944351_912349010008_90006_0000.png,thumbs/cluster_23/046_cell_1761648944351_912349010008_90006_0000.jpg
23,/home/wangqianqian/project/FS/data/28gusui&pizang/03/55/cell_1761648925637_912349010008_88388_0000.png,thumbs/cluster_23/047_cell_1761648925637_912349010008_88388_0000.jpg
23,/home/wangqianqian/project/FS/data/28gusui&pizang/03/43/cell_1761648237006_912349010008_23846_0000.png,thumbs/cluster_23/048_cell_1761648237006_912349010008_23846_0000.jpg
23,/home/wangqianqian/project/FS/data/28gusui&pizang/03/38/cell_1761647900141_912349010008_4451_0100.png,thumbs/cluster_23/049_cell_1761647900141_912349010008_4451_0100.jpg
23,/home/wangqianqian/project/FS/data/28gusui&pizang/03/57/cell_1761649050051_912349010008_99855_0000.png,thumbs/cluster_23/050_cell_1761649050051_912349010008_99855_0000.jpg
23,/home/wangqianqian/project/FS/data/28gusui&pizang/03/56/cell_1761648973883_912349010008_92588_0000.png,thumbs/cluster_23/051_cell_1761648973883_912349010008_92588_0000.jpg
23,/home/wangqianqian/project/FS/data/28gusui&pizang/03/54/cell_1761648854587_912349010008_81906_0000.png,thumbs/cluster_23/052_cell_1761648854587_912349010008_81906_0000.jpg
23,/home/wangqianqian/project/FS/data/28gusui&pizang/03/44/cell_1761648265036_912349010008_26334_0000.png,thumbs/cluster_23/053_cell_1761648265036_912349010008_26334_0000.jpg
23,/home/wangqianqian/project/FS/data/28gusui&pizang/03/42/cell_1761648168203_912349010008_18468_0000.png,thumbs/cluster_23/054_cell_1761648168203_912349010008_18468_0000.jpg
23,/home/wangqianqian/project/FS/data/28gusui&pizang/03/58/cell_1761649127139_912349010008_107956_0000.png,thumbs/cluster_23/055_cell_1761649127139_912349010008_107956_0000.jpg
23,/home/wangqianqian/project/FS/data/28gusui&pizang/03/49/cell_1761648555926_912349010008_52037_0100.png,thumbs/cluster_23/056_cell_1761648555926_912349010008_52037_0100.jpg
23,/home/wangqianqian/project/FS/data/28gusui&pizang/03/38/cell_1761647915572_912349010008_4902_0000.png,thumbs/cluster_23/057_cell_1761647915572_912349010008_4902_0000.jpg
23,/home/wangqianqian/project/FS/data/28gusui&pizang/03/52/cell_1761648770509_912349010008_73428_0000.png,thumbs/cluster_23/058_cell_1761648770509_912349010008_73428_0000.jpg
23,/home/wangqianqian/project/FS/data/28gusui&pizang/03/50/cell_1761648618622_912349010008_58182_0000.png,thumbs/cluster_23/059_cell_1761648618622_912349010008_58182_0000.jpg
23,/home/wangqianqian/project/FS/data/28gusui&pizang/03/51/cell_1761648717835_912349010008_68309_0000.png,thumbs/cluster_23/060_cell_1761648717835_912349010008_68309_0000.jpg
23,/home/wangqianqian/project/FS/data/28gusui&pizang/03/50/cell_1761648613691_912349010008_57684_0100.png,thumbs/cluster_23/061_cell_1761648613691_912349010008_57684_0100.jpg
23,/home/wangqianqian/project/FS/data/28gusui&pizang/03/48/cell_1761648494815_912349010008_46810_0000.png,thumbs/cluster_23/062_cell_1761648494815_912349010008_46810_0000.jpg
23,/home/wangqianqian/project/FS/data/28gusui&pizang/03/49/cell_1761648548305_912349010008_51364_0000.png,thumbs/cluster_23/063_cell_1761648548305_912349010008_51364_0000.jpg
23,/home/wangqianqian/project/FS/data/28gusui&pizang/03/39/cell_1761647983548_912349010008_7508_0000.png,thumbs/cluster_23/064_cell_1761647983548_912349010008_7508_0000.jpg
23,/home/wangqianqian/project/FS/data/28gusui&pizang/03/55/cell_1761648900307_912349010008_86323_0000.png,thumbs/cluster_23/065_cell_1761648900307_912349010008_86323_0000.jpg
23,/home/wangqianqian/project/FS/data/28gusui&pizang/03/41/cell_1761648112124_912349010008_14518_0100.png,thumbs/cluster_23/066_cell_1761648112124_912349010008_14518_0100.jpg
23,/home/wangqianqian/project/FS/data/28gusui&pizang/03/47/cell_1761648471101_912349010008_44745_0000.png,thumbs/cluster_23/067_cell_1761648471101_912349010008_44745_0000.jpg
23,/home/wangqianqian/project/FS/data/28gusui&pizang/03/51/cell_1761648699706_912349010008_66420_0000.png,thumbs/cluster_23/068_cell_1761648699706_912349010008_66420_0000.jpg
23,/home/wangqianqian/project/FS/data/28gusui&pizang/03/47/cell_1761648448885_912349010008_42858_0000.png,thumbs/cluster_23/069_cell_1761648448885_912349010008_42858_0000.jpg
23,/home/wangqianqian/project/FS/data/28gusui&pizang/03/55/cell_1761648948572_912349010008_90365_0000.png,thumbs/cluster_23/070_cell_1761648948572_912349010008_90365_0000.jpg
23,/home/wangqianqian/project/FS/data/28gusui&pizang/03/46/cell_1761648392779_912349010008_37576_0000.png,thumbs/cluster_23/071_cell_1761648392779_912349010008_37576_0000.jpg
23,/home/wangqianqian/project/FS/data/28gusui&pizang/03/54/cell_1761648863501_912349010008_82831_0000.png,thumbs/cluster_23/072_cell_1761648863501_912349010008_82831_0000.jpg
23,/home/wangqianqian/project/FS/data/28gusui&pizang/03/48/cell_1761648511322_912349010008_48137_0000.png,thumbs/cluster_23/073_cell_1761648511322_912349010008_48137_0000.jpg
23,/home/wangqianqian/project/FS/data/28gusui&pizang/03/43/cell_1761648207705_912349010008_21506_0000.png,thumbs/cluster_23/074_cell_1761648207705_912349010008_21506_0000.jpg
23,/home/wangqianqian/project/FS/data/28gusui&pizang/03/52/cell_1761648752674_912349010008_71743_0100.png,thumbs/cluster_23/075_cell_1761648752674_912349010008_71743_0100.jpg
23,/home/wangqianqian/project/FS/data/28gusui&pizang/03/50/cell_1761648657999_912349010008_62171_0000.png,thumbs/cluster_23/076_cell_1761648657999_912349010008_62171_0000.jpg
23,/home/wangqianqian/project/FS/data/28gusui&pizang/03/52/cell_1761648744194_912349010008_70929_0000.png,thumbs/cluster_23/077_cell_1761648744194_912349010008_70929_0000.jpg
23,/home/wangqianqian/project/FS/data/28gusui&pizang/03/47/cell_1761648466487_912349010008_44372_0100.png,thumbs/cluster_23/078_cell_1761648466487_912349010008_44372_0100.jpg
23,/home/wangqianqian/project/FS/data/28gusui&pizang/03/45/cell_1761648343129_912349010008_33203_0000.png,thumbs/cluster_23/079_cell_1761648343129_912349010008_33203_0000.jpg
23,/home/wangqianqian/project/FS/data/28gusui&pizang/03/55/cell_1761648935798_912349010008_89312_0000.png,thumbs/cluster_23/080_cell_1761648935798_912349010008_89312_0000.jpg
23,/home/wangqianqian/project/FS/data/28gusui&pizang/03/41/cell_1761648104464_912349010008_14082_0000.png,thumbs/cluster_23/081_cell_1761648104464_912349010008_14082_0000.jpg
23,/home/wangqianqian/project/FS/data/28gusui&pizang/03/50/cell_1761648624862_912349010008_58768_0000.png,thumbs/cluster_23/082_cell_1761648624862_912349010008_58768_0000.jpg
23,/home/wangqianqian/project/FS/data/28gusui&pizang/03/50/cell_1761648605180_912349010008_56891_0000.png,thumbs/cluster_23/083_cell_1761648605180_912349010008_56891_0000.jpg
23,/home/wangqianqian/project/FS/data/28gusui&pizang/03/53/cell_1761648832711_912349010008_79720_0000.png,thumbs/cluster_23/084_cell_1761648832711_912349010008_79720_0000.jpg
23,/home/wangqianqian/project/FS/data/28gusui&pizang/03/53/cell_1761648803053_912349010008_76821_0000.png,thumbs/cluster_23/085_cell_1761648803053_912349010008_76821_0000.jpg
23,/home/wangqianqian/project/FS/data/28gusui&pizang/03/59/cell_1761649165801_912349010008_112065_0100.png,thumbs/cluster_23/086_cell_1761649165801_912349010008_112065_0100.jpg
23,/home/wangqianqian/project/FS/data/28gusui&pizang/03/51/cell_1761648689081_912349010008_65296_0000.png,thumbs/cluster_23/087_cell_1761648689081_912349010008_65296_0000.jpg
23,/home/wangqianqian/project/FS/data/28gusui&pizang/03/49/cell_1761648593218_912349010008_55613_0000.png,thumbs/cluster_23/088_cell_1761648593218_912349010008_55613_0000.jpg
23,/home/wangqianqian/project/FS/data/28gusui&pizang/03/51/cell_1761648709087_912349010008_67414_0000.png,thumbs/cluster_23/089_cell_1761648709087_912349010008_67414_0000.jpg
23,/home/wangqianqian/project/FS/data/28gusui&pizang/03/41/cell_1761648099873_912349010008_13835_0000.png,thumbs/cluster_23/090_cell_1761648099873_912349010008_13835_0000.jpg
23,/home/wangqianqian/project/FS/data/28gusui&pizang/03/58/cell_1761649113369_912349010008_106564_0000.png,thumbs/cluster_23/091_cell_1761649113369_912349010008_106564_0000.jpg
23,/home/wangqianqian/project/FS/data/28gusui&pizang/03/47/cell_1761648424848_912349010008_40526_0000.png,thumbs/cluster_23/092_cell_1761648424848_912349010008_40526_0000.jpg
23,/home/wangqianqian/project/FS/data/28gusui&pizang/03/42/cell_1761648141943_912349010008_16639_0000.png,thumbs/cluster_23/093_cell_1761648141943_912349010008_16639_0000.jpg
23,/home/wangqianqian/project/FS/data/28gusui&pizang/03/56/cell_1761649013796_912349010008_96245_0000.png,thumbs/cluster_23/094_cell_1761649013796_912349010008_96245_0000.jpg
23,/home/wangqianqian/project/FS/data/28gusui&pizang/03/54/cell_1761648843298_912349010008_80759_0100.png,thumbs/cluster_23/095_cell_1761648843298_912349010008_80759_0100.jpg
23,/home/wangqianqian/project/FS/data/28gusui&pizang/03/51/cell_1761648702987_912349010008_66732_0100.png,thumbs/cluster_23/096_cell_1761648702987_912349010008_66732_0100.jpg
23,/home/wangqianqian/project/FS/data/28gusui&pizang/03/48/cell_1761648524762_912349010008_49214_0000.png,thumbs/cluster_23/097_cell_1761648524762_912349010008_49214_0000.jpg
23,/home/wangqianqian/project/FS/data/28gusui&pizang/03/55/cell_1761648912429_912349010008_87285_0000.png,thumbs/cluster_23/098_cell_1761648912429_912349010008_87285_0000.jpg
23,/home/wangqianqian/project/FS/data/28gusui&pizang/03/46/cell_1761648396500_912349010008_37925_0000.png,thumbs/cluster_23/099_cell_1761648396500_912349010008_37925_0000.jpg
24,/home/wangqianqian/project/FS/data/28gusui&pizang/03/41/cell_1761648076962_912349010008_12292_0100.png,thumbs/cluster_24/000_cell_1761648076962_912349010008_12292_0100.jpg
24,/home/wangqianqian/project/FS/data/28gusui&pizang/03/38/cell_1761647929131_912349010008_5328_0000.png,thumbs/cluster_24/001_cell_1761647929131_912349010008_5328_0000.jpg
24,/home/wangqianqian/project/FS/data/28gusui&pizang/03/58/cell_1761649137749_912349010008_109052_0000.png,thumbs/cluster_24/002_cell_1761649137749_912349010008_109052_0000.jpg
24,/home/wangqianqian/project/FS/data/28gusui&pizang/03/58/cell_1761649103720_912349010008_105468_0000.png,thumbs/cluster_24/003_cell_1761649103720_912349010008_105468_0000.jpg
24,/home/wangqianqian/project/FS/data/28gusui&pizang/03/42/cell_1761648146405_912349010008_16970_0000.png,thumbs/cluster_24/004_cell_1761648146405_912349010008_16970_0000.jpg
24,/home/wangqianqian/project/FS/data/28gusui&pizang/03/51/cell_1761648702023_912349010008_66621_0100.png,thumbs/cluster_24/005_cell_1761648702023_912349010008_66621_0100.jpg
24,/home/wangqianqian/project/FS/data/28gusui&pizang/03/58/cell_1761649113121_912349010008_106540_0100.png,thumbs/cluster_24/006_cell_1761649113121_912349010008_106540_0100.jpg
24,/home/wangqianqian/project/FS/data/28gusui&pizang/03/57/cell_1761649062059_912349010008_101124_0000.png,thumbs/cluster_24/007_cell_1761649062059_912349010008_101124_0000.jpg
24,/home/wangqianqian/project/FS/data/28gusui&pizang/03/49/cell_1761648567374_912349010008_53132_0100.png,thumbs/cluster_24/008_cell_1761648567374_912349010008_53132_0100.jpg
24,/home/wangqianqian/project/FS/data/28gusui&pizang/03/59/cell_1761649164503_912349010008_111899_0000.png,thumbs/cluster_24/009_cell_1761649164503_912349010008_111899_0000.jpg
24,/home/wangqianqian/project/FS/data/28gusui&pizang/03/52/cell_1761648751892_912349010008_71660_0100.png,thumbs/cluster_24/010_cell_1761648751892_912349010008_71660_0100.jpg
24,/home/wangqianqian/project/FS/data/28gusui&pizang/03/58/cell_1761649101151_912349010008_105245_0100.png,thumbs/cluster_24/011_cell_1761649101151_912349010008_105245_0100.jpg
24,/home/wangqianqian/project/FS/data/28gusui&pizang/03/55/cell_1761648917883_912349010008_87702_0000.png,thumbs/cluster_24/012_cell_1761648917883_912349010008_87702_0000.jpg
24,/home/wangqianqian/project/FS/data/28gusui&pizang/03/43/cell_1761648229316_912349010008_23204_0100.png,thumbs/cluster_24/013_cell_1761648229316_912349010008_23204_0100.jpg
24,/home/wangqianqian/project/FS/data/28gusui&pizang/03/47/cell_1761648431147_912349010008_41136_0100.png,thumbs/cluster_24/014_cell_1761648431147_912349010008_41136_0100.jpg
24,/home/wangqianqian/project/FS/data/28gusui&pizang/03/51/cell_1761648666766_912349010008_63056_0000.png,thumbs/cluster_24/015_cell_1761648666766_912349010008_63056_0000.jpg
24,/home/wangqianqian/project/FS/data/28gusui&pizang/03/45/cell_1761648308083_912349010008_30152_0100.png,thumbs/cluster_24/016_cell_1761648308083_912349010008_30152_0100.jpg
24,/home/wangqianqian/project/FS/data/28gusui&pizang/03/53/cell_1761648814451_912349010008_78014_0100.png,thumbs/cluster_24/017_cell_1761648814451_912349010008_78014_0100.jpg
24,/home/wangqianqian/project/FS/data/28gusui&pizang/03/44/cell_1761648275482_912349010008_27369_0000.png,thumbs/cluster_24/018_cell_1761648275482_912349010008_27369_0000.jpg
24,/home/wangqianqian/project/FS/data/28gusui&pizang/03/57/cell_1761649078038_912349010008_102756_0000.png,thumbs/cluster_24/019_cell_1761649078038_912349010008_102756_0000.jpg
24,/home/wangqianqian/project/FS/data/28gusui&pizang/03/59/cell_1761649174626_912349010008_113006_0100.png,thumbs/cluster_24/020_cell_1761649174626_912349010008_113006_0100.jpg
24,/home/wangqianqian/project/FS/data/28gusui&pizang/03/38/cell_1761647927736_912349010008_5256_0000.png,thumbs/cluster_24/021_cell_1761647927736_912349010008_5256_0000.jpg
24,/home/wangqianqian/project/FS/data/28gusui&pizang/03/53/cell_1761648803280_912349010008_76851_0000.png,thumbs/cluster_24/022_cell_1761648803280_912349010008_76851_0000.jpg
24,/home/wangqianqian/project/FS/data/28gusui&pizang/03/45/cell_1761648347305_912349010008_33586_0000.png,thumbs/cluster_24/023_cell_1761648347305_912349010008_33586_0000.jpg
24,/home/wangqianqian/project/FS/data/28gusui&pizang/03/49/cell_1761648570009_912349010008_53371_0100.png,thumbs/cluster_24/024_cell_1761648570009_912349010008_53371_0100.jpg
24,/home/wangqianqian/project/FS/data/28gusui&pizang/03/52/cell_1761648728859_912349010008_69361_0000.png,thumbs/cluster_24/025_cell_1761648728859_912349010008_69361_0000.jpg
24,/home/wangqianqian/project/FS/data/28gusui&pizang/03/51/cell_1761648698860_912349010008_66318_0000.png,thumbs/cluster_24/026_cell_1761648698860_912349010008_66318_0000.jpg
24,/home/wangqianqian/project/FS/data/28gusui&pizang/03/46/cell_1761648412029_912349010008_39291_0100.png,thumbs/cluster_24/027_cell_1761648412029_912349010008_39291_0100.jpg
24,/home/wangqianqian/project/FS/data/28gusui&pizang/03/47/cell_1761648467050_912349010008_44410_0100.png,thumbs/cluster_24/028_cell_1761648467050_912349010008_44410_0100.jpg
24,/home/wangqianqian/project/FS/data/28gusui&pizang/03/53/cell_1761648829228_912349010008_79409_0000.png,thumbs/cluster_24/029_cell_1761648829228_912349010008_79409_0000.jpg
24,/home/wangqianqian/project/FS/data/28gusui&pizang/03/54/cell_1761648862684_912349010008_82762_0100.png,thumbs/cluster_24/030_cell_1761648862684_912349010008_82762_0100.jpg
24,/home/wangqianqian/project/FS/data/28gusui&pizang/03/49/cell_1761648569724_912349010008_53332_0000.png,thumbs/cluster_24/031_cell_1761648569724_912349010008_53332_0000.jpg
24,/home/wangqianqian/project/FS/data/28gusui&pizang/03/42/cell_1761648122520_912349010008_15224_0000.png,thumbs/cluster_24/032_cell_1761648122520_912349010008_15224_0000.jpg
24,/home/wangqianqian/project/FS/data/28gusui&pizang/03/58/cell_1761649081995_912349010008_103167_0000.png,thumbs/cluster_24/033_cell_1761649081995_912349010008_103167_0000.jpg
24,/home/wangqianqian/project/FS/data/28gusui&pizang/03/58/cell_1761649090333_912349010008_104096_0100.png,thumbs/cluster_24/034_cell_1761649090333_912349010008_104096_0100.jpg
24,/home/wangqianqian/project/FS/data/28gusui&pizang/03/47/cell_1761648421194_912349010008_40198_0000.png,thumbs/cluster_24/035_cell_1761648421194_912349010008_40198_0000.jpg
24,/home/wangqianqian/project/FS/data/28gusui&pizang/03/49/cell_1761648585230_912349010008_54811_0000.png,thumbs/cluster_24/036_cell_1761648585230_912349010008_54811_0000.jpg
24,/home/wangqianqian/project/FS/data/28gusui&pizang/03/54/cell_1761648864374_912349010008_82903_0100.png,thumbs/cluster_24/037_cell_1761648864374_912349010008_82903_0100.jpg
24,/home/wangqianqian/project/FS/data/28gusui&pizang/03/38/cell_1761647906811_912349010008_4646_0000.png,thumbs/cluster_24/038_cell_1761647906811_912349010008_4646_0000.jpg
24,/home/wangqianqian/project/FS/data/28gusui&pizang/03/38/cell_1761647919457_912349010008_5027_0000.png,thumbs/cluster_24/039_cell_1761647919457_912349010008_5027_0000.jpg
24,/home/wangqianqian/project/FS/data/28gusui&pizang/03/51/cell_1761648699315_912349010008_66385_0000.png,thumbs/cluster_24/040_cell_1761648699315_912349010008_66385_0000.jpg
24,/home/wangqianqian/project/FS/data/28gusui&pizang/03/45/cell_1761648345938_912349010008_33453_0100.png,thumbs/cluster_24/041_cell_1761648345938_912349010008_33453_0100.jpg
24,/home/wangqianqian/project/FS/data/28gusui&pizang/03/54/cell_1761648899417_912349010008_86231_0100.png,thumbs/cluster_24/042_cell_1761648899417_912349010008_86231_0100.jpg
24,/home/wangqianqian/project/FS/data/28gusui&pizang/03/42/cell_1761648126063_912349010008_15486_0000.png,thumbs/cluster_24/043_cell_1761648126063_912349010008_15486_0000.jpg
24,/home/wangqianqian/project/FS/data/28gusui&pizang/03/59/cell_1761649141899_912349010008_109501_0100.png,thumbs/cluster_24/044_cell_1761649141899_912349010008_109501_0100.jpg
24,/home/wangqianqian/project/FS/data/28gusui&pizang/03/52/cell_1761648772433_912349010008_73614_0000.png,thumbs/cluster_24/045_cell_1761648772433_912349010008_73614_0000.jpg
24,/home/wangqianqian/project/FS/data/28gusui&pizang/03/46/cell_1761648398326_912349010008_38095_0000.png,thumbs/cluster_24/046_cell_1761648398326_912349010008_38095_0000.jpg
24,/home/wangqianqian/project/FS/data/28gusui&pizang/03/47/cell_1761648472847_912349010008_44897_0100.png,thumbs/cluster_24/047_cell_1761648472847_912349010008_44897_0100.jpg
24,/home/wangqianqian/project/FS/data/28gusui&pizang/03/49/cell_1761648574060_912349010008_53813_0100.png,thumbs/cluster_24/048_cell_1761648574060_912349010008_53813_0100.jpg
24,/home/wangqianqian/project/FS/data/28gusui&pizang/03/48/cell_1761648523542_912349010008_49114_0100.png,thumbs/cluster_24/049_cell_1761648523542_912349010008_49114_0100.jpg
24,/home/wangqianqian/project/FS/data/28gusui&pizang/03/56/cell_1761648975262_912349010008_92694_0000.png,thumbs/cluster_24/050_cell_1761648975262_912349010008_92694_0000.jpg
24,/home/wangqianqian/project/FS/data/28gusui&pizang/03/52/cell_1761648769543_912349010008_73344_0000.png,thumbs/cluster_24/051_cell_1761648769543_912349010008_73344_0000.jpg
24,/home/wangqianqian/project/FS/data/28gusui&pizang/03/38/cell_1761647937167_912349010008_5669_0000.png,thumbs/cluster_24/052_cell_1761647937167_912349010008_5669_0000.jpg
24,/home/wangqianqian/project/FS/data/28gusui&pizang/03/44/cell_1761648276384_912349010008_27453_0100.png,thumbs/cluster_24/053_cell_1761648276384_912349010008_27453_0100.jpg
24,/home/wangqianqian/project/FS/data/28gusui&pizang/03/50/cell_1761648620717_912349010008_58367_0000.png,thumbs/cluster_24/054_cell_1761648620717_912349010008_58367_0000.jpg
24,/home/wangqianqian/project/FS/data/28gusui&pizang/03/49/cell_1761648574060_912349010008_53812_0100.png,thumbs/cluster_24/055_cell_1761648574060_912349010008_53812_0100.jpg
24,/home/wangqianqian/project/FS/data/28gusui&pizang/03/47/cell_1761648434095_912349010008_41450_0000.png,thumbs/cluster_24/056_cell_1761648434095_912349010008_41450_0000.jpg
24,/home/wangqianqian/project/FS/data/28gusui&pizang/03/59/cell_1761649145936_912349010008_109924_0100.png,thumbs/cluster_24/057_cell_1761649145936_912349010008_109924_0100.jpg
24,/home/wangqianqian/project/FS/data/28gusui&pizang/03/59/cell_1761649149491_912349010008_110257_0100.png,thumbs/cluster_24/058_cell_1761649149491_912349010008_110257_0100.jpg
24,/home/wangqianqian/project/FS/data/28gusui&pizang/03/58/cell_1761649130513_912349010008_108319_0000.png,thumbs/cluster_24/059_cell_1761649130513_912349010008_108319_0000.jpg
24,/home/wangqianqian/project/FS/data/28gusui&pizang/03/59/cell_1761649160264_912349010008_111485_0000.png,thumbs/cluster_24/060_cell_1761649160264_912349010008_111485_0000.jpg
24,/home/wangqianqian/project/FS/data/28gusui&pizang/03/49/cell_1761648563676_912349010008_52737_0100.png,thumbs/cluster_24/061_cell_1761648563676_912349010008_52737_0100.jpg
24,/home/wangqianqian/project/FS/data/28gusui&pizang/03/46/cell_1761648391637_912349010008_37488_0000.png,thumbs/cluster_24/062_cell_1761648391637_912349010008_37488_0000.jpg
24,/home/wangqianqian/project/FS/data/28gusui&pizang/03/56/cell_1761649014915_912349010008_96337_0000.png,thumbs/cluster_24/063_cell_1761649014915_912349010008_96337_0000.jpg
24,/home/wangqianqian/project/FS/data/28gusui&pizang/03/43/cell_1761648211718_912349010008_21835_0000.png,thumbs/cluster_24/064_cell_1761648211718_912349010008_21835_0000.jpg
24,/home/wangqianqian/project/FS/data/28gusui&pizang/03/39/cell_1761647958759_912349010008_6541_0000.png,thumbs/cluster_24/065_cell_1761647958759_912349010008_6541_0000.jpg
24,/home/wangqianqian/project/FS/data/28gusui&pizang/03/43/cell_1761648230897_912349010008_23339_0100.png,thumbs/cluster_24/066_cell_1761648230897_912349010008_23339_0100.jpg
24,/home/wangqianqian/project/FS/data/28gusui&pizang/03/47/cell_1761648460608_912349010008_43861_0000.png,thumbs/cluster_24/067_cell_1761648460608_912349010008_43861_0000.jpg
24,/home/wangqianqian/project/FS/data/28gusui&pizang/03/44/cell_1761648274839_912349010008_27280_0000.png,thumbs/cluster_24/068_cell_1761648274839_912349010008_27280_0000.jpg
24,/home/wangqianqian/project/FS/data/28gusui&pizang/03/38/cell_1761647900011_912349010008_4447_0000.png,thumbs/cluster_24/069_cell_1761647900011_912349010008_4447_0000.jpg
24,/home/wangqianqian/project/FS/data/28gusui&pizang/03/56/cell_1761649000582_912349010008_95046_0000.png,thumbs/cluster_24/070_cell_1761649000582_912349010008_95046_0000.jpg
24,/home/wangqianqian/project/FS/data/28gusui&pizang/03/39/cell_1761647997545_912349010008_8098_0100.png,thumbs/cluster_24/071_cell_1761647997545_912349010008_8098_0100.jpg
24,/home/wangqianqian/project/FS/data/28gusui&pizang/03/49/cell_1761648542962_912349010008_50846_0100.png,thumbs/cluster_24/072_cell_1761648542962_912349010008_50846_0100.jpg
24,/home/wangqianqian/project/FS/data/28gusui&pizang/03/49/cell_1761648595629_912349010008_55943_0000.png,thumbs/cluster_24/073_cell_1761648595629_912349010008_55943_0000.jpg
24,/home/wangqianqian/project/FS/data/28gusui&pizang/03/53/cell_1761648793691_912349010008_75789_0100.png,thumbs/cluster_24/074_cell_1761648793691_912349010008_75789_0100.jpg
24,/home/wangqianqian/project/FS/data/28gusui&pizang/03/42/cell_1761648144085_912349010008_16788_0000.png,thumbs/cluster_24/075_cell_1761648144085_912349010008_16788_0000.jpg
24,/home/wangqianqian/project/FS/data/28gusui&pizang/03/57/cell_1761649021293_912349010008_96948_0000.png,thumbs/cluster_24/076_cell_1761649021293_912349010008_96948_0000.jpg
24,/home/wangqianqian/project/FS/data/28gusui&pizang/03/38/cell_1761647907337_912349010008_4660_0100.png,thumbs/cluster_24/077_cell_1761647907337_912349010008_4660_0100.jpg
24,/home/wangqianqian/project/FS/data/28gusui&pizang/03/54/cell_1761648841489_912349010008_80568_0100.png,thumbs/cluster_24/078_cell_1761648841489_912349010008_80568_0100.jpg
24,/home/wangqianqian/project/FS/data/28gusui&pizang/03/45/cell_1761648322703_912349010008_31328_0000.png,thumbs/cluster_24/079_cell_1761648322703_912349010008_31328_0000.jpg
24,/home/wangqianqian/project/FS/data/28gusui&pizang/03/50/cell_1761648653672_912349010008_61748_0000.png,thumbs/cluster_24/080_cell_1761648653672_912349010008_61748_0000.jpg
24,/home/wangqianqian/project/FS/data/28gusui&pizang/03/56/cell_1761648970344_912349010008_92275_0000.png,thumbs/cluster_24/081_cell_1761648970344_912349010008_92275_0000.jpg
24,/home/wangqianqian/project/FS/data/28gusui&pizang/03/48/cell_1761648490633_912349010008_46443_0100.png,thumbs/cluster_24/082_cell_1761648490633_912349010008_46443_0100.jpg
24,/home/wangqianqian/project/FS/data/28gusui&pizang/03/59/cell_1761649151891_912349010008_110530_0000.png,thumbs/cluster_24/083_cell_1761649151891_912349010008_110530_0000.jpg
24,/home/wangqianqian/project/FS/data/28gusui&pizang/03/54/cell_1761648888870_912349010008_85362_0100.png,thumbs/cluster_24/084_cell_1761648888870_912349010008_85362_0100.jpg
24,/home/wangqianqian/project/FS/data/28gusui&pizang/03/58/cell_1761649081546_912349010008_103115_0100.png,thumbs/cluster_24/085_cell_1761649081546_912349010008_103115_0100.jpg
24,/home/wangqianqian/project/FS/data/28gusui&pizang/03/41/cell_1761648061399_912349010008_11349_0000.png,thumbs/cluster_24/086_cell_1761648061399_912349010008_11349_0000.jpg
24,/home/wangqianqian/project/FS/data/28gusui&pizang/03/58/cell_1761649127457_912349010008_107993_0000.png,thumbs/cluster_24/087_cell_1761649127457_912349010008_107993_0000.jpg
24,/home/wangqianqian/project/FS/data/28gusui&pizang/03/52/cell_1761648731613_912349010008_69612_0000.png,thumbs/cluster_24/088_cell_1761648731613_912349010008_69612_0000.jpg
24,/home/wangqianqian/project/FS/data/28gusui&pizang/03/55/cell_1761648900494_912349010008_86340_0000.png,thumbs/cluster_24/089_cell_1761648900494_912349010008_86340_0000.jpg
24,/home/wangqianqian/project/FS/data/28gusui&pizang/03/49/cell_1761648588123_912349010008_55111_0000.png,thumbs/cluster_24/090_cell_1761648588123_912349010008_55111_0000.jpg
24,/home/wangqianqian/project/FS/data/28gusui&pizang/03/39/cell_1761647945326_912349010008_6014_0000.png,thumbs/cluster_24/091_cell_1761647945326_912349010008_6014_0000.jpg
24,/home/wangqianqian/project/FS/data/28gusui&pizang/03/51/cell_1761648713843_912349010008_67951_0000.png,thumbs/cluster_24/092_cell_1761648713843_912349010008_67951_0000.jpg
24,/home/wangqianqian/project/FS/data/28gusui&pizang/03/45/cell_1761648332781_912349010008_32271_0000.png,thumbs/cluster_24/093_cell_1761648332781_912349010008_32271_0000.jpg
24,/home/wangqianqian/project/FS/data/28gusui&pizang/03/56/cell_1761649012718_912349010008_96164_0000.png,thumbs/cluster_24/094_cell_1761649012718_912349010008_96164_0000.jpg
24,/home/wangqianqian/project/FS/data/28gusui&pizang/03/40/cell_1761648012132_912349010008_8843_0000.png,thumbs/cluster_24/095_cell_1761648012132_912349010008_8843_0000.jpg
24,/home/wangqianqian/project/FS/data/28gusui&pizang/03/41/cell_1761648103379_912349010008_14012_0100.png,thumbs/cluster_24/096_cell_1761648103379_912349010008_14012_0100.jpg
24,/home/wangqianqian/project/FS/data/28gusui&pizang/03/56/cell_1761648969717_912349010008_92205_0000.png,thumbs/cluster_24/097_cell_1761648969717_912349010008_92205_0000.jpg
24,/home/wangqianqian/project/FS/data/28gusui&pizang/03/54/cell_1761648855584_912349010008_81998_0100.png,thumbs/cluster_24/098_cell_1761648855584_912349010008_81998_0100.jpg
24,/home/wangqianqian/project/FS/data/28gusui&pizang/03/44/cell_1761648240160_912349010008_24141_0100.png,thumbs/cluster_24/099_cell_1761648240160_912349010008_24141_0100.jpg
25,/home/wangqianqian/project/FS/data/28gusui&pizang/03/52/cell_1761648732519_912349010008_69683_0100.png,thumbs/cluster_25/000_cell_1761648732519_912349010008_69683_0100.jpg
25,/home/wangqianqian/project/FS/data/28gusui&pizang/03/46/cell_1761648406906_912349010008_38827_0000.png,thumbs/cluster_25/001_cell_1761648406906_912349010008_38827_0000.jpg
25,/home/wangqianqian/project/FS/data/28gusui&pizang/03/47/cell_1761648457611_912349010008_43589_0000.png,thumbs/cluster_25/002_cell_1761648457611_912349010008_43589_0000.jpg
25,/home/wangqianqian/project/FS/data/28gusui&pizang/03/50/cell_1761648652728_912349010008_61654_0000.png,thumbs/cluster_25/003_cell_1761648652728_912349010008_61654_0000.jpg
25,/home/wangqianqian/project/FS/data/28gusui&pizang/03/42/cell_1761648126046_912349010008_15481_0000.png,thumbs/cluster_25/004_cell_1761648126046_912349010008_15481_0000.jpg
25,/home/wangqianqian/project/FS/data/28gusui&pizang/03/49/cell_1761648545183_912349010008_51055_0000.png,thumbs/cluster_25/005_cell_1761648545183_912349010008_51055_0000.jpg
25,/home/wangqianqian/project/FS/data/28gusui&pizang/03/51/cell_1761648676611_912349010008_63979_0100.png,thumbs/cluster_25/006_cell_1761648676611_912349010008_63979_0100.jpg
25,/home/wangqianqian/project/FS/data/28gusui&pizang/03/44/cell_1761648284884_912349010008_28182_0100.png,thumbs/cluster_25/007_cell_1761648284884_912349010008_28182_0100.jpg
25,/home/wangqianqian/project/FS/data/28gusui&pizang/03/50/cell_1761648605418_912349010008_56907_0000.png,thumbs/cluster_25/008_cell_1761648605418_912349010008_56907_0000.jpg
25,/home/wangqianqian/project/FS/data/28gusui&pizang/03/59/cell_1761649169267_912349010008_112393_0000.png,thumbs/cluster_25/009_cell_1761649169267_912349010008_112393_0000.jpg
25,/home/wangqianqian/project/FS/data/28gusui&pizang/03/44/cell_1761648291455_912349010008_28782_0000.png,thumbs/cluster_25/010_cell_1761648291455_912349010008_28782_0000.jpg
25,/home/wangqianqian/project/FS/data/28gusui&pizang/03/54/cell_1761648876284_912349010008_84099_0100.png,thumbs/cluster_25/011_cell_1761648876284_912349010008_84099_0100.jpg
25,/home/wangqianqian/project/FS/data/28gusui&pizang/03/55/cell_1761648917877_912349010008_87699_0000.png,thumbs/cluster_25/012_cell_1761648917877_912349010008_87699_0000.jpg
25,/home/wangqianqian/project/FS/data/28gusui&pizang/03/55/cell_1761648907418_912349010008_86896_0100.png,thumbs/cluster_25/013_cell_1761648907418_912349010008_86896_0100.jpg
25,/home/wangqianqian/project/FS/data/28gusui&pizang/03/36/cell_1761647780882_912349010008_402_0100.png,thumbs/cluster_25/014_cell_1761647780882_912349010008_402_0100.jpg
25,/home/wangqianqian/project/FS/data/28gusui&pizang/03/59/cell_1761649145182_912349010008_109847_0100.png,thumbs/cluster_25/015_cell_1761649145182_912349010008_109847_0100.jpg
25,/home/wangqianqian/project/FS/data/28gusui&pizang/03/49/cell_1761648543929_912349010008_50941_0000.png,thumbs/cluster_25/016_cell_1761648543929_912349010008_50941_0000.jpg
25,/home/wangqianqian/project/FS/data/28gusui&pizang/03/52/cell_1761648748477_912349010008_71344_0100.png,thumbs/cluster_25/017_cell_1761648748477_912349010008_71344_0100.jpg
25,/home/wangqianqian/project/FS/data/28gusui&pizang/03/36/cell_1761647794488_912349010008_663_0100.png,thumbs/cluster_25/018_cell_1761647794488_912349010008_663_0100.jpg
25,/home/wangqianqian/project/FS/data/28gusui&pizang/03/55/cell_1761648904523_912349010008_86679_0000.png,thumbs/cluster_25/019_cell_1761648904523_912349010008_86679_0000.jpg
25,/home/wangqianqian/project/FS/data/28gusui&pizang/03/55/cell_1761648904978_912349010008_86718_0100.png,thumbs/cluster_25/020_cell_1761648904978_912349010008_86718_0100.jpg
25,/home/wangqianqian/project/FS/data/28gusui&pizang/03/52/cell_1761648775951_912349010008_73914_0000.png,thumbs/cluster_25/021_cell_1761648775951_912349010008_73914_0000.jpg
25,/home/wangqianqian/project/FS/data/28gusui&pizang/03/45/cell_1761648340218_912349010008_32906_0000.png,thumbs/cluster_25/022_cell_1761648340218_912349010008_32906_0000.jpg
25,/home/wangqianqian/project/FS/data/28gusui&pizang/03/48/cell_1761648484095_912349010008_45896_0100.png,thumbs/cluster_25/023_cell_1761648484095_912349010008_45896_0100.jpg
25,/home/wangqianqian/project/FS/data/28gusui&pizang/03/41/cell_1761648068441_912349010008_11801_0000.png,thumbs/cluster_25/024_cell_1761648068441_912349010008_11801_0000.jpg
25,/home/wangqianqian/project/FS/data/28gusui&pizang/03/58/cell_1761649121290_912349010008_107395_0000.png,thumbs/cluster_25/025_cell_1761649121290_912349010008_107395_0000.jpg
25,/home/wangqianqian/project/FS/data/28gusui&pizang/03/46/cell_1761648413070_912349010008_39400_0000.png,thumbs/cluster_25/026_cell_1761648413070_912349010008_39400_0000.jpg
25,/home/wangqianqian/project/FS/data/28gusui&pizang/03/58/cell_1761649104187_912349010008_105528_0000.png,thumbs/cluster_25/027_cell_1761649104187_912349010008_105528_0000.jpg
25,/home/wangqianqian/project/FS/data/28gusui&pizang/03/56/cell_1761648974840_912349010008_92662_0000.png,thumbs/cluster_25/028_cell_1761648974840_912349010008_92662_0000.jpg
25,/home/wangqianqian/project/FS/data/28gusui&pizang/03/51/cell_1761648690239_912349010008_65391_0100.png,thumbs/cluster_25/029_cell_1761648690239_912349010008_65391_0100.jpg
25,/home/wangqianqian/project/FS/data/28gusui&pizang/03/43/cell_1761648189896_912349010008_20038_0100.png,thumbs/cluster_25/030_cell_1761648189896_912349010008_20038_0100.jpg
25,/home/wangqianqian/project/FS/data/28gusui&pizang/03/44/cell_1761648247953_912349010008_24851_0000.png,thumbs/cluster_25/031_cell_1761648247953_912349010008_24851_0000.jpg
25,/home/wangqianqian/project/FS/data/28gusui&pizang/03/57/cell_1761649045933_912349010008_99435_0100.png,thumbs/cluster_25/032_cell_1761649045933_912349010008_99435_0100.jpg
25,/home/wangqianqian/project/FS/data/28gusui&pizang/03/52/cell_1761648732730_912349010008_69713_0000.png,thumbs/cluster_25/033_cell_1761648732730_912349010008_69713_0000.jpg
25,/home/wangqianqian/project/FS/data/28gusui&pizang/03/57/cell_1761649065471_912349010008_101477_0000.png,thumbs/cluster_25/034_cell_1761649065471_912349010008_101477_0000.jpg
25,/home/wangqianqian/project/FS/data/28gusui&pizang/03/56/cell_1761649010231_912349010008_95946_0000.png,thumbs/cluster_25/035_cell_1761649010231_912349010008_95946_0000.jpg
25,/home/wangqianqian/project/FS/data/28gusui&pizang/03/56/cell_1761648988940_912349010008_93919_0000.png,thumbs/cluster_25/036_cell_1761648988940_912349010008_93919_0000.jpg
25,/home/wangqianqian/project/FS/data/28gusui&pizang/03/58/cell_1761649104766_912349010008_105595_0000.png,thumbs/cluster_25/037_cell_1761649104766_912349010008_105595_0000.jpg
25,/home/wangqianqian/project/FS/data/28gusui&pizang/03/45/cell_1761648315561_912349010008_30781_0000.png,thumbs/cluster_25/038_cell_1761648315561_912349010008_30781_0000.jpg
25,/home/wangqianqian/project/FS/data/28gusui&pizang/03/39/cell_1761647998007_912349010008_8114_0000.png,thumbs/cluster_25/039_cell_1761647998007_912349010008_8114_0000.jpg
25,/home/wangqianqian/project/FS/data/28gusui&pizang/03/47/cell_1761648470345_912349010008_44674_0000.png,thumbs/cluster_25/040_cell_1761648470345_912349010008_44674_0000.jpg
25,/home/wangqianqian/project/FS/data/28gusui&pizang/03/48/cell_1761648507417_912349010008_47864_0100.png,thumbs/cluster_25/041_cell_1761648507417_912349010008_47864_0100.jpg
25,/home/wangqianqian/project/FS/data/28gusui&pizang/03/54/cell_1761648851851_912349010008_81664_0000.png,thumbs/cluster_25/042_cell_1761648851851_912349010008_81664_0000.jpg
25,/home/wangqianqian/project/FS/data/28gusui&pizang/03/55/cell_1761648952327_912349010008_90678_0000.png,thumbs/cluster_25/043_cell_1761648952327_912349010008_90678_0000.jpg
25,/home/wangqianqian/project/FS/data/28gusui&pizang/03/43/cell_1761648213047_912349010008_21952_0100.png,thumbs/cluster_25/044_cell_1761648213047_912349010008_21952_0100.jpg
25,/home/wangqianqian/project/FS/data/28gusui&pizang/03/48/cell_1761648499996_912349010008_47237_0000.png,thumbs/cluster_25/045_cell_1761648499996_912349010008_47237_0000.jpg
25,/home/wangqianqian/project/FS/data/28gusui&pizang/03/53/cell_1761648792922_912349010008_75705_0000.png,thumbs/cluster_25/046_cell_1761648792922_912349010008_75705_0000.jpg
25,/home/wangqianqian/project/FS/data/28gusui&pizang/03/47/cell_1761648434107_912349010008_41453_0000.png,thumbs/cluster_25/047_cell_1761648434107_912349010008_41453_0000.jpg
25,/home/wangqianqian/project/FS/data/28gusui&pizang/03/50/cell_1761648622165_912349010008_58509_0000.png,thumbs/cluster_25/048_cell_1761648622165_912349010008_58509_0000.jpg
25,/home/wangqianqian/project/FS/data/28gusui&pizang/03/39/cell_1761647975698_912349010008_7248_0100.png,thumbs/cluster_25/049_cell_1761647975698_912349010008_7248_0100.jpg
25,/home/wangqianqian/project/FS/data/28gusui&pizang/03/58/cell_1761649133121_912349010008_108589_0100.png,thumbs/cluster_25/050_cell_1761649133121_912349010008_108589_0100.jpg
25,/home/wangqianqian/project/FS/data/28gusui&pizang/03/55/cell_1761648933081_912349010008_89092_0000.png,thumbs/cluster_25/051_cell_1761648933081_912349010008_89092_0000.jpg
25,/home/wangqianqian/project/FS/data/28gusui&pizang/03/51/cell_1761648669938_912349010008_63354_0000.png,thumbs/cluster_25/052_cell_1761648669938_912349010008_63354_0000.jpg
25,/home/wangqianqian/project/FS/data/28gusui&pizang/03/57/cell_1761649054942_912349010008_100354_0200.png,thumbs/cluster_25/053_cell_1761649054942_912349010008_100354_0200.jpg
25,/home/wangqianqian/project/FS/data/28gusui&pizang/03/42/cell_1761648141311_912349010008_16595_0000.png,thumbs/cluster_25/054_cell_1761648141311_912349010008_16595_0000.jpg
25,/home/wangqianqian/project/FS/data/28gusui&pizang/03/38/cell_1761647925766_912349010008_5196_0100.png,thumbs/cluster_25/055_cell_1761647925766_912349010008_5196_0100.jpg
25,/home/wangqianqian/project/FS/data/28gusui&pizang/03/46/cell_1761648405894_912349010008_38743_0000.png,thumbs/cluster_25/056_cell_1761648405894_912349010008_38743_0000.jpg
25,/home/wangqianqian/project/FS/data/28gusui&pizang/03/50/cell_1761648619561_912349010008_58273_0000.png,thumbs/cluster_25/057_cell_1761648619561_912349010008_58273_0000.jpg
25,/home/wangqianqian/project/FS/data/28gusui&pizang/03/59/cell_1761649173851_912349010008_112939_0100.png,thumbs/cluster_25/058_cell_1761649173851_912349010008_112939_0100.jpg
25,/home/wangqianqian/project/FS/data/28gusui&pizang/03/58/cell_1761649113795_912349010008_106615_0000.png,thumbs/cluster_25/059_cell_1761649113795_912349010008_106615_0000.jpg
25,/home/wangqianqian/project/FS/data/28gusui&pizang/03/53/cell_1761648822060_912349010008_78732_0000.png,thumbs/cluster_25/060_cell_1761648822060_912349010008_78732_0000.jpg
25,/home/wangqianqian/project/FS/data/28gusui&pizang/03/51/cell_1761648715565_912349010008_68095_0000.png,thumbs/cluster_25/061_cell_1761648715565_912349010008_68095_0000.jpg
25,/home/wangqianqian/project/FS/data/28gusui&pizang/03/49/cell_1761648565780_912349010008_52974_0100.png,thumbs/cluster_25/062_cell_1761648565780_912349010008_52974_0100.jpg
25,/home/wangqianqian/project/FS/data/28gusui&pizang/03/49/cell_1761648582414_912349010008_54559_0000.png,thumbs/cluster_25/063_cell_1761648582414_912349010008_54559_0000.jpg
25,/home/wangqianqian/project/FS/data/28gusui&pizang/03/39/cell_1761647960270_912349010008_6597_0000.png,thumbs/cluster_25/064_cell_1761647960270_912349010008_6597_0000.jpg
25,/home/wangqianqian/project/FS/data/28gusui&pizang/03/45/cell_1761648327286_912349010008_31719_0100.png,thumbs/cluster_25/065_cell_1761648327286_912349010008_31719_0100.jpg
25,/home/wangqianqian/project/FS/data/28gusui&pizang/03/50/cell_1761648634352_912349010008_59723_0000.png,thumbs/cluster_25/066_cell_1761648634352_912349010008_59723_0000.jpg
25,/home/wangqianqian/project/FS/data/28gusui&pizang/03/44/cell_1761648274901_912349010008_27289_0000.png,thumbs/cluster_25/067_cell_1761648274901_912349010008_27289_0000.jpg
25,/home/wangqianqian/project/FS/data/28gusui&pizang/03/43/cell_1761648220154_912349010008_22471_0100.png,thumbs/cluster_25/068_cell_1761648220154_912349010008_22471_0100.jpg
25,/home/wangqianqian/project/FS/data/28gusui&pizang/03/53/cell_1761648809359_912349010008_77523_0000.png,thumbs/cluster_25/069_cell_1761648809359_912349010008_77523_0000.jpg
25,/home/wangqianqian/project/FS/data/28gusui&pizang/03/56/cell_1761649009812_912349010008_95908_0000.png,thumbs/cluster_25/070_cell_1761649009812_912349010008_95908_0000.jpg
25,/home/wangqianqian/project/FS/data/28gusui&pizang/03/44/cell_1761648244813_912349010008_24533_0100.png,thumbs/cluster_25/071_cell_1761648244813_912349010008_24533_0100.jpg
25,/home/wangqianqian/project/FS/data/28gusui&pizang/03/56/cell_1761649007208_912349010008_95680_0100.png,thumbs/cluster_25/072_cell_1761649007208_912349010008_95680_0100.jpg
25,/home/wangqianqian/project/FS/data/28gusui&pizang/03/53/cell_1761648814339_912349010008_77995_0000.png,thumbs/cluster_25/073_cell_1761648814339_912349010008_77995_0000.jpg
25,/home/wangqianqian/project/FS/data/28gusui&pizang/03/43/cell_1761648233712_912349010008_23567_0000.png,thumbs/cluster_25/074_cell_1761648233712_912349010008_23567_0000.jpg
25,/home/wangqianqian/project/FS/data/28gusui&pizang/03/56/cell_1761649016903_912349010008_96522_0000.png,thumbs/cluster_25/075_cell_1761649016903_912349010008_96522_0000.jpg
25,/home/wangqianqian/project/FS/data/28gusui&pizang/03/58/cell_1761649136904_912349010008_108974_0100.png,thumbs/cluster_25/076_cell_1761649136904_912349010008_108974_0100.jpg
25,/home/wangqianqian/project/FS/data/28gusui&pizang/03/53/cell_1761648785432_912349010008_74852_0000.png,thumbs/cluster_25/077_cell_1761648785432_912349010008_74852_0000.jpg
25,/home/wangqianqian/project/FS/data/28gusui&pizang/03/57/cell_1761649065145_912349010008_101438_0100.png,thumbs/cluster_25/078_cell_1761649065145_912349010008_101438_0100.jpg
25,/home/wangqianqian/project/FS/data/28gusui&pizang/03/55/cell_1761648930538_912349010008_88871_0100.png,thumbs/cluster_25/079_cell_1761648930538_912349010008_88871_0100.jpg
25,/home/wangqianqian/project/FS/data/28gusui&pizang/03/53/cell_1761648788026_912349010008_75153_0000.png,thumbs/cluster_25/080_cell_1761648788026_912349010008_75153_0000.jpg
25,/home/wangqianqian/project/FS/data/28gusui&pizang/03/58/cell_1761649111585_912349010008_106358_0100.png,thumbs/cluster_25/081_cell_1761649111585_912349010008_106358_0100.jpg
25,/home/wangqianqian/project/FS/data/28gusui&pizang/03/54/cell_1761648873268_912349010008_83792_0000.png,thumbs/cluster_25/082_cell_1761648873268_912349010008_83792_0000.jpg
25,/home/wangqianqian/project/FS/data/28gusui&pizang/03/47/cell_1761648422697_912349010008_40347_0100.png,thumbs/cluster_25/083_cell_1761648422697_912349010008_40347_0100.jpg
25,/home/wangqianqian/project/FS/data/28gusui&pizang/03/50/cell_1761648601260_912349010008_56512_0000.png,thumbs/cluster_25/084_cell_1761648601260_912349010008_56512_0000.jpg
25,/home/wangqianqian/project/FS/data/28gusui&pizang/03/44/cell_1761648242338_912349010008_24330_0000.png,thumbs/cluster_25/085_cell_1761648242338_912349010008_24330_0000.jpg
25,/home/wangqianqian/project/FS/data/28gusui&pizang/03/46/cell_1761648409510_912349010008_39061_0000.png,thumbs/cluster_25/086_cell_1761648409510_912349010008_39061_0000.jpg
25,/home/wangqianqian/project/FS/data/28gusui&pizang/03/56/cell_1761648966625_912349010008_91926_0000.png,thumbs/cluster_25/087_cell_1761648966625_912349010008_91926_0000.jpg
25,/home/wangqianqian/project/FS/data/28gusui&pizang/03/58/cell_1761649091000_912349010008_104174_0100.png,thumbs/cluster_25/088_cell_1761649091000_912349010008_104174_0100.jpg
25,/home/wangqianqian/project/FS/data/28gusui&pizang/03/40/cell_1761648043859_912349010008_10398_0000.png,thumbs/cluster_25/089_cell_1761648043859_912349010008_10398_0000.jpg
25,/home/wangqianqian/project/FS/data/28gusui&pizang/03/47/cell_1761648479665_912349010008_45508_0100.png,thumbs/cluster_25/090_cell_1761648479665_912349010008_45508_0100.jpg
25,/home/wangqianqian/project/FS/data/28gusui&pizang/03/56/cell_1761648966608_912349010008_91922_0100.png,thumbs/cluster_25/091_cell_1761648966608_912349010008_91922_0100.jpg
25,/home/wangqianqian/project/FS/data/28gusui&pizang/03/59/cell_1761649166962_912349010008_112168_0000.png,thumbs/cluster_25/092_cell_1761649166962_912349010008_112168_0000.jpg
25,/home/wangqianqian/project/FS/data/28gusui&pizang/03/47/cell_1761648432919_912349010008_41311_0100.png,thumbs/cluster_25/093_cell_1761648432919_912349010008_41311_0100.jpg
25,/home/wangqianqian/project/FS/data/28gusui&pizang/03/45/cell_1761648334212_912349010008_32375_0000.png,thumbs/cluster_25/094_cell_1761648334212_912349010008_32375_0000.jpg
25,/home/wangqianqian/project/FS/data/28gusui&pizang/03/58/cell_1761649124891_912349010008_107747_0000.png,thumbs/cluster_25/095_cell_1761649124891_912349010008_107747_0000.jpg
25,/home/wangqianqian/project/FS/data/28gusui&pizang/03/57/cell_1761649033345_912349010008_98111_0000.png,thumbs/cluster_25/096_cell_1761649033345_912349010008_98111_0000.jpg
25,/home/wangqianqian/project/FS/data/28gusui&pizang/03/57/cell_1761649050078_912349010008_99860_0000.png,thumbs/cluster_25/097_cell_1761649050078_912349010008_99860_0000.jpg
25,/home/wangqianqian/project/FS/data/28gusui&pizang/03/59/cell_1761649143817_912349010008_109714_0000.png,thumbs/cluster_25/098_cell_1761649143817_912349010008_109714_0000.jpg
25,/home/wangqianqian/project/FS/data/28gusui&pizang/03/51/cell_1761648710318_912349010008_67565_0000.png,thumbs/cluster_25/099_cell_1761648710318_912349010008_67565_0000.jpg
26,/home/wangqianqian/project/FS/data/28gusui&pizang/03/53/cell_1761648792676_912349010008_75671_0000.png,thumbs/cluster_26/000_cell_1761648792676_912349010008_75671_0000.jpg
26,/home/wangqianqian/project/FS/data/28gusui&pizang/03/48/cell_1761648512740_912349010008_48265_0000.png,thumbs/cluster_26/001_cell_1761648512740_912349010008_48265_0000.jpg
26,/home/wangqianqian/project/FS/data/28gusui&pizang/03/52/cell_1761648747487_912349010008_71250_0000.png,thumbs/cluster_26/002_cell_1761648747487_912349010008_71250_0000.jpg
26,/home/wangqianqian/project/FS/data/28gusui&pizang/03/48/cell_1761648522142_912349010008_48996_0100.png,thumbs/cluster_26/003_cell_1761648522142_912349010008_48996_0100.jpg
26,/home/wangqianqian/project/FS/data/28gusui&pizang/03/43/cell_1761648190144_912349010008_20065_0000.png,thumbs/cluster_26/004_cell_1761648190144_912349010008_20065_0000.jpg
26,/home/wangqianqian/project/FS/data/28gusui&pizang/03/50/cell_1761648624720_912349010008_58758_0000.png,thumbs/cluster_26/005_cell_1761648624720_912349010008_58758_0000.jpg
26,/home/wangqianqian/project/FS/data/28gusui&pizang/03/43/cell_1761648204258_912349010008_21172_0100.png,thumbs/cluster_26/006_cell_1761648204258_912349010008_21172_0100.jpg
26,/home/wangqianqian/project/FS/data/28gusui&pizang/03/54/cell_1761648842489_912349010008_80663_0000.png,thumbs/cluster_26/007_cell_1761648842489_912349010008_80663_0000.jpg
26,/home/wangqianqian/project/FS/data/28gusui&pizang/03/57/cell_1761649047723_912349010008_99640_0000.png,thumbs/cluster_26/008_cell_1761649047723_912349010008_99640_0000.jpg
26,/home/wangqianqian/project/FS/data/28gusui&pizang/03/48/cell_1761648535932_912349010008_50242_0100.png,thumbs/cluster_26/009_cell_1761648535932_912349010008_50242_0100.jpg
26,/home/wangqianqian/project/FS/data/28gusui&pizang/03/46/cell_1761648390831_912349010008_37426_0000.png,thumbs/cluster_26/010_cell_1761648390831_912349010008_37426_0000.jpg
26,/home/wangqianqian/project/FS/data/28gusui&pizang/03/47/cell_1761648425382_912349010008_40577_0100.png,thumbs/cluster_26/011_cell_1761648425382_912349010008_40577_0100.jpg
26,/home/wangqianqian/project/FS/data/28gusui&pizang/03/44/cell_1761648266094_912349010008_26419_0100.png,thumbs/cluster_26/012_cell_1761648266094_912349010008_26419_0100.jpg
26,/home/wangqianqian/project/FS/data/28gusui&pizang/03/57/cell_1761649055522_912349010008_100417_0100.png,thumbs/cluster_26/013_cell_1761649055522_912349010008_100417_0100.jpg
26,/home/wangqianqian/project/FS/data/28gusui&pizang/03/54/cell_1761648884172_912349010008_84873_0000.png,thumbs/cluster_26/014_cell_1761648884172_912349010008_84873_0000.jpg
26,/home/wangqianqian/project/FS/data/28gusui&pizang/03/55/cell_1761648959133_912349010008_91273_0000.png,thumbs/cluster_26/015_cell_1761648959133_912349010008_91273_0000.jpg
26,/home/wangqianqian/project/FS/data/28gusui&pizang/03/56/cell_1761648970529_912349010008_92293_0000.png,thumbs/cluster_26/016_cell_1761648970529_912349010008_92293_0000.jpg
26,/home/wangqianqian/project/FS/data/28gusui&pizang/03/52/cell_1761648772934_912349010008_73651_0100.png,thumbs/cluster_26/017_cell_1761648772934_912349010008_73651_0100.jpg
26,/home/wangqianqian/project/FS/data/28gusui&pizang/03/44/cell_1761648241449_912349010008_24238_0000.png,thumbs/cluster_26/018_cell_1761648241449_912349010008_24238_0000.jpg
26,/home/wangqianqian/project/FS/data/28gusui&pizang/03/45/cell_1761648338234_912349010008_32730_0100.png,thumbs/cluster_26/019_cell_1761648338234_912349010008_32730_0100.jpg
26,/home/wangqianqian/project/FS/data/28gusui&pizang/03/49/cell_1761648553085_912349010008_51772_0000.png,thumbs/cluster_26/020_cell_1761648553085_912349010008_51772_0000.jpg
26,/home/wangqianqian/project/FS/data/28gusui&pizang/03/53/cell_1761648825191_912349010008_79054_0000.png,thumbs/cluster_26/021_cell_1761648825191_912349010008_79054_0000.jpg
26,/home/wangqianqian/project/FS/data/28gusui&pizang/03/57/cell_1761649070079_912349010008_101941_0100.png,thumbs/cluster_26/022_cell_1761649070079_912349010008_101941_0100.jpg
26,/home/wangqianqian/project/FS/data/28gusui&pizang/03/53/cell_1761648800366_912349010008_76524_0000.png,thumbs/cluster_26/023_cell_1761648800366_912349010008_76524_0000.jpg
26,/home/wangqianqian/project/FS/data/28gusui&pizang/03/54/cell_1761648879259_912349010008_84394_0000.png,thumbs/cluster_26/024_cell_1761648879259_912349010008_84394_0000.jpg
26,/home/wangqianqian/project/FS/data/28gusui&pizang/03/56/cell_1761648960503_912349010008_91406_0000.png,thumbs/cluster_26/025_cell_1761648960503_912349010008_91406_0000.jpg
26,/home/wangqianqian/project/FS/data/28gusui&pizang/03/41/cell_1761648113256_912349010008_14596_0100.png,thumbs/cluster_26/026_cell_1761648113256_912349010008_14596_0100.jpg
26,/home/wangqianqian/project/FS/data/28gusui&pizang/03/51/cell_1761648709761_912349010008_67505_0100.png,thumbs/cluster_26/027_cell_1761648709761_912349010008_67505_0100.jpg
26,/home/wangqianqian/project/FS/data/28gusui&pizang/03/45/cell_1761648336009_912349010008_32545_0100.png,thumbs/cluster_26/028_cell_1761648336009_912349010008_32545_0100.jpg
26,/home/wangqianqian/project/FS/data/28gusui&pizang/03/51/cell_1761648697526_912349010008_66173_0000.png,thumbs/cluster_26/029_cell_1761648697526_912349010008_66173_0000.jpg
26,/home/wangqianqian/project/FS/data/28gusui&pizang/03/58/cell_1761649110330_912349010008_106204_0100.png,thumbs/cluster_26/030_cell_1761649110330_912349010008_106204_0100.jpg
26,/home/wangqianqian/project/FS/data/28gusui&pizang/03/54/cell_1761648865801_912349010008_83046_0100.png,thumbs/cluster_26/031_cell_1761648865801_912349010008_83046_0100.jpg
26,/home/wangqianqian/project/FS/data/28gusui&pizang/03/44/cell_1761648265145_912349010008_26346_0100.png,thumbs/cluster_26/032_cell_1761648265145_912349010008_26346_0100.jpg
26,/home/wangqianqian/project/FS/data/28gusui&pizang/03/41/cell_1761648095733_912349010008_13580_0100.png,thumbs/cluster_26/033_cell_1761648095733_912349010008_13580_0100.jpg
26,/home/wangqianqian/project/FS/data/28gusui&pizang/03/45/cell_1761648328232_912349010008_31821_0100.png,thumbs/cluster_26/034_cell_1761648328232_912349010008_31821_0100.jpg
26,/home/wangqianqian/project/FS/data/28gusui&pizang/03/38/cell_1761647936621_912349010008_5641_0100.png,thumbs/cluster_26/035_cell_1761647936621_912349010008_5641_0100.jpg
26,/home/wangqianqian/project/FS/data/28gusui&pizang/03/57/cell_1761649058536_912349010008_100743_0100.png,thumbs/cluster_26/036_cell_1761649058536_912349010008_100743_0100.jpg
26,/home/wangqianqian/project/FS/data/28gusui&pizang/03/56/cell_1761648960169_912349010008_91382_0000.png,thumbs/cluster_26/037_cell_1761648960169_912349010008_91382_0000.jpg
26,/home/wangqianqian/project/FS/data/28gusui&pizang/03/57/cell_1761649046727_912349010008_99538_0100.png,thumbs/cluster_26/038_cell_1761649046727_912349010008_99538_0100.jpg
26,/home/wangqianqian/project/FS/data/28gusui&pizang/03/59/cell_1761649158568_912349010008_111257_0000.png,thumbs/cluster_26/039_cell_1761649158568_912349010008_111257_0000.jpg
26,/home/wangqianqian/project/FS/data/28gusui&pizang/03/46/cell_1761648370068_912349010008_35627_0100.png,thumbs/cluster_26/040_cell_1761648370068_912349010008_35627_0100.jpg
26,/home/wangqianqian/project/FS/data/28gusui&pizang/03/44/cell_1761648278840_912349010008_27658_0000.png,thumbs/cluster_26/041_cell_1761648278840_912349010008_27658_0000.jpg
26,/home/wangqianqian/project/FS/data/28gusui&pizang/03/55/cell_1761648958597_912349010008_91232_0100.png,thumbs/cluster_26/042_cell_1761648958597_912349010008_91232_0100.jpg
26,/home/wangqianqian/project/FS/data/28gusui&pizang/03/57/cell_1761649044346_912349010008_99259_0000.png,thumbs/cluster_26/043_cell_1761649044346_912349010008_99259_0000.jpg
26,/home/wangqianqian/project/FS/data/28gusui&pizang/03/43/cell_1761648239388_912349010008_24072_0100.png,thumbs/cluster_26/044_cell_1761648239388_912349010008_24072_0100.jpg
26,/home/wangqianqian/project/FS/data/28gusui&pizang/03/49/cell_1761648571812_912349010008_53565_0000.png,thumbs/cluster_26/045_cell_1761648571812_912349010008_53565_0000.jpg
26,/home/wangqianqian/project/FS/data/28gusui&pizang/03/44/cell_1761648271519_912349010008_26943_0100.png,thumbs/cluster_26/046_cell_1761648271519_912349010008_26943_0100.jpg
26,/home/wangqianqian/project/FS/data/28gusui&pizang/03/43/cell_1761648196356_912349010008_20543_0000.png,thumbs/cluster_26/047_cell_1761648196356_912349010008_20543_0000.jpg
26,/home/wangqianqian/project/FS/data/28gusui&pizang/03/54/cell_1761648855323_912349010008_81977_0000.png,thumbs/cluster_26/048_cell_1761648855323_912349010008_81977_0000.jpg
26,/home/wangqianqian/project/FS/data/28gusui&pizang/03/52/cell_1761648754566_912349010008_71933_0000.png,thumbs/cluster_26/049_cell_1761648754566_912349010008_71933_0000.jpg
26,/home/wangqianqian/project/FS/data/28gusui&pizang/03/47/cell_1761648426983_912349010008_40739_0100.png,thumbs/cluster_26/050_cell_1761648426983_912349010008_40739_0100.jpg
26,/home/wangqianqian/project/FS/data/28gusui&pizang/03/52/cell_1761648776623_912349010008_73969_0000.png,thumbs/cluster_26/051_cell_1761648776623_912349010008_73969_0000.jpg
26,/home/wangqianqian/project/FS/data/28gusui&pizang/03/55/cell_1761648900442_912349010008_86338_0000.png,thumbs/cluster_26/052_cell_1761648900442_912349010008_86338_0000.jpg
26,/home/wangqianqian/project/FS/data/28gusui&pizang/03/56/cell_1761648998442_912349010008_94849_0000.png,thumbs/cluster_26/053_cell_1761648998442_912349010008_94849_0000.jpg
26,/home/wangqianqian/project/FS/data/28gusui&pizang/03/55/cell_1761648947623_912349010008_90288_0000.png,thumbs/cluster_26/054_cell_1761648947623_912349010008_90288_0000.jpg
26,/home/wangqianqian/project/FS/data/28gusui&pizang/03/53/cell_1761648832763_912349010008_79725_0000.png,thumbs/cluster_26/055_cell_1761648832763_912349010008_79725_0000.jpg
26,/home/wangqianqian/project/FS/data/28gusui&pizang/03/46/cell_1761648416841_912349010008_39773_0000.png,thumbs/cluster_26/056_cell_1761648416841_912349010008_39773_0000.jpg
26,/home/wangqianqian/project/FS/data/28gusui&pizang/03/43/cell_1761648212998_912349010008_21947_0100.png,thumbs/cluster_26/057_cell_1761648212998_912349010008_21947_0100.jpg
26,/home/wangqianqian/project/FS/data/28gusui&pizang/03/53/cell_1761648802080_912349010008_76713_0100.png,thumbs/cluster_26/058_cell_1761648802080_912349010008_76713_0100.jpg
26,/home/wangqianqian/project/FS/data/28gusui&pizang/03/58/cell_1761649090630_912349010008_104125_0100.png,thumbs/cluster_26/059_cell_1761649090630_912349010008_104125_0100.jpg
26,/home/wangqianqian/project/FS/data/28gusui&pizang/03/47/cell_1761648420339_912349010008_40115_0000.png,thumbs/cluster_26/060_cell_1761648420339_912349010008_40115_0000.jpg
26,/home/wangqianqian/project/FS/data/28gusui&pizang/03/57/cell_1761649038964_912349010008_98646_0000.png,thumbs/cluster_26/061_cell_1761649038964_912349010008_98646_0000.jpg
26,/home/wangqianqian/project/FS/data/28gusui&pizang/03/47/cell_1761648478477_912349010008_45389_0100.png,thumbs/cluster_26/062_cell_1761648478477_912349010008_45389_0100.jpg
26,/home/wangqianqian/project/FS/data/28gusui&pizang/03/53/cell_1761648810754_912349010008_77665_0100.png,thumbs/cluster_26/063_cell_1761648810754_912349010008_77665_0100.jpg
26,/home/wangqianqian/project/FS/data/28gusui&pizang/03/50/cell_1761648649981_912349010008_61349_0100.png,thumbs/cluster_26/064_cell_1761648649981_912349010008_61349_0100.jpg
26,/home/wangqianqian/project/FS/data/28gusui&pizang/03/56/cell_1761649011381_912349010008_96049_0100.png,thumbs/cluster_26/065_cell_1761649011381_912349010008_96049_0100.jpg
26,/home/wangqianqian/project/FS/data/28gusui&pizang/03/54/cell_1761648888344_912349010008_85302_0100.png,thumbs/cluster_26/066_cell_1761648888344_912349010008_85302_0100.jpg
26,/home/wangqianqian/project/FS/data/28gusui&pizang/03/54/cell_1761648891792_912349010008_85629_0100.png,thumbs/cluster_26/067_cell_1761648891792_912349010008_85629_0100.jpg
26,/home/wangqianqian/project/FS/data/28gusui&pizang/03/40/cell_1761648034886_912349010008_10034_0000.png,thumbs/cluster_26/068_cell_1761648034886_912349010008_10034_0000.jpg
26,/home/wangqianqian/project/FS/data/28gusui&pizang/03/54/cell_1761648840793_912349010008_80505_0100.png,thumbs/cluster_26/069_cell_1761648840793_912349010008_80505_0100.jpg
26,/home/wangqianqian/project/FS/data/28gusui&pizang/03/39/cell_1761647971630_912349010008_7071_0000.png,thumbs/cluster_26/070_cell_1761647971630_912349010008_7071_0000.jpg
26,/home/wangqianqian/project/FS/data/28gusui&pizang/03/49/cell_1761648584419_912349010008_54736_0100.png,thumbs/cluster_26/071_cell_1761648584419_912349010008_54736_0100.jpg
26,/home/wangqianqian/project/FS/data/28gusui&pizang/03/57/cell_1761649033493_912349010008_98131_0000.png,thumbs/cluster_26/072_cell_1761649033493_912349010008_98131_0000.jpg
26,/home/wangqianqian/project/FS/data/28gusui&pizang/03/44/cell_1761648250603_912349010008_25064_0100.png,thumbs/cluster_26/073_cell_1761648250603_912349010008_25064_0100.jpg
26,/home/wangqianqian/project/FS/data/28gusui&pizang/03/42/cell_1761648135443_912349010008_16161_0100.png,thumbs/cluster_26/074_cell_1761648135443_912349010008_16161_0100.jpg
26,/home/wangqianqian/project/FS/data/28gusui&pizang/03/42/cell_1761648146014_912349010008_16937_0000.png,thumbs/cluster_26/075_cell_1761648146014_912349010008_16937_0000.jpg
26,/home/wangqianqian/project/FS/data/28gusui&pizang/03/45/cell_1761648305495_912349010008_29933_0000.png,thumbs/cluster_26/076_cell_1761648305495_912349010008_29933_0000.jpg
26,/home/wangqianqian/project/FS/data/28gusui&pizang/03/58/cell_1761649114769_912349010008_106730_0100.png,thumbs/cluster_26/077_cell_1761649114769_912349010008_106730_0100.jpg
26,/home/wangqianqian/project/FS/data/28gusui&pizang/03/45/cell_1761648338889_912349010008_32791_0100.png,thumbs/cluster_26/078_cell_1761648338889_912349010008_32791_0100.jpg
26,/home/wangqianqian/project/FS/data/28gusui&pizang/03/58/cell_1761649102297_912349010008_105345_0000.png,thumbs/cluster_26/079_cell_1761649102297_912349010008_105345_0000.jpg
26,/home/wangqianqian/project/FS/data/28gusui&pizang/03/56/cell_1761648970529_912349010008_92293_0100.png,thumbs/cluster_26/080_cell_1761648970529_912349010008_92293_0100.jpg
26,/home/wangqianqian/project/FS/data/28gusui&pizang/03/54/cell_1761648844821_912349010008_80932_0100.png,thumbs/cluster_26/081_cell_1761648844821_912349010008_80932_0100.jpg
26,/home/wangqianqian/project/FS/data/28gusui&pizang/03/41/cell_1761648116293_912349010008_14788_0100.png,thumbs/cluster_26/082_cell_1761648116293_912349010008_14788_0100.jpg
26,/home/wangqianqian/project/FS/data/28gusui&pizang/03/55/cell_1761648935552_912349010008_89288_0000.png,thumbs/cluster_26/083_cell_1761648935552_912349010008_89288_0000.jpg
26,/home/wangqianqian/project/FS/data/28gusui&pizang/03/57/cell_1761649026951_912349010008_97474_0000.png,thumbs/cluster_26/084_cell_1761649026951_912349010008_97474_0000.jpg
26,/home/wangqianqian/project/FS/data/28gusui&pizang/03/55/cell_1761648929048_912349010008_88704_0000.png,thumbs/cluster_26/085_cell_1761648929048_912349010008_88704_0000.jpg
26,/home/wangqianqian/project/FS/data/28gusui&pizang/03/47/cell_1761648460123_912349010008_43821_0000.png,thumbs/cluster_26/086_cell_1761648460123_912349010008_43821_0000.jpg
26,/home/wangqianqian/project/FS/data/28gusui&pizang/03/47/cell_1761648467778_912349010008_44458_0100.png,thumbs/cluster_26/087_cell_1761648467778_912349010008_44458_0100.jpg
26,/home/wangqianqian/project/FS/data/28gusui&pizang/03/52/cell_1761648762424_912349010008_72674_0100.png,thumbs/cluster_26/088_cell_1761648762424_912349010008_72674_0100.jpg
26,/home/wangqianqian/project/FS/data/28gusui&pizang/03/39/cell_1761647972082_912349010008_7088_0000.png,thumbs/cluster_26/089_cell_1761647972082_912349010008_7088_0000.jpg
26,/home/wangqianqian/project/FS/data/28gusui&pizang/03/55/cell_1761648905690_912349010008_86770_0100.png,thumbs/cluster_26/090_cell_1761648905690_912349010008_86770_0100.jpg
26,/home/wangqianqian/project/FS/data/28gusui&pizang/03/44/cell_1761648248674_912349010008_24906_0000.png,thumbs/cluster_26/091_cell_1761648248674_912349010008_24906_0000.jpg
26,/home/wangqianqian/project/FS/data/28gusui&pizang/03/46/cell_1761648397471_912349010008_38015_0000.png,thumbs/cluster_26/092_cell_1761648397471_912349010008_38015_0000.jpg
26,/home/wangqianqian/project/FS/data/28gusui&pizang/03/54/cell_1761648889400_912349010008_85396_0000.png,thumbs/cluster_26/093_cell_1761648889400_912349010008_85396_0000.jpg
26,/home/wangqianqian/project/FS/data/28gusui&pizang/03/59/cell_1761649162260_912349010008_111679_0000.png,thumbs/cluster_26/094_cell_1761649162260_912349010008_111679_0000.jpg
26,/home/wangqianqian/project/FS/data/28gusui&pizang/03/44/cell_1761648254764_912349010008_25424_0000.png,thumbs/cluster_26/095_cell_1761648254764_912349010008_25424_0000.jpg
26,/home/wangqianqian/project/FS/data/28gusui&pizang/03/48/cell_1761648534851_912349010008_50141_0000.png,thumbs/cluster_26/096_cell_1761648534851_912349010008_50141_0000.jpg
26,/home/wangqianqian/project/FS/data/28gusui&pizang/03/54/cell_1761648841072_912349010008_80532_0100.png,thumbs/cluster_26/097_cell_1761648841072_912349010008_80532_0100.jpg
26,/home/wangqianqian/project/FS/data/28gusui&pizang/03/53/cell_1761648811173_912349010008_77705_0000.png,thumbs/cluster_26/098_cell_1761648811173_912349010008_77705_0000.jpg
26,/home/wangqianqian/project/FS/data/28gusui&pizang/03/58/cell_1761649099279_912349010008_105045_0000.png,thumbs/cluster_26/099_cell_1761649099279_912349010008_105045_0000.jpg
27,/home/wangqianqian/project/FS/data/28gusui&pizang/03/57/cell_1761649069158_912349010008_101842_0100.png,thumbs/cluster_27/000_cell_1761649069158_912349010008_101842_0100.jpg
27,/home/wangqianqian/project/FS/data/28gusui&pizang/03/40/cell_1761648026251_912349010008_9561_0100.png,thumbs/cluster_27/001_cell_1761648026251_912349010008_9561_0100.jpg
27,/home/wangqianqian/project/FS/data/28gusui&pizang/03/50/cell_1761648640396_912349010008_60348_0100.png,thumbs/cluster_27/002_cell_1761648640396_912349010008_60348_0100.jpg
27,/home/wangqianqian/project/FS/data/28gusui&pizang/03/56/cell_1761648997311_912349010008_94750_0100.png,thumbs/cluster_27/003_cell_1761648997311_912349010008_94750_0100.jpg
27,/home/wangqianqian/project/FS/data/28gusui&pizang/03/43/cell_1761648202132_912349010008_20992_0000.png,thumbs/cluster_27/004_cell_1761648202132_912349010008_20992_0000.jpg
27,/home/wangqianqian/project/FS/data/28gusui&pizang/03/45/cell_1761648313538_912349010008_30617_0000.png,thumbs/cluster_27/005_cell_1761648313538_912349010008_30617_0000.jpg
27,/home/wangqianqian/project/FS/data/28gusui&pizang/03/51/cell_1761648713180_912349010008_67881_0000.png,thumbs/cluster_27/006_cell_1761648713180_912349010008_67881_0000.jpg
27,/home/wangqianqian/project/FS/data/28gusui&pizang/03/53/cell_1761648806530_912349010008_77213_0000.png,thumbs/cluster_27/007_cell_1761648806530_912349010008_77213_0000.jpg
27,/home/wangqianqian/project/FS/data/28gusui&pizang/03/55/cell_1761648917474_912349010008_87675_0100.png,thumbs/cluster_27/008_cell_1761648917474_912349010008_87675_0100.jpg
27,/home/wangqianqian/project/FS/data/28gusui&pizang/03/50/cell_1761648605710_912349010008_56943_0000.png,thumbs/cluster_27/009_cell_1761648605710_912349010008_56943_0000.jpg
27,/home/wangqianqian/project/FS/data/28gusui&pizang/03/57/cell_1761649040824_912349010008_98878_0000.png,thumbs/cluster_27/010_cell_1761649040824_912349010008_98878_0000.jpg
27,/home/wangqianqian/project/FS/data/28gusui&pizang/03/40/cell_1761648059082_912349010008_11204_0100.png,thumbs/cluster_27/011_cell_1761648059082_912349010008_11204_0100.jpg
27,/home/wangqianqian/project/FS/data/28gusui&pizang/03/54/cell_1761648842534_912349010008_80668_0000.png,thumbs/cluster_27/012_cell_1761648842534_912349010008_80668_0000.jpg
27,/home/wangqianqian/project/FS/data/28gusui&pizang/03/48/cell_1761648528666_912349010008_49548_0000.png,thumbs/cluster_27/013_cell_1761648528666_912349010008_49548_0000.jpg
27,/home/wangqianqian/project/FS/data/28gusui&pizang/03/46/cell_1761648388098_912349010008_37201_0000.png,thumbs/cluster_27/014_cell_1761648388098_912349010008_37201_0000.jpg
27,/home/wangqianqian/project/FS/data/28gusui&pizang/03/58/cell_1761649125766_912349010008_107817_0000.png,thumbs/cluster_27/015_cell_1761649125766_912349010008_107817_0000.jpg
27,/home/wangqianqian/project/FS/data/28gusui&pizang/03/44/cell_1761648245346_912349010008_24606_0100.png,thumbs/cluster_27/016_cell_1761648245346_912349010008_24606_0100.jpg
27,/home/wangqianqian/project/FS/data/28gusui&pizang/03/39/cell_1761647991299_912349010008_7845_0000.png,thumbs/cluster_27/017_cell_1761647991299_912349010008_7845_0000.jpg
27,/home/wangqianqian/project/FS/data/28gusui&pizang/03/57/cell_1761649051848_912349010008_100033_0000.png,thumbs/cluster_27/018_cell_1761649051848_912349010008_100033_0000.jpg
27,/home/wangqianqian/project/FS/data/28gusui&pizang/03/48/cell_1761648534713_912349010008_50128_0000.png,thumbs/cluster_27/019_cell_1761648534713_912349010008_50128_0000.jpg
27,/home/wangqianqian/project/FS/data/28gusui&pizang/03/44/cell_1761648247532_912349010008_24796_0100.png,thumbs/cluster_27/020_cell_1761648247532_912349010008_24796_0100.jpg
27,/home/wangqianqian/project/FS/data/28gusui&pizang/03/58/cell_1761649134407_912349010008_108719_0000.png,thumbs/cluster_27/021_cell_1761649134407_912349010008_108719_0000.jpg
27,/home/wangqianqian/project/FS/data/28gusui&pizang/03/48/cell_1761648492666_912349010008_46620_0000.png,thumbs/cluster_27/022_cell_1761648492666_912349010008_46620_0000.jpg
27,/home/wangqianqian/project/FS/data/28gusui&pizang/03/56/cell_1761648979714_912349010008_93092_0000.png,thumbs/cluster_27/023_cell_1761648979714_912349010008_93092_0000.jpg
27,/home/wangqianqian/project/FS/data/28gusui&pizang/03/52/cell_1761648764363_912349010008_72859_0000.png,thumbs/cluster_27/024_cell_1761648764363_912349010008_72859_0000.jpg
27,/home/wangqianqian/project/FS/data/28gusui&pizang/03/38/cell_1761647905689_912349010008_4614_0000.png,thumbs/cluster_27/025_cell_1761647905689_912349010008_4614_0000.jpg
27,/home/wangqianqian/project/FS/data/28gusui&pizang/03/54/cell_1761648891647_912349010008_85618_0000.png,thumbs/cluster_27/026_cell_1761648891647_912349010008_85618_0000.jpg
27,/home/wangqianqian/project/FS/data/28gusui&pizang/03/42/cell_1761648143939_912349010008_16764_0000.png,thumbs/cluster_27/027_cell_1761648143939_912349010008_16764_0000.jpg
27,/home/wangqianqian/project/FS/data/28gusui&pizang/03/50/cell_1761648623961_912349010008_58676_0000.png,thumbs/cluster_27/028_cell_1761648623961_912349010008_58676_0000.jpg
27,/home/wangqianqian/project/FS/data/28gusui&pizang/03/46/cell_1761648366182_912349010008_35299_0000.png,thumbs/cluster_27/029_cell_1761648366182_912349010008_35299_0000.jpg
27,/home/wangqianqian/project/FS/data/28gusui&pizang/03/46/cell_1761648404877_912349010008_38653_0100.png,thumbs/cluster_27/030_cell_1761648404877_912349010008_38653_0100.jpg
27,/home/wangqianqian/project/FS/data/28gusui&pizang/03/45/cell_1761648357262_912349010008_34486_0000.png,thumbs/cluster_27/031_cell_1761648357262_912349010008_34486_0000.jpg
27,/home/wangqianqian/project/FS/data/28gusui&pizang/03/43/cell_1761648205818_912349010008_21320_0000.png,thumbs/cluster_27/032_cell_1761648205818_912349010008_21320_0000.jpg
27,/home/wangqianqian/project/FS/data/28gusui&pizang/03/43/cell_1761648193102_912349010008_20302_0000.png,thumbs/cluster_27/033_cell_1761648193102_912349010008_20302_0000.jpg
27,/home/wangqianqian/project/FS/data/28gusui&pizang/03/51/cell_1761648687138_912349010008_65098_0000.png,thumbs/cluster_27/034_cell_1761648687138_912349010008_65098_0000.jpg
27,/home/wangqianqian/project/FS/data/28gusui&pizang/03/54/cell_1761648862841_912349010008_82779_0000.png,thumbs/cluster_27/035_cell_1761648862841_912349010008_82779_0000.jpg
27,/home/wangqianqian/project/FS/data/28gusui&pizang/03/43/cell_1761648207509_912349010008_21489_0100.png,thumbs/cluster_27/036_cell_1761648207509_912349010008_21489_0100.jpg
27,/home/wangqianqian/project/FS/data/28gusui&pizang/03/45/cell_1761648329748_912349010008_31961_0000.png,thumbs/cluster_27/037_cell_1761648329748_912349010008_31961_0000.jpg
27,/home/wangqianqian/project/FS/data/28gusui&pizang/03/49/cell_1761648568676_912349010008_53250_0100.png,thumbs/cluster_27/038_cell_1761648568676_912349010008_53250_0100.jpg
27,/home/wangqianqian/project/FS/data/28gusui&pizang/03/52/cell_1761648757612_912349010008_72230_0000.png,thumbs/cluster_27/039_cell_1761648757612_912349010008_72230_0000.jpg
27,/home/wangqianqian/project/FS/data/28gusui&pizang/03/48/cell_1761648520590_912349010008_48866_0100.png,thumbs/cluster_27/040_cell_1761648520590_912349010008_48866_0100.jpg
27,/home/wangqianqian/project/FS/data/28gusui&pizang/03/49/cell_1761648584365_912349010008_54728_0000.png,thumbs/cluster_27/041_cell_1761648584365_912349010008_54728_0000.jpg
27,/home/wangqianqian/project/FS/data/28gusui&pizang/03/56/cell_1761648988129_912349010008_93836_0100.png,thumbs/cluster_27/042_cell_1761648988129_912349010008_93836_0100.jpg
27,/home/wangqianqian/project/FS/data/28gusui&pizang/03/50/cell_1761648655828_912349010008_61977_0000.png,thumbs/cluster_27/043_cell_1761648655828_912349010008_61977_0000.jpg
27,/home/wangqianqian/project/FS/data/28gusui&pizang/03/41/cell_1761648115886_912349010008_14754_0000.png,thumbs/cluster_27/044_cell_1761648115886_912349010008_14754_0000.jpg
27,/home/wangqianqian/project/FS/data/28gusui&pizang/03/53/cell_1761648797534_912349010008_76227_0000.png,thumbs/cluster_27/045_cell_1761648797534_912349010008_76227_0000.jpg
27,/home/wangqianqian/project/FS/data/28gusui&pizang/03/55/cell_1761648916069_912349010008_87564_0000.png,thumbs/cluster_27/046_cell_1761648916069_912349010008_87564_0000.jpg
27,/home/wangqianqian/project/FS/data/28gusui&pizang/03/48/cell_1761648502121_912349010008_47423_0000.png,thumbs/cluster_27/047_cell_1761648502121_912349010008_47423_0000.jpg
27,/home/wangqianqian/project/FS/data/28gusui&pizang/03/54/cell_1761648842878_912349010008_80713_0100.png,thumbs/cluster_27/048_cell_1761648842878_912349010008_80713_0100.jpg
27,/home/wangqianqian/project/FS/data/28gusui&pizang/03/44/cell_1761648270352_912349010008_26833_0000.png,thumbs/cluster_27/049_cell_1761648270352_912349010008_26833_0000.jpg
27,/home/wangqianqian/project/FS/data/28gusui&pizang/03/41/cell_1761648089747_912349010008_13188_0100.png,thumbs/cluster_27/050_cell_1761648089747_912349010008_13188_0100.jpg
27,/home/wangqianqian/project/FS/data/28gusui&pizang/03/42/cell_1761648172960_912349010008_18827_0100.png,thumbs/cluster_27/051_cell_1761648172960_912349010008_18827_0100.jpg
27,/home/wangqianqian/project/FS/data/28gusui&pizang/03/53/cell_1761648796516_912349010008_76116_0000.png,thumbs/cluster_27/052_cell_1761648796516_912349010008_76116_0000.jpg
27,/home/wangqianqian/project/FS/data/28gusui&pizang/03/56/cell_1761648979954_912349010008_93122_0000.png,thumbs/cluster_27/053_cell_1761648979954_912349010008_93122_0000.jpg
27,/home/wangqianqian/project/FS/data/28gusui&pizang/03/53/cell_1761648783488_912349010008_74646_0100.png,thumbs/cluster_27/054_cell_1761648783488_912349010008_74646_0100.jpg
27,/home/wangqianqian/project/FS/data/28gusui&pizang/03/51/cell_1761648667021_912349010008_63080_0000.png,thumbs/cluster_27/055_cell_1761648667021_912349010008_63080_0000.jpg
27,/home/wangqianqian/project/FS/data/28gusui&pizang/03/49/cell_1761648583713_912349010008_54678_0000.png,thumbs/cluster_27/056_cell_1761648583713_912349010008_54678_0000.jpg
27,/home/wangqianqian/project/FS/data/28gusui&pizang/03/46/cell_1761648411093_912349010008_39205_0100.png,thumbs/cluster_27/057_cell_1761648411093_912349010008_39205_0100.jpg
27,/home/wangqianqian/project/FS/data/28gusui&pizang/03/49/cell_1761648593837_912349010008_55700_0100.png,thumbs/cluster_27/058_cell_1761648593837_912349010008_55700_0100.jpg
27,/home/wangqianqian/project/FS/data/28gusui&pizang/03/56/cell_1761649019997_912349010008_96813_0100.png,thumbs/cluster_27/059_cell_1761649019997_912349010008_96813_0100.jpg
27,/home/wangqianqian/project/FS/data/28gusui&pizang/03/44/cell_1761648283439_912349010008_28074_0000.png,thumbs/cluster_27/060_cell_1761648283439_912349010008_28074_0000.jpg
27,/home/wangqianqian/project/FS/data/28gusui&pizang/03/59/cell_1761649163652_912349010008_111821_0000.png,thumbs/cluster_27/061_cell_1761649163652_912349010008_111821_0000.jpg
27,/home/wangqianqian/project/FS/data/28gusui&pizang/03/58/cell_1761649109056_912349010008_106075_0100.png,thumbs/cluster_27/062_cell_1761649109056_912349010008_106075_0100.jpg
27,/home/wangqianqian/project/FS/data/28gusui&pizang/03/55/cell_1761648905820_912349010008_86779_0100.png,thumbs/cluster_27/063_cell_1761648905820_912349010008_86779_0100.jpg
27,/home/wangqianqian/project/FS/data/28gusui&pizang/03/55/cell_1761648912902_912349010008_87331_0000.png,thumbs/cluster_27/064_cell_1761648912902_912349010008_87331_0000.jpg
27,/home/wangqianqian/project/FS/data/28gusui&pizang/03/57/cell_1761649052284_912349010008_100085_0100.png,thumbs/cluster_27/065_cell_1761649052284_912349010008_100085_0100.jpg
27,/home/wangqianqian/project/FS/data/28gusui&pizang/03/49/cell_1761648588253_912349010008_55118_0000.png,thumbs/cluster_27/066_cell_1761648588253_912349010008_55118_0000.jpg
27,/home/wangqianqian/project/FS/data/28gusui&pizang/03/58/cell_1761649094232_912349010008_104549_0000.png,thumbs/cluster_27/067_cell_1761649094232_912349010008_104549_0000.jpg
27,/home/wangqianqian/project/FS/data/28gusui&pizang/03/39/cell_1761647993089_912349010008_7918_0000.png,thumbs/cluster_27/068_cell_1761647993089_912349010008_7918_0000.jpg
27,/home/wangqianqian/project/FS/data/28gusui&pizang/03/45/cell_1761648351382_912349010008_33951_0000.png,thumbs/cluster_27/069_cell_1761648351382_912349010008_33951_0000.jpg
27,/home/wangqianqian/project/FS/data/28gusui&pizang/03/54/cell_1761648884466_912349010008_84892_0100.png,thumbs/cluster_27/070_cell_1761648884466_912349010008_84892_0100.jpg
27,/home/wangqianqian/project/FS/data/28gusui&pizang/03/57/cell_1761649061517_912349010008_101073_0000.png,thumbs/cluster_27/071_cell_1761649061517_912349010008_101073_0000.jpg
27,/home/wangqianqian/project/FS/data/28gusui&pizang/03/49/cell_1761648569657_912349010008_53328_0100.png,thumbs/cluster_27/072_cell_1761648569657_912349010008_53328_0100.jpg
27,/home/wangqianqian/project/FS/data/28gusui&pizang/03/52/cell_1761648756941_912349010008_72162_0000.png,thumbs/cluster_27/073_cell_1761648756941_912349010008_72162_0000.jpg
27,/home/wangqianqian/project/FS/data/28gusui&pizang/03/44/cell_1761648283250_912349010008_28050_0000.png,thumbs/cluster_27/074_cell_1761648283250_912349010008_28050_0000.jpg
27,/home/wangqianqian/project/FS/data/28gusui&pizang/03/47/cell_1761648421211_912349010008_40199_0000.png,thumbs/cluster_27/075_cell_1761648421211_912349010008_40199_0000.jpg
27,/home/wangqianqian/project/FS/data/28gusui&pizang/03/46/cell_1761648391131_912349010008_37452_0100.png,thumbs/cluster_27/076_cell_1761648391131_912349010008_37452_0100.jpg
27,/home/wangqianqian/project/FS/data/28gusui&pizang/03/57/cell_1761649033931_912349010008_98180_0000.png,thumbs/cluster_27/077_cell_1761649033931_912349010008_98180_0000.jpg
27,/home/wangqianqian/project/FS/data/28gusui&pizang/03/46/cell_1761648391651_912349010008_37490_0000.png,thumbs/cluster_27/078_cell_1761648391651_912349010008_37490_0000.jpg
27,/home/wangqianqian/project/FS/data/28gusui&pizang/03/46/cell_1761648410255_912349010008_39125_0000.png,thumbs/cluster_27/079_cell_1761648410255_912349010008_39125_0000.jpg
27,/home/wangqianqian/project/FS/data/28gusui&pizang/03/54/cell_1761648896347_912349010008_86015_0000.png,thumbs/cluster_27/080_cell_1761648896347_912349010008_86015_0000.jpg
27,/home/wangqianqian/project/FS/data/28gusui&pizang/03/55/cell_1761648941018_912349010008_89738_0100.png,thumbs/cluster_27/081_cell_1761648941018_912349010008_89738_0100.jpg
27,/home/wangqianqian/project/FS/data/28gusui&pizang/03/50/cell_1761648602040_912349010008_56576_0000.png,thumbs/cluster_27/082_cell_1761648602040_912349010008_56576_0000.jpg
27,/home/wangqianqian/project/FS/data/28gusui&pizang/03/53/cell_1761648802711_912349010008_76794_0000.png,thumbs/cluster_27/083_cell_1761648802711_912349010008_76794_0000.jpg
27,/home/wangqianqian/project/FS/data/28gusui&pizang/03/53/cell_1761648806545_912349010008_77214_0000.png,thumbs/cluster_27/084_cell_1761648806545_912349010008_77214_0000.jpg
27,/home/wangqianqian/project/FS/data/28gusui&pizang/03/55/cell_1761648948560_912349010008_90361_0100.png,thumbs/cluster_27/085_cell_1761648948560_912349010008_90361_0100.jpg
27,/home/wangqianqian/project/FS/data/28gusui&pizang/03/54/cell_1761648885857_912349010008_85052_0100.png,thumbs/cluster_27/086_cell_1761648885857_912349010008_85052_0100.jpg
27,/home/wangqianqian/project/FS/data/28gusui&pizang/03/58/cell_1761649092306_912349010008_104351_0000.png,thumbs/cluster_27/087_cell_1761649092306_912349010008_104351_0000.jpg
27,/home/wangqianqian/project/FS/data/28gusui&pizang/03/51/cell_1761648698033_912349010008_66247_0100.png,thumbs/cluster_27/088_cell_1761648698033_912349010008_66247_0100.jpg
27,/home/wangqianqian/project/FS/data/28gusui&pizang/03/52/cell_1761648768098_912349010008_73187_0000.png,thumbs/cluster_27/089_cell_1761648768098_912349010008_73187_0000.jpg
27,/home/wangqianqian/project/FS/data/28gusui&pizang/03/51/cell_1761648693975_912349010008_65819_0000.png,thumbs/cluster_27/090_cell_1761648693975_912349010008_65819_0000.jpg
27,/home/wangqianqian/project/FS/data/28gusui&pizang/03/42/cell_1761648172470_912349010008_18772_0100.png,thumbs/cluster_27/091_cell_1761648172470_912349010008_18772_0100.jpg
27,/home/wangqianqian/project/FS/data/28gusui&pizang/03/56/cell_1761648990894_912349010008_94098_0100.png,thumbs/cluster_27/092_cell_1761648990894_912349010008_94098_0100.jpg
27,/home/wangqianqian/project/FS/data/28gusui&pizang/03/48/cell_1761648530252_912349010008_49678_0000.png,thumbs/cluster_27/093_cell_1761648530252_912349010008_49678_0000.jpg
27,/home/wangqianqian/project/FS/data/28gusui&pizang/03/50/cell_1761648626362_912349010008_58936_0000.png,thumbs/cluster_27/094_cell_1761648626362_912349010008_58936_0000.jpg
27,/home/wangqianqian/project/FS/data/28gusui&pizang/03/54/cell_1761648842365_912349010008_80651_0000.png,thumbs/cluster_27/095_cell_1761648842365_912349010008_80651_0000.jpg
27,/home/wangqianqian/project/FS/data/28gusui&pizang/03/48/cell_1761648501817_912349010008_47388_0000.png,thumbs/cluster_27/096_cell_1761648501817_912349010008_47388_0000.jpg
27,/home/wangqianqian/project/FS/data/28gusui&pizang/03/44/cell_1761648268027_912349010008_26599_0000.png,thumbs/cluster_27/097_cell_1761648268027_912349010008_26599_0000.jpg
27,/home/wangqianqian/project/FS/data/28gusui&pizang/03/49/cell_1761648591920_912349010008_55486_0100.png,thumbs/cluster_27/098_cell_1761648591920_912349010008_55486_0100.jpg
27,/home/wangqianqian/project/FS/data/28gusui&pizang/03/50/cell_1761648605548_912349010008_56923_0100.png,thumbs/cluster_27/099_cell_1761648605548_912349010008_56923_0100.jpg
28,/home/wangqianqian/project/FS/data/28gusui&pizang/03/54/cell_1761648844650_912349010008_80916_0000.png,thumbs/cluster_28/000_cell_1761648844650_912349010008_80916_0000.jpg
28,/home/wangqianqian/project/FS/data/28gusui&pizang/03/57/cell_1761649060249_912349010008_100946_0100.png,thumbs/cluster_28/001_cell_1761649060249_912349010008_100946_0100.jpg
28,/home/wangqianqian/project/FS/data/28gusui&pizang/03/56/cell_1761648992222_912349010008_94244_0000.png,thumbs/cluster_28/002_cell_1761648992222_912349010008_94244_0000.jpg
28,/home/wangqianqian/project/FS/data/28gusui&pizang/03/39/cell_1761647980342_912349010008_7412_0000.png,thumbs/cluster_28/003_cell_1761647980342_912349010008_7412_0000.jpg
28,/home/wangqianqian/project/FS/data/28gusui&pizang/03/52/cell_1761648751454_912349010008_71607_0000.png,thumbs/cluster_28/004_cell_1761648751454_912349010008_71607_0000.jpg
28,/home/wangqianqian/project/FS/data/28gusui&pizang/03/42/cell_1761648157565_912349010008_17738_0100.png,thumbs/cluster_28/005_cell_1761648157565_912349010008_17738_0100.jpg
28,/home/wangqianqian/project/FS/data/28gusui&pizang/03/56/cell_1761648962950_912349010008_91606_0100.png,thumbs/cluster_28/006_cell_1761648962950_912349010008_91606_0100.jpg
28,/home/wangqianqian/project/FS/data/28gusui&pizang/03/50/cell_1761648605452_912349010008_56910_0000.png,thumbs/cluster_28/007_cell_1761648605452_912349010008_56910_0000.jpg
28,/home/wangqianqian/project/FS/data/28gusui&pizang/03/54/cell_1761648862369_912349010008_82731_0000.png,thumbs/cluster_28/008_cell_1761648862369_912349010008_82731_0000.jpg
28,/home/wangqianqian/project/FS/data/28gusui&pizang/03/55/cell_1761648910443_912349010008_87134_0000.png,thumbs/cluster_28/009_cell_1761648910443_912349010008_87134_0000.jpg
28,/home/wangqianqian/project/FS/data/28gusui&pizang/03/46/cell_1761648382150_912349010008_36702_0100.png,thumbs/cluster_28/010_cell_1761648382150_912349010008_36702_0100.jpg
28,/home/wangqianqian/project/FS/data/28gusui&pizang/03/54/cell_1761648880785_912349010008_84551_0100.png,thumbs/cluster_28/011_cell_1761648880785_912349010008_84551_0100.jpg
28,/home/wangqianqian/project/FS/data/28gusui&pizang/03/49/cell_1761648577424_912349010008_54113_0100.png,thumbs/cluster_28/012_cell_1761648577424_912349010008_54113_0100.jpg
28,/home/wangqianqian/project/FS/data/28gusui&pizang/03/53/cell_1761648808404_912349010008_77419_0100.png,thumbs/cluster_28/013_cell_1761648808404_912349010008_77419_0100.jpg
28,/home/wangqianqian/project/FS/data/28gusui&pizang/03/48/cell_1761648529007_912349010008_49571_0000.png,thumbs/cluster_28/014_cell_1761648529007_912349010008_49571_0000.jpg
28,/home/wangqianqian/project/FS/data/28gusui&pizang/03/54/cell_1761648845790_912349010008_81014_0000.png,thumbs/cluster_28/015_cell_1761648845790_912349010008_81014_0000.jpg
28,/home/wangqianqian/project/FS/data/28gusui&pizang/03/44/cell_1761648244314_912349010008_24496_0000.png,thumbs/cluster_28/016_cell_1761648244314_912349010008_24496_0000.jpg
28,/home/wangqianqian/project/FS/data/28gusui&pizang/03/52/cell_1761648763100_912349010008_72737_0000.png,thumbs/cluster_28/017_cell_1761648763100_912349010008_72737_0000.jpg
28,/home/wangqianqian/project/FS/data/28gusui&pizang/03/40/cell_1761648050317_912349010008_10729_0000.png,thumbs/cluster_28/018_cell_1761648050317_912349010008_10729_0000.jpg
28,/home/wangqianqian/project/FS/data/28gusui&pizang/03/57/cell_1761649037966_912349010008_98563_0100.png,thumbs/cluster_28/019_cell_1761649037966_912349010008_98563_0100.jpg
28,/home/wangqianqian/project/FS/data/28gusui&pizang/03/59/cell_1761649151748_912349010008_110513_0100.png,thumbs/cluster_28/020_cell_1761649151748_912349010008_110513_0100.jpg
28,/home/wangqianqian/project/FS/data/28gusui&pizang/03/51/cell_1761648687539_912349010008_65135_0100.png,thumbs/cluster_28/021_cell_1761648687539_912349010008_65135_0100.jpg
28,/home/wangqianqian/project/FS/data/28gusui&pizang/03/50/cell_1761648655130_912349010008_61918_0000.png,thumbs/cluster_28/022_cell_1761648655130_912349010008_61918_0000.jpg
28,/home/wangqianqian/project/FS/data/28gusui&pizang/03/46/cell_1761648393665_912349010008_37668_0100.png,thumbs/cluster_28/023_cell_1761648393665_912349010008_37668_0100.jpg
28,/home/wangqianqian/project/FS/data/28gusui&pizang/03/45/cell_1761648347331_912349010008_33591_0100.png,thumbs/cluster_28/024_cell_1761648347331_912349010008_33591_0100.jpg
28,/home/wangqianqian/project/FS/data/28gusui&pizang/03/48/cell_1761648507808_912349010008_47900_0100.png,thumbs/cluster_28/025_cell_1761648507808_912349010008_47900_0100.jpg
28,/home/wangqianqian/project/FS/data/28gusui&pizang/03/52/cell_1761648723020_912349010008_68815_0000.png,thumbs/cluster_28/026_cell_1761648723020_912349010008_68815_0000.jpg
28,/home/wangqianqian/project/FS/data/28gusui&pizang/03/43/cell_1761648181797_912349010008_19427_0100.png,thumbs/cluster_28/027_cell_1761648181797_912349010008_19427_0100.jpg
28,/home/wangqianqian/project/FS/data/28gusui&pizang/03/42/cell_1761648158104_912349010008_17785_0000.png,thumbs/cluster_28/028_cell_1761648158104_912349010008_17785_0000.jpg
28,/home/wangqianqian/project/FS/data/28gusui&pizang/03/56/cell_1761648996075_912349010008_94607_0000.png,thumbs/cluster_28/029_cell_1761648996075_912349010008_94607_0000.jpg
28,/home/wangqianqian/project/FS/data/28gusui&pizang/03/54/cell_1761648870551_912349010008_83519_0100.png,thumbs/cluster_28/030_cell_1761648870551_912349010008_83519_0100.jpg
28,/home/wangqianqian/project/FS/data/28gusui&pizang/03/57/cell_1761649044097_912349010008_99234_0000.png,thumbs/cluster_28/031_cell_1761649044097_912349010008_99234_0000.jpg
28,/home/wangqianqian/project/FS/data/28gusui&pizang/03/59/cell_1761649144801_912349010008_109807_0000.png,thumbs/cluster_28/032_cell_1761649144801_912349010008_109807_0000.jpg
28,/home/wangqianqian/project/FS/data/28gusui&pizang/03/50/cell_1761648658757_912349010008_62264_0000.png,thumbs/cluster_28/033_cell_1761648658757_912349010008_62264_0000.jpg
28,/home/wangqianqian/project/FS/data/28gusui&pizang/03/55/cell_1761648943887_912349010008_89967_0000.png,thumbs/cluster_28/034_cell_1761648943887_912349010008_89967_0000.jpg
28,/home/wangqianqian/project/FS/data/28gusui&pizang/03/56/cell_1761649002918_912349010008_95275_0000.png,thumbs/cluster_28/035_cell_1761649002918_912349010008_95275_0000.jpg
28,/home/wangqianqian/project/FS/data/28gusui&pizang/03/50/cell_1761648656966_912349010008_62076_0100.png,thumbs/cluster_28/036_cell_1761648656966_912349010008_62076_0100.jpg
28,/home/wangqianqian/project/FS/data/28gusui&pizang/03/58/cell_1761649128535_912349010008_108125_0000.png,thumbs/cluster_28/037_cell_1761649128535_912349010008_108125_0000.jpg
28,/home/wangqianqian/project/FS/data/28gusui&pizang/03/47/cell_1761648423348_912349010008_40406_0100.png,thumbs/cluster_28/038_cell_1761648423348_912349010008_40406_0100.jpg
28,/home/wangqianqian/project/FS/data/28gusui&pizang/03/41/cell_1761648097949_912349010008_13709_0000.png,thumbs/cluster_28/039_cell_1761648097949_912349010008_13709_0000.jpg
28,/home/wangqianqian/project/FS/data/28gusui&pizang/03/45/cell_1761648326749_912349010008_31670_0000.png,thumbs/cluster_28/040_cell_1761648326749_912349010008_31670_0000.jpg
28,/home/wangqianqian/project/FS/data/28gusui&pizang/03/56/cell_1761648977215_912349010008_92868_0100.png,thumbs/cluster_28/041_cell_1761648977215_912349010008_92868_0100.jpg
28,/home/wangqianqian/project/FS/data/28gusui&pizang/03/45/cell_1761648331595_912349010008_32168_0000.png,thumbs/cluster_28/042_cell_1761648331595_912349010008_32168_0000.jpg
28,/home/wangqianqian/project/FS/data/28gusui&pizang/03/51/cell_1761648675450_912349010008_63871_0000.png,thumbs/cluster_28/043_cell_1761648675450_912349010008_63871_0000.jpg
28,/home/wangqianqian/project/FS/data/28gusui&pizang/03/48/cell_1761648497492_912349010008_47033_0100.png,thumbs/cluster_28/044_cell_1761648497492_912349010008_47033_0100.jpg
28,/home/wangqianqian/project/FS/data/28gusui&pizang/03/57/cell_1761649059717_912349010008_100890_0000.png,thumbs/cluster_28/045_cell_1761649059717_912349010008_100890_0000.jpg
28,/home/wangqianqian/project/FS/data/28gusui&pizang/03/50/cell_1761648623006_912349010008_58586_0100.png,thumbs/cluster_28/046_cell_1761648623006_912349010008_58586_0100.jpg
28,/home/wangqianqian/project/FS/data/28gusui&pizang/03/59/cell_1761649156576_912349010008_111047_0000.png,thumbs/cluster_28/047_cell_1761649156576_912349010008_111047_0000.jpg
28,/home/wangqianqian/project/FS/data/28gusui&pizang/03/57/cell_1761649078391_912349010008_102797_0000.png,thumbs/cluster_28/048_cell_1761649078391_912349010008_102797_0000.jpg
28,/home/wangqianqian/project/FS/data/28gusui&pizang/03/48/cell_1761648509077_912349010008_48004_0100.png,thumbs/cluster_28/049_cell_1761648509077_912349010008_48004_0100.jpg
28,/home/wangqianqian/project/FS/data/28gusui&pizang/03/41/cell_1761648117149_912349010008_14869_0100.png,thumbs/cluster_28/050_cell_1761648117149_912349010008_14869_0100.jpg
28,/home/wangqianqian/project/FS/data/28gusui&pizang/03/51/cell_1761648714813_912349010008_68042_0000.png,thumbs/cluster_28/051_cell_1761648714813_912349010008_68042_0000.jpg
28,/home/wangqianqian/project/FS/data/28gusui&pizang/03/56/cell_1761648997835_912349010008_94803_0000.png,thumbs/cluster_28/052_cell_1761648997835_912349010008_94803_0000.jpg
28,/home/wangqianqian/project/FS/data/28gusui&pizang/03/45/cell_1761648307235_912349010008_30085_0000.png,thumbs/cluster_28/053_cell_1761648307235_912349010008_30085_0000.jpg
28,/home/wangqianqian/project/FS/data/28gusui&pizang/03/36/cell_1761647776519_912349010008_357_0000.png,thumbs/cluster_28/054_cell_1761647776519_912349010008_357_0000.jpg
28,/home/wangqianqian/project/FS/data/28gusui&pizang/03/49/cell_1761648569644_912349010008_53327_0000.png,thumbs/cluster_28/055_cell_1761648569644_912349010008_53327_0000.jpg
28,/home/wangqianqian/project/FS/data/28gusui&pizang/03/55/cell_1761648918200_912349010008_87728_0000.png,thumbs/cluster_28/056_cell_1761648918200_912349010008_87728_0000.jpg
28,/home/wangqianqian/project/FS/data/28gusui&pizang/03/52/cell_1761648766812_912349010008_73087_0000.png,thumbs/cluster_28/057_cell_1761648766812_912349010008_73087_0000.jpg
28,/home/wangqianqian/project/FS/data/28gusui&pizang/03/57/cell_1761649073219_912349010008_102262_0100.png,thumbs/cluster_28/058_cell_1761649073219_912349010008_102262_0100.jpg
28,/home/wangqianqian/project/FS/data/28gusui&pizang/03/47/cell_1761648440453_912349010008_42099_0000.png,thumbs/cluster_28/059_cell_1761648440453_912349010008_42099_0000.jpg
28,/home/wangqianqian/project/FS/data/28gusui&pizang/03/40/cell_1761648017301_912349010008_9094_0000.png,thumbs/cluster_28/060_cell_1761648017301_912349010008_9094_0000.jpg
28,/home/wangqianqian/project/FS/data/28gusui&pizang/03/43/cell_1761648199172_912349010008_20761_0100.png,thumbs/cluster_28/061_cell_1761648199172_912349010008_20761_0100.jpg
28,/home/wangqianqian/project/FS/data/28gusui&pizang/03/48/cell_1761648481476_912349010008_45664_0100.png,thumbs/cluster_28/062_cell_1761648481476_912349010008_45664_0100.jpg
28,/home/wangqianqian/project/FS/data/28gusui&pizang/03/58/cell_1761649086671_912349010008_103668_0100.png,thumbs/cluster_28/063_cell_1761649086671_912349010008_103668_0100.jpg
28,/home/wangqianqian/project/FS/data/28gusui&pizang/03/51/cell_1761648700174_912349010008_66463_0100.png,thumbs/cluster_28/064_cell_1761648700174_912349010008_66463_0100.jpg
28,/home/wangqianqian/project/FS/data/28gusui&pizang/03/56/cell_1761649011350_912349010008_96045_0100.png,thumbs/cluster_28/065_cell_1761649011350_912349010008_96045_0100.jpg
28,/home/wangqianqian/project/FS/data/28gusui&pizang/03/47/cell_1761648460656_912349010008_43863_0000.png,thumbs/cluster_28/066_cell_1761648460656_912349010008_43863_0000.jpg
28,/home/wangqianqian/project/FS/data/28gusui&pizang/03/42/cell_1761648135882_912349010008_16187_0100.png,thumbs/cluster_28/067_cell_1761648135882_912349010008_16187_0100.jpg
28,/home/wangqianqian/project/FS/data/28gusui&pizang/03/57/cell_1761649052475_912349010008_100104_0100.png,thumbs/cluster_28/068_cell_1761649052475_912349010008_100104_0100.jpg
28,/home/wangqianqian/project/FS/data/28gusui&pizang/03/49/cell_1761648577318_912349010008_54102_0000.png,thumbs/cluster_28/069_cell_1761648577318_912349010008_54102_0000.jpg
28,/home/wangqianqian/project/FS/data/28gusui&pizang/03/57/cell_1761649037244_912349010008_98501_0000.png,thumbs/cluster_28/070_cell_1761649037244_912349010008_98501_0000.jpg
28,/home/wangqianqian/project/FS/data/28gusui&pizang/03/47/cell_1761648421801_912349010008_40248_0000.png,thumbs/cluster_28/071_cell_1761648421801_912349010008_40248_0000.jpg
28,/home/wangqianqian/project/FS/data/28gusui&pizang/03/51/cell_1761648671930_912349010008_63533_0100.png,thumbs/cluster_28/072_cell_1761648671930_912349010008_63533_0100.jpg
28,/home/wangqianqian/project/FS/data/28gusui&pizang/03/49/cell_1761648591849_912349010008_55482_0100.png,thumbs/cluster_28/073_cell_1761648591849_912349010008_55482_0100.jpg
28,/home/wangqianqian/project/FS/data/28gusui&pizang/03/55/cell_1761648943880_912349010008_89965_0100.png,thumbs/cluster_28/074_cell_1761648943880_912349010008_89965_0100.jpg
28,/home/wangqianqian/project/FS/data/28gusui&pizang/03/46/cell_1761648362169_912349010008_34949_0100.png,thumbs/cluster_28/075_cell_1761648362169_912349010008_34949_0100.jpg
28,/home/wangqianqian/project/FS/data/28gusui&pizang/03/49/cell_1761648560370_912349010008_52427_0100.png,thumbs/cluster_28/076_cell_1761648560370_912349010008_52427_0100.jpg
28,/home/wangqianqian/project/FS/data/28gusui&pizang/03/53/cell_1761648798355_912349010008_76317_0100.png,thumbs/cluster_28/077_cell_1761648798355_912349010008_76317_0100.jpg
28,/home/wangqianqian/project/FS/data/28gusui&pizang/03/56/cell_1761649005981_912349010008_95539_0000.png,thumbs/cluster_28/078_cell_1761649005981_912349010008_95539_0000.jpg
28,/home/wangqianqian/project/FS/data/28gusui&pizang/03/51/cell_1761648665415_912349010008_62928_0000.png,thumbs/cluster_28/079_cell_1761648665415_912349010008_62928_0000.jpg
28,/home/wangqianqian/project/FS/data/28gusui&pizang/03/48/cell_1761648483885_912349010008_45883_0000.png,thumbs/cluster_28/080_cell_1761648483885_912349010008_45883_0000.jpg
28,/home/wangqianqian/project/FS/data/28gusui&pizang/03/58/cell_1761649087754_912349010008_103798_0100.png,thumbs/cluster_28/081_cell_1761649087754_912349010008_103798_0100.jpg
28,/home/wangqianqian/project/FS/data/28gusui&pizang/03/40/cell_1761648010485_912349010008_8728_0000.png,thumbs/cluster_28/082_cell_1761648010485_912349010008_8728_0000.jpg
28,/home/wangqianqian/project/FS/data/28gusui&pizang/03/43/cell_1761648215603_912349010008_22133_0100.png,thumbs/cluster_28/083_cell_1761648215603_912349010008_22133_0100.jpg
28,/home/wangqianqian/project/FS/data/28gusui&pizang/03/53/cell_1761648786274_912349010008_74940_0000.png,thumbs/cluster_28/084_cell_1761648786274_912349010008_74940_0000.jpg
28,/home/wangqianqian/project/FS/data/28gusui&pizang/03/52/cell_1761648778369_912349010008_74127_0000.png,thumbs/cluster_28/085_cell_1761648778369_912349010008_74127_0000.jpg
28,/home/wangqianqian/project/FS/data/28gusui&pizang/03/45/cell_1761648300443_912349010008_29509_0100.png,thumbs/cluster_28/086_cell_1761648300443_912349010008_29509_0100.jpg
28,/home/wangqianqian/project/FS/data/28gusui&pizang/03/43/cell_1761648221902_912349010008_22591_0100.png,thumbs/cluster_28/087_cell_1761648221902_912349010008_22591_0100.jpg
28,/home/wangqianqian/project/FS/data/28gusui&pizang/03/46/cell_1761648392799_912349010008_37578_0100.png,thumbs/cluster_28/088_cell_1761648392799_912349010008_37578_0100.jpg
28,/home/wangqianqian/project/FS/data/28gusui&pizang/03/41/cell_1761648083464_912349010008_12768_0100.png,thumbs/cluster_28/089_cell_1761648083464_912349010008_12768_0100.jpg
28,/home/wangqianqian/project/FS/data/28gusui&pizang/03/51/cell_1761648718357_912349010008_68364_0000.png,thumbs/cluster_28/090_cell_1761648718357_912349010008_68364_0000.jpg
28,/home/wangqianqian/project/FS/data/28gusui&pizang/03/47/cell_1761648426852_912349010008_40723_0100.png,thumbs/cluster_28/091_cell_1761648426852_912349010008_40723_0100.jpg
28,/home/wangqianqian/project/FS/data/28gusui&pizang/03/51/cell_1761648672326_912349010008_63567_0100.png,thumbs/cluster_28/092_cell_1761648672326_912349010008_63567_0100.jpg
28,/home/wangqianqian/project/FS/data/28gusui&pizang/03/48/cell_1761648503088_912349010008_47509_0000.png,thumbs/cluster_28/093_cell_1761648503088_912349010008_47509_0000.jpg
28,/home/wangqianqian/project/FS/data/28gusui&pizang/03/53/cell_1761648819875_912349010008_78538_0100.png,thumbs/cluster_28/094_cell_1761648819875_912349010008_78538_0100.jpg
28,/home/wangqianqian/project/FS/data/28gusui&pizang/03/58/cell_1761649124186_912349010008_107671_0000.png,thumbs/cluster_28/095_cell_1761649124186_912349010008_107671_0000.jpg
28,/home/wangqianqian/project/FS/data/28gusui&pizang/03/40/cell_1761648048159_912349010008_10627_0000.png,thumbs/cluster_28/096_cell_1761648048159_912349010008_10627_0000.jpg
28,/home/wangqianqian/project/FS/data/28gusui&pizang/03/56/cell_1761649006584_912349010008_95598_0000.png,thumbs/cluster_28/097_cell_1761649006584_912349010008_95598_0000.jpg
28,/home/wangqianqian/project/FS/data/28gusui&pizang/03/45/cell_1761648302924_912349010008_29705_0100.png,thumbs/cluster_28/098_cell_1761648302924_912349010008_29705_0100.jpg
28,/home/wangqianqian/project/FS/data/28gusui&pizang/03/52/cell_1761648754652_912349010008_71948_0100.png,thumbs/cluster_28/099_cell_1761648754652_912349010008_71948_0100.jpg
29,/home/wangqianqian/project/FS/data/28gusui&pizang/03/57/cell_1761649060280_912349010008_100948_0000.png,thumbs/cluster_29/000_cell_1761649060280_912349010008_100948_0000.jpg
29,/home/wangqianqian/project/FS/data/28gusui&pizang/03/50/cell_1761648626546_912349010008_58954_0100.png,thumbs/cluster_29/001_cell_1761648626546_912349010008_58954_0100.jpg
29,/home/wangqianqian/project/FS/data/28gusui&pizang/03/54/cell_1761648864946_912349010008_82953_0000.png,thumbs/cluster_29/002_cell_1761648864946_912349010008_82953_0000.jpg
29,/home/wangqianqian/project/FS/data/28gusui&pizang/03/51/cell_1761648698863_912349010008_66321_0100.png,thumbs/cluster_29/003_cell_1761648698863_912349010008_66321_0100.jpg
29,/home/wangqianqian/project/FS/data/28gusui&pizang/03/52/cell_1761648754517_912349010008_71928_0100.png,thumbs/cluster_29/004_cell_1761648754517_912349010008_71928_0100.jpg
29,/home/wangqianqian/project/FS/data/28gusui&pizang/03/51/cell_1761648688216_912349010008_65214_0000.png,thumbs/cluster_29/005_cell_1761648688216_912349010008_65214_0000.jpg
29,/home/wangqianqian/project/FS/data/28gusui&pizang/03/48/cell_1761648486637_912349010008_46105_0000.png,thumbs/cluster_29/006_cell_1761648486637_912349010008_46105_0000.jpg
29,/home/wangqianqian/project/FS/data/28gusui&pizang/03/55/cell_1761648933382_912349010008_89110_0000.png,thumbs/cluster_29/007_cell_1761648933382_912349010008_89110_0000.jpg
29,/home/wangqianqian/project/FS/data/28gusui&pizang/03/59/cell_1761649148041_912349010008_110121_0000.png,thumbs/cluster_29/008_cell_1761649148041_912349010008_110121_0000.jpg
29,/home/wangqianqian/project/FS/data/28gusui&pizang/03/52/cell_1761648744062_912349010008_70916_0100.png,thumbs/cluster_29/009_cell_1761648744062_912349010008_70916_0100.jpg
29,/home/wangqianqian/project/FS/data/28gusui&pizang/03/57/cell_1761649072754_912349010008_102205_0000.png,thumbs/cluster_29/010_cell_1761649072754_912349010008_102205_0000.jpg
29,/home/wangqianqian/project/FS/data/28gusui&pizang/03/50/cell_1761648651220_912349010008_61484_0100.png,thumbs/cluster_29/011_cell_1761648651220_912349010008_61484_0100.jpg
29,/home/wangqianqian/project/FS/data/28gusui&pizang/03/51/cell_1761648704140_912349010008_66859_0100.png,thumbs/cluster_29/012_cell_1761648704140_912349010008_66859_0100.jpg
29,/home/wangqianqian/project/FS/data/28gusui&pizang/03/58/cell_1761649085281_912349010008_103504_0100.png,thumbs/cluster_29/013_cell_1761649085281_912349010008_103504_0100.jpg
29,/home/wangqianqian/project/FS/data/28gusui&pizang/03/50/cell_1761648621854_912349010008_58487_0100.png,thumbs/cluster_29/014_cell_1761648621854_912349010008_58487_0100.jpg
29,/home/wangqianqian/project/FS/data/28gusui&pizang/03/44/cell_1761648248153_912349010008_24874_0100.png,thumbs/cluster_29/015_cell_1761648248153_912349010008_24874_0100.jpg
29,/home/wangqianqian/project/FS/data/28gusui&pizang/03/52/cell_1761648751696_912349010008_71632_0100.png,thumbs/cluster_29/016_cell_1761648751696_912349010008_71632_0100.jpg
29,/home/wangqianqian/project/FS/data/28gusui&pizang/03/55/cell_1761648917004_912349010008_87634_0000.png,thumbs/cluster_29/017_cell_1761648917004_912349010008_87634_0000.jpg
29,/home/wangqianqian/project/FS/data/28gusui&pizang/03/49/cell_1761648542962_912349010008_50848_0000.png,thumbs/cluster_29/018_cell_1761648542962_912349010008_50848_0000.jpg
29,/home/wangqianqian/project/FS/data/28gusui&pizang/03/46/cell_1761648391825_912349010008_37499_0000.png,thumbs/cluster_29/019_cell_1761648391825_912349010008_37499_0000.jpg
29,/home/wangqianqian/project/FS/data/28gusui&pizang/03/53/cell_1761648820915_912349010008_78644_0100.png,thumbs/cluster_29/020_cell_1761648820915_912349010008_78644_0100.jpg
29,/home/wangqianqian/project/FS/data/28gusui&pizang/03/58/cell_1761649103972_912349010008_105505_0000.png,thumbs/cluster_29/021_cell_1761649103972_912349010008_105505_0000.jpg
29,/home/wangqianqian/project/FS/data/28gusui&pizang/03/46/cell_1761648411351_912349010008_39222_0000.png,thumbs/cluster_29/022_cell_1761648411351_912349010008_39222_0000.jpg
29,/home/wangqianqian/project/FS/data/28gusui&pizang/03/43/cell_1761648206876_912349010008_21424_0100.png,thumbs/cluster_29/023_cell_1761648206876_912349010008_21424_0100.jpg
29,/home/wangqianqian/project/FS/data/28gusui&pizang/03/54/cell_1761648853399_912349010008_81803_0000.png,thumbs/cluster_29/024_cell_1761648853399_912349010008_81803_0000.jpg
29,/home/wangqianqian/project/FS/data/28gusui&pizang/03/55/cell_1761648925178_912349010008_88342_0000.png,thumbs/cluster_29/025_cell_1761648925178_912349010008_88342_0000.jpg
29,/home/wangqianqian/project/FS/data/28gusui&pizang/03/58/cell_1761649113483_912349010008_106573_0000.png,thumbs/cluster_29/026_cell_1761649113483_912349010008_106573_0000.jpg
29,/home/wangqianqian/project/FS/data/28gusui&pizang/03/57/cell_1761649037996_912349010008_98567_0100.png,thumbs/cluster_29/027_cell_1761649037996_912349010008_98567_0100.jpg
29,/home/wangqianqian/project/FS/data/28gusui&pizang/03/57/cell_1761649032051_912349010008_98009_0000.png,thumbs/cluster_29/028_cell_1761649032051_912349010008_98009_0000.jpg
29,/home/wangqianqian/project/FS/data/28gusui&pizang/03/47/cell_1761648438013_912349010008_41888_0100.png,thumbs/cluster_29/029_cell_1761648438013_912349010008_41888_0100.jpg
29,/home/wangqianqian/project/FS/data/28gusui&pizang/03/53/cell_1761648829627_912349010008_79443_0000.png,thumbs/cluster_29/030_cell_1761648829627_912349010008_79443_0000.jpg
29,/home/wangqianqian/project/FS/data/28gusui&pizang/03/42/cell_1761648131737_912349010008_15864_0000.png,thumbs/cluster_29/031_cell_1761648131737_912349010008_15864_0000.jpg
29,/home/wangqianqian/project/FS/data/28gusui&pizang/03/58/cell_1761649120489_912349010008_107309_0000.png,thumbs/cluster_29/032_cell_1761649120489_912349010008_107309_0000.jpg
29,/home/wangqianqian/project/FS/data/28gusui&pizang/03/51/cell_1761648716739_912349010008_68201_0000.png,thumbs/cluster_29/033_cell_1761648716739_912349010008_68201_0000.jpg
29,/home/wangqianqian/project/FS/data/28gusui&pizang/03/45/cell_1761648313795_912349010008_30639_0100.png,thumbs/cluster_29/034_cell_1761648313795_912349010008_30639_0100.jpg
29,/home/wangqianqian/project/FS/data/28gusui&pizang/03/45/cell_1761648324006_912349010008_31435_0100.png,thumbs/cluster_29/035_cell_1761648324006_912349010008_31435_0100.jpg
29,/home/wangqianqian/project/FS/data/28gusui&pizang/03/47/cell_1761648422746_912349010008_40358_0000.png,thumbs/cluster_29/036_cell_1761648422746_912349010008_40358_0000.jpg
29,/home/wangqianqian/project/FS/data/28gusui&pizang/03/54/cell_1761648872306_912349010008_83700_0000.png,thumbs/cluster_29/037_cell_1761648872306_912349010008_83700_0000.jpg
29,/home/wangqianqian/project/FS/data/28gusui&pizang/03/59/cell_1761649177135_912349010008_113248_0000.png,thumbs/cluster_29/038_cell_1761649177135_912349010008_113248_0000.jpg
29,/home/wangqianqian/project/FS/data/28gusui&pizang/03/58/cell_1761649085466_912349010008_103518_0000.png,thumbs/cluster_29/039_cell_1761649085466_912349010008_103518_0000.jpg
29,/home/wangqianqian/project/FS/data/28gusui&pizang/03/46/cell_1761648417816_912349010008_39884_0000.png,thumbs/cluster_29/040_cell_1761648417816_912349010008_39884_0000.jpg
29,/home/wangqianqian/project/FS/data/28gusui&pizang/03/42/cell_1761648166854_912349010008_18343_0000.png,thumbs/cluster_29/041_cell_1761648166854_912349010008_18343_0000.jpg
29,/home/wangqianqian/project/FS/data/28gusui&pizang/03/41/cell_1761648116280_912349010008_14787_0100.png,thumbs/cluster_29/042_cell_1761648116280_912349010008_14787_0100.jpg
29,/home/wangqianqian/project/FS/data/28gusui&pizang/03/57/cell_1761649077868_912349010008_102737_0000.png,thumbs/cluster_29/043_cell_1761649077868_912349010008_102737_0000.jpg
29,/home/wangqianqian/project/FS/data/28gusui&pizang/03/49/cell_1761648599878_912349010008_56355_0100.png,thumbs/cluster_29/044_cell_1761648599878_912349010008_56355_0100.jpg
29,/home/wangqianqian/project/FS/data/28gusui&pizang/03/57/cell_1761649038448_912349010008_98607_0100.png,thumbs/cluster_29/045_cell_1761649038448_912349010008_98607_0100.jpg
29,/home/wangqianqian/project/FS/data/28gusui&pizang/03/45/cell_1761648357495_912349010008_34500_0100.png,thumbs/cluster_29/046_cell_1761648357495_912349010008_34500_0100.jpg
29,/home/wangqianqian/project/FS/data/28gusui&pizang/03/59/cell_1761649179587_912349010008_113487_0000.png,thumbs/cluster_29/047_cell_1761649179587_912349010008_113487_0000.jpg
29,/home/wangqianqian/project/FS/data/28gusui&pizang/03/48/cell_1761648529542_912349010008_49611_0000.png,thumbs/cluster_29/048_cell_1761648529542_912349010008_49611_0000.jpg
29,/home/wangqianqian/project/FS/data/28gusui&pizang/03/45/cell_1761648336581_912349010008_32598_0100.png,thumbs/cluster_29/049_cell_1761648336581_912349010008_32598_0100.jpg
29,/home/wangqianqian/project/FS/data/28gusui&pizang/03/43/cell_1761648217385_912349010008_22242_0000.png,thumbs/cluster_29/050_cell_1761648217385_912349010008_22242_0000.jpg
29,/home/wangqianqian/project/FS/data/28gusui&pizang/03/48/cell_1761648533728_912349010008_50029_0000.png,thumbs/cluster_29/051_cell_1761648533728_912349010008_50029_0000.jpg
29,/home/wangqianqian/project/FS/data/28gusui&pizang/03/39/cell_1761647951946_912349010008_6278_0000.png,thumbs/cluster_29/052_cell_1761647951946_912349010008_6278_0000.jpg
29,/home/wangqianqian/project/FS/data/28gusui&pizang/03/50/cell_1761648629425_912349010008_59270_0100.png,thumbs/cluster_29/053_cell_1761648629425_912349010008_59270_0100.jpg
29,/home/wangqianqian/project/FS/data/28gusui&pizang/03/57/cell_1761649060335_912349010008_100954_0000.png,thumbs/cluster_29/054_cell_1761649060335_912349010008_100954_0000.jpg
29,/home/wangqianqian/project/FS/data/28gusui&pizang/03/57/cell_1761649030286_912349010008_97836_0000.png,thumbs/cluster_29/055_cell_1761649030286_912349010008_97836_0000.jpg
29,/home/wangqianqian/project/FS/data/28gusui&pizang/03/53/cell_1761648814900_912349010008_78066_0100.png,thumbs/cluster_29/056_cell_1761648814900_912349010008_78066_0100.jpg
29,/home/wangqianqian/project/FS/data/28gusui&pizang/03/45/cell_1761648310373_912349010008_30356_0000.png,thumbs/cluster_29/057_cell_1761648310373_912349010008_30356_0000.jpg
29,/home/wangqianqian/project/FS/data/28gusui&pizang/03/48/cell_1761648502017_912349010008_47414_0100.png,thumbs/cluster_29/058_cell_1761648502017_912349010008_47414_0100.jpg
29,/home/wangqianqian/project/FS/data/28gusui&pizang/03/57/cell_1761649039339_912349010008_98687_0000.png,thumbs/cluster_29/059_cell_1761649039339_912349010008_98687_0000.jpg
29,/home/wangqianqian/project/FS/data/28gusui&pizang/03/36/cell_1761647794466_912349010008_661_0000.png,thumbs/cluster_29/060_cell_1761647794466_912349010008_661_0000.jpg
29,/home/wangqianqian/project/FS/data/28gusui&pizang/03/47/cell_1761648473434_912349010008_44944_0000.png,thumbs/cluster_29/061_cell_1761648473434_912349010008_44944_0000.jpg
29,/home/wangqianqian/project/FS/data/28gusui&pizang/03/48/cell_1761648509841_912349010008_48065_0100.png,thumbs/cluster_29/062_cell_1761648509841_912349010008_48065_0100.jpg
29,/home/wangqianqian/project/FS/data/28gusui&pizang/03/53/cell_1761648802130_912349010008_76725_0000.png,thumbs/cluster_29/063_cell_1761648802130_912349010008_76725_0000.jpg
29,/home/wangqianqian/project/FS/data/28gusui&pizang/03/42/cell_1761648124728_912349010008_15384_0100.png,thumbs/cluster_29/064_cell_1761648124728_912349010008_15384_0100.jpg
29,/home/wangqianqian/project/FS/data/28gusui&pizang/03/38/cell_1761647925842_912349010008_5201_0100.png,thumbs/cluster_29/065_cell_1761647925842_912349010008_5201_0100.jpg
29,/home/wangqianqian/project/FS/data/28gusui&pizang/03/43/cell_1761648219422_912349010008_22392_0100.png,thumbs/cluster_29/066_cell_1761648219422_912349010008_22392_0100.jpg
29,/home/wangqianqian/project/FS/data/28gusui&pizang/03/47/cell_1761648449748_912349010008_42937_0100.png,thumbs/cluster_29/067_cell_1761648449748_912349010008_42937_0100.jpg
29,/home/wangqianqian/project/FS/data/28gusui&pizang/03/58/cell_1761649107321_912349010008_105878_0100.png,thumbs/cluster_29/068_cell_1761649107321_912349010008_105878_0100.jpg
29,/home/wangqianqian/project/FS/data/28gusui&pizang/03/53/cell_1761648801251_912349010008_76618_0100.png,thumbs/cluster_29/069_cell_1761648801251_912349010008_76618_0100.jpg
29,/home/wangqianqian/project/FS/data/28gusui&pizang/03/53/cell_1761648806446_912349010008_77203_0000.png,thumbs/cluster_29/070_cell_1761648806446_912349010008_77203_0000.jpg
29,/home/wangqianqian/project/FS/data/28gusui&pizang/03/56/cell_1761648982594_912349010008_93351_0000.png,thumbs/cluster_29/071_cell_1761648982594_912349010008_93351_0000.jpg
29,/home/wangqianqian/project/FS/data/28gusui&pizang/03/58/cell_1761649137685_912349010008_109041_0100.png,thumbs/cluster_29/072_cell_1761649137685_912349010008_109041_0100.jpg
29,/home/wangqianqian/project/FS/data/28gusui&pizang/03/54/cell_1761648895838_912349010008_85972_0000.png,thumbs/cluster_29/073_cell_1761648895838_912349010008_85972_0000.jpg
29,/home/wangqianqian/project/FS/data/28gusui&pizang/03/45/cell_1761648303456_912349010008_29748_0100.png,thumbs/cluster_29/074_cell_1761648303456_912349010008_29748_0100.jpg
29,/home/wangqianqian/project/FS/data/28gusui&pizang/03/58/cell_1761649128500_912349010008_108122_0000.png,thumbs/cluster_29/075_cell_1761649128500_912349010008_108122_0000.jpg
29,/home/wangqianqian/project/FS/data/28gusui&pizang/03/49/cell_1761648556720_912349010008_52121_0000.png,thumbs/cluster_29/076_cell_1761648556720_912349010008_52121_0000.jpg
29,/home/wangqianqian/project/FS/data/28gusui&pizang/03/53/cell_1761648818894_912349010008_78470_0000.png,thumbs/cluster_29/077_cell_1761648818894_912349010008_78470_0000.jpg
29,/home/wangqianqian/project/FS/data/28gusui&pizang/03/46/cell_1761648397706_912349010008_38033_0000.png,thumbs/cluster_29/078_cell_1761648397706_912349010008_38033_0000.jpg
29,/home/wangqianqian/project/FS/data/28gusui&pizang/03/55/cell_1761648929220_912349010008_88725_0000.png,thumbs/cluster_29/079_cell_1761648929220_912349010008_88725_0000.jpg
29,/home/wangqianqian/project/FS/data/28gusui&pizang/03/55/cell_1761648947104_912349010008_90252_0100.png,thumbs/cluster_29/080_cell_1761648947104_912349010008_90252_0100.jpg
29,/home/wangqianqian/project/FS/data/28gusui&pizang/03/49/cell_1761648588742_912349010008_55150_0100.png,thumbs/cluster_29/081_cell_1761648588742_912349010008_55150_0100.jpg
29,/home/wangqianqian/project/FS/data/28gusui&pizang/03/49/cell_1761648560255_912349010008_52418_0100.png,thumbs/cluster_29/082_cell_1761648560255_912349010008_52418_0100.jpg
29,/home/wangqianqian/project/FS/data/28gusui&pizang/03/50/cell_1761648641804_912349010008_60479_0000.png,thumbs/cluster_29/083_cell_1761648641804_912349010008_60479_0000.jpg
29,/home/wangqianqian/project/FS/data/28gusui&pizang/03/47/cell_1761648436377_912349010008_41715_0000.png,thumbs/cluster_29/084_cell_1761648436377_912349010008_41715_0000.jpg
29,/home/wangqianqian/project/FS/data/28gusui&pizang/03/56/cell_1761648996865_912349010008_94712_0000.png,thumbs/cluster_29/085_cell_1761648996865_912349010008_94712_0000.jpg
29,/home/wangqianqian/project/FS/data/28gusui&pizang/03/52/cell_1761648771840_912349010008_73565_0000.png,thumbs/cluster_29/086_cell_1761648771840_912349010008_73565_0000.jpg
29,/home/wangqianqian/project/FS/data/28gusui&pizang/03/56/cell_1761648981544_912349010008_93257_0100.png,thumbs/cluster_29/087_cell_1761648981544_912349010008_93257_0100.jpg
29,/home/wangqianqian/project/FS/data/28gusui&pizang/03/43/cell_1761648224641_912349010008_22798_0100.png,thumbs/cluster_29/088_cell_1761648224641_912349010008_22798_0100.jpg
29,/home/wangqianqian/project/FS/data/28gusui&pizang/03/43/cell_1761648208028_912349010008_21521_0100.png,thumbs/cluster_29/089_cell_1761648208028_912349010008_21521_0100.jpg
29,/home/wangqianqian/project/FS/data/28gusui&pizang/03/59/cell_1761649151429_912349010008_110472_0000.png,thumbs/cluster_29/090_cell_1761649151429_912349010008_110472_0000.jpg
29,/home/wangqianqian/project/FS/data/28gusui&pizang/03/40/cell_1761648018271_912349010008_9135_0000.png,thumbs/cluster_29/091_cell_1761648018271_912349010008_9135_0000.jpg
29,/home/wangqianqian/project/FS/data/28gusui&pizang/03/45/cell_1761648355766_912349010008_34364_0100.png,thumbs/cluster_29/092_cell_1761648355766_912349010008_34364_0100.jpg
29,/home/wangqianqian/project/FS/data/28gusui&pizang/03/59/cell_1761649176493_912349010008_113185_0000.png,thumbs/cluster_29/093_cell_1761649176493_912349010008_113185_0000.jpg
29,/home/wangqianqian/project/FS/data/28gusui&pizang/03/59/cell_1761649176695_912349010008_113196_0100.png,thumbs/cluster_29/094_cell_1761649176695_912349010008_113196_0100.jpg
29,/home/wangqianqian/project/FS/data/28gusui&pizang/03/46/cell_1761648371638_912349010008_35780_0100.png,thumbs/cluster_29/095_cell_1761648371638_912349010008_35780_0100.jpg
29,/home/wangqianqian/project/FS/data/28gusui&pizang/03/58/cell_1761649117368_912349010008_106984_0000.png,thumbs/cluster_29/096_cell_1761649117368_912349010008_106984_0000.jpg
29,/home/wangqianqian/project/FS/data/28gusui&pizang/03/48/cell_1761648512198_912349010008_48215_0100.png,thumbs/cluster_29/097_cell_1761648512198_912349010008_48215_0100.jpg
29,/home/wangqianqian/project/FS/data/28gusui&pizang/03/52/cell_1761648764949_912349010008_72918_0000.png,thumbs/cluster_29/098_cell_1761648764949_912349010008_72918_0000.jpg
29,/home/wangqianqian/project/FS/data/28gusui&pizang/03/39/cell_1761647961583_912349010008_6648_0000.png,thumbs/cluster_29/099_cell_1761647961583_912349010008_6648_0000.jpg
30,/home/wangqianqian/project/FS/data/28gusui&pizang/03/43/cell_1761648215001_912349010008_22082_0000.png,thumbs/cluster_30/000_cell_1761648215001_912349010008_22082_0000.jpg
30,/home/wangqianqian/project/FS/data/28gusui&pizang/03/47/cell_1761648465601_912349010008_44283_0000.png,thumbs/cluster_30/001_cell_1761648465601_912349010008_44283_0000.jpg
30,/home/wangqianqian/project/FS/data/28gusui&pizang/03/46/cell_1761648380397_912349010008_36545_0000.png,thumbs/cluster_30/002_cell_1761648380397_912349010008_36545_0000.jpg
30,/home/wangqianqian/project/FS/data/28gusui&pizang/03/51/cell_1761648684810_912349010008_64843_0000.png,thumbs/cluster_30/003_cell_1761648684810_912349010008_64843_0000.jpg
30,/home/wangqianqian/project/FS/data/28gusui&pizang/03/57/cell_1761649059719_912349010008_100891_0000.png,thumbs/cluster_30/004_cell_1761649059719_912349010008_100891_0000.jpg
30,/home/wangqianqian/project/FS/data/28gusui&pizang/03/40/cell_1761648047146_912349010008_10590_0000.png,thumbs/cluster_30/005_cell_1761648047146_912349010008_10590_0000.jpg
30,/home/wangqianqian/project/FS/data/28gusui&pizang/03/50/cell_1761648606148_912349010008_56983_0000.png,thumbs/cluster_30/006_cell_1761648606148_912349010008_56983_0000.jpg
30,/home/wangqianqian/project/FS/data/28gusui&pizang/03/44/cell_1761648279503_912349010008_27718_0000.png,thumbs/cluster_30/007_cell_1761648279503_912349010008_27718_0000.jpg
30,/home/wangqianqian/project/FS/data/28gusui&pizang/03/58/cell_1761649082171_912349010008_103192_0000.png,thumbs/cluster_30/008_cell_1761649082171_912349010008_103192_0000.jpg
30,/home/wangqianqian/project/FS/data/28gusui&pizang/03/38/cell_1761647907479_912349010008_4670_0000.png,thumbs/cluster_30/009_cell_1761647907479_912349010008_4670_0000.jpg
30,/home/wangqianqian/project/FS/data/28gusui&pizang/03/56/cell_1761649019962_912349010008_96809_0000.png,thumbs/cluster_30/010_cell_1761649019962_912349010008_96809_0000.jpg
30,/home/wangqianqian/project/FS/data/28gusui&pizang/03/50/cell_1761648645251_912349010008_60860_0100.png,thumbs/cluster_30/011_cell_1761648645251_912349010008_60860_0100.jpg
30,/home/wangqianqian/project/FS/data/28gusui&pizang/03/40/cell_1761648015519_912349010008_9005_0000.png,thumbs/cluster_30/012_cell_1761648015519_912349010008_9005_0000.jpg
30,/home/wangqianqian/project/FS/data/28gusui&pizang/03/50/cell_1761648628297_912349010008_59148_0100.png,thumbs/cluster_30/013_cell_1761648628297_912349010008_59148_0100.jpg
30,/home/wangqianqian/project/FS/data/28gusui&pizang/03/44/cell_1761648244538_912349010008_24513_0100.png,thumbs/cluster_30/014_cell_1761648244538_912349010008_24513_0100.jpg
30,/home/wangqianqian/project/FS/data/28gusui&pizang/03/41/cell_1761648085045_912349010008_12884_0000.png,thumbs/cluster_30/015_cell_1761648085045_912349010008_12884_0000.jpg
30,/home/wangqianqian/project/FS/data/28gusui&pizang/03/53/cell_1761648790745_912349010008_75461_0100.png,thumbs/cluster_30/016_cell_1761648790745_912349010008_75461_0100.jpg
30,/home/wangqianqian/project/FS/data/28gusui&pizang/03/53/cell_1761648819219_912349010008_78491_0000.png,thumbs/cluster_30/017_cell_1761648819219_912349010008_78491_0000.jpg
30,/home/wangqianqian/project/FS/data/28gusui&pizang/03/41/cell_1761648108728_912349010008_14322_0100.png,thumbs/cluster_30/018_cell_1761648108728_912349010008_14322_0100.jpg
30,/home/wangqianqian/project/FS/data/28gusui&pizang/03/59/cell_1761649171137_912349010008_112637_0100.png,thumbs/cluster_30/019_cell_1761649171137_912349010008_112637_0100.jpg
30,/home/wangqianqian/project/FS/data/28gusui&pizang/03/56/cell_1761648996282_912349010008_94638_0100.png,thumbs/cluster_30/020_cell_1761648996282_912349010008_94638_0100.jpg
30,/home/wangqianqian/project/FS/data/28gusui&pizang/03/55/cell_1761648917219_912349010008_87648_0100.png,thumbs/cluster_30/021_cell_1761648917219_912349010008_87648_0100.jpg
30,/home/wangqianqian/project/FS/data/28gusui&pizang/03/47/cell_1761648434047_912349010008_41443_0000.png,thumbs/cluster_30/022_cell_1761648434047_912349010008_41443_0000.jpg
30,/home/wangqianqian/project/FS/data/28gusui&pizang/03/53/cell_1761648828334_912349010008_79337_0000.png,thumbs/cluster_30/023_cell_1761648828334_912349010008_79337_0000.jpg
30,/home/wangqianqian/project/FS/data/28gusui&pizang/03/46/cell_1761648413535_912349010008_39450_0100.png,thumbs/cluster_30/024_cell_1761648413535_912349010008_39450_0100.jpg
30,/home/wangqianqian/project/FS/data/28gusui&pizang/03/42/cell_1761648131319_912349010008_15823_0000.png,thumbs/cluster_30/025_cell_1761648131319_912349010008_15823_0000.jpg
30,/home/wangqianqian/project/FS/data/28gusui&pizang/03/52/cell_1761648777850_912349010008_74082_0000.png,thumbs/cluster_30/026_cell_1761648777850_912349010008_74082_0000.jpg
30,/home/wangqianqian/project/FS/data/28gusui&pizang/03/55/cell_1761648938442_912349010008_89528_0100.png,thumbs/cluster_30/027_cell_1761648938442_912349010008_89528_0100.jpg
30,/home/wangqianqian/project/FS/data/28gusui&pizang/03/48/cell_1761648537423_912349010008_50351_0100.png,thumbs/cluster_30/028_cell_1761648537423_912349010008_50351_0100.jpg
30,/home/wangqianqian/project/FS/data/28gusui&pizang/03/49/cell_1761648544410_912349010008_50991_0100.png,thumbs/cluster_30/029_cell_1761648544410_912349010008_50991_0100.jpg
30,/home/wangqianqian/project/FS/data/28gusui&pizang/03/38/cell_1761647900220_912349010008_4456_0100.png,thumbs/cluster_30/030_cell_1761647900220_912349010008_4456_0100.jpg
30,/home/wangqianqian/project/FS/data/28gusui&pizang/03/58/cell_1761649093182_912349010008_104430_0000.png,thumbs/cluster_30/031_cell_1761649093182_912349010008_104430_0000.jpg
30,/home/wangqianqian/project/FS/data/28gusui&pizang/03/51/cell_1761648677338_912349010008_64052_0000.png,thumbs/cluster_30/032_cell_1761648677338_912349010008_64052_0000.jpg
30,/home/wangqianqian/project/FS/data/28gusui&pizang/03/41/cell_1761648098231_912349010008_13746_0000.png,thumbs/cluster_30/033_cell_1761648098231_912349010008_13746_0000.jpg
30,/home/wangqianqian/project/FS/data/28gusui&pizang/03/56/cell_1761649012365_912349010008_96124_0100.png,thumbs/cluster_30/034_cell_1761649012365_912349010008_96124_0100.jpg
30,/home/wangqianqian/project/FS/data/28gusui&pizang/03/50/cell_1761648652371_912349010008_61612_0100.png,thumbs/cluster_30/035_cell_1761648652371_912349010008_61612_0100.jpg
30,/home/wangqianqian/project/FS/data/28gusui&pizang/03/45/cell_1761648324939_912349010008_31520_0100.png,thumbs/cluster_30/036_cell_1761648324939_912349010008_31520_0100.jpg
30,/home/wangqianqian/project/FS/data/28gusui&pizang/03/52/cell_1761648779463_912349010008_74232_0000.png,thumbs/cluster_30/037_cell_1761648779463_912349010008_74232_0000.jpg
30,/home/wangqianqian/project/FS/data/28gusui&pizang/03/49/cell_1761648578888_912349010008_54232_0100.png,thumbs/cluster_30/038_cell_1761648578888_912349010008_54232_0100.jpg
30,/home/wangqianqian/project/FS/data/28gusui&pizang/03/48/cell_1761648521062_912349010008_48901_0100.png,thumbs/cluster_30/039_cell_1761648521062_912349010008_48901_0100.jpg
30,/home/wangqianqian/project/FS/data/28gusui&pizang/03/57/cell_1761649057071_912349010008_100574_0100.png,thumbs/cluster_30/040_cell_1761649057071_912349010008_100574_0100.jpg
30,/home/wangqianqian/project/FS/data/28gusui&pizang/03/52/cell_1761648725833_912349010008_69081_0000.png,thumbs/cluster_30/041_cell_1761648725833_912349010008_69081_0000.jpg
30,/home/wangqianqian/project/FS/data/28gusui&pizang/03/44/cell_1761648274680_912349010008_27264_0000.png,thumbs/cluster_30/042_cell_1761648274680_912349010008_27264_0000.jpg
30,/home/wangqianqian/project/FS/data/28gusui&pizang/03/56/cell_1761648980939_912349010008_93204_0000.png,thumbs/cluster_30/043_cell_1761648980939_912349010008_93204_0000.jpg
30,/home/wangqianqian/project/FS/data/28gusui&pizang/03/53/cell_1761648828271_912349010008_79323_0000.png,thumbs/cluster_30/044_cell_1761648828271_912349010008_79323_0000.jpg
30,/home/wangqianqian/project/FS/data/28gusui&pizang/03/44/cell_1761648278486_912349010008_27630_0000.png,thumbs/cluster_30/045_cell_1761648278486_912349010008_27630_0000.jpg
30,/home/wangqianqian/project/FS/data/28gusui&pizang/03/47/cell_1761648427258_912349010008_40766_0000.png,thumbs/cluster_30/046_cell_1761648427258_912349010008_40766_0000.jpg
30,/home/wangqianqian/project/FS/data/28gusui&pizang/03/48/cell_1761648530318_912349010008_49690_0000.png,thumbs/cluster_30/047_cell_1761648530318_912349010008_49690_0000.jpg
30,/home/wangqianqian/project/FS/data/28gusui&pizang/03/57/cell_1761649052528_912349010008_100111_0100.png,thumbs/cluster_30/048_cell_1761649052528_912349010008_100111_0100.jpg
30,/home/wangqianqian/project/FS/data/28gusui&pizang/03/49/cell_1761648547559_912349010008_51286_0000.png,thumbs/cluster_30/049_cell_1761648547559_912349010008_51286_0000.jpg
30,/home/wangqianqian/project/FS/data/28gusui&pizang/03/44/cell_1761648250671_912349010008_25074_0000.png,thumbs/cluster_30/050_cell_1761648250671_912349010008_25074_0000.jpg
30,/home/wangqianqian/project/FS/data/28gusui&pizang/03/55/cell_1761648944370_912349010008_90008_0000.png,thumbs/cluster_30/051_cell_1761648944370_912349010008_90008_0000.jpg
30,/home/wangqianqian/project/FS/data/28gusui&pizang/03/54/cell_1761648844461_912349010008_80903_0000.png,thumbs/cluster_30/052_cell_1761648844461_912349010008_80903_0000.jpg
30,/home/wangqianqian/project/FS/data/28gusui&pizang/03/55/cell_1761648925633_912349010008_88386_0100.png,thumbs/cluster_30/053_cell_1761648925633_912349010008_88386_0100.jpg
30,/home/wangqianqian/project/FS/data/28gusui&pizang/03/56/cell_1761648969364_912349010008_92157_0000.png,thumbs/cluster_30/054_cell_1761648969364_912349010008_92157_0000.jpg
30,/home/wangqianqian/project/FS/data/28gusui&pizang/03/45/cell_1761648351417_912349010008_33958_0000.png,thumbs/cluster_30/055_cell_1761648351417_912349010008_33958_0000.jpg
30,/home/wangqianqian/project/FS/data/28gusui&pizang/03/51/cell_1761648667244_912349010008_63104_0100.png,thumbs/cluster_30/056_cell_1761648667244_912349010008_63104_0100.jpg
30,/home/wangqianqian/project/FS/data/28gusui&pizang/03/44/cell_1761648273384_912349010008_27130_0000.png,thumbs/cluster_30/057_cell_1761648273384_912349010008_27130_0000.jpg
30,/home/wangqianqian/project/FS/data/28gusui&pizang/03/51/cell_1761648678718_912349010008_64211_0100.png,thumbs/cluster_30/058_cell_1761648678718_912349010008_64211_0100.jpg
30,/home/wangqianqian/project/FS/data/28gusui&pizang/03/41/cell_1761648091092_912349010008_13283_0000.png,thumbs/cluster_30/059_cell_1761648091092_912349010008_13283_0000.jpg
30,/home/wangqianqian/project/FS/data/28gusui&pizang/03/42/cell_1761648141323_912349010008_16596_0000.png,thumbs/cluster_30/060_cell_1761648141323_912349010008_16596_0000.jpg
30,/home/wangqianqian/project/FS/data/28gusui&pizang/03/47/cell_1761648420534_912349010008_40125_0100.png,thumbs/cluster_30/061_cell_1761648420534_912349010008_40125_0100.jpg
30,/home/wangqianqian/project/FS/data/28gusui&pizang/03/55/cell_1761648924792_912349010008_88299_0000.png,thumbs/cluster_30/062_cell_1761648924792_912349010008_88299_0000.jpg
30,/home/wangqianqian/project/FS/data/28gusui&pizang/03/48/cell_1761648522210_912349010008_49004_0100.png,thumbs/cluster_30/063_cell_1761648522210_912349010008_49004_0100.jpg
30,/home/wangqianqian/project/FS/data/28gusui&pizang/03/52/cell_1761648775888_912349010008_73905_0100.png,thumbs/cluster_30/064_cell_1761648775888_912349010008_73905_0100.jpg
30,/home/wangqianqian/project/FS/data/28gusui&pizang/03/45/cell_1761648307223_912349010008_30078_0100.png,thumbs/cluster_30/065_cell_1761648307223_912349010008_30078_0100.jpg
30,/home/wangqianqian/project/FS/data/28gusui&pizang/03/55/cell_1761648916901_912349010008_87626_0000.png,thumbs/cluster_30/066_cell_1761648916901_912349010008_87626_0000.jpg
30,/home/wangqianqian/project/FS/data/28gusui&pizang/03/48/cell_1761648518725_912349010008_48734_0000.png,thumbs/cluster_30/067_cell_1761648518725_912349010008_48734_0000.jpg
30,/home/wangqianqian/project/FS/data/28gusui&pizang/03/53/cell_1761648790162_912349010008_75390_0000.png,thumbs/cluster_30/068_cell_1761648790162_912349010008_75390_0000.jpg
30,/home/wangqianqian/project/FS/data/28gusui&pizang/03/48/cell_1761648494836_912349010008_46814_0000.png,thumbs/cluster_30/069_cell_1761648494836_912349010008_46814_0000.jpg
30,/home/wangqianqian/project/FS/data/28gusui&pizang/03/59/cell_1761649169983_912349010008_112503_0100.png,thumbs/cluster_30/070_cell_1761649169983_912349010008_112503_0100.jpg
30,/home/wangqianqian/project/FS/data/28gusui&pizang/03/57/cell_1761649033174_912349010008_98089_0100.png,thumbs/cluster_30/071_cell_1761649033174_912349010008_98089_0100.jpg
30,/home/wangqianqian/project/FS/data/28gusui&pizang/03/59/cell_1761649179223_912349010008_113445_0000.png,thumbs/cluster_30/072_cell_1761649179223_912349010008_113445_0000.jpg
30,/home/wangqianqian/project/FS/data/28gusui&pizang/03/56/cell_1761648971648_912349010008_92411_0100.png,thumbs/cluster_30/073_cell_1761648971648_912349010008_92411_0100.jpg
30,/home/wangqianqian/project/FS/data/28gusui&pizang/03/48/cell_1761648489921_912349010008_46373_0000.png,thumbs/cluster_30/074_cell_1761648489921_912349010008_46373_0000.jpg
30,/home/wangqianqian/project/FS/data/28gusui&pizang/03/51/cell_1761648698444_912349010008_66285_0100.png,thumbs/cluster_30/075_cell_1761648698444_912349010008_66285_0100.jpg
30,/home/wangqianqian/project/FS/data/28gusui&pizang/03/43/cell_1761648194811_912349010008_20429_0000.png,thumbs/cluster_30/076_cell_1761648194811_912349010008_20429_0000.jpg
30,/home/wangqianqian/project/FS/data/28gusui&pizang/03/42/cell_1761648145132_912349010008_16880_0100.png,thumbs/cluster_30/077_cell_1761648145132_912349010008_16880_0100.jpg
30,/home/wangqianqian/project/FS/data/28gusui&pizang/03/46/cell_1761648370490_912349010008_35674_0100.png,thumbs/cluster_30/078_cell_1761648370490_912349010008_35674_0100.jpg
30,/home/wangqianqian/project/FS/data/28gusui&pizang/03/48/cell_1761648526274_912349010008_49359_0000.png,thumbs/cluster_30/079_cell_1761648526274_912349010008_49359_0000.jpg
30,/home/wangqianqian/project/FS/data/28gusui&pizang/03/51/cell_1761648680790_912349010008_64435_0000.png,thumbs/cluster_30/080_cell_1761648680790_912349010008_64435_0000.jpg
30,/home/wangqianqian/project/FS/data/28gusui&pizang/03/50/cell_1761648645509_912349010008_60907_0000.png,thumbs/cluster_30/081_cell_1761648645509_912349010008_60907_0000.jpg
30,/home/wangqianqian/project/FS/data/28gusui&pizang/03/45/cell_1761648309338_912349010008_30268_0000.png,thumbs/cluster_30/082_cell_1761648309338_912349010008_30268_0000.jpg
30,/home/wangqianqian/project/FS/data/28gusui&pizang/03/49/cell_1761648571299_912349010008_53512_0000.png,thumbs/cluster_30/083_cell_1761648571299_912349010008_53512_0000.jpg
30,/home/wangqianqian/project/FS/data/28gusui&pizang/03/45/cell_1761648346484_912349010008_33513_0000.png,thumbs/cluster_30/084_cell_1761648346484_912349010008_33513_0000.jpg
30,/home/wangqianqian/project/FS/data/28gusui&pizang/03/43/cell_1761648180793_912349010008_19365_0100.png,thumbs/cluster_30/085_cell_1761648180793_912349010008_19365_0100.jpg
30,/home/wangqianqian/project/FS/data/28gusui&pizang/03/52/cell_1761648724137_912349010008_68927_0100.png,thumbs/cluster_30/086_cell_1761648724137_912349010008_68927_0100.jpg
30,/home/wangqianqian/project/FS/data/28gusui&pizang/03/57/cell_1761649023095_912349010008_97137_0000.png,thumbs/cluster_30/087_cell_1761649023095_912349010008_97137_0000.jpg
30,/home/wangqianqian/project/FS/data/28gusui&pizang/03/49/cell_1761648551810_912349010008_51653_0100.png,thumbs/cluster_30/088_cell_1761648551810_912349010008_51653_0100.jpg
30,/home/wangqianqian/project/FS/data/28gusui&pizang/03/44/cell_1761648279250_912349010008_27693_0100.png,thumbs/cluster_30/089_cell_1761648279250_912349010008_27693_0100.jpg
30,/home/wangqianqian/project/FS/data/28gusui&pizang/03/48/cell_1761648518687_912349010008_48731_0000.png,thumbs/cluster_30/090_cell_1761648518687_912349010008_48731_0000.jpg
30,/home/wangqianqian/project/FS/data/28gusui&pizang/03/55/cell_1761648952973_912349010008_90738_0000.png,thumbs/cluster_30/091_cell_1761648952973_912349010008_90738_0000.jpg
30,/home/wangqianqian/project/FS/data/28gusui&pizang/03/50/cell_1761648617631_912349010008_58079_0000.png,thumbs/cluster_30/092_cell_1761648617631_912349010008_58079_0000.jpg
30,/home/wangqianqian/project/FS/data/28gusui&pizang/03/40/cell_1761648035397_912349010008_10068_0100.png,thumbs/cluster_30/093_cell_1761648035397_912349010008_10068_0100.jpg
30,/home/wangqianqian/project/FS/data/28gusui&pizang/03/44/cell_1761648294907_912349010008_29069_0000.png,thumbs/cluster_30/094_cell_1761648294907_912349010008_29069_0000.jpg
30,/home/wangqianqian/project/FS/data/28gusui&pizang/03/53/cell_1761648811223_912349010008_77709_0000.png,thumbs/cluster_30/095_cell_1761648811223_912349010008_77709_0000.jpg
30,/home/wangqianqian/project/FS/data/28gusui&pizang/03/54/cell_1761648858901_912349010008_82338_0100.png,thumbs/cluster_30/096_cell_1761648858901_912349010008_82338_0100.jpg
30,/home/wangqianqian/project/FS/data/28gusui&pizang/03/43/cell_1761648192949_912349010008_20293_0000.png,thumbs/cluster_30/097_cell_1761648192949_912349010008_20293_0000.jpg
30,/home/wangqianqian/project/FS/data/28gusui&pizang/03/49/cell_1761648541976_912349010008_50746_0000.png,thumbs/cluster_30/098_cell_1761648541976_912349010008_50746_0000.jpg
30,/home/wangqianqian/project/FS/data/28gusui&pizang/03/58/cell_1761649086177_912349010008_103610_0000.png,thumbs/cluster_30/099_cell_1761649086177_912349010008_103610_0000.jpg
